1,1,371.74,408.30,79.69,239.71,0.7909,-1,-1,-1
1,2,104.37,546.39,73.25,245.35,0.7260,-1,-1,-1
1,3,1095.29,980.85,73.73,99.15,0.6920,-1,-1,-1
1,4,1732.44,452.89,73.78,221.06,0.6220,-1,-1,-1
1,5,1355.87,569.75,82.08,221.03,0.5500,-1,-1,-1
1,6,0.22,880.53,41.50,199.47,0.5315,-1,-1,-1
1,7,1103.64,210.05,56.21,179.71,0.5269,-1,-1,-1
1,8,546.15,146.37,57.89,183.43,0.5198,-1,-1,-1
1,9,225.79,399.57,64.29,198.91,0.5118,-1,-1,-1
1,10,789.24,145.32,64.25,178.73,0.4614,-1,-1,-1
1,11,1047.12,133.11,62.93,182.85,0.4447,-1,-1,-1
1,12,273.15,379.05,52.48,212.40,0.3728,-1,-1,-1
1,13,504.23,134.74,51.32,176.84,0.3702,-1,-1,-1
2,1,372.18,408.13,80.16,239.81,0.7973,-1,-1,-1
2,2,104.30,546.51,72.99,245.60,0.7255,-1,-1,-1
2,3,1100.27,981.14,71.70,98.84,0.6895,-1,-1,-1
2,4,1730.74,454.78,75.06,216.11,0.6073,-1,-1,-1
2,5,1355.90,570.07,81.74,217.82,0.5680,-1,-1,-1
2,6,0.21,878.28,40.06,201.22,0.3839,-1,-1,-1
2,7,1098.84,211.59,58.05,178.49,0.4729,-1,-1,-1
2,8,545.67,146.77,57.58,183.99,0.5070,-1,-1,-1
2,9,225.23,398.29,65.14,199.29,0.4910,-1,-1,-1
2,10,789.59,145.30,64.41,178.88,0.4606,-1,-1,-1
2,11,1046.23,132.97,63.83,182.09,0.4650,-1,-1,-1
2,12,268.50,379.24,54.77,210.70,0.4318,-1,-1,-1
2,13,503.59,134.37,51.11,176.80,0.3706,-1,-1,-1
3,1,373.24,407.86,79.10,241.07,0.7819,-1,-1,-1
3,2,104.56,546.18,73.34,246.61,0.7315,-1,-1,-1
3,3,1104.59,980.94,71.74,99.06,0.6963,-1,-1,-1
3,4,1730.90,453.32,74.19,219.11,0.6000,-1,-1,-1
3,5,1356.34,570.04,81.26,216.83,0.5666,-1,-1,-1
3,6,0.22,877.57,39.70,201.54,0.3544,-1,-1,-1
3,7,1093.40,213.37,61.17,177.42,0.5645,-1,-1,-1
3,8,544.99,147.39,58.10,183.68,0.4875,-1,-1,-1
3,9,223.48,396.91,67.24,201.66,0.4723,-1,-1,-1
3,10,788.96,145.19,64.86,178.63,0.4541,-1,-1,-1
3,11,1045.48,132.81,64.38,179.92,0.4988,-1,-1,-1
3,12,261.46,368.54,63.58,223.68,0.3911,-1,-1,-1
3,13,503.93,133.86,50.01,170.56,0.3938,-1,-1,-1
4,1,372.85,407.38,79.78,241.15,0.7959,-1,-1,-1
4,2,104.25,545.84,73.24,247.16,0.7230,-1,-1,-1
4,3,1108.05,979.25,72.11,100.75,0.6950,-1,-1,-1
4,4,1729.71,452.69,74.00,217.33,0.6199,-1,-1,-1
4,5,1356.22,570.19,82.46,217.03,0.5754,-1,-1,-1
4,6,0.29,876.36,42.70,203.02,0.5373,-1,-1,-1
4,7,1087.97,211.66,63.68,179.61,0.5528,-1,-1,-1
4,8,546.02,145.76,56.44,183.72,0.4674,-1,-1,-1
4,9,221.81,396.73,69.41,202.41,0.4799,-1,-1,-1
4,10,789.36,144.76,64.27,178.23,0.4697,-1,-1,-1
4,11,1045.31,133.46,63.44,179.54,0.4595,-1,-1,-1
4,12,263.25,379.34,59.94,214.38,0.4012,-1,-1,-1
4,13,501.20,135.19,52.52,172.87,0.4398,-1,-1,-1
5,1,374.28,406.87,79.04,241.28,0.7978,-1,-1,-1
5,2,104.14,545.85,72.66,247.13,0.7243,-1,-1,-1
5,3,1112.22,976.62,72.21,103.39,0.6964,-1,-1,-1
5,4,1728.74,452.23,74.07,218.24,0.6542,-1,-1,-1
5,5,1355.91,570.14,82.43,214.46,0.6076,-1,-1,-1
5,6,0.29,874.51,44.78,204.62,0.5592,-1,-1,-1
5,7,1075.69,210.76,75.19,178.90,0.5394,-1,-1,-1
5,8,545.89,145.15,56.28,185.98,0.5050,-1,-1,-1
5,9,220.88,396.76,71.72,200.97,0.3747,-1,-1,-1
5,10,789.10,145.58,64.86,176.97,0.4967,-1,-1,-1
5,11,1044.27,134.04,64.89,165.63,0.3774,-1,-1,-1
5,12,266.11,380.33,53.73,210.14,0.3873,-1,-1,-1
5,13,501.16,135.46,51.41,168.88,0.4855,-1,-1,-1
6,1,374.95,406.09,79.21,240.36,0.7852,-1,-1,-1
6,2,104.31,545.99,72.60,246.86,0.7309,-1,-1,-1
6,3,1114.66,975.71,72.71,104.28,0.6912,-1,-1,-1
6,4,1727.15,454.14,74.80,216.39,0.6514,-1,-1,-1
6,5,1356.62,570.14,81.68,213.41,0.6186,-1,-1,-1
6,6,0.36,872.25,46.05,207.03,0.6048,-1,-1,-1
6,7,1065.29,209.43,85.64,179.52,0.5797,-1,-1,-1
6,8,545.43,147.13,55.55,186.27,0.5159,-1,-1,-1
6,9,219.24,393.52,74.72,203.28,0.3017,-1,-1,-1
6,10,788.15,145.36,65.08,177.73,0.5056,-1,-1,-1
6,11,1043.67,134.98,64.63,155.93,0.3077,-1,-1,-1
6,12,267.29,380.07,49.54,208.74,0.3933,-1,-1,-1
6,13,501.89,136.60,49.86,167.22,0.5138,-1,-1,-1
7,1,375.71,404.93,80.09,240.10,0.7800,-1,-1,-1
7,2,104.22,545.93,72.60,246.19,0.7311,-1,-1,-1
7,3,1116.90,974.10,71.48,105.85,0.7056,-1,-1,-1
7,4,1726.42,454.31,74.65,213.41,0.6315,-1,-1,-1
7,5,1356.44,570.27,82.02,212.73,0.6334,-1,-1,-1
7,6,0.40,870.89,47.11,208.44,0.5963,-1,-1,-1
7,7,1055.91,208.29,95.97,180.83,0.5515,-1,-1,-1
7,8,544.58,148.26,54.43,186.92,0.5409,-1,-1,-1
7,9,217.91,395.86,68.80,200.40,0.2902,-1,-1,-1
7,10,788.30,145.40,65.48,177.80,0.5154,-1,-1,-1
7,11,1042.90,136.45,64.25,154.85,0.2917,-1,-1,-1
7,12,266.50,380.43,48.70,200.42,0.3576,-1,-1,-1
7,13,501.79,138.65,49.05,165.57,0.4799,-1,-1,-1
8,1,376.58,402.88,80.08,239.20,0.7696,-1,-1,-1
8,2,104.66,546.21,72.82,246.53,0.7358,-1,-1,-1
8,3,1119.30,973.31,70.58,106.71,0.7071,-1,-1,-1
8,4,1724.51,454.68,75.51,209.75,0.6454,-1,-1,-1
8,5,1356.54,570.06,81.67,213.91,0.6125,-1,-1,-1
8,6,0.33,871.19,47.03,207.74,0.5826,-1,-1,-1
8,7,1051.59,210.61,101.19,178.35,0.5409,-1,-1,-1
8,8,544.54,147.32,53.26,188.46,0.5501,-1,-1,-1
8,9,215.30,389.44,66.42,204.29,0.1965,-1,-1,-1
8,10,787.98,145.94,65.63,177.00,0.5034,-1,-1,-1
8,11,1040.68,137.20,65.09,159.83,0.1705,-1,-1,-1
8,12,264.95,381.29,48.94,191.01,0.3175,-1,-1,-1
8,13,499.94,141.03,51.63,171.50,0.4575,-1,-1,-1
9,1,377.00,401.82,81.02,237.70,0.7678,-1,-1,-1
9,2,104.69,546.08,73.41,246.78,0.7443,-1,-1,-1
9,3,1123.82,973.26,68.38,106.76,0.6692,-1,-1,-1
9,4,1723.67,454.52,75.47,209.86,0.6349,-1,-1,-1
9,5,1356.69,570.37,81.31,213.96,0.6143,-1,-1,-1
9,6,0.30,869.75,46.98,209.24,0.5596,-1,-1,-1
9,7,1047.81,210.67,106.03,176.10,0.5086,-1,-1,-1
9,8,544.68,147.71,52.01,189.48,0.4971,-1,-1,-1
9,10,787.92,145.82,65.51,175.97,0.4782,-1,-1,-1
9,11,1038.94,137.19,70.57,163.86,0.2150,-1,-1,-1
9,12,265.05,380.87,46.99,181.79,0.2723,-1,-1,-1
9,13,500.31,141.90,50.32,173.11,0.4449,-1,-1,-1
10,1,377.44,400.48,81.28,236.45,0.7579,-1,-1,-1
10,2,104.81,545.90,73.82,246.72,0.7400,-1,-1,-1
10,3,1127.58,973.03,67.28,107.00,0.6880,-1,-1,-1
10,4,1723.80,454.73,74.75,209.63,0.6104,-1,-1,-1
10,5,1356.36,569.73,82.05,215.44,0.6147,-1,-1,-1
10,6,0.27,865.73,47.23,212.90,0.5661,-1,-1,-1
10,7,1044.46,211.37,109.14,173.64,0.4661,-1,-1,-1
10,8,543.80,148.50,51.80,191.47,0.4782,-1,-1,-1
10,10,788.03,145.84,65.28,176.77,0.4860,-1,-1,-1
10,11,1039.60,138.04,68.95,162.30,0.2764,-1,-1,-1
10,12,265.00,383.49,45.80,173.35,0.3154,-1,-1,-1
10,13,498.85,142.41,51.53,174.36,0.4337,-1,-1,-1
11,1,378.43,398.37,80.94,234.49,0.7550,-1,-1,-1
11,2,104.61,546.00,74.01,246.78,0.7417,-1,-1,-1
11,3,1130.42,973.39,67.39,106.61,0.6688,-1,-1,-1
11,4,1723.52,458.13,74.92,206.49,0.6067,-1,-1,-1
11,5,1356.32,569.72,82.27,215.76,0.6406,-1,-1,-1
11,6,0.21,862.64,46.70,215.69,0.5584,-1,-1,-1
11,7,1042.46,210.18,106.94,174.04,0.4522,-1,-1,-1
11,8,542.55,148.65,52.08,192.78,0.4813,-1,-1,-1
11,10,787.99,145.71,65.45,177.11,0.4864,-1,-1,-1
11,11,1037.31,138.51,72.55,168.23,0.2852,-1,-1,-1
11,12,262.19,384.76,47.99,186.57,0.3796,-1,-1,-1
11,13,498.47,142.84,51.26,175.42,0.4252,-1,-1,-1
11,14,1801.91,217.11,62.91,179.35,0.3489,-1,-1,-1
12,1,378.44,396.72,81.46,233.89,0.7530,-1,-1,-1
12,2,104.35,545.92,74.76,247.05,0.7371,-1,-1,-1
12,3,1133.72,973.18,67.15,106.80,0.6720,-1,-1,-1
12,4,1723.34,459.39,75.05,205.37,0.6362,-1,-1,-1
12,5,1356.80,569.62,81.00,215.40,0.6329,-1,-1,-1
12,6,0.35,857.00,47.05,220.53,0.5764,-1,-1,-1
12,7,1042.79,208.19,101.10,175.80,0.3598,-1,-1,-1
12,8,541.97,149.06,52.61,192.24,0.5006,-1,-1,-1
12,10,788.05,145.75,65.34,177.53,0.4828,-1,-1,-1
12,11,1035.76,139.49,70.33,171.85,0.1823,-1,-1,-1
12,12,260.76,386.17,48.28,186.23,0.2878,-1,-1,-1
12,13,497.41,143.92,52.35,174.75,0.4129,-1,-1,-1
12,14,1802.18,219.21,63.92,176.00,0.3372,-1,-1,-1
13,1,378.67,395.34,81.81,232.41,0.7610,-1,-1,-1
13,2,104.37,545.86,75.47,247.65,0.7420,-1,-1,-1
13,3,1136.20,972.79,66.42,107.14,0.6339,-1,-1,-1
13,4,1723.82,458.51,74.19,206.49,0.6621,-1,-1,-1
13,5,1356.71,569.95,81.07,213.94,0.6359,-1,-1,-1
13,6,0.38,852.05,46.57,225.13,0.5896,-1,-1,-1
13,7,1042.73,202.74,89.65,182.17,0.2678,-1,-1,-1
13,8,540.32,149.51,54.54,192.24,0.5203,-1,-1,-1
13,10,788.23,146.20,65.26,177.42,0.5103,-1,-1,-1
13,11,1034.18,140.60,69.08,174.93,0.2423,-1,-1,-1
13,12,260.96,383.85,47.17,185.95,0.2271,-1,-1,-1
13,13,496.81,144.85,52.74,174.96,0.3769,-1,-1,-1
13,14,1802.08,221.36,67.24,177.20,0.3713,-1,-1,-1
13,9,211.24,393.17,63.80,181.92,0.3489,-1,-1,-1
14,1,379.22,394.56,81.44,231.36,0.7606,-1,-1,-1
14,2,104.16,545.85,75.87,248.27,0.7475,-1,-1,-1
14,3,1139.19,972.55,64.76,107.42,0.6305,-1,-1,-1
14,4,1723.07,459.44,75.64,206.34,0.6575,-1,-1,-1
14,5,1357.13,569.92,80.62,214.23,0.6135,-1,-1,-1
14,6,0.28,849.27,46.90,228.18,0.6077,-1,-1,-1
14,7,1041.70,211.00,80.58,171.98,0.1829,-1,-1,-1
14,8,538.85,150.61,55.34,191.86,0.5044,-1,-1,-1
14,10,788.51,146.16,64.51,177.47,0.5246,-1,-1,-1
14,11,1032.74,141.67,66.75,176.47,0.2074,-1,-1,-1
14,12,260.06,384.04,46.61,185.48,0.2425,-1,-1,-1
14,13,495.01,144.44,54.00,176.07,0.4112,-1,-1,-1
14,14,1802.73,222.54,67.25,177.02,0.3743,-1,-1,-1
14,15,880.80,130.00,86.86,178.07,0.4139,-1,-1,-1
14,9,209.77,395.91,63.95,178.61,0.3795,-1,-1,-1
15,1,379.81,393.44,81.34,231.34,0.7611,-1,-1,-1
15,2,104.28,545.85,75.81,248.17,0.7549,-1,-1,-1
15,3,1141.05,972.89,64.27,106.71,0.5995,-1,-1,-1
15,4,1723.73,456.49,74.75,209.67,0.6507,-1,-1,-1
15,5,1356.91,570.39,80.48,213.17,0.6056,-1,-1,-1
15,6,0.19,848.31,47.34,229.87,0.5862,-1,-1,-1
15,7,1044.57,205.91,69.47,175.14,0.2946,-1,-1,-1
15,8,537.53,151.64,55.56,191.77,0.5038,-1,-1,-1
15,10,788.10,146.72,65.14,176.12,0.5364,-1,-1,-1
15,11,1031.99,142.84,64.87,176.04,0.2592,-1,-1,-1
15,12,259.60,383.33,45.78,185.15,0.2243,-1,-1,-1
15,13,494.20,143.91,54.02,177.38,0.3866,-1,-1,-1
15,14,1803.84,223.52,67.47,183.07,0.3943,-1,-1,-1
15,15,879.98,130.44,86.54,177.73,0.3794,-1,-1,-1
15,9,208.75,392.13,63.10,181.77,0.3146,-1,-1,-1
16,1,380.26,392.82,80.96,231.89,0.7659,-1,-1,-1
16,2,104.43,546.18,75.52,247.35,0.7503,-1,-1,-1
16,3,1144.71,972.78,63.10,106.37,0.5672,-1,-1,-1
16,4,1724.53,455.59,73.55,210.13,0.6556,-1,-1,-1
16,5,1356.82,570.28,80.28,213.48,0.6194,-1,-1,-1
16,6,0.20,848.30,48.38,230.16,0.5054,-1,-1,-1
16,7,1042.71,201.01,60.99,180.28,0.2300,-1,-1,-1
16,8,535.01,153.33,56.75,189.47,0.5244,-1,-1,-1
16,10,788.66,146.97,64.52,175.63,0.5039,-1,-1,-1
16,11,1032.35,144.18,63.14,174.48,0.2971,-1,-1,-1
16,12,252.64,385.38,52.14,184.01,0.3551,-1,-1,-1
16,13,493.43,143.60,54.49,178.30,0.3327,-1,-1,-1
16,14,1804.48,224.45,68.99,187.49,0.3867,-1,-1,-1
16,15,879.94,131.58,86.16,178.83,0.3332,-1,-1,-1
16,9,207.97,385.51,60.12,189.26,0.3669,-1,-1,-1
17,1,380.67,391.70,81.29,233.65,0.7511,-1,-1,-1
17,2,104.16,546.72,76.44,246.35,0.7453,-1,-1,-1
17,3,1148.47,972.90,60.57,106.80,0.5345,-1,-1,-1
17,4,1723.39,457.63,75.41,209.13,0.6399,-1,-1,-1
17,5,1356.68,570.07,81.27,214.49,0.6041,-1,-1,-1
17,6,0.23,847.75,50.19,231.74,0.5549,-1,-1,-1
17,7,1039.28,196.20,58.63,184.93,0.1947,-1,-1,-1
17,8,533.43,155.59,57.93,188.09,0.6085,-1,-1,-1
17,10,788.67,147.14,64.43,174.85,0.4923,-1,-1,-1
17,11,1034.53,144.93,59.34,176.39,0.2802,-1,-1,-1
17,12,248.66,383.04,55.71,187.27,0.3619,-1,-1,-1
17,13,493.13,144.74,54.36,177.61,0.3616,-1,-1,-1
17,14,1805.91,225.68,67.78,190.79,0.3620,-1,-1,-1
17,15,880.55,132.27,85.07,177.74,0.3201,-1,-1,-1
17,9,207.21,381.51,58.90,194.39,0.3340,-1,-1,-1
18,1,380.80,390.11,81.72,236.13,0.7520,-1,-1,-1
18,2,104.19,546.63,76.48,246.00,0.7479,-1,-1,-1
18,3,1151.85,973.06,58.16,106.85,0.5305,-1,-1,-1
18,4,1723.27,457.96,75.92,208.59,0.6457,-1,-1,-1
18,5,1356.70,569.96,80.95,214.46,0.6182,-1,-1,-1
18,6,0.25,847.17,51.71,232.63,0.5066,-1,-1,-1
18,8,531.88,156.16,57.85,187.11,0.6042,-1,-1,-1
18,10,789.03,147.27,64.10,174.45,0.5330,-1,-1,-1
18,11,1032.42,144.60,59.77,181.23,0.3230,-1,-1,-1
18,12,246.78,383.57,56.61,187.12,0.4081,-1,-1,-1
18,13,492.94,143.94,53.97,178.74,0.3680,-1,-1,-1
18,14,1806.42,226.52,68.88,191.88,0.3825,-1,-1,-1
18,15,880.49,132.80,84.67,178.07,0.3421,-1,-1,-1
18,9,207.18,382.02,56.71,193.31,0.3618,-1,-1,-1
19,1,380.98,388.56,82.42,237.88,0.7551,-1,-1,-1
19,2,104.36,546.48,76.26,246.10,0.7459,-1,-1,-1
19,3,1154.31,972.71,57.47,107.21,0.5198,-1,-1,-1
19,4,1723.48,456.01,75.31,210.37,0.6467,-1,-1,-1
19,5,1356.93,569.95,80.40,214.78,0.6405,-1,-1,-1
19,6,0.27,845.50,52.44,234.25,0.5326,-1,-1,-1
19,8,530.38,158.56,58.06,184.27,0.5466,-1,-1,-1
19,10,789.12,146.97,63.82,174.41,0.4808,-1,-1,-1
19,11,1030.91,144.28,60.41,184.36,0.4152,-1,-1,-1
19,12,245.89,381.15,56.14,189.84,0.4172,-1,-1,-1
19,13,493.10,144.99,53.48,177.77,0.2955,-1,-1,-1
19,14,1808.25,227.28,69.26,191.54,0.3604,-1,-1,-1
19,15,881.54,133.98,82.07,175.54,0.2548,-1,-1,-1
19,9,206.44,381.54,56.46,194.95,0.4001,-1,-1,-1
20,1,380.89,387.20,82.76,239.53,0.7480,-1,-1,-1
20,2,104.32,546.58,76.07,245.97,0.7456,-1,-1,-1
20,3,1157.22,972.77,55.91,107.21,0.5105,-1,-1,-1
20,4,1723.50,457.91,75.68,208.11,0.6295,-1,-1,-1
20,5,1357.03,570.42,80.15,214.24,0.6494,-1,-1,-1
20,6,0.26,845.22,52.70,234.75,0.4771,-1,-1,-1
20,8,530.07,158.92,56.29,183.98,0.5439,-1,-1,-1
20,10,789.14,147.61,64.02,174.00,0.4956,-1,-1,-1
20,11,1028.28,144.64,62.28,217.31,0.4028,-1,-1,-1
20,12,244.78,377.28,55.12,192.19,0.3149,-1,-1,-1
20,13,492.53,147.02,52.92,175.58,0.2661,-1,-1,-1
20,14,1809.56,227.69,69.95,190.67,0.3427,-1,-1,-1
20,15,882.69,135.28,78.63,176.23,0.1723,-1,-1,-1
20,9,204.98,386.52,57.29,188.67,0.4155,-1,-1,-1
20,7,1027.49,152.10,62.62,226.59,0.4028,-1,-1,-1
21,1,380.72,386.25,83.22,240.16,0.7588,-1,-1,-1
21,2,104.29,546.52,76.01,246.26,0.7433,-1,-1,-1
21,3,1158.38,973.20,56.46,106.79,0.5021,-1,-1,-1
21,4,1723.42,458.08,75.79,208.20,0.6341,-1,-1,-1
21,5,1357.51,570.40,79.49,215.54,0.6137,-1,-1,-1
21,6,0.32,840.61,53.54,237.93,0.5228,-1,-1,-1
21,8,530.15,159.15,54.92,183.71,0.5888,-1,-1,-1
21,10,788.79,147.68,64.53,174.19,0.4867,-1,-1,-1
21,11,1029.11,145.10,60.78,193.53,0.2857,-1,-1,-1
21,12,244.53,376.15,52.91,190.29,0.3460,-1,-1,-1
21,13,491.15,148.26,53.58,175.01,0.2709,-1,-1,-1
21,14,1812.12,225.60,73.57,191.28,0.2926,-1,-1,-1
21,15,883.10,137.87,80.22,172.14,0.1781,-1,-1,-1
21,9,203.72,379.67,57.48,194.60,0.4005,-1,-1,-1
22,1,380.87,386.08,83.18,239.77,0.7578,-1,-1,-1
22,2,104.16,546.93,76.19,245.70,0.7385,-1,-1,-1
22,3,1157.95,974.22,57.82,105.79,0.5591,-1,-1,-1
22,4,1723.79,458.38,75.00,207.56,0.6682,-1,-1,-1
22,5,1357.46,570.22,79.49,215.14,0.6385,-1,-1,-1
22,6,0.31,841.19,53.71,238.45,0.5434,-1,-1,-1
22,8,528.96,157.09,54.55,186.19,0.5037,-1,-1,-1
22,10,789.07,147.85,64.44,174.84,0.4618,-1,-1,-1
22,11,1010.81,145.09,79.23,221.93,0.3479,-1,-1,-1
22,12,244.35,375.94,48.71,191.05,0.2692,-1,-1,-1
22,13,489.34,147.30,54.97,176.59,0.2732,-1,-1,-1
22,14,1815.53,225.10,73.61,189.99,0.2841,-1,-1,-1
22,15,884.08,140.93,59.12,170.44,0.1936,-1,-1,-1
22,9,203.46,373.68,60.16,199.81,0.3304,-1,-1,-1
22,7,1005.85,144.62,83.23,233.84,0.3479,-1,-1,-1
23,1,381.57,385.36,82.26,238.93,0.7569,-1,-1,-1
23,2,104.24,546.68,76.06,245.61,0.7394,-1,-1,-1
23,3,1159.05,973.94,59.89,106.06,0.5504,-1,-1,-1
23,4,1724.21,457.77,74.38,207.62,0.6392,-1,-1,-1
23,5,1357.04,570.02,80.26,215.17,0.6141,-1,-1,-1
23,6,0.32,841.80,53.68,237.31,0.5669,-1,-1,-1
23,8,527.91,157.60,52.76,186.71,0.4697,-1,-1,-1
23,10,790.00,148.43,62.31,174.34,0.4303,-1,-1,-1
23,11,1018.19,145.97,71.22,197.47,0.3871,-1,-1,-1
23,12,243.44,375.47,47.22,190.85,0.1933,-1,-1,-1
23,13,490.56,149.28,53.11,176.07,0.2548,-1,-1,-1
23,14,1817.52,227.60,71.55,190.17,0.2933,-1,-1,-1
23,15,883.56,141.83,50.85,171.85,0.1639,-1,-1,-1
23,9,203.89,371.44,57.76,198.00,0.2670,-1,-1,-1
23,7,1015.48,144.65,72.77,198.31,0.3871,-1,-1,-1
24,1,381.68,384.88,81.83,238.07,0.7574,-1,-1,-1
24,2,104.28,546.60,76.24,245.65,0.7382,-1,-1,-1
24,3,1159.92,974.60,60.82,105.40,0.5497,-1,-1,-1
24,4,1724.02,456.08,74.32,209.97,0.6434,-1,-1,-1
24,5,1356.76,569.80,80.70,216.91,0.5891,-1,-1,-1
24,6,0.30,839.92,54.42,236.92,0.5361,-1,-1,-1
24,8,525.40,157.47,54.31,187.44,0.4250,-1,-1,-1
24,10,789.67,148.41,63.77,173.80,0.4291,-1,-1,-1
24,11,1020.62,147.10,68.30,185.47,0.3215,-1,-1,-1
24,13,491.68,150.58,51.97,177.96,0.1666,-1,-1,-1
24,14,1820.38,229.81,69.60,190.01,0.3512,-1,-1,-1
24,15,882.51,142.56,49.77,174.10,0.1682,-1,-1,-1
24,9,202.63,359.32,63.54,211.43,0.3055,-1,-1,-1
25,1,381.75,384.11,81.04,237.28,0.7571,-1,-1,-1
25,2,104.02,546.82,76.59,245.88,0.7384,-1,-1,-1
25,3,1160.57,974.76,61.60,105.26,0.5631,-1,-1,-1
25,4,1722.87,457.47,75.52,209.21,0.6544,-1,-1,-1
25,5,1357.01,570.18,79.64,214.12,0.6125,-1,-1,-1
25,6,0.32,836.39,54.99,238.58,0.5031,-1,-1,-1
25,8,524.61,158.82,54.35,185.43,0.4365,-1,-1,-1
25,10,789.40,147.81,64.46,174.76,0.4319,-1,-1,-1
25,11,1018.95,147.99,68.67,187.50,0.2729,-1,-1,-1
25,14,1822.26,232.47,68.85,192.65,0.3875,-1,-1,-1
25,15,879.74,141.32,49.97,176.24,0.1778,-1,-1,-1
25,9,201.70,352.19,66.98,218.08,0.2652,-1,-1,-1
26,1,382.23,383.15,80.14,237.21,0.7684,-1,-1,-1
26,2,103.59,546.55,77.21,246.90,0.7375,-1,-1,-1
26,3,1161.70,975.06,61.81,104.98,0.5967,-1,-1,-1
26,4,1722.99,454.70,74.51,212.63,0.6365,-1,-1,-1
26,5,1356.84,570.51,80.24,213.42,0.6084,-1,-1,-1
26,6,0.34,834.19,55.76,234.28,0.5684,-1,-1,-1
26,8,524.89,160.59,53.24,183.93,0.4214,-1,-1,-1
26,10,788.87,148.02,65.68,175.11,0.4471,-1,-1,-1
26,11,990.68,149.90,96.13,213.63,0.2656,-1,-1,-1
26,14,1825.45,235.53,67.17,192.84,0.3700,-1,-1,-1
26,15,880.02,142.46,47.62,175.03,0.2534,-1,-1,-1
26,9,200.58,349.83,68.43,221.08,0.2891,-1,-1,-1
27,1,381.90,381.51,80.68,237.36,0.7790,-1,-1,-1
27,2,103.43,546.21,77.03,247.14,0.7377,-1,-1,-1
27,3,1163.13,975.05,62.32,104.94,0.6073,-1,-1,-1
27,4,1722.75,457.69,74.65,208.90,0.6521,-1,-1,-1
27,5,1356.63,570.17,80.33,214.30,0.5868,-1,-1,-1
27,6,0.34,830.73,56.63,235.01,0.6075,-1,-1,-1
27,8,525.43,160.93,52.32,184.83,0.3655,-1,-1,-1
27,10,789.36,147.96,65.20,174.87,0.4484,-1,-1,-1
27,11,981.60,185.64,102.62,188.08,0.4321,-1,-1,-1
27,14,1827.70,237.71,65.96,192.08,0.3461,-1,-1,-1
27,15,878.15,142.35,49.81,175.70,0.2288,-1,-1,-1
27,9,199.23,347.66,71.48,223.17,0.3685,-1,-1,-1
28,1,381.89,379.67,81.77,237.86,0.7725,-1,-1,-1
28,2,103.10,546.61,77.19,246.38,0.7386,-1,-1,-1
28,3,1164.61,975.62,62.93,104.39,0.6165,-1,-1,-1
28,4,1723.01,456.22,74.03,210.67,0.6400,-1,-1,-1
28,5,1356.71,569.65,80.66,215.68,0.5881,-1,-1,-1
28,6,0.13,828.00,58.31,233.60,0.6340,-1,-1,-1
28,8,524.24,161.05,53.42,186.70,0.2950,-1,-1,-1
28,10,790.26,148.49,61.83,173.92,0.4501,-1,-1,-1
28,11,978.46,197.49,97.52,181.21,0.2163,-1,-1,-1
28,14,1829.03,238.91,66.33,193.27,0.2817,-1,-1,-1
28,15,876.88,142.36,50.45,176.34,0.2117,-1,-1,-1
28,9,197.99,349.18,72.07,223.68,0.3995,-1,-1,-1
29,1,382.55,378.06,81.87,238.02,0.7810,-1,-1,-1
29,2,102.85,546.48,77.52,246.48,0.7455,-1,-1,-1
29,3,1165.58,975.85,64.54,104.18,0.6355,-1,-1,-1
29,4,1723.05,457.07,74.17,209.25,0.6502,-1,-1,-1
29,5,1356.65,569.78,81.13,215.40,0.6246,-1,-1,-1
29,6,0.17,826.21,59.43,230.10,0.6978,-1,-1,-1
29,8,521.99,161.72,55.09,188.46,0.2798,-1,-1,-1
29,10,790.84,148.65,60.14,174.16,0.4573,-1,-1,-1
29,11,978.95,199.84,85.38,180.74,0.1502,-1,-1,-1
29,14,1829.95,241.00,66.89,194.01,0.2548,-1,-1,-1
29,15,876.28,142.49,51.04,177.15,0.2450,-1,-1,-1
29,9,197.20,351.80,71.40,220.22,0.3247,-1,-1,-1
30,1,382.94,376.53,83.14,237.20,0.7847,-1,-1,-1
30,2,102.97,547.02,77.51,245.69,0.7384,-1,-1,-1
30,3,1167.18,976.71,65.03,103.29,0.6211,-1,-1,-1
30,4,1723.04,457.39,74.80,208.71,0.6633,-1,-1,-1
30,5,1356.78,569.86,80.28,215.65,0.6171,-1,-1,-1
30,6,0.07,823.38,60.14,228.88,0.6767,-1,-1,-1
30,8,522.54,163.24,54.05,187.75,0.3043,-1,-1,-1
30,10,790.77,148.48,59.58,174.25,0.4582,-1,-1,-1
30,14,1831.97,241.64,69.82,194.18,0.2140,-1,-1,-1
30,15,874.99,142.32,51.26,177.91,0.2602,-1,-1,-1
30,9,196.23,354.42,70.05,216.03,0.3162,-1,-1,-1
31,1,383.59,374.90,85.85,234.36,0.7516,-1,-1,-1
31,2,103.04,546.88,77.08,246.15,0.7404,-1,-1,-1
31,3,1168.45,977.18,65.77,102.78,0.6157,-1,-1,-1
31,4,1723.15,455.82,73.86,211.12,0.6545,-1,-1,-1
31,5,1356.69,569.74,80.32,214.43,0.5914,-1,-1,-1
31,6,0.25,818.51,60.07,235.49,0.6491,-1,-1,-1
31,8,503.35,159.16,75.50,194.45,0.2942,-1,-1,-1
31,10,790.61,148.23,59.86,175.12,0.4282,-1,-1,-1
31,14,1833.66,242.95,70.59,194.43,0.2147,-1,-1,-1
31,15,874.18,143.26,51.07,177.52,0.2451,-1,-1,-1
31,9,194.97,356.02,69.29,212.06,0.3465,-1,-1,-1
32,1,383.76,373.33,89.55,232.85,0.7457,-1,-1,-1
32,2,103.03,546.76,76.65,246.38,0.7472,-1,-1,-1
32,3,1169.43,977.95,66.49,102.03,0.6746,-1,-1,-1
32,4,1722.80,456.85,74.80,209.80,0.6534,-1,-1,-1
32,5,1356.54,569.75,80.14,214.34,0.6039,-1,-1,-1
32,6,0.34,815.51,60.16,241.15,0.6162,-1,-1,-1
32,8,497.02,159.63,80.87,195.76,0.2685,-1,-1,-1
32,10,791.34,148.66,59.13,174.90,0.4570,-1,-1,-1
32,14,1835.08,247.35,73.93,192.07,0.2273,-1,-1,-1
32,15,872.50,143.54,51.41,177.88,0.2424,-1,-1,-1
32,9,193.22,350.78,70.07,214.37,0.3971,-1,-1,-1
33,1,384.16,371.11,92.06,232.69,0.7501,-1,-1,-1
33,2,102.81,546.62,77.59,246.53,0.7486,-1,-1,-1
33,3,1170.88,978.86,66.90,101.13,0.6781,-1,-1,-1
33,4,1722.51,457.23,74.99,210.16,0.6571,-1,-1,-1
33,5,1356.27,569.48,80.90,216.61,0.6021,-1,-1,-1
33,6,0.33,813.21,60.81,246.61,0.6217,-1,-1,-1
33,8,493.34,159.48,83.86,196.58,0.3918,-1,-1,-1
33,10,791.06,148.92,59.31,174.34,0.4375,-1,-1,-1
33,14,1835.57,249.83,72.66,191.65,0.3130,-1,-1,-1
33,15,871.11,142.66,53.06,178.00,0.2422,-1,-1,-1
33,9,190.83,348.73,70.59,216.62,0.4230,-1,-1,-1
34,1,384.80,370.23,92.57,231.80,0.7515,-1,-1,-1
34,2,102.74,546.78,77.72,246.55,0.7391,-1,-1,-1
34,3,1173.39,980.59,66.73,99.42,0.6763,-1,-1,-1
34,4,1722.65,457.97,74.42,208.64,0.6499,-1,-1,-1
34,5,1356.68,569.35,80.93,216.67,0.5996,-1,-1,-1
34,6,0.42,811.32,61.28,248.87,0.6135,-1,-1,-1
34,8,492.00,160.31,83.60,195.86,0.3893,-1,-1,-1
34,10,790.73,148.74,59.12,174.96,0.4324,-1,-1,-1
34,14,1836.31,250.92,70.03,190.68,0.3188,-1,-1,-1
34,15,870.00,142.78,53.44,178.75,0.2092,-1,-1,-1
34,9,189.03,351.37,69.89,211.66,0.4157,-1,-1,-1
34,18,1021.17,155.38,62.60,187.01,0.4152,-1,-1,-1
35,1,384.90,369.31,93.27,232.44,0.7410,-1,-1,-1
35,2,102.53,546.86,78.32,246.92,0.7346,-1,-1,-1
35,3,1176.83,982.07,65.12,97.94,0.6624,-1,-1,-1
35,4,1722.52,457.68,74.09,208.60,0.6606,-1,-1,-1
35,5,1356.12,569.38,81.52,216.00,0.6011,-1,-1,-1
35,6,0.43,810.32,62.84,252.36,0.5751,-1,-1,-1
35,8,492.26,160.71,82.12,195.34,0.3989,-1,-1,-1
35,10,791.01,148.63,58.96,175.09,0.4427,-1,-1,-1
35,14,1837.51,251.66,69.01,188.69,0.3249,-1,-1,-1
35,15,868.77,142.92,54.17,178.79,0.2910,-1,-1,-1
35,9,187.14,346.11,66.74,212.56,0.4548,-1,-1,-1
35,18,1021.92,156.01,60.99,184.89,0.4622,-1,-1,-1
36,1,385.21,368.68,92.74,232.81,0.7009,-1,-1,-1
36,2,102.69,547.02,77.72,246.56,0.7385,-1,-1,-1
36,3,1179.43,983.81,64.63,96.21,0.6412,-1,-1,-1
36,4,1722.76,458.47,74.11,207.96,0.6161,-1,-1,-1
36,5,1355.97,569.41,82.04,216.55,0.5767,-1,-1,-1
36,6,0.47,809.53,63.30,250.43,0.5426,-1,-1,-1
36,8,492.97,160.86,79.60,194.50,0.4165,-1,-1,-1
36,10,791.01,149.01,58.89,174.31,0.4402,-1,-1,-1
36,14,1839.58,250.68,67.61,188.94,0.3537,-1,-1,-1
36,15,867.78,143.63,55.42,179.74,0.2680,-1,-1,-1
36,9,187.80,359.41,63.10,199.09,0.3995,-1,-1,-1
36,18,1021.97,156.71,61.42,182.14,0.5125,-1,-1,-1
36,19,384.60,995.36,90.24,84.62,0.4535,-1,-1,-1
37,1,385.94,367.64,90.49,233.55,0.6902,-1,-1,-1
37,2,102.90,547.11,77.00,245.91,0.7344,-1,-1,-1
37,3,1182.11,984.48,64.76,95.49,0.6850,-1,-1,-1
37,4,1722.95,457.79,73.98,208.95,0.6401,-1,-1,-1
37,5,1356.13,569.15,82.11,218.37,0.5677,-1,-1,-1
37,6,0.52,808.45,64.96,249.52,0.6285,-1,-1,-1
37,8,493.45,161.88,77.66,193.46,0.4226,-1,-1,-1
37,10,790.58,148.81,59.48,174.74,0.4360,-1,-1,-1
37,14,1840.36,252.30,64.74,185.67,0.3773,-1,-1,-1
37,15,867.69,144.20,55.89,180.65,0.2156,-1,-1,-1
37,9,187.07,361.14,62.40,195.90,0.4086,-1,-1,-1
37,18,1021.94,157.87,61.55,182.93,0.5344,-1,-1,-1
37,19,384.32,994.19,91.80,85.73,0.5152,-1,-1,-1
37,11,946.45,202.36,70.04,173.73,0.4378,-1,-1,-1
38,1,387.08,366.57,87.13,234.73,0.6937,-1,-1,-1
38,2,102.81,546.97,76.62,245.56,0.7328,-1,-1,-1
38,3,1184.16,984.57,66.24,95.43,0.6922,-1,-1,-1
38,4,1722.75,458.26,74.36,207.84,0.6428,-1,-1,-1
38,5,1355.96,569.32,81.91,215.37,0.6049,-1,-1,-1
38,6,0.55,808.03,65.97,247.14,0.6404,-1,-1,-1
38,8,493.25,162.55,76.89,193.01,0.4184,-1,-1,-1
38,10,790.95,149.03,59.04,175.06,0.4243,-1,-1,-1
38,14,1840.97,252.81,63.44,185.36,0.3217,-1,-1,-1
38,15,867.64,145.98,55.54,178.26,0.1947,-1,-1,-1
38,9,185.91,363.76,61.66,192.32,0.4321,-1,-1,-1
38,18,1023.30,158.61,60.61,183.68,0.5451,-1,-1,-1
38,19,384.40,993.01,93.23,86.98,0.5469,-1,-1,-1
38,11,937.46,202.72,74.08,172.86,0.3836,-1,-1,-1
39,1,387.51,365.38,85.35,236.33,0.6891,-1,-1,-1
39,2,102.46,547.17,77.25,245.06,0.7308,-1,-1,-1
39,3,1186.64,984.11,67.94,95.92,0.6789,-1,-1,-1
39,4,1722.60,457.29,73.78,209.23,0.6227,-1,-1,-1
39,5,1356.69,568.36,81.37,216.97,0.5814,-1,-1,-1
39,6,0.51,807.10,66.20,245.56,0.6523,-1,-1,-1
39,8,493.44,163.22,75.79,192.02,0.4237,-1,-1,-1
39,10,790.92,148.90,58.88,175.12,0.4153,-1,-1,-1
39,14,1841.02,253.24,63.86,184.80,0.3539,-1,-1,-1
39,15,867.39,147.48,56.03,176.56,0.1942,-1,-1,-1
39,9,183.72,362.61,62.79,193.84,0.4939,-1,-1,-1
39,18,1022.55,158.99,61.58,182.93,0.5211,-1,-1,-1
39,19,384.49,991.74,93.20,88.28,0.5276,-1,-1,-1
39,11,926.85,202.14,82.33,172.55,0.5013,-1,-1,-1
40,1,387.93,365.98,86.11,235.51,0.6972,-1,-1,-1
40,2,102.25,546.94,77.41,244.91,0.7335,-1,-1,-1
40,3,1190.02,983.97,68.95,96.03,0.6545,-1,-1,-1
40,4,1722.67,456.59,73.56,210.48,0.6273,-1,-1,-1
40,5,1357.29,569.22,80.45,213.76,0.6151,-1,-1,-1
40,6,0.59,806.00,66.08,243.30,0.6072,-1,-1,-1
40,8,493.43,166.14,74.18,191.73,0.4405,-1,-1,-1
40,10,791.10,148.90,58.29,175.85,0.4046,-1,-1,-1
40,14,1839.36,253.32,66.49,186.52,0.3340,-1,-1,-1
40,15,867.29,149.97,55.35,174.70,0.2468,-1,-1,-1
40,9,181.54,363.16,62.65,192.53,0.4306,-1,-1,-1
40,18,1022.07,159.21,62.21,182.40,0.5093,-1,-1,-1
40,19,384.93,990.04,93.12,89.89,0.5279,-1,-1,-1
40,11,917.32,199.21,91.60,175.06,0.5105,-1,-1,-1
41,1,389.16,365.75,85.52,235.44,0.6909,-1,-1,-1
41,2,102.28,546.74,77.61,245.44,0.7313,-1,-1,-1
41,3,1192.85,984.80,68.16,95.20,0.6802,-1,-1,-1
41,4,1722.54,456.08,73.73,210.93,0.6395,-1,-1,-1
41,5,1356.99,568.82,80.82,215.12,0.6073,-1,-1,-1
41,6,0.53,805.03,66.59,243.18,0.6001,-1,-1,-1
41,8,494.53,166.06,75.09,191.14,0.3632,-1,-1,-1
41,10,791.35,149.11,57.51,175.29,0.4079,-1,-1,-1
41,14,1838.52,254.24,67.01,191.04,0.2881,-1,-1,-1
41,15,866.95,151.18,55.38,175.79,0.2469,-1,-1,-1
41,9,179.78,361.60,62.35,194.09,0.3636,-1,-1,-1
41,18,1021.65,159.31,62.55,181.14,0.4771,-1,-1,-1
41,19,385.17,989.14,93.47,90.83,0.4924,-1,-1,-1
41,11,911.69,202.30,97.40,171.50,0.5440,-1,-1,-1
42,1,390.19,364.65,85.08,235.49,0.7104,-1,-1,-1
42,2,102.25,546.71,78.16,245.62,0.7402,-1,-1,-1
42,3,1195.46,984.93,68.89,95.04,0.6923,-1,-1,-1
42,4,1722.11,455.25,73.94,211.37,0.6461,-1,-1,-1
42,5,1356.96,569.18,80.46,214.52,0.6145,-1,-1,-1
42,6,0.39,802.89,66.89,243.11,0.6312,-1,-1,-1
42,8,494.66,167.07,75.38,191.80,0.3718,-1,-1,-1
42,10,791.21,148.89,57.37,176.69,0.4202,-1,-1,-1
42,14,1838.28,256.53,67.51,189.60,0.2992,-1,-1,-1
42,15,866.51,150.93,54.48,180.03,0.2550,-1,-1,-1
42,9,179.36,367.81,60.20,189.02,0.3295,-1,-1,-1
42,18,1021.28,159.57,62.74,181.66,0.4734,-1,-1,-1
42,19,384.57,987.84,94.41,92.15,0.5331,-1,-1,-1
42,11,907.49,201.17,101.59,172.73,0.5451,-1,-1,-1
43,1,391.10,364.70,85.04,233.94,0.7374,-1,-1,-1
43,2,101.94,546.83,78.38,245.80,0.7338,-1,-1,-1
43,3,1198.22,985.17,70.25,94.81,0.6623,-1,-1,-1
43,4,1722.23,454.78,73.69,212.01,0.6162,-1,-1,-1
43,5,1356.83,569.14,80.50,214.47,0.6090,-1,-1,-1
43,6,0.28,799.10,67.12,235.66,0.6608,-1,-1,-1
43,8,493.75,167.88,76.68,194.03,0.3847,-1,-1,-1
43,10,790.68,149.24,58.33,176.26,0.4042,-1,-1,-1
43,14,1836.85,255.07,70.81,191.46,0.2835,-1,-1,-1
43,15,866.40,152.14,53.29,174.67,0.2134,-1,-1,-1
43,9,177.08,370.34,59.53,186.13,0.2795,-1,-1,-1
43,18,1021.36,159.87,62.40,182.80,0.4672,-1,-1,-1
43,19,383.66,987.48,95.20,92.55,0.5402,-1,-1,-1
43,11,903.41,197.92,104.59,175.56,0.4978,-1,-1,-1
44,1,391.59,364.59,85.63,232.22,0.7343,-1,-1,-1
44,2,101.93,547.26,78.10,245.48,0.7334,-1,-1,-1
44,3,1199.58,985.50,71.38,94.54,0.6688,-1,-1,-1
44,4,1721.41,456.66,74.73,210.07,0.6474,-1,-1,-1
44,5,1356.83,568.99,80.95,216.07,0.6236,-1,-1,-1
44,6,0.23,795.69,67.49,231.08,0.6726,-1,-1,-1
44,8,493.66,169.05,76.68,195.32,0.3771,-1,-1,-1
44,10,790.83,149.25,58.13,176.19,0.4005,-1,-1,-1
44,14,1839.47,255.41,76.02,194.13,0.3252,-1,-1,-1
44,15,865.80,152.63,54.73,178.12,0.2698,-1,-1,-1
44,9,175.31,366.91,58.60,189.12,0.3525,-1,-1,-1
44,18,1021.44,160.29,61.74,183.94,0.4379,-1,-1,-1
44,19,382.91,985.80,96.02,94.35,0.5968,-1,-1,-1
44,11,900.95,194.91,103.09,178.74,0.3167,-1,-1,-1
45,1,392.81,362.51,85.24,232.20,0.7371,-1,-1,-1
45,2,101.76,546.98,77.73,245.70,0.7425,-1,-1,-1
45,3,1200.77,985.82,72.35,94.22,0.6709,-1,-1,-1
45,4,1721.53,458.12,74.48,208.39,0.6321,-1,-1,-1
45,5,1356.52,568.89,81.00,216.24,0.6345,-1,-1,-1
45,6,0.26,793.00,67.65,229.37,0.6685,-1,-1,-1
45,8,494.61,171.99,75.12,194.24,0.3115,-1,-1,-1
45,10,790.60,149.26,58.55,175.82,0.4243,-1,-1,-1
45,14,1841.37,256.59,74.52,196.61,0.3492,-1,-1,-1
45,15,866.18,154.85,54.22,180.50,0.2492,-1,-1,-1
45,9,173.69,360.89,56.56,193.89,0.3643,-1,-1,-1
45,18,1020.10,161.53,64.29,182.69,0.3991,-1,-1,-1
45,19,381.68,984.86,95.98,95.26,0.5952,-1,-1,-1
45,11,899.29,188.48,100.16,185.72,0.2922,-1,-1,-1
46,1,394.65,360.95,83.46,231.89,0.7422,-1,-1,-1
46,2,101.71,546.55,77.83,246.08,0.7447,-1,-1,-1
46,3,1201.40,986.20,72.17,93.79,0.6854,-1,-1,-1
46,4,1721.00,458.90,74.86,207.05,0.6155,-1,-1,-1
46,5,1356.29,569.21,81.97,216.75,0.6039,-1,-1,-1
46,6,0.41,790.59,68.21,229.24,0.6718,-1,-1,-1
46,8,492.58,173.70,77.44,193.88,0.3314,-1,-1,-1
46,10,790.68,149.31,58.29,175.27,0.3893,-1,-1,-1
46,14,1842.82,257.15,74.71,200.23,0.3300,-1,-1,-1
46,15,866.44,154.62,53.64,182.64,0.1883,-1,-1,-1
46,9,172.25,355.20,55.25,198.94,0.3621,-1,-1,-1
46,18,1019.42,161.99,65.25,182.28,0.4088,-1,-1,-1
46,19,380.30,979.95,96.93,100.08,0.6033,-1,-1,-1
46,11,899.19,181.70,92.28,192.11,0.2937,-1,-1,-1
47,1,395.46,358.98,83.39,231.99,0.7461,-1,-1,-1
47,2,101.48,546.51,78.00,246.19,0.7292,-1,-1,-1
47,3,1202.13,986.36,72.98,93.66,0.6670,-1,-1,-1
47,4,1721.17,458.92,74.86,207.73,0.6306,-1,-1,-1
47,5,1356.51,569.44,81.64,216.05,0.5933,-1,-1,-1
47,6,0.59,789.14,68.92,231.05,0.6183,-1,-1,-1
47,8,502.67,179.15,63.84,187.68,0.3161,-1,-1,-1
47,10,790.15,149.44,59.63,174.92,0.4296,-1,-1,-1
47,14,1844.21,258.74,74.21,202.02,0.3460,-1,-1,-1
47,15,864.63,154.88,54.12,181.82,0.2643,-1,-1,-1
47,9,169.94,347.20,57.71,206.78,0.3911,-1,-1,-1
47,18,1018.98,162.76,64.44,183.32,0.3951,-1,-1,-1
47,19,379.78,974.32,97.70,105.81,0.5909,-1,-1,-1
47,11,900.71,174.77,81.46,198.86,0.3144,-1,-1,-1
48,1,396.33,357.30,83.46,230.35,0.7647,-1,-1,-1
48,2,101.58,546.25,77.91,246.74,0.7353,-1,-1,-1
48,3,1203.45,985.20,75.64,94.77,0.6326,-1,-1,-1
48,4,1721.37,459.47,74.49,206.46,0.6357,-1,-1,-1
48,5,1356.49,569.16,82.56,216.73,0.6132,-1,-1,-1
48,6,0.86,788.30,70.11,233.30,0.5857,-1,-1,-1
48,8,506.08,182.65,58.55,183.78,0.3326,-1,-1,-1
48,10,790.43,149.51,59.77,175.48,0.4552,-1,-1,-1
48,14,1846.93,262.15,69.43,200.96,0.3696,-1,-1,-1
48,15,863.72,154.24,55.09,180.55,0.2691,-1,-1,-1
48,9,168.78,345.02,57.26,210.21,0.3360,-1,-1,-1
48,18,1018.69,163.21,63.65,182.96,0.3309,-1,-1,-1
48,19,378.84,967.48,99.12,112.60,0.6089,-1,-1,-1
48,11,900.29,174.35,72.92,197.61,0.2555,-1,-1,-1
49,1,396.58,356.34,84.08,227.62,0.7608,-1,-1,-1
49,2,101.55,546.10,77.88,246.91,0.7393,-1,-1,-1
49,3,1204.03,984.07,77.24,95.93,0.6518,-1,-1,-1
49,4,1721.00,459.04,74.69,207.07,0.6575,-1,-1,-1
49,5,1356.49,569.41,82.59,217.70,0.6018,-1,-1,-1
49,6,0.82,785.44,71.97,242.66,0.6188,-1,-1,-1
49,8,496.22,180.83,70.73,187.72,0.3703,-1,-1,-1
49,10,790.42,149.29,60.21,175.93,0.4317,-1,-1,-1
49,14,1849.08,264.14,66.09,201.02,0.3337,-1,-1,-1
49,15,862.99,153.65,54.98,176.51,0.3164,-1,-1,-1
49,9,167.33,350.70,57.69,204.83,0.3555,-1,-1,-1
49,18,1017.10,164.49,64.82,182.89,0.3711,-1,-1,-1
49,19,378.39,964.18,99.74,115.83,0.5888,-1,-1,-1
49,11,899.62,176.79,62.34,194.75,0.2450,-1,-1,-1
50,1,396.34,355.03,85.18,226.31,0.7546,-1,-1,-1
50,2,101.56,546.04,77.88,246.67,0.7482,-1,-1,-1
50,3,1204.29,983.18,78.34,96.82,0.6281,-1,-1,-1
50,4,1721.04,459.15,74.43,206.74,0.6391,-1,-1,-1
50,5,1356.93,569.74,81.83,216.15,0.6122,-1,-1,-1
50,6,0.96,784.52,73.59,247.19,0.6055,-1,-1,-1
50,8,493.22,179.92,74.99,190.57,0.3775,-1,-1,-1
50,10,790.40,149.03,59.90,176.84,0.4070,-1,-1,-1
50,14,1851.88,265.99,65.89,200.42,0.3915,-1,-1,-1
50,15,863.14,154.31,52.58,168.85,0.2734,-1,-1,-1
50,18,1017.02,164.94,62.61,178.00,0.3841,-1,-1,-1
50,19,379.85,961.48,98.55,117.70,0.5867,-1,-1,-1
51,1,396.27,354.35,86.16,223.91,0.7538,-1,-1,-1
51,2,101.74,545.82,77.73,247.16,0.7505,-1,-1,-1
51,3,1204.89,982.08,79.03,97.93,0.6111,-1,-1,-1
51,4,1720.68,459.89,74.59,205.53,0.6227,-1,-1,-1
51,5,1357.05,569.41,81.51,215.16,0.6198,-1,-1,-1
51,6,1.19,783.27,74.02,247.47,0.6422,-1,-1,-1
51,8,492.89,180.52,76.08,191.27,0.3679,-1,-1,-1
51,10,790.42,148.84,59.85,177.54,0.4134,-1,-1,-1
51,14,1853.96,267.21,63.47,197.22,0.3626,-1,-1,-1
51,15,862.60,154.54,50.75,169.98,0.2816,-1,-1,-1
51,18,1016.70,166.53,61.97,175.07,0.4440,-1,-1,-1
51,19,380.53,957.55,98.40,122.19,0.5503,-1,-1,-1
52,1,396.91,353.15,86.51,223.80,0.7677,-1,-1,-1
52,2,102.05,545.52,77.14,247.08,0.7519,-1,-1,-1
52,3,1204.70,981.77,79.43,98.22,0.6304,-1,-1,-1
52,4,1721.59,457.19,73.70,209.02,0.6266,-1,-1,-1
52,5,1356.93,569.22,81.39,215.36,0.6233,-1,-1,-1
52,6,1.94,782.06,74.69,245.82,0.6113,-1,-1,-1
52,8,490.28,180.41,79.61,191.20,0.3819,-1,-1,-1
52,10,789.92,149.06,60.46,178.04,0.3952,-1,-1,-1
52,14,1857.11,264.81,61.74,199.52,0.2984,-1,-1,-1
52,15,860.58,154.68,49.20,175.74,0.1890,-1,-1,-1
52,18,1016.11,167.85,62.94,178.44,0.4711,-1,-1,-1
52,19,381.43,953.29,98.73,126.58,0.5450,-1,-1,-1
53,1,398.18,351.55,85.65,225.12,0.7697,-1,-1,-1
53,2,102.39,545.19,76.11,247.41,0.7453,-1,-1,-1
53,3,1204.57,980.45,79.55,99.50,0.6525,-1,-1,-1
53,4,1721.98,456.35,73.46,209.23,0.6261,-1,-1,-1
53,5,1357.10,569.44,81.55,214.07,0.6401,-1,-1,-1
53,6,3.04,780.80,73.51,243.23,0.6510,-1,-1,-1
53,8,488.80,180.60,82.21,190.88,0.4034,-1,-1,-1
53,10,789.43,148.57,61.16,177.92,0.4121,-1,-1,-1
53,14,1859.60,265.05,59.97,198.61,0.3205,-1,-1,-1
53,18,1015.81,168.81,62.83,180.80,0.4505,-1,-1,-1
53,19,381.78,950.11,100.56,129.51,0.6933,-1,-1,-1
54,1,398.58,350.64,85.62,225.99,0.7711,-1,-1,-1
54,2,102.45,544.81,75.77,247.97,0.7479,-1,-1,-1
54,3,1203.81,979.88,80.42,100.08,0.6571,-1,-1,-1
54,4,1722.01,456.07,73.44,209.77,0.6240,-1,-1,-1
54,5,1356.99,569.19,81.95,214.04,0.6411,-1,-1,-1
54,6,5.41,778.51,71.50,239.06,0.6455,-1,-1,-1
54,8,488.01,180.51,84.04,190.74,0.3868,-1,-1,-1
54,10,789.53,148.71,61.46,177.19,0.3981,-1,-1,-1
54,14,1861.63,263.23,58.19,203.19,0.3113,-1,-1,-1
54,18,1014.40,170.74,62.41,181.42,0.4274,-1,-1,-1
54,19,382.53,948.24,102.62,130.35,0.7180,-1,-1,-1
55,1,399.47,349.55,85.03,227.64,0.7785,-1,-1,-1
55,2,102.54,544.91,75.70,248.44,0.7363,-1,-1,-1
55,3,1203.69,979.14,80.84,100.81,0.6651,-1,-1,-1
55,4,1722.12,456.59,73.89,210.50,0.6376,-1,-1,-1
55,5,1357.39,569.02,81.29,215.04,0.6082,-1,-1,-1
55,6,7.52,774.95,70.25,237.95,0.6805,-1,-1,-1
55,8,487.94,180.23,84.56,191.27,0.4235,-1,-1,-1
55,10,789.88,148.90,61.16,176.91,0.4251,-1,-1,-1
55,14,1864.06,262.46,55.84,206.81,0.3406,-1,-1,-1
55,18,1012.83,172.96,62.72,181.52,0.4561,-1,-1,-1
55,19,382.92,946.50,105.38,132.12,0.6929,-1,-1,-1
56,1,400.07,349.05,84.50,229.04,0.7878,-1,-1,-1
56,2,102.54,544.52,75.83,249.09,0.7376,-1,-1,-1
56,3,1203.41,977.78,81.16,102.20,0.6744,-1,-1,-1
56,4,1721.99,456.04,73.61,210.64,0.6445,-1,-1,-1
56,5,1357.17,569.13,80.92,215.95,0.6102,-1,-1,-1
56,6,8.13,772.34,70.27,235.92,0.6943,-1,-1,-1
56,8,488.02,180.26,83.22,191.40,0.4782,-1,-1,-1
56,10,789.96,148.77,61.45,177.64,0.4100,-1,-1,-1
56,14,1866.15,262.09,53.75,207.16,0.2820,-1,-1,-1
56,18,1013.47,174.79,60.94,180.48,0.4680,-1,-1,-1
56,19,383.65,945.73,106.12,133.52,0.6985,-1,-1,-1
57,1,400.23,348.04,83.98,230.26,0.7938,-1,-1,-1
57,2,102.41,544.69,75.94,249.44,0.7329,-1,-1,-1
57,3,1202.76,976.53,81.77,103.45,0.6850,-1,-1,-1
57,4,1721.88,457.85,73.40,208.19,0.6509,-1,-1,-1
57,5,1357.01,569.18,81.28,214.10,0.6174,-1,-1,-1
57,6,6.66,770.81,71.42,232.13,0.7197,-1,-1,-1
57,8,487.67,180.89,82.36,190.98,0.4590,-1,-1,-1
57,10,789.85,148.65,61.98,178.56,0.4009,-1,-1,-1
57,14,1867.60,256.40,52.21,213.25,0.1866,-1,-1,-1
57,18,1011.88,176.30,60.94,179.88,0.4636,-1,-1,-1
57,19,385.05,944.98,106.01,134.26,0.7176,-1,-1,-1
58,1,400.15,347.09,84.31,231.15,0.7873,-1,-1,-1
58,2,102.67,544.99,75.53,249.27,0.7288,-1,-1,-1
58,3,1201.93,976.18,82.90,103.82,0.6688,-1,-1,-1
58,4,1722.06,456.32,73.03,209.37,0.6400,-1,-1,-1
58,5,1357.08,569.36,81.19,214.68,0.6247,-1,-1,-1
58,6,7.13,767.75,73.28,229.80,0.7118,-1,-1,-1
58,8,487.89,181.43,81.17,191.07,0.4484,-1,-1,-1
58,10,790.15,148.90,61.70,178.55,0.3946,-1,-1,-1
58,18,1011.22,178.83,60.10,179.20,0.4566,-1,-1,-1
58,19,386.71,944.02,104.96,135.60,0.6723,-1,-1,-1
59,1,401.11,345.74,83.76,232.64,0.7851,-1,-1,-1
59,2,102.74,545.05,75.32,249.47,0.7327,-1,-1,-1
59,3,1200.38,975.68,84.65,104.30,0.6719,-1,-1,-1
59,4,1722.67,456.02,72.96,210.46,0.6377,-1,-1,-1
59,5,1357.04,568.92,81.31,213.53,0.6413,-1,-1,-1
59,6,6.84,765.43,75.09,226.14,0.7217,-1,-1,-1
59,8,487.96,181.93,81.71,191.43,0.4378,-1,-1,-1
59,10,789.74,148.87,61.13,178.55,0.3894,-1,-1,-1
59,18,1010.16,180.31,60.42,178.47,0.3744,-1,-1,-1
59,19,387.89,942.95,103.93,136.64,0.7142,-1,-1,-1
60,1,401.89,345.64,82.66,231.99,0.7925,-1,-1,-1
60,2,102.32,545.20,75.65,250.27,0.7259,-1,-1,-1
60,3,1199.55,974.90,85.30,105.13,0.6700,-1,-1,-1
60,4,1722.27,457.91,73.30,208.30,0.6275,-1,-1,-1
60,5,1356.86,568.94,81.34,214.80,0.6262,-1,-1,-1
60,6,8.53,761.34,72.16,225.20,0.7345,-1,-1,-1
60,8,488.28,183.05,80.94,191.20,0.4531,-1,-1,-1
60,10,789.55,148.60,61.62,183.11,0.4231,-1,-1,-1
60,18,1007.58,181.42,62.24,178.04,0.3406,-1,-1,-1
60,19,387.90,940.60,105.10,138.70,0.7101,-1,-1,-1
61,1,401.91,344.44,82.45,231.37,0.7977,-1,-1,-1
61,2,102.75,545.98,74.57,248.54,0.7279,-1,-1,-1
61,3,1197.51,972.79,86.20,107.22,0.6306,-1,-1,-1
61,4,1722.58,457.75,72.46,207.81,0.6112,-1,-1,-1
61,5,1357.16,569.18,81.00,214.26,0.6299,-1,-1,-1
61,6,9.57,758.35,70.09,225.26,0.7307,-1,-1,-1
61,8,491.58,188.06,75.21,187.95,0.4803,-1,-1,-1
61,10,788.94,148.44,62.66,186.64,0.3661,-1,-1,-1
61,18,1007.02,182.16,61.91,176.92,0.3029,-1,-1,-1
61,19,387.38,938.78,107.04,140.64,0.6141,-1,-1,-1
62,1,402.20,343.17,81.88,231.12,0.7907,-1,-1,-1
62,2,102.91,546.56,74.27,247.84,0.7287,-1,-1,-1
62,3,1196.37,972.36,86.64,107.70,0.6220,-1,-1,-1
62,4,1722.57,456.88,73.00,208.86,0.6000,-1,-1,-1
62,5,1357.53,569.24,80.62,214.59,0.6174,-1,-1,-1
62,6,10.69,756.22,69.26,225.38,0.7302,-1,-1,-1
62,8,492.36,189.77,73.68,188.73,0.4967,-1,-1,-1
62,10,789.81,148.25,61.51,186.86,0.3199,-1,-1,-1
62,18,1007.59,183.93,61.01,175.33,0.3032,-1,-1,-1
62,19,386.28,936.69,108.21,142.21,0.5694,-1,-1,-1
63,1,402.24,341.39,82.04,231.87,0.7965,-1,-1,-1
63,2,103.11,546.70,73.93,247.53,0.7298,-1,-1,-1
63,3,1194.85,971.84,87.47,108.18,0.6573,-1,-1,-1
63,4,1721.89,458.08,73.82,207.83,0.5906,-1,-1,-1
63,5,1357.15,569.02,80.94,213.82,0.6020,-1,-1,-1
63,6,10.66,754.85,70.67,228.07,0.7189,-1,-1,-1
63,8,491.46,189.00,74.39,193.89,0.5326,-1,-1,-1
63,10,790.01,148.17,60.51,186.83,0.2991,-1,-1,-1
63,18,1006.02,185.13,61.34,172.48,0.2522,-1,-1,-1
63,19,386.04,934.62,107.62,144.29,0.6604,-1,-1,-1
64,1,402.41,339.06,82.22,232.12,0.7907,-1,-1,-1
64,2,102.67,546.54,74.44,248.32,0.7195,-1,-1,-1
64,3,1193.45,972.64,87.32,107.33,0.6856,-1,-1,-1
64,4,1721.88,456.86,73.84,209.10,0.6059,-1,-1,-1
64,5,1356.40,569.25,81.44,215.32,0.5977,-1,-1,-1
64,6,11.07,753.33,70.83,229.05,0.7204,-1,-1,-1
64,8,492.65,191.18,72.99,194.08,0.4907,-1,-1,-1
64,10,790.49,148.34,59.25,184.71,0.2948,-1,-1,-1
64,18,1004.30,186.44,61.94,171.20,0.3625,-1,-1,-1
64,19,385.39,931.20,108.77,148.01,0.6716,-1,-1,-1
65,1,402.24,337.24,82.54,232.22,0.7933,-1,-1,-1
65,2,102.71,547.08,74.49,247.31,0.7280,-1,-1,-1
65,3,1192.52,973.02,86.08,107.00,0.6846,-1,-1,-1
65,4,1720.96,458.81,74.84,207.31,0.6133,-1,-1,-1
65,5,1356.15,569.23,82.46,214.54,0.6283,-1,-1,-1
65,6,10.92,752.30,71.02,231.71,0.7136,-1,-1,-1
65,8,493.53,191.98,72.28,194.76,0.5081,-1,-1,-1
65,10,791.96,148.72,56.50,175.89,0.2352,-1,-1,-1
65,18,1003.45,187.33,62.35,171.36,0.3134,-1,-1,-1
65,19,385.31,925.27,108.43,154.40,0.5634,-1,-1,-1
66,1,402.36,335.21,82.95,232.09,0.7929,-1,-1,-1
66,2,102.77,546.55,75.23,247.75,0.7208,-1,-1,-1
66,3,1190.68,971.94,85.44,108.03,0.7063,-1,-1,-1
66,4,1720.11,459.16,75.57,207.63,0.6260,-1,-1,-1
66,5,1355.88,568.70,83.15,215.83,0.6046,-1,-1,-1
66,6,10.83,750.90,71.27,233.48,0.7134,-1,-1,-1
66,8,495.41,191.37,69.87,195.83,0.5281,-1,-1,-1
66,10,790.46,149.57,60.46,157.23,0.1656,-1,-1,-1
66,18,1003.60,187.96,61.01,173.78,0.3622,-1,-1,-1
66,19,386.47,919.00,106.01,160.84,0.5605,-1,-1,-1
67,1,402.30,333.90,84.06,230.02,0.7944,-1,-1,-1
67,2,102.78,546.70,75.60,247.57,0.7250,-1,-1,-1
67,3,1189.06,971.67,86.23,108.31,0.6942,-1,-1,-1
67,4,1720.40,459.10,75.15,207.00,0.5965,-1,-1,-1
67,5,1356.55,569.00,82.09,214.67,0.5982,-1,-1,-1
67,6,10.38,749.00,71.62,236.14,0.7028,-1,-1,-1
67,8,495.43,191.26,69.76,198.76,0.5657,-1,-1,-1
67,18,1002.60,187.98,60.01,174.84,0.4069,-1,-1,-1
67,19,385.92,914.37,105.84,164.48,0.6553,-1,-1,-1
68,1,402.86,333.22,84.16,227.78,0.7902,-1,-1,-1
68,2,102.68,546.63,75.83,247.75,0.7294,-1,-1,-1
68,3,1186.21,970.23,86.32,109.75,0.6957,-1,-1,-1
68,4,1721.12,459.38,74.50,206.95,0.6081,-1,-1,-1
68,5,1356.52,568.34,82.26,215.77,0.5953,-1,-1,-1
68,6,10.28,746.73,71.93,239.72,0.7077,-1,-1,-1
68,8,495.43,192.35,69.10,197.82,0.5750,-1,-1,-1
68,18,1001.28,188.32,60.89,176.17,0.4874,-1,-1,-1
68,19,385.26,911.72,106.34,166.49,0.7051,-1,-1,-1
69,1,402.76,332.20,85.10,226.28,0.7834,-1,-1,-1
69,2,102.73,546.66,75.44,248.09,0.7309,-1,-1,-1
69,3,1184.25,969.67,86.27,110.30,0.6797,-1,-1,-1
69,4,1722.06,457.72,74.64,210.86,0.5947,-1,-1,-1
69,5,1356.67,568.54,82.00,216.85,0.5962,-1,-1,-1
69,6,10.40,744.82,72.02,241.43,0.7102,-1,-1,-1
69,8,493.41,193.37,72.83,196.35,0.5869,-1,-1,-1
69,18,1000.58,188.25,61.68,176.91,0.5338,-1,-1,-1
69,19,384.78,909.92,106.83,168.63,0.6853,-1,-1,-1
70,1,402.81,331.29,85.79,224.56,0.7903,-1,-1,-1
70,2,103.04,546.41,74.94,248.33,0.7319,-1,-1,-1
70,3,1182.64,969.15,86.02,110.82,0.6649,-1,-1,-1
70,4,1722.68,456.10,74.43,212.04,0.6157,-1,-1,-1
70,5,1356.39,568.41,82.81,217.49,0.6087,-1,-1,-1
70,6,10.83,743.15,71.88,239.06,0.7152,-1,-1,-1
70,8,491.46,195.07,76.26,194.45,0.5919,-1,-1,-1
70,18,1000.17,188.11,61.50,177.74,0.5581,-1,-1,-1
70,19,384.30,907.21,107.21,171.99,0.6793,-1,-1,-1
71,1,403.09,329.96,85.64,223.81,0.7909,-1,-1,-1
71,2,102.51,545.49,75.68,249.82,0.7292,-1,-1,-1
71,3,1181.36,968.33,86.10,111.65,0.6676,-1,-1,-1
71,4,1722.50,456.42,74.69,211.42,0.6225,-1,-1,-1
71,5,1356.81,568.67,82.36,218.40,0.5627,-1,-1,-1
71,6,11.40,741.45,72.14,233.61,0.7212,-1,-1,-1
71,8,491.93,194.03,77.30,195.59,0.6135,-1,-1,-1
71,18,998.84,188.33,60.60,178.09,0.5614,-1,-1,-1
71,19,381.76,904.85,109.89,174.84,0.7093,-1,-1,-1
71,11,786.60,150.89,76.60,219.27,0.3588,-1,-1,-1
72,1,403.36,328.51,85.68,224.90,0.7885,-1,-1,-1
72,2,102.26,544.83,75.93,250.50,0.7259,-1,-1,-1
72,3,1180.15,966.45,85.61,113.56,0.5933,-1,-1,-1
72,4,1722.47,456.86,74.53,210.72,0.6192,-1,-1,-1
72,5,1357.09,569.02,82.26,218.29,0.6062,-1,-1,-1
72,6,11.03,738.32,73.16,230.03,0.7274,-1,-1,-1
72,8,488.86,193.81,81.94,196.17,0.5970,-1,-1,-1
72,18,998.17,188.66,59.03,178.74,0.5725,-1,-1,-1
72,19,380.41,903.18,110.93,176.75,0.7213,-1,-1,-1
72,11,780.55,147.87,82.26,222.15,0.3792,-1,-1,-1
72,15,843.83,169.44,52.90,176.19,0.3494,-1,-1,-1
73,1,404.20,327.63,85.18,226.34,0.7872,-1,-1,-1
73,2,102.00,545.04,76.20,250.23,0.7321,-1,-1,-1
73,3,1179.17,965.31,86.06,114.68,0.6094,-1,-1,-1
73,4,1722.72,456.28,74.57,212.54,0.6133,-1,-1,-1
73,5,1356.95,569.34,82.81,216.72,0.6160,-1,-1,-1
73,6,10.86,734.95,73.96,229.32,0.7478,-1,-1,-1
73,8,486.25,193.51,86.08,196.68,0.5927,-1,-1,-1
73,18,997.02,189.49,57.79,178.91,0.5500,-1,-1,-1
73,19,379.04,902.04,112.11,177.95,0.7151,-1,-1,-1
73,11,775.77,148.22,86.52,220.90,0.3039,-1,-1,-1
73,15,844.54,170.39,52.11,177.51,0.3473,-1,-1,-1
74,1,405.03,327.34,84.46,226.26,0.7842,-1,-1,-1
74,2,102.20,545.40,75.64,249.21,0.7220,-1,-1,-1
74,3,1178.09,964.89,86.99,115.11,0.6237,-1,-1,-1
74,4,1722.20,458.93,74.34,208.64,0.5958,-1,-1,-1
74,5,1356.63,569.55,82.89,215.52,0.6195,-1,-1,-1
74,6,10.88,732.38,74.61,226.50,0.7514,-1,-1,-1
74,8,485.05,194.73,88.21,195.46,0.5599,-1,-1,-1
74,18,997.46,190.09,55.54,180.56,0.5586,-1,-1,-1
74,19,378.72,900.32,112.16,179.71,0.6885,-1,-1,-1
74,11,771.66,147.56,91.01,222.30,0.2793,-1,-1,-1
74,15,844.48,171.26,53.03,179.13,0.3055,-1,-1,-1
75,1,405.21,326.72,84.38,226.67,0.7785,-1,-1,-1
75,2,101.92,545.18,75.51,249.47,0.7284,-1,-1,-1
75,3,1176.95,964.45,88.11,115.57,0.6363,-1,-1,-1
75,4,1722.19,457.67,74.40,211.07,0.6187,-1,-1,-1
75,5,1356.76,569.93,82.58,212.95,0.6548,-1,-1,-1
75,6,10.71,730.88,74.76,226.99,0.7486,-1,-1,-1
75,8,483.40,196.23,89.44,194.19,0.5708,-1,-1,-1
75,18,995.22,189.57,56.90,183.08,0.6141,-1,-1,-1
75,19,379.03,898.16,111.49,181.89,0.6778,-1,-1,-1
75,15,843.24,171.96,54.43,183.82,0.3013,-1,-1,-1
76,1,406.36,326.28,83.45,227.27,0.7724,-1,-1,-1
76,2,102.00,544.41,75.04,250.21,0.7220,-1,-1,-1
76,3,1176.45,963.86,88.58,116.12,0.6886,-1,-1,-1
76,4,1721.48,459.07,74.54,207.90,0.6303,-1,-1,-1
76,5,1356.34,570.39,83.01,212.54,0.6477,-1,-1,-1
76,6,10.85,729.11,74.45,229.54,0.7470,-1,-1,-1
76,8,485.14,199.23,87.97,191.99,0.5540,-1,-1,-1
76,18,994.17,189.40,57.26,182.49,0.5748,-1,-1,-1
76,19,380.21,895.29,109.48,184.69,0.6904,-1,-1,-1
76,15,842.13,172.62,54.66,184.92,0.2411,-1,-1,-1
77,1,406.97,325.20,83.39,228.78,0.7668,-1,-1,-1
77,2,102.12,544.22,74.22,250.34,0.7224,-1,-1,-1
77,3,1176.24,963.65,88.46,116.31,0.6972,-1,-1,-1
77,4,1721.23,458.92,74.64,206.70,0.6226,-1,-1,-1
77,5,1355.95,570.00,84.28,214.17,0.6321,-1,-1,-1
77,6,11.01,727.63,74.29,230.59,0.7515,-1,-1,-1
77,8,491.01,201.25,81.44,189.48,0.5687,-1,-1,-1
77,18,993.33,190.07,57.87,181.22,0.5922,-1,-1,-1
77,19,381.79,893.02,107.28,186.93,0.7466,-1,-1,-1
77,15,842.10,173.67,54.82,184.33,0.2409,-1,-1,-1
78,1,407.00,324.62,83.44,229.27,0.7694,-1,-1,-1
78,2,101.89,544.21,73.86,250.08,0.7233,-1,-1,-1
78,3,1175.99,963.07,88.49,116.92,0.7207,-1,-1,-1
78,4,1720.96,459.61,75.13,205.89,0.6372,-1,-1,-1
78,5,1355.56,571.07,85.02,214.34,0.6380,-1,-1,-1
78,6,10.88,726.52,75.46,232.87,0.7458,-1,-1,-1
78,8,490.79,204.35,79.42,187.10,0.6007,-1,-1,-1
78,18,993.70,189.37,56.84,181.31,0.5644,-1,-1,-1
78,19,382.52,890.74,105.69,189.28,0.7540,-1,-1,-1
79,1,407.89,324.28,82.61,230.11,0.7798,-1,-1,-1
79,2,102.03,544.92,73.49,248.89,0.7258,-1,-1,-1
79,3,1175.87,962.91,88.28,117.05,0.7240,-1,-1,-1
79,4,1720.87,458.92,74.91,206.44,0.6468,-1,-1,-1
79,5,1355.29,572.09,85.25,213.69,0.6071,-1,-1,-1
79,6,11.60,725.97,75.79,232.96,0.7472,-1,-1,-1
79,8,489.97,203.40,80.56,190.74,0.5841,-1,-1,-1
79,18,992.43,190.30,57.71,179.37,0.5754,-1,-1,-1
79,19,384.81,887.49,102.95,192.49,0.7680,-1,-1,-1
80,1,409.26,324.02,81.33,229.68,0.7780,-1,-1,-1
80,2,102.20,545.32,73.07,248.42,0.7273,-1,-1,-1
80,3,1175.24,962.35,88.38,117.60,0.7371,-1,-1,-1
80,4,1720.98,459.67,75.04,206.08,0.6344,-1,-1,-1
80,5,1355.99,572.20,85.70,215.93,0.5754,-1,-1,-1
80,6,12.36,724.95,76.59,233.73,0.7277,-1,-1,-1
80,8,491.05,203.71,79.89,193.27,0.5726,-1,-1,-1
80,18,991.10,190.48,58.21,182.80,0.6078,-1,-1,-1
80,19,386.43,882.94,101.01,197.00,0.7885,-1,-1,-1
81,1,410.00,323.65,80.59,228.15,0.7615,-1,-1,-1
81,2,102.54,545.03,72.35,248.48,0.7278,-1,-1,-1
81,3,1175.97,961.91,87.10,118.12,0.7442,-1,-1,-1
81,4,1721.35,459.43,74.90,206.29,0.6201,-1,-1,-1
81,5,1355.71,571.97,85.99,217.19,0.5507,-1,-1,-1
81,6,12.96,724.42,75.86,233.74,0.7207,-1,-1,-1
81,8,491.80,204.38,79.05,195.66,0.5467,-1,-1,-1
81,18,989.98,191.19,58.29,182.88,0.6100,-1,-1,-1
81,19,387.58,879.42,99.92,200.62,0.7855,-1,-1,-1
82,1,411.89,323.38,79.86,226.94,0.7528,-1,-1,-1
82,2,102.44,545.65,72.19,247.26,0.7279,-1,-1,-1
82,3,1175.91,961.39,86.01,118.62,0.7317,-1,-1,-1
82,4,1721.41,459.43,74.63,206.52,0.6201,-1,-1,-1
82,5,1355.78,572.02,85.92,217.53,0.5451,-1,-1,-1
82,6,13.50,722.14,76.89,235.72,0.7266,-1,-1,-1
82,8,493.84,206.66,77.30,195.11,0.5545,-1,-1,-1
82,18,988.81,191.18,57.81,183.24,0.6095,-1,-1,-1
82,19,387.24,875.83,100.97,204.19,0.7833,-1,-1,-1
83,1,412.22,322.06,80.83,226.36,0.7641,-1,-1,-1
83,2,102.09,545.71,72.26,247.34,0.7278,-1,-1,-1
83,3,1175.46,961.50,85.06,118.46,0.7057,-1,-1,-1
83,4,1721.89,459.66,73.94,205.30,0.6159,-1,-1,-1
83,5,1356.05,571.53,85.85,218.64,0.5500,-1,-1,-1
83,6,14.71,720.39,76.15,237.26,0.7177,-1,-1,-1
83,8,494.32,207.29,78.16,195.04,0.5793,-1,-1,-1
83,18,987.36,191.56,57.68,182.76,0.5994,-1,-1,-1
83,19,387.99,873.17,101.20,206.76,0.7796,-1,-1,-1
84,1,413.42,320.41,80.13,226.02,0.7627,-1,-1,-1
84,2,102.19,545.85,72.33,247.36,0.7183,-1,-1,-1
84,3,1174.85,961.33,84.62,118.62,0.7224,-1,-1,-1
84,4,1721.70,459.57,74.32,205.68,0.5940,-1,-1,-1
84,5,1356.24,571.93,85.53,217.24,0.5437,-1,-1,-1
84,6,14.67,718.63,75.72,239.13,0.7199,-1,-1,-1
84,8,495.62,208.33,77.44,196.22,0.5983,-1,-1,-1
84,18,986.11,191.87,57.50,182.46,0.6085,-1,-1,-1
84,19,388.34,870.81,101.94,209.13,0.7700,-1,-1,-1
84,10,793.99,149.05,55.44,170.72,0.3684,-1,-1,-1
85,1,413.73,318.81,81.23,224.87,0.7575,-1,-1,-1
85,2,101.95,545.25,72.80,248.64,0.7187,-1,-1,-1
85,3,1174.53,961.31,84.06,118.65,0.7154,-1,-1,-1
85,4,1721.26,460.27,74.88,205.66,0.5994,-1,-1,-1
85,5,1356.54,572.61,85.98,220.55,0.4904,-1,-1,-1
85,6,15.92,717.55,76.35,240.12,0.7212,-1,-1,-1
85,8,496.10,209.31,77.38,195.41,0.5914,-1,-1,-1
85,18,983.73,191.01,58.90,184.38,0.5486,-1,-1,-1
85,19,388.81,868.83,102.38,211.14,0.7789,-1,-1,-1
85,10,793.59,149.21,55.01,171.10,0.3151,-1,-1,-1
86,1,414.49,317.57,81.41,222.37,0.7630,-1,-1,-1
86,2,102.01,545.86,73.15,247.70,0.7209,-1,-1,-1
86,3,1173.04,961.07,84.92,118.91,0.7081,-1,-1,-1
86,4,1721.75,458.30,75.03,208.56,0.6081,-1,-1,-1
86,5,1357.16,573.61,85.30,215.86,0.5336,-1,-1,-1
86,6,17.17,716.05,75.99,236.83,0.7461,-1,-1,-1
86,8,496.30,209.39,78.06,197.21,0.6102,-1,-1,-1
86,18,981.24,191.36,60.13,184.93,0.4825,-1,-1,-1
86,19,389.42,866.41,102.60,213.60,0.7884,-1,-1,-1
86,10,793.19,149.30,55.80,172.55,0.3062,-1,-1,-1
87,1,414.41,316.65,83.20,220.80,0.7753,-1,-1,-1
87,2,102.03,545.72,73.43,247.32,0.7339,-1,-1,-1
87,3,1173.06,960.66,83.81,119.31,0.7056,-1,-1,-1
87,4,1721.37,459.68,74.66,207.17,0.6337,-1,-1,-1
87,5,1357.11,573.73,84.50,215.37,0.5166,-1,-1,-1
87,6,18.69,713.96,74.73,228.92,0.7605,-1,-1,-1
87,8,496.10,210.04,79.62,196.27,0.6204,-1,-1,-1
87,18,979.15,191.80,61.61,182.23,0.4578,-1,-1,-1
87,19,389.82,864.37,103.41,215.60,0.7884,-1,-1,-1
87,10,792.39,149.13,56.74,173.59,0.3228,-1,-1,-1
87,11,746.74,185.94,52.95,179.03,0.4062,-1,-1,-1
87,15,835.23,179.62,61.16,189.08,0.3396,-1,-1,-1
88,1,414.20,315.48,84.47,220.10,0.7855,-1,-1,-1
88,2,102.03,546.10,73.52,246.57,0.7177,-1,-1,-1
88,3,1171.41,960.24,84.02,119.71,0.7422,-1,-1,-1
88,4,1720.90,460.04,74.82,206.56,0.6468,-1,-1,-1
88,5,1357.25,573.12,84.26,215.86,0.5495,-1,-1,-1
88,6,18.68,710.80,74.95,226.76,0.7287,-1,-1,-1
88,8,496.97,209.83,80.85,197.49,0.6166,-1,-1,-1
88,18,976.98,191.31,63.01,185.46,0.4209,-1,-1,-1
88,19,390.24,862.06,104.87,217.89,0.8054,-1,-1,-1
88,10,792.07,150.00,56.69,171.53,0.3240,-1,-1,-1
88,11,742.86,187.40,55.13,176.76,0.3602,-1,-1,-1
88,15,834.88,179.72,61.96,189.04,0.2770,-1,-1,-1
89,1,414.24,314.00,84.70,219.91,0.7766,-1,-1,-1
89,2,101.97,546.27,73.54,245.81,0.7233,-1,-1,-1
89,3,1171.09,959.80,82.18,120.11,0.7522,-1,-1,-1
89,4,1720.33,459.33,74.92,207.19,0.6361,-1,-1,-1
89,5,1357.19,573.62,84.44,217.38,0.5392,-1,-1,-1
89,6,18.32,706.54,76.27,227.22,0.7358,-1,-1,-1
89,8,497.45,208.87,82.47,199.01,0.6147,-1,-1,-1
89,18,975.56,192.91,63.80,185.18,0.4931,-1,-1,-1
89,19,391.30,860.92,104.18,219.04,0.8131,-1,-1,-1
89,10,791.40,150.15,55.97,172.77,0.2970,-1,-1,-1
89,11,738.14,189.07,58.64,175.45,0.2844,-1,-1,-1
89,15,834.23,174.70,58.15,190.24,0.2415,-1,-1,-1
90,1,414.84,312.60,84.47,220.13,0.7463,-1,-1,-1
90,2,101.74,546.59,73.73,245.32,0.7134,-1,-1,-1
90,3,1170.55,958.84,81.21,121.15,0.7640,-1,-1,-1
90,4,1720.37,459.40,74.59,206.85,0.6227,-1,-1,-1
90,5,1356.96,573.31,83.43,216.75,0.5371,-1,-1,-1
90,6,19.84,704.12,74.98,227.52,0.7339,-1,-1,-1
90,8,498.63,207.99,83.72,199.08,0.5991,-1,-1,-1
90,18,974.18,194.73,64.71,184.89,0.4124,-1,-1,-1
90,19,392.29,859.65,103.25,220.37,0.8173,-1,-1,-1
90,10,791.03,150.38,56.10,174.77,0.2614,-1,-1,-1
90,11,731.69,190.48,65.94,173.59,0.2119,-1,-1,-1
90,15,833.14,174.18,55.75,189.46,0.2754,-1,-1,-1
91,1,416.00,311.19,82.98,222.01,0.7441,-1,-1,-1
91,2,102.00,546.88,73.65,244.81,0.7042,-1,-1,-1
91,3,1169.52,957.64,80.81,122.35,0.7737,-1,-1,-1
91,4,1720.20,460.01,74.62,206.66,0.6289,-1,-1,-1
91,5,1356.84,572.41,83.69,219.07,0.5257,-1,-1,-1
91,6,21.01,701.19,74.21,226.93,0.7229,-1,-1,-1
91,8,500.98,208.51,80.60,199.27,0.5637,-1,-1,-1
91,18,973.63,193.94,63.74,184.26,0.3692,-1,-1,-1
91,19,392.24,857.65,103.94,222.37,0.8023,-1,-1,-1
91,10,791.29,149.80,55.64,185.55,0.2685,-1,-1,-1
91,11,732.69,191.68,62.05,172.74,0.1596,-1,-1,-1
91,15,832.47,173.94,56.59,190.03,0.2232,-1,-1,-1
92,1,416.67,310.65,82.68,223.24,0.7394,-1,-1,-1
92,2,102.14,546.80,73.47,244.90,0.7011,-1,-1,-1
92,3,1169.02,956.99,79.46,123.01,0.7608,-1,-1,-1
92,4,1720.57,460.02,74.53,206.78,0.6310,-1,-1,-1
92,5,1357.15,572.37,83.13,216.97,0.5328,-1,-1,-1
92,6,22.16,697.44,72.79,228.62,0.7176,-1,-1,-1
92,8,500.65,211.28,79.95,196.62,0.5911,-1,-1,-1
92,18,972.37,195.38,63.38,183.38,0.3984,-1,-1,-1
92,19,392.75,854.61,103.02,225.41,0.7953,-1,-1,-1
92,10,791.88,148.19,54.52,192.84,0.2663,-1,-1,-1
92,11,730.83,192.13,58.47,173.10,0.1617,-1,-1,-1
92,15,831.10,175.94,57.39,188.67,0.1696,-1,-1,-1
93,1,417.17,309.72,82.51,224.41,0.7306,-1,-1,-1
93,2,102.19,547.00,73.08,244.73,0.6920,-1,-1,-1
93,3,1168.20,956.63,78.54,123.38,0.7792,-1,-1,-1
93,4,1720.65,460.03,74.66,206.50,0.6208,-1,-1,-1
93,5,1357.00,572.06,82.84,216.64,0.5182,-1,-1,-1
93,6,23.33,697.25,71.62,226.32,0.7093,-1,-1,-1
93,8,501.48,210.00,79.25,198.05,0.5532,-1,-1,-1
93,18,972.33,195.46,62.51,185.61,0.3527,-1,-1,-1
93,19,393.62,851.37,102.82,228.65,0.8024,-1,-1,-1
93,10,792.12,147.87,53.74,193.74,0.2299,-1,-1,-1
93,11,730.29,192.24,54.19,172.94,0.1723,-1,-1,-1
94,1,417.24,309.10,82.48,224.83,0.7310,-1,-1,-1
94,2,102.11,547.25,73.47,244.57,0.6883,-1,-1,-1
94,3,1167.40,955.74,77.18,124.30,0.7913,-1,-1,-1
94,4,1721.29,460.12,74.49,206.88,0.6233,-1,-1,-1
94,5,1356.94,572.30,83.30,217.09,0.4741,-1,-1,-1
94,6,23.69,696.75,70.99,225.06,0.7143,-1,-1,-1
94,8,501.51,210.93,78.16,198.87,0.5256,-1,-1,-1
94,18,971.65,196.78,62.20,186.04,0.3334,-1,-1,-1
94,19,394.22,849.08,102.73,231.03,0.7916,-1,-1,-1
94,10,791.47,148.38,54.27,192.31,0.2225,-1,-1,-1
95,1,416.85,308.01,82.75,226.25,0.7427,-1,-1,-1
95,2,101.98,547.21,73.67,244.33,0.6853,-1,-1,-1
95,3,1165.90,954.15,77.31,125.85,0.7874,-1,-1,-1
95,4,1721.59,460.06,73.69,206.92,0.6117,-1,-1,-1
95,5,1356.85,573.28,83.34,216.49,0.4456,-1,-1,-1
95,6,25.12,695.85,69.51,225.73,0.7151,-1,-1,-1
95,8,503.04,212.71,76.74,199.23,0.4969,-1,-1,-1
95,18,970.83,197.33,61.86,187.85,0.3203,-1,-1,-1
95,19,395.08,844.67,101.55,235.37,0.7974,-1,-1,-1
95,10,790.04,149.48,56.71,199.75,0.1732,-1,-1,-1
96,1,417.57,307.22,83.60,226.87,0.7600,-1,-1,-1
96,2,101.83,547.06,73.63,243.97,0.6778,-1,-1,-1
96,3,1164.94,953.28,76.18,126.72,0.7955,-1,-1,-1
96,4,1721.57,459.35,73.66,207.03,0.6219,-1,-1,-1
96,5,1356.85,573.37,84.23,219.89,0.4978,-1,-1,-1
96,6,26.04,694.06,68.57,228.13,0.7193,-1,-1,-1
96,8,506.45,212.28,77.91,202.78,0.5504,-1,-1,-1
96,18,968.87,199.11,61.39,189.60,0.4080,-1,-1,-1
96,19,395.37,841.63,100.83,238.41,0.8076,-1,-1,-1
96,10,790.24,150.39,57.07,207.04,0.1545,-1,-1,-1
97,1,417.64,306.64,83.41,227.32,0.7582,-1,-1,-1
97,2,101.88,547.09,73.52,244.58,0.6833,-1,-1,-1
97,3,1163.58,951.88,75.14,128.14,0.7830,-1,-1,-1
97,4,1721.75,459.40,73.94,207.56,0.6386,-1,-1,-1
97,5,1356.64,572.75,83.95,221.07,0.5215,-1,-1,-1
97,6,25.84,692.96,68.80,228.54,0.7185,-1,-1,-1
97,8,509.08,213.30,75.81,204.11,0.5288,-1,-1,-1
97,18,966.81,199.50,61.25,190.69,0.3787,-1,-1,-1
97,19,395.60,840.55,99.00,239.52,0.8020,-1,-1,-1
98,1,418.20,305.31,82.93,228.70,0.7627,-1,-1,-1
98,2,101.74,546.90,73.51,244.66,0.6731,-1,-1,-1
98,3,1161.53,949.88,75.68,130.13,0.7766,-1,-1,-1
98,4,1721.92,456.83,73.92,210.41,0.6372,-1,-1,-1
98,5,1357.00,573.06,82.46,219.13,0.5183,-1,-1,-1
98,6,26.02,692.30,68.81,229.04,0.7197,-1,-1,-1
98,8,510.80,214.19,73.93,204.65,0.5613,-1,-1,-1
98,18,964.82,199.85,61.87,190.56,0.4792,-1,-1,-1
98,19,395.40,838.73,97.61,241.31,0.8025,-1,-1,-1
99,1,418.61,304.86,83.21,228.86,0.7623,-1,-1,-1
99,2,101.68,546.60,73.54,245.01,0.6740,-1,-1,-1
99,3,1159.89,947.25,76.26,132.76,0.7661,-1,-1,-1
99,4,1722.12,458.49,73.66,208.98,0.6248,-1,-1,-1
99,5,1357.06,573.46,82.03,215.02,0.5439,-1,-1,-1
99,6,26.59,691.64,68.90,228.99,0.7220,-1,-1,-1
99,8,512.51,214.62,71.62,204.73,0.5247,-1,-1,-1
99,18,962.95,200.44,61.71,190.12,0.4278,-1,-1,-1
99,19,395.07,834.76,97.08,245.27,0.8040,-1,-1,-1
100,1,419.53,303.47,83.07,229.32,0.7518,-1,-1,-1
100,2,101.85,545.61,73.17,247.43,0.6635,-1,-1,-1
100,3,1158.86,946.17,75.13,133.86,0.7549,-1,-1,-1
100,4,1721.97,459.16,73.70,208.29,0.6092,-1,-1,-1
100,5,1356.93,574.00,82.15,214.48,0.5219,-1,-1,-1
100,6,26.82,690.10,69.77,229.66,0.7321,-1,-1,-1
100,8,512.08,214.24,70.68,206.50,0.4418,-1,-1,-1
100,18,961.50,201.43,60.89,188.94,0.4511,-1,-1,-1
100,19,394.18,831.98,96.96,248.05,0.7951,-1,-1,-1
101,1,419.92,302.34,83.38,229.57,0.7660,-1,-1,-1
101,2,102.01,545.21,73.16,248.28,0.6691,-1,-1,-1
101,3,1157.34,945.38,74.68,134.16,0.7602,-1,-1,-1
101,4,1721.80,459.54,74.02,208.03,0.6193,-1,-1,-1
101,5,1356.87,574.38,82.31,214.50,0.5131,-1,-1,-1
101,6,28.00,688.03,69.65,227.33,0.7360,-1,-1,-1
101,8,512.22,216.24,71.21,207.39,0.5113,-1,-1,-1
101,18,960.20,202.06,60.40,185.28,0.4394,-1,-1,-1
101,19,392.57,830.05,97.50,249.97,0.7904,-1,-1,-1
101,21,1167.55,162.91,85.00,160.60,0.3462,-1,-1,-1
102,1,420.62,300.37,82.80,229.81,0.7644,-1,-1,-1
102,2,102.27,544.76,73.23,248.66,0.6745,-1,-1,-1
102,3,1156.16,944.14,73.37,134.80,0.7409,-1,-1,-1
102,4,1721.93,459.95,73.57,207.37,0.6224,-1,-1,-1
102,5,1356.88,574.37,82.47,216.41,0.5021,-1,-1,-1
102,6,28.34,685.48,69.92,224.79,0.7533,-1,-1,-1
102,8,512.53,217.23,71.74,207.60,0.5148,-1,-1,-1
102,18,957.78,203.22,60.60,183.98,0.4930,-1,-1,-1
102,19,390.99,827.23,98.60,252.75,0.7981,-1,-1,-1
102,21,1167.89,157.48,79.30,166.49,0.2630,-1,-1,-1
103,1,420.61,299.18,82.70,228.54,0.7478,-1,-1,-1
103,2,102.34,544.73,73.12,249.16,0.6718,-1,-1,-1
103,3,1154.69,941.74,72.36,136.98,0.7410,-1,-1,-1
103,4,1721.35,459.93,74.19,206.80,0.6110,-1,-1,-1
103,5,1357.21,574.03,82.79,217.78,0.4881,-1,-1,-1
103,6,30.23,684.20,69.23,220.93,0.7641,-1,-1,-1
103,8,511.87,217.01,73.37,209.64,0.5130,-1,-1,-1
103,18,954.88,201.55,60.95,184.74,0.4965,-1,-1,-1
103,19,389.17,825.40,100.21,254.64,0.7944,-1,-1,-1
103,21,1168.26,154.86,73.47,168.50,0.2512,-1,-1,-1
104,1,421.11,298.90,81.75,225.66,0.7410,-1,-1,-1
104,2,102.62,544.13,72.99,249.98,0.6567,-1,-1,-1
104,3,1152.48,941.28,71.21,137.41,0.7273,-1,-1,-1
104,4,1721.55,459.41,73.43,206.80,0.6162,-1,-1,-1
104,5,1357.27,574.27,83.04,218.71,0.4486,-1,-1,-1
104,6,32.10,682.16,68.43,220.02,0.7643,-1,-1,-1
104,8,512.59,216.85,75.61,209.98,0.5278,-1,-1,-1
104,18,952.86,201.65,60.90,184.83,0.4648,-1,-1,-1
104,19,387.53,822.77,101.50,257.22,0.8052,-1,-1,-1
104,21,1167.80,153.69,67.98,167.88,0.2354,-1,-1,-1
105,1,420.91,298.14,82.22,220.98,0.7366,-1,-1,-1
105,2,102.78,544.28,73.13,249.84,0.6829,-1,-1,-1
105,3,1151.05,940.47,69.82,137.77,0.7222,-1,-1,-1
105,4,1721.28,458.96,74.27,206.94,0.6148,-1,-1,-1
105,5,1357.13,574.25,84.73,224.00,0.4627,-1,-1,-1
105,6,34.65,680.91,67.98,221.26,0.7763,-1,-1,-1
105,8,514.14,220.25,74.19,206.38,0.5061,-1,-1,-1
105,18,950.84,201.24,60.67,186.55,0.4982,-1,-1,-1
105,19,386.83,821.02,101.99,258.97,0.8103,-1,-1,-1
105,21,1165.97,153.39,67.04,168.57,0.2125,-1,-1,-1
106,1,421.39,297.03,81.77,217.04,0.7385,-1,-1,-1
106,2,102.99,545.37,73.16,248.92,0.6617,-1,-1,-1
106,3,1149.85,939.70,68.87,138.82,0.7098,-1,-1,-1
106,4,1721.33,459.54,74.00,206.77,0.6220,-1,-1,-1
106,5,1357.18,574.40,83.08,220.57,0.4964,-1,-1,-1
106,6,35.83,679.68,69.96,222.16,0.7827,-1,-1,-1
106,8,514.29,220.15,73.73,205.91,0.4992,-1,-1,-1
106,18,949.11,201.44,60.00,186.36,0.5160,-1,-1,-1
106,19,385.78,819.05,102.41,260.95,0.8043,-1,-1,-1
106,21,1165.54,152.51,63.95,169.34,0.2378,-1,-1,-1
107,1,421.15,295.75,81.70,215.78,0.7489,-1,-1,-1
107,2,103.18,545.93,73.23,249.01,0.6631,-1,-1,-1
107,3,1147.83,938.35,69.86,140.29,0.7247,-1,-1,-1
107,4,1721.03,459.57,74.29,206.77,0.6308,-1,-1,-1
107,5,1356.94,574.36,84.39,222.77,0.4665,-1,-1,-1
107,6,36.34,678.79,74.46,222.23,0.7871,-1,-1,-1
107,8,514.41,222.98,72.71,202.96,0.5120,-1,-1,-1
107,18,948.74,203.74,58.88,186.52,0.5247,-1,-1,-1
107,19,385.49,817.57,101.55,262.39,0.8076,-1,-1,-1
107,21,1164.90,152.95,59.81,167.51,0.2947,-1,-1,-1
108,1,421.05,294.38,81.87,216.03,0.7383,-1,-1,-1
108,2,103.15,545.87,73.68,250.18,0.6416,-1,-1,-1
108,3,1145.88,937.73,70.49,140.58,0.7298,-1,-1,-1
108,4,1720.88,459.18,74.33,207.02,0.6401,-1,-1,-1
108,5,1356.88,574.92,85.09,221.98,0.4991,-1,-1,-1
108,6,37.18,676.96,78.98,224.09,0.8082,-1,-1,-1
108,8,515.41,223.84,69.21,202.32,0.4524,-1,-1,-1
108,18,946.44,205.11,59.92,188.63,0.5481,-1,-1,-1
108,19,385.57,815.95,100.81,263.96,0.8065,-1,-1,-1
108,21,1163.10,152.68,56.74,169.10,0.3970,-1,-1,-1
109,1,420.06,293.78,83.23,216.04,0.7413,-1,-1,-1
109,2,103.11,545.61,73.50,251.33,0.6548,-1,-1,-1
109,3,1143.88,936.95,70.91,141.93,0.7533,-1,-1,-1
109,4,1721.54,458.82,73.31,206.51,0.6151,-1,-1,-1
109,5,1356.65,575.45,83.62,218.13,0.5245,-1,-1,-1
109,6,38.21,675.99,79.06,225.07,0.8145,-1,-1,-1
109,8,515.88,225.17,67.72,201.14,0.4467,-1,-1,-1
109,18,945.32,204.97,59.37,188.40,0.6071,-1,-1,-1
109,19,385.55,811.92,100.05,268.03,0.8131,-1,-1,-1
109,21,1161.33,152.73,55.81,168.12,0.3705,-1,-1,-1
110,1,419.63,291.79,84.26,217.83,0.7467,-1,-1,-1
110,2,103.08,545.07,73.58,253.85,0.6552,-1,-1,-1
110,3,1141.17,936.55,72.00,142.87,0.7566,-1,-1,-1
110,4,1721.47,459.24,73.56,207.47,0.6224,-1,-1,-1
110,5,1356.68,576.05,84.14,218.09,0.5024,-1,-1,-1
110,6,39.09,673.78,85.82,225.97,0.7994,-1,-1,-1
110,8,514.83,227.14,65.13,198.87,0.4354,-1,-1,-1
110,18,944.49,205.84,58.02,187.24,0.6181,-1,-1,-1
110,19,385.99,806.82,98.75,273.12,0.8169,-1,-1,-1
110,21,1158.78,150.45,56.76,172.35,0.3678,-1,-1,-1
111,1,419.88,289.40,84.76,220.83,0.7341,-1,-1,-1
111,2,102.85,544.79,73.46,255.06,0.6583,-1,-1,-1
111,3,1138.70,935.86,72.77,143.92,0.7606,-1,-1,-1
111,4,1721.79,457.11,73.49,209.67,0.5936,-1,-1,-1
111,5,1356.78,575.95,82.46,214.46,0.5081,-1,-1,-1
111,6,40.92,671.68,89.42,226.16,0.7702,-1,-1,-1
111,8,516.02,227.77,70.68,199.07,0.5173,-1,-1,-1
111,18,942.76,206.81,58.78,187.11,0.6484,-1,-1,-1
111,19,387.15,802.29,97.67,277.66,0.8207,-1,-1,-1
111,21,1155.17,149.63,55.71,171.14,0.3393,-1,-1,-1
112,1,419.49,288.01,84.97,222.31,0.7348,-1,-1,-1
112,2,103.11,544.81,72.91,255.14,0.6414,-1,-1,-1
112,3,1137.80,934.82,72.48,145.15,0.7561,-1,-1,-1
112,4,1721.96,456.61,73.67,210.45,0.6127,-1,-1,-1
112,5,1357.19,575.38,81.53,212.45,0.5605,-1,-1,-1
112,6,43.24,670.36,90.27,226.04,0.7174,-1,-1,-1
112,8,517.24,230.51,72.73,198.21,0.5553,-1,-1,-1
112,18,940.91,208.95,59.20,185.75,0.6367,-1,-1,-1
112,19,388.19,799.79,96.47,277.50,0.8148,-1,-1,-1
112,21,1151.97,149.38,57.65,169.72,0.4271,-1,-1,-1
113,1,420.00,287.05,85.14,223.56,0.7437,-1,-1,-1
113,2,103.56,545.37,72.25,252.98,0.6696,-1,-1,-1
113,3,1135.40,934.27,73.38,145.77,0.7561,-1,-1,-1
113,4,1721.83,459.04,73.76,207.13,0.6321,-1,-1,-1
113,5,1356.86,575.43,82.93,215.24,0.5355,-1,-1,-1
113,6,45.51,669.87,83.99,225.36,0.6615,-1,-1,-1
113,8,518.01,232.92,73.22,198.12,0.5480,-1,-1,-1
113,18,940.04,210.01,58.34,185.38,0.6518,-1,-1,-1
113,19,388.37,797.46,95.94,274.42,0.8059,-1,-1,-1
113,21,1147.60,149.91,61.11,167.92,0.4302,-1,-1,-1
114,1,419.80,286.04,86.60,223.38,0.7351,-1,-1,-1
114,2,103.68,545.40,72.10,251.90,0.6596,-1,-1,-1
114,3,1133.31,933.41,73.32,146.60,0.7547,-1,-1,-1
114,4,1721.79,457.18,73.71,209.59,0.6197,-1,-1,-1
114,5,1356.92,575.35,82.29,215.18,0.5363,-1,-1,-1
114,6,47.91,668.09,82.97,225.94,0.6566,-1,-1,-1
114,8,519.31,234.90,74.01,200.17,0.5681,-1,-1,-1
114,18,937.56,209.90,58.49,185.54,0.6028,-1,-1,-1
114,19,388.90,794.27,95.72,272.52,0.8079,-1,-1,-1
114,21,1137.17,149.61,70.38,167.63,0.3072,-1,-1,-1
115,1,420.10,286.20,86.92,222.77,0.7587,-1,-1,-1
115,2,103.94,545.35,71.55,252.83,0.6313,-1,-1,-1
115,3,1129.84,933.46,74.96,146.55,0.7633,-1,-1,-1
115,4,1721.63,456.88,74.24,210.47,0.6517,-1,-1,-1
115,5,1356.99,575.06,82.66,214.30,0.5490,-1,-1,-1
115,6,52.19,666.08,82.19,226.93,0.6841,-1,-1,-1
115,8,521.09,236.40,74.73,201.02,0.6077,-1,-1,-1
115,18,936.88,210.57,57.49,184.32,0.6124,-1,-1,-1
115,19,389.21,790.92,97.18,271.09,0.8049,-1,-1,-1
115,21,1125.69,148.62,79.58,169.34,0.2876,-1,-1,-1
116,1,419.71,285.49,87.21,223.42,0.7554,-1,-1,-1
116,2,103.63,546.09,70.99,249.10,0.5932,-1,-1,-1
116,3,1127.06,933.79,75.17,146.18,0.7660,-1,-1,-1
116,4,1721.65,459.37,73.94,207.77,0.6297,-1,-1,-1
116,5,1356.62,574.99,83.51,216.86,0.5442,-1,-1,-1
116,6,57.68,664.71,78.32,222.87,0.6925,-1,-1,-1
116,8,520.69,236.12,74.69,202.45,0.5904,-1,-1,-1
116,18,935.12,211.14,58.13,182.91,0.5616,-1,-1,-1
116,19,390.25,788.21,98.16,272.47,0.8108,-1,-1,-1
116,21,1118.65,149.22,83.94,169.38,0.3418,-1,-1,-1
116,23,475.20,153.61,60.43,177.53,0.3677,-1,-1,-1
117,1,419.79,285.01,87.08,223.80,0.7546,-1,-1,-1
117,2,103.42,545.97,70.80,246.16,0.5549,-1,-1,-1
117,3,1124.53,933.90,75.77,145.67,0.7593,-1,-1,-1
117,4,1721.40,459.57,74.14,207.01,0.6431,-1,-1,-1
117,5,1356.21,575.67,84.46,220.07,0.5567,-1,-1,-1
117,6,65.24,664.31,75.05,218.34,0.7182,-1,-1,-1
117,8,520.67,236.50,74.38,203.28,0.5523,-1,-1,-1
117,18,934.15,211.14,56.82,181.18,0.5329,-1,-1,-1
117,19,390.29,786.54,99.40,272.65,0.8087,-1,-1,-1
117,21,1110.80,147.29,88.79,172.40,0.3494,-1,-1,-1
117,23,475.77,155.69,59.96,176.73,0.2546,-1,-1,-1
118,1,420.50,284.65,86.10,223.83,0.7446,-1,-1,-1
118,2,100.35,545.36,73.76,246.43,0.5335,-1,-1,-1
118,3,1121.50,933.88,77.22,145.82,0.7776,-1,-1,-1
118,4,1721.46,459.80,73.96,206.61,0.6523,-1,-1,-1
118,5,1356.45,575.97,83.92,216.02,0.5140,-1,-1,-1
118,6,70.87,665.49,71.99,213.28,0.6107,-1,-1,-1
118,8,520.38,235.97,74.53,206.18,0.5837,-1,-1,-1
118,18,930.87,211.43,58.43,182.77,0.5609,-1,-1,-1
118,19,390.29,784.82,100.87,275.30,0.7998,-1,-1,-1
118,21,1107.22,146.72,89.75,173.21,0.3865,-1,-1,-1
118,23,477.11,161.87,57.93,168.20,0.1742,-1,-1,-1
119,1,420.63,284.39,85.63,223.79,0.7466,-1,-1,-1
119,2,99.36,546.09,74.91,252.79,0.5138,-1,-1,-1
119,3,1118.30,933.98,78.06,145.97,0.7949,-1,-1,-1
119,4,1720.93,459.68,74.78,206.77,0.6540,-1,-1,-1
119,5,1356.73,575.85,83.53,217.21,0.4828,-1,-1,-1
119,6,76.06,667.89,71.95,209.59,0.5400,-1,-1,-1
119,8,520.34,237.17,73.26,207.07,0.6031,-1,-1,-1
119,18,930.28,210.97,56.79,184.98,0.5357,-1,-1,-1
119,19,391.76,783.55,100.62,275.22,0.8012,-1,-1,-1
119,21,1103.93,145.86,91.43,174.75,0.4330,-1,-1,-1
119,23,478.32,161.78,56.28,169.34,0.3114,-1,-1,-1
120,1,420.90,283.82,85.16,224.35,0.7468,-1,-1,-1
120,2,99.11,545.62,75.12,255.87,0.5082,-1,-1,-1
120,3,1114.77,933.52,78.71,146.47,0.7978,-1,-1,-1
120,4,1720.87,459.85,75.03,206.86,0.6276,-1,-1,-1
120,5,1356.51,576.99,83.26,213.52,0.4812,-1,-1,-1
120,6,81.03,666.53,69.75,207.77,0.5924,-1,-1,-1
120,8,520.97,239.87,71.83,203.97,0.5786,-1,-1,-1
120,18,929.09,211.20,56.73,186.11,0.5363,-1,-1,-1
120,19,392.46,782.27,100.65,275.35,0.8033,-1,-1,-1
120,21,1101.66,145.85,92.69,174.61,0.4382,-1,-1,-1
120,23,478.21,162.67,55.54,163.13,0.2519,-1,-1,-1
121,1,421.11,282.23,84.36,225.02,0.7512,-1,-1,-1
121,2,99.78,544.93,74.60,248.95,0.4923,-1,-1,-1
121,3,1110.98,932.86,79.73,147.16,0.7761,-1,-1,-1
121,4,1721.49,457.08,74.30,209.92,0.6353,-1,-1,-1
121,5,1356.50,576.32,82.87,213.00,0.5522,-1,-1,-1
121,6,82.05,664.45,71.67,210.11,0.6927,-1,-1,-1
121,8,521.81,242.33,68.85,200.84,0.5770,-1,-1,-1
121,18,927.06,211.40,57.30,186.72,0.4909,-1,-1,-1
121,19,392.82,780.20,100.99,276.63,0.8022,-1,-1,-1
121,21,1102.00,145.63,88.88,174.03,0.4002,-1,-1,-1
121,23,479.03,165.59,54.42,162.35,0.3195,-1,-1,-1
122,1,421.32,281.19,84.14,223.95,0.7521,-1,-1,-1
122,2,101.46,545.97,72.05,221.55,0.4591,-1,-1,-1
122,3,1107.05,932.37,80.46,147.64,0.7837,-1,-1,-1
122,4,1720.68,458.82,75.22,208.00,0.6479,-1,-1,-1
122,5,1356.62,576.18,83.75,215.56,0.4780,-1,-1,-1
122,6,84.29,661.76,74.83,212.54,0.6641,-1,-1,-1
122,8,521.41,242.71,67.06,199.93,0.5996,-1,-1,-1
122,18,925.95,211.40,56.25,187.04,0.4256,-1,-1,-1
122,19,392.66,779.21,101.74,277.10,0.7995,-1,-1,-1
122,21,1103.13,145.20,85.08,173.35,0.3583,-1,-1,-1
122,23,478.44,166.00,54.75,160.76,0.2968,-1,-1,-1
122,24,625.73,750.97,57.31,168.85,0.3503,-1,-1,-1
123,1,422.05,280.21,83.21,221.71,0.7330,-1,-1,-1
123,2,102.31,546.10,70.90,210.56,0.4804,-1,-1,-1
123,3,1104.52,931.60,79.96,148.08,0.7825,-1,-1,-1
123,4,1720.82,458.91,75.47,207.91,0.6469,-1,-1,-1
123,5,1356.55,576.41,83.93,213.46,0.5540,-1,-1,-1
123,6,85.39,659.38,76.25,213.98,0.6610,-1,-1,-1
123,8,521.69,244.37,66.37,197.49,0.5735,-1,-1,-1
123,18,925.28,210.27,56.01,188.49,0.4608,-1,-1,-1
123,19,392.46,777.91,102.07,277.25,0.7933,-1,-1,-1
123,21,1104.77,144.68,79.00,173.06,0.3435,-1,-1,-1
123,23,477.72,164.72,55.37,163.23,0.2990,-1,-1,-1
123,24,625.53,751.99,57.08,167.72,0.3276,-1,-1,-1
124,1,422.31,279.08,82.66,218.72,0.7284,-1,-1,-1
124,2,102.18,545.31,71.01,212.26,0.3543,-1,-1,-1
124,3,1101.31,930.24,79.84,149.22,0.7832,-1,-1,-1
124,4,1720.73,459.38,75.42,207.12,0.6137,-1,-1,-1
124,5,1356.72,576.36,83.67,214.22,0.5143,-1,-1,-1
124,6,90.85,657.12,72.70,216.14,0.5096,-1,-1,-1
124,8,522.49,244.97,68.14,197.52,0.5242,-1,-1,-1
124,18,923.06,210.13,56.66,188.64,0.4639,-1,-1,-1
124,19,393.16,777.34,102.62,275.11,0.7934,-1,-1,-1
124,21,1104.27,143.50,74.48,172.41,0.3047,-1,-1,-1
124,23,477.72,165.72,55.17,163.99,0.2217,-1,-1,-1
124,24,625.51,752.65,57.42,167.05,0.2634,-1,-1,-1
125,1,422.76,278.28,81.92,214.95,0.7079,-1,-1,-1
125,2,102.38,545.21,70.67,209.88,0.3387,-1,-1,-1
125,3,1097.70,929.69,80.20,150.00,0.7885,-1,-1,-1
125,4,1720.83,458.45,74.97,208.28,0.6329,-1,-1,-1
125,5,1356.97,575.99,83.24,214.70,0.4869,-1,-1,-1
125,6,96.28,654.01,67.37,219.35,0.4099,-1,-1,-1
125,8,522.85,247.10,67.45,192.67,0.5251,-1,-1,-1
125,18,921.20,210.45,56.26,188.81,0.4718,-1,-1,-1
125,19,393.36,775.14,102.18,276.10,0.7895,-1,-1,-1
125,21,1104.67,141.94,70.50,173.35,0.3247,-1,-1,-1
125,24,625.68,752.59,57.31,167.50,0.2412,-1,-1,-1
126,1,422.09,277.38,82.19,213.81,0.7058,-1,-1,-1
126,2,102.46,544.03,70.24,177.43,0.3044,-1,-1,-1
126,3,1094.13,929.13,80.83,150.50,0.8040,-1,-1,-1
126,4,1720.55,458.51,74.99,208.71,0.6346,-1,-1,-1
126,5,1357.40,575.99,82.44,213.15,0.5259,-1,-1,-1
126,6,99.51,653.51,65.49,218.95,0.2811,-1,-1,-1
126,8,523.16,248.55,67.58,192.00,0.5492,-1,-1,-1
126,18,919.81,210.92,54.36,189.14,0.4829,-1,-1,-1
126,19,393.44,771.11,100.07,278.34,0.8007,-1,-1,-1
126,21,1104.20,140.93,64.84,172.70,0.3627,-1,-1,-1
126,24,626.00,751.85,56.99,167.44,0.2782,-1,-1,-1
127,1,422.59,276.87,81.01,213.34,0.6877,-1,-1,-1
127,2,102.74,543.80,70.33,160.04,0.2618,-1,-1,-1
127,3,1090.80,928.96,82.10,150.97,0.8076,-1,-1,-1
127,4,1720.85,458.92,74.87,207.89,0.6575,-1,-1,-1
127,5,1357.54,576.52,82.56,213.42,0.5202,-1,-1,-1
127,6,103.10,581.08,70.25,286.44,0.3014,-1,-1,-1
127,8,523.82,251.36,67.14,189.36,0.5626,-1,-1,-1
127,18,918.51,210.97,53.69,189.22,0.4226,-1,-1,-1
127,19,394.06,766.72,97.50,277.39,0.7937,-1,-1,-1
127,21,1104.48,140.78,58.97,172.82,0.3619,-1,-1,-1
127,24,625.26,752.00,58.01,167.08,0.2337,-1,-1,-1
128,1,422.57,276.33,80.26,212.95,0.6688,-1,-1,-1
128,2,102.68,543.64,70.46,154.30,0.3952,-1,-1,-1
128,3,1087.77,928.21,81.74,151.52,0.7922,-1,-1,-1
128,4,1720.87,459.13,75.22,207.29,0.6282,-1,-1,-1
128,5,1357.31,576.67,82.85,214.38,0.5055,-1,-1,-1
128,6,108.14,626.13,68.62,245.21,0.2230,-1,-1,-1
128,8,524.61,253.96,65.94,188.44,0.5367,-1,-1,-1
128,18,915.24,212.01,54.64,189.61,0.4353,-1,-1,-1
128,19,393.76,762.06,97.65,276.75,0.7918,-1,-1,-1
128,21,1101.28,140.53,58.60,172.51,0.3974,-1,-1,-1
128,24,625.21,751.40,57.20,166.93,0.2329,-1,-1,-1
129,1,420.26,275.63,80.71,215.24,0.6899,-1,-1,-1
129,2,102.64,541.54,71.68,219.09,0.3534,-1,-1,-1
129,3,1085.50,927.66,81.32,151.87,0.7887,-1,-1,-1
129,4,1720.82,458.59,75.05,206.71,0.6354,-1,-1,-1
129,5,1362.46,576.07,79.66,219.05,0.4777,-1,-1,-1
129,8,525.35,255.28,64.56,190.74,0.5923,-1,-1,-1
129,18,912.24,212.92,55.83,188.11,0.4731,-1,-1,-1
129,19,395.19,757.35,95.72,272.92,0.7937,-1,-1,-1
129,21,1097.72,138.82,59.02,171.96,0.2980,-1,-1,-1
129,24,625.43,752.07,56.65,166.89,0.2956,-1,-1,-1
130,1,419.28,274.19,80.94,217.37,0.7042,-1,-1,-1
130,2,102.77,542.84,71.62,236.05,0.5555,-1,-1,-1
130,3,1082.21,926.96,81.90,152.30,0.7803,-1,-1,-1
130,4,1721.21,458.44,74.66,207.46,0.6125,-1,-1,-1
130,5,1360.21,575.70,81.90,218.27,0.4890,-1,-1,-1
130,8,526.86,257.34,62.21,192.22,0.5550,-1,-1,-1
130,18,906.36,214.06,60.70,187.07,0.4832,-1,-1,-1
130,19,396.57,754.37,93.90,267.37,0.7504,-1,-1,-1
130,21,1094.74,138.22,59.15,173.82,0.2545,-1,-1,-1
130,24,625.05,752.07,57.02,166.11,0.3088,-1,-1,-1
131,1,419.95,273.03,80.06,218.50,0.6626,-1,-1,-1
131,2,102.98,543.08,71.62,243.18,0.6451,-1,-1,-1
131,3,1080.34,926.72,81.05,151.73,0.7587,-1,-1,-1
131,4,1721.28,458.87,74.36,207.15,0.6176,-1,-1,-1
131,5,1360.61,576.44,81.47,215.66,0.5041,-1,-1,-1
131,8,527.91,257.82,61.11,197.54,0.5050,-1,-1,-1
131,18,902.00,214.28,63.29,186.62,0.4995,-1,-1,-1
131,19,396.36,752.11,93.23,264.41,0.7422,-1,-1,-1
131,21,1091.18,137.90,59.33,174.10,0.2677,-1,-1,-1
131,24,625.24,753.61,56.84,164.41,0.2823,-1,-1,-1
132,1,419.46,272.76,80.63,219.09,0.6495,-1,-1,-1
132,2,102.76,543.89,72.88,247.00,0.5842,-1,-1,-1
132,3,1079.06,927.11,80.93,151.18,0.7711,-1,-1,-1
132,4,1721.31,459.16,74.28,207.04,0.6174,-1,-1,-1
132,5,1359.86,576.27,81.52,215.33,0.5141,-1,-1,-1
132,8,529.30,254.68,61.83,203.06,0.5009,-1,-1,-1
132,18,899.91,213.52,66.05,187.43,0.4835,-1,-1,-1
132,19,394.60,749.83,93.78,265.13,0.7529,-1,-1,-1
132,21,1089.68,138.99,58.03,171.04,0.3921,-1,-1,-1
132,24,624.58,752.90,58.29,166.04,0.2317,-1,-1,-1
133,1,418.82,271.96,81.11,219.60,0.6420,-1,-1,-1
133,2,102.49,544.38,74.02,248.04,0.5375,-1,-1,-1
133,3,1077.57,927.30,80.90,151.09,0.7793,-1,-1,-1
133,4,1721.00,458.86,74.53,206.75,0.6036,-1,-1,-1
133,5,1358.46,576.60,83.03,214.32,0.4921,-1,-1,-1
133,8,530.64,253.77,60.64,206.11,0.5161,-1,-1,-1
133,18,899.16,211.57,67.33,190.53,0.4768,-1,-1,-1
133,19,391.58,748.37,96.57,265.16,0.7542,-1,-1,-1
133,21,1084.12,139.52,58.82,170.01,0.3848,-1,-1,-1
133,24,624.17,752.75,58.69,167.33,0.2527,-1,-1,-1
134,1,418.30,272.36,81.25,218.92,0.6426,-1,-1,-1
134,2,102.35,544.92,75.49,240.73,0.5149,-1,-1,-1
134,3,1075.85,927.06,79.55,150.92,0.7850,-1,-1,-1
134,4,1721.08,459.39,74.22,206.87,0.5937,-1,-1,-1
134,5,1358.54,575.97,83.45,216.11,0.4819,-1,-1,-1
134,8,531.53,255.15,58.12,204.48,0.5157,-1,-1,-1
134,18,898.27,211.79,67.03,190.33,0.4615,-1,-1,-1
134,19,389.68,747.32,98.08,265.52,0.7698,-1,-1,-1
134,21,1076.48,139.33,65.02,171.17,0.4332,-1,-1,-1
134,24,624.26,753.06,58.61,167.37,0.2438,-1,-1,-1
135,1,416.51,271.34,82.81,219.22,0.6417,-1,-1,-1
135,2,101.70,543.42,77.17,242.86,0.6190,-1,-1,-1
135,3,1074.42,926.49,79.26,151.55,0.7817,-1,-1,-1
135,4,1720.50,458.72,74.87,207.48,0.5994,-1,-1,-1
135,5,1358.25,575.92,84.11,216.95,0.5092,-1,-1,-1
135,8,530.98,258.07,57.70,203.60,0.5556,-1,-1,-1
135,18,897.93,211.15,66.77,191.27,0.4350,-1,-1,-1
135,19,389.10,745.46,98.30,267.44,0.7788,-1,-1,-1
135,21,1063.05,139.95,76.44,172.12,0.4568,-1,-1,-1
135,24,624.68,753.33,58.01,166.61,0.2430,-1,-1,-1
135,25,575.79,246.85,54.19,184.73,0.4340,-1,-1,-1
136,1,416.90,270.76,81.93,218.75,0.6724,-1,-1,-1
136,2,101.69,543.78,76.02,241.42,0.6223,-1,-1,-1
136,3,1072.95,926.62,77.68,150.97,0.7888,-1,-1,-1
136,4,1720.94,458.76,74.56,207.97,0.6121,-1,-1,-1
136,5,1360.77,576.63,83.52,219.78,0.4843,-1,-1,-1
136,8,530.58,258.87,57.15,203.12,0.5589,-1,-1,-1
136,18,897.14,211.87,64.63,189.94,0.4134,-1,-1,-1
136,19,386.44,744.59,100.87,267.99,0.7918,-1,-1,-1
136,21,1050.58,140.34,86.39,171.14,0.5634,-1,-1,-1
136,24,624.32,753.63,58.36,167.37,0.1620,-1,-1,-1
136,25,576.09,249.34,53.27,185.43,0.5027,-1,-1,-1
137,1,416.14,269.24,82.27,219.08,0.6636,-1,-1,-1
137,2,101.42,544.64,72.92,239.30,0.5724,-1,-1,-1
137,3,1071.27,926.99,77.26,150.25,0.7951,-1,-1,-1
137,4,1721.10,457.78,74.76,208.71,0.6079,-1,-1,-1
137,5,1364.23,577.38,80.40,219.21,0.4571,-1,-1,-1
137,8,531.61,256.98,56.12,204.73,0.5878,-1,-1,-1
137,18,896.09,211.25,62.52,191.11,0.4159,-1,-1,-1
137,19,384.65,744.11,102.17,268.19,0.7897,-1,-1,-1
137,21,1044.09,139.26,90.64,171.42,0.5818,-1,-1,-1
137,24,624.61,754.30,58.57,166.41,0.1950,-1,-1,-1
137,25,574.99,250.62,54.67,185.51,0.4581,-1,-1,-1
137,6,132.88,636.30,74.53,211.81,0.4474,-1,-1,-1
138,1,416.00,267.90,82.03,219.38,0.6922,-1,-1,-1
138,2,101.63,545.12,69.10,238.41,0.5974,-1,-1,-1
138,3,1069.82,927.35,76.63,149.87,0.7898,-1,-1,-1
138,4,1721.09,457.71,74.88,209.04,0.6051,-1,-1,-1
138,5,1364.96,577.19,79.90,221.30,0.4475,-1,-1,-1
138,8,532.50,256.46,54.74,203.61,0.5918,-1,-1,-1
138,18,894.72,211.92,56.70,183.12,0.4602,-1,-1,-1
138,19,383.38,743.92,102.99,267.88,0.7893,-1,-1,-1
138,21,1039.48,140.05,93.84,170.39,0.6013,-1,-1,-1
138,24,624.38,753.57,58.56,168.27,0.1864,-1,-1,-1
138,25,574.61,251.17,55.41,184.84,0.4441,-1,-1,-1
138,6,134.95,637.64,79.99,208.92,0.4311,-1,-1,-1
139,1,415.69,266.30,81.52,220.47,0.6406,-1,-1,-1
139,2,101.66,545.29,67.59,239.14,0.6166,-1,-1,-1
139,3,1068.44,927.28,76.00,149.43,0.7876,-1,-1,-1
139,4,1720.81,457.69,75.20,209.17,0.6233,-1,-1,-1
139,5,1363.00,576.57,82.70,223.47,0.4683,-1,-1,-1
139,8,532.60,258.40,54.52,201.45,0.5747,-1,-1,-1
139,18,893.09,210.57,58.85,188.32,0.5239,-1,-1,-1
139,19,382.70,743.70,102.88,267.24,0.7959,-1,-1,-1
139,21,1038.45,140.36,93.63,170.76,0.5912,-1,-1,-1
139,24,623.93,752.94,59.34,168.32,0.2276,-1,-1,-1
139,25,574.25,251.17,56.10,184.07,0.4394,-1,-1,-1
139,6,138.98,636.58,85.92,207.31,0.4477,-1,-1,-1
140,1,416.81,266.87,80.04,218.11,0.6140,-1,-1,-1
140,2,101.98,545.30,66.05,240.05,0.6185,-1,-1,-1
140,3,1066.75,926.59,76.11,149.61,0.7917,-1,-1,-1
140,4,1720.80,458.12,75.19,208.87,0.6352,-1,-1,-1
140,5,1360.20,576.88,83.69,216.77,0.5493,-1,-1,-1
140,8,532.30,258.41,55.41,202.50,0.6024,-1,-1,-1
140,18,889.98,210.26,54.68,184.24,0.4706,-1,-1,-1
140,19,383.28,741.74,102.30,267.24,0.7963,-1,-1,-1
140,21,1037.64,140.61,92.97,171.03,0.5768,-1,-1,-1
140,24,624.34,752.20,58.81,167.94,0.2752,-1,-1,-1
140,25,576.95,251.95,54.66,181.14,0.4521,-1,-1,-1
140,6,143.14,634.59,88.66,205.87,0.4220,-1,-1,-1
141,1,416.66,265.40,79.81,217.25,0.6318,-1,-1,-1
141,2,102.38,545.70,65.93,241.07,0.6445,-1,-1,-1
141,3,1064.86,925.41,75.88,150.97,0.7871,-1,-1,-1
141,4,1720.98,458.22,75.07,208.27,0.6219,-1,-1,-1
141,5,1358.45,575.97,85.46,216.69,0.4985,-1,-1,-1
141,8,532.09,258.31,55.56,202.19,0.6032,-1,-1,-1
141,18,886.76,209.72,54.72,186.46,0.5441,-1,-1,-1
141,19,384.09,739.64,100.86,267.30,0.7963,-1,-1,-1
141,21,1038.97,140.39,89.08,170.46,0.5570,-1,-1,-1
141,24,624.62,752.22,58.04,167.95,0.2593,-1,-1,-1
141,25,579.08,250.21,52.50,183.22,0.4784,-1,-1,-1
141,6,145.49,630.70,89.21,206.55,0.5908,-1,-1,-1
142,1,416.84,264.35,78.87,216.75,0.6327,-1,-1,-1
142,2,103.18,545.91,66.12,242.19,0.6580,-1,-1,-1
142,3,1064.26,924.81,73.84,152.27,0.7774,-1,-1,-1
142,4,1721.29,458.86,74.98,207.36,0.6235,-1,-1,-1
142,5,1357.56,575.88,86.61,217.64,0.4819,-1,-1,-1
142,8,531.96,257.66,55.63,202.92,0.5994,-1,-1,-1
142,18,883.57,208.76,54.49,187.04,0.5159,-1,-1,-1
142,19,385.97,737.45,98.06,267.93,0.7917,-1,-1,-1
142,21,1038.19,140.49,87.90,169.44,0.5949,-1,-1,-1
142,24,624.19,752.10,58.64,168.39,0.3324,-1,-1,-1
142,25,580.62,250.15,52.31,182.59,0.4965,-1,-1,-1
142,6,148.75,629.27,86.13,204.68,0.5432,-1,-1,-1
143,1,415.57,260.41,78.73,220.17,0.6328,-1,-1,-1
143,2,103.62,545.59,66.59,242.07,0.6746,-1,-1,-1
143,3,1063.13,923.78,72.60,152.93,0.7622,-1,-1,-1
143,4,1721.31,459.05,74.91,207.08,0.6333,-1,-1,-1
143,5,1357.67,575.79,86.34,217.74,0.4816,-1,-1,-1
143,8,531.30,257.65,55.92,203.02,0.5946,-1,-1,-1
143,18,881.43,207.29,53.76,188.51,0.4785,-1,-1,-1
143,19,387.65,734.78,95.77,266.33,0.8025,-1,-1,-1
143,21,1039.40,138.59,84.38,171.01,0.5702,-1,-1,-1
143,24,624.61,752.41,58.79,168.45,0.2841,-1,-1,-1
143,25,581.38,248.27,53.14,185.73,0.4530,-1,-1,-1
143,6,150.08,629.15,86.54,206.52,0.6519,-1,-1,-1
144,1,414.89,259.31,79.56,218.34,0.6324,-1,-1,-1
144,2,103.57,545.66,67.47,241.87,0.6866,-1,-1,-1
144,3,1061.98,923.12,70.96,153.47,0.7572,-1,-1,-1
144,4,1721.52,459.56,74.67,207.01,0.6214,-1,-1,-1
144,5,1358.11,575.90,85.97,217.31,0.4981,-1,-1,-1
144,8,530.80,259.15,56.96,202.90,0.6042,-1,-1,-1
144,18,878.16,206.83,55.98,188.67,0.4732,-1,-1,-1
144,19,388.90,731.56,94.07,263.21,0.7948,-1,-1,-1
144,21,1039.69,137.13,80.81,171.63,0.4549,-1,-1,-1
144,24,624.60,753.22,58.89,168.61,0.2193,-1,-1,-1
144,25,582.09,251.24,54.91,183.92,0.4934,-1,-1,-1
144,6,153.27,629.90,83.64,206.46,0.6813,-1,-1,-1
145,1,415.89,259.26,78.27,213.16,0.6204,-1,-1,-1
145,2,103.79,545.74,68.48,242.94,0.7088,-1,-1,-1
145,3,1060.72,922.78,68.73,153.82,0.7582,-1,-1,-1
145,4,1721.58,459.40,74.34,206.71,0.6099,-1,-1,-1
145,5,1358.04,575.99,85.16,215.02,0.5396,-1,-1,-1
145,8,530.02,259.40,56.75,202.74,0.5953,-1,-1,-1
145,18,873.47,207.05,59.81,186.77,0.5442,-1,-1,-1
145,19,391.57,729.54,91.69,258.21,0.7985,-1,-1,-1
145,21,1039.87,136.49,73.22,171.79,0.4216,-1,-1,-1
145,24,624.42,754.09,58.54,167.75,0.2221,-1,-1,-1
145,25,583.07,252.20,55.03,183.95,0.5289,-1,-1,-1
145,6,157.19,627.99,79.13,209.92,0.7007,-1,-1,-1
146,1,414.99,254.56,77.21,216.99,0.6393,-1,-1,-1
146,2,103.76,545.88,69.20,243.07,0.7156,-1,-1,-1
146,3,1058.73,921.87,66.89,156.00,0.7412,-1,-1,-1
146,4,1721.80,459.52,74.22,207.29,0.6137,-1,-1,-1
146,5,1357.78,575.52,85.28,217.24,0.5126,-1,-1,-1
146,8,530.23,259.38,57.25,204.29,0.5935,-1,-1,-1
146,18,871.96,206.49,59.85,185.85,0.4901,-1,-1,-1
146,19,393.03,726.68,91.00,253.39,0.7770,-1,-1,-1
146,21,1040.05,136.26,66.57,171.32,0.4843,-1,-1,-1
146,24,623.99,754.17,59.03,168.11,0.2747,-1,-1,-1
146,25,584.58,253.66,53.84,186.09,0.5108,-1,-1,-1
146,6,159.32,625.25,77.28,212.70,0.7110,-1,-1,-1
147,1,414.47,253.12,77.39,218.55,0.6465,-1,-1,-1
147,2,103.91,546.15,69.49,242.08,0.7131,-1,-1,-1
147,3,1057.08,921.22,64.00,157.25,0.7264,-1,-1,-1
147,4,1721.62,459.07,74.68,207.32,0.6268,-1,-1,-1
147,5,1358.16,574.75,84.83,217.46,0.5407,-1,-1,-1
147,8,530.25,260.04,56.86,205.87,0.6095,-1,-1,-1
147,18,869.49,205.84,61.39,185.35,0.4783,-1,-1,-1
147,19,394.02,720.66,91.01,254.87,0.7796,-1,-1,-1
147,21,1039.64,135.42,62.20,171.21,0.4764,-1,-1,-1
147,24,624.27,753.55,58.81,167.51,0.2703,-1,-1,-1
147,25,584.97,254.67,54.20,187.83,0.5380,-1,-1,-1
147,6,161.14,621.41,75.98,214.97,0.6894,-1,-1,-1
148,1,414.01,252.43,77.90,219.05,0.6339,-1,-1,-1
148,2,103.80,545.73,70.19,242.25,0.7135,-1,-1,-1
148,3,1055.24,919.86,62.75,157.48,0.7273,-1,-1,-1
148,4,1721.53,458.59,74.82,208.33,0.6466,-1,-1,-1
148,5,1357.90,575.16,84.09,216.54,0.5588,-1,-1,-1
148,8,530.29,261.21,58.45,206.77,0.5946,-1,-1,-1
148,18,866.86,204.82,62.88,190.54,0.4446,-1,-1,-1
148,19,394.55,717.38,91.71,254.95,0.7777,-1,-1,-1
148,21,1038.28,134.87,57.45,171.29,0.4424,-1,-1,-1
148,24,624.44,753.32,58.01,166.82,0.2794,-1,-1,-1
148,25,585.68,255.45,54.23,188.71,0.4954,-1,-1,-1
148,6,163.87,617.76,75.59,215.12,0.7078,-1,-1,-1
149,1,415.41,255.27,77.22,215.08,0.6248,-1,-1,-1
149,2,103.88,545.74,70.30,241.93,0.7151,-1,-1,-1
149,3,1054.04,918.50,62.15,158.70,0.7264,-1,-1,-1
149,4,1721.24,458.84,74.52,207.73,0.6218,-1,-1,-1
149,5,1357.88,575.29,84.52,215.68,0.5452,-1,-1,-1
149,8,530.86,262.82,59.01,206.38,0.6301,-1,-1,-1
149,18,865.40,204.40,62.38,192.23,0.4432,-1,-1,-1
149,19,395.81,713.23,92.66,258.33,0.7879,-1,-1,-1
149,21,1036.88,135.29,54.24,169.61,0.3608,-1,-1,-1
149,24,624.31,752.09,58.73,167.02,0.3254,-1,-1,-1
149,25,586.37,256.16,54.65,189.76,0.4500,-1,-1,-1
149,6,167.83,615.18,73.38,214.69,0.6958,-1,-1,-1
150,1,416.08,256.03,76.94,213.75,0.6198,-1,-1,-1
150,2,103.64,545.66,70.64,242.91,0.7131,-1,-1,-1
150,3,1052.26,916.79,61.26,160.97,0.7368,-1,-1,-1
150,4,1721.23,458.62,74.59,208.09,0.6385,-1,-1,-1
150,5,1357.19,574.98,85.31,216.83,0.5402,-1,-1,-1
150,8,531.22,264.75,58.09,207.40,0.6155,-1,-1,-1
150,18,864.93,205.10,63.01,192.61,0.4056,-1,-1,-1
150,19,395.21,710.66,95.46,261.48,0.7855,-1,-1,-1
150,21,1033.93,134.48,55.10,171.55,0.4901,-1,-1,-1
150,24,625.19,751.80,57.41,166.93,0.3234,-1,-1,-1
150,25,586.99,256.89,55.16,190.57,0.4352,-1,-1,-1
150,6,174.25,613.74,67.71,213.76,0.6570,-1,-1,-1
151,1,416.72,255.61,75.77,214.18,0.6157,-1,-1,-1
151,2,103.37,546.38,71.19,243.47,0.7216,-1,-1,-1
151,3,1051.10,914.29,60.69,163.30,0.7371,-1,-1,-1
151,4,1721.82,458.45,73.51,207.68,0.6249,-1,-1,-1
151,5,1363.73,574.28,79.13,222.20,0.4863,-1,-1,-1
151,8,531.32,265.95,56.85,208.97,0.6117,-1,-1,-1
151,18,863.89,205.04,62.94,191.56,0.4592,-1,-1,-1
151,19,395.99,709.56,95.71,262.71,0.7809,-1,-1,-1
151,21,1030.67,132.76,55.91,173.08,0.4879,-1,-1,-1
151,24,625.29,751.33,57.21,167.08,0.3577,-1,-1,-1
151,25,587.84,259.27,55.14,190.81,0.4180,-1,-1,-1
151,6,179.92,611.81,68.14,214.63,0.6707,-1,-1,-1
152,1,417.19,255.06,75.42,214.91,0.6061,-1,-1,-1
152,2,102.86,546.85,72.11,243.20,0.7175,-1,-1,-1
152,3,1049.55,913.44,60.16,164.47,0.7421,-1,-1,-1
152,4,1721.87,458.16,73.61,208.30,0.6152,-1,-1,-1
152,5,1361.52,576.03,80.65,216.20,0.5299,-1,-1,-1
152,8,531.80,270.50,54.98,206.61,0.5926,-1,-1,-1
152,18,863.00,205.54,62.87,190.67,0.5191,-1,-1,-1
152,19,396.57,707.80,97.12,264.13,0.7669,-1,-1,-1
152,21,1025.99,130.74,58.21,172.64,0.4077,-1,-1,-1
152,24,624.89,751.62,56.76,166.55,0.4327,-1,-1,-1
152,25,588.56,260.63,55.44,191.21,0.4119,-1,-1,-1
152,6,182.93,610.31,67.34,215.82,0.6899,-1,-1,-1
153,1,417.37,254.26,74.62,215.42,0.5831,-1,-1,-1
153,2,103.36,547.68,71.61,244.83,0.7265,-1,-1,-1
153,3,1047.75,912.31,60.03,166.31,0.7304,-1,-1,-1
153,4,1721.67,457.65,73.80,208.85,0.6099,-1,-1,-1
153,5,1360.86,575.62,80.57,215.83,0.5163,-1,-1,-1
153,8,531.79,274.27,54.64,203.25,0.5870,-1,-1,-1
153,18,861.73,204.92,63.46,191.39,0.4964,-1,-1,-1
153,19,396.65,707.91,98.75,264.20,0.7589,-1,-1,-1
153,21,1023.04,131.47,59.19,171.34,0.4118,-1,-1,-1
153,24,625.59,751.32,55.24,166.75,0.4101,-1,-1,-1
153,25,590.94,266.09,53.80,185.22,0.3229,-1,-1,-1
153,6,185.32,610.05,68.50,215.44,0.7364,-1,-1,-1
154,1,415.82,253.24,75.20,216.41,0.6003,-1,-1,-1
154,2,103.74,547.40,71.40,245.91,0.7199,-1,-1,-1
154,3,1046.63,911.63,59.31,167.51,0.7146,-1,-1,-1
154,4,1721.65,459.19,73.66,207.07,0.5869,-1,-1,-1
154,5,1360.27,576.29,81.32,215.54,0.5207,-1,-1,-1
154,8,532.45,276.77,54.39,200.98,0.5632,-1,-1,-1
154,18,860.07,205.13,64.19,191.39,0.5085,-1,-1,-1
154,19,396.90,708.03,100.10,263.58,0.7634,-1,-1,-1
154,21,1017.78,131.48,61.55,171.72,0.3510,-1,-1,-1
154,24,625.10,751.74,56.94,167.24,0.3307,-1,-1,-1
154,25,592.41,269.92,54.87,183.70,0.2580,-1,-1,-1
154,6,188.06,610.22,68.52,214.21,0.7530,-1,-1,-1
155,1,415.83,251.89,74.54,217.92,0.6029,-1,-1,-1
155,2,103.15,546.26,71.57,247.42,0.6968,-1,-1,-1
155,3,1044.95,911.04,59.27,168.01,0.7279,-1,-1,-1
155,4,1722.35,459.17,72.98,206.84,0.5962,-1,-1,-1
155,5,1359.72,576.35,82.12,213.74,0.5691,-1,-1,-1
155,8,532.60,278.69,55.22,198.76,0.5144,-1,-1,-1
155,18,857.61,205.12,65.69,189.92,0.5120,-1,-1,-1
155,19,397.64,706.01,101.48,265.30,0.7629,-1,-1,-1
155,21,1004.91,132.30,71.33,172.50,0.3938,-1,-1,-1
155,24,625.60,751.52,55.95,166.72,0.3380,-1,-1,-1
155,25,593.59,271.28,54.59,183.81,0.2243,-1,-1,-1
155,6,192.31,610.27,67.32,213.42,0.7611,-1,-1,-1
156,1,416.44,251.42,74.56,215.61,0.6179,-1,-1,-1
156,2,102.70,545.72,71.98,247.60,0.6976,-1,-1,-1
156,3,1043.06,910.45,59.71,169.30,0.7072,-1,-1,-1
156,4,1722.38,459.54,73.05,206.04,0.5857,-1,-1,-1
156,5,1358.18,578.14,82.37,212.22,0.5199,-1,-1,-1
156,8,532.60,276.19,56.31,200.52,0.4659,-1,-1,-1
156,18,855.75,204.42,66.91,188.42,0.5456,-1,-1,-1
156,19,398.31,703.05,101.13,266.53,0.7607,-1,-1,-1
156,21,995.41,133.25,77.42,171.88,0.4380,-1,-1,-1
156,24,625.58,750.12,56.89,168.94,0.2774,-1,-1,-1
156,25,595.05,271.12,54.52,184.08,0.1832,-1,-1,-1
156,6,195.10,609.01,67.18,213.75,0.7525,-1,-1,-1
157,1,416.53,251.46,74.28,213.76,0.6182,-1,-1,-1
157,2,102.69,545.75,72.19,247.44,0.6958,-1,-1,-1
157,3,1041.70,909.93,59.49,169.71,0.7011,-1,-1,-1
157,4,1722.67,459.96,72.70,205.66,0.5926,-1,-1,-1
157,5,1357.26,578.65,82.97,210.90,0.5215,-1,-1,-1
157,8,532.55,275.10,56.88,199.52,0.4364,-1,-1,-1
157,18,855.22,203.41,66.98,185.78,0.5671,-1,-1,-1
157,19,399.29,703.70,100.56,264.97,0.7720,-1,-1,-1
157,21,988.82,133.61,81.27,171.64,0.4656,-1,-1,-1
157,24,625.18,748.40,56.94,170.46,0.3370,-1,-1,-1
157,25,595.58,269.19,55.34,187.14,0.1885,-1,-1,-1
157,6,197.70,608.21,66.55,214.32,0.7420,-1,-1,-1
158,1,416.86,249.75,75.50,214.94,0.6446,-1,-1,-1
158,2,102.53,546.17,72.25,246.79,0.6986,-1,-1,-1
158,3,1039.43,909.54,61.31,170.42,0.7158,-1,-1,-1
158,4,1722.30,459.98,73.31,206.27,0.6106,-1,-1,-1
158,5,1357.02,577.84,83.21,210.58,0.5366,-1,-1,-1
158,8,530.90,273.36,59.51,200.02,0.4534,-1,-1,-1
158,18,853.29,201.85,68.20,184.75,0.5558,-1,-1,-1
158,19,399.22,703.76,99.24,262.79,0.7844,-1,-1,-1
158,21,986.53,132.78,82.06,172.11,0.3917,-1,-1,-1
158,24,625.46,749.19,56.90,170.39,0.2823,-1,-1,-1
158,25,595.99,270.07,55.18,185.80,0.2017,-1,-1,-1
158,6,199.08,606.98,65.70,213.25,0.7153,-1,-1,-1
159,1,417.61,249.78,75.65,212.88,0.6106,-1,-1,-1
159,2,102.57,546.31,72.16,246.80,0.6950,-1,-1,-1
159,3,1037.66,908.76,61.47,170.80,0.6983,-1,-1,-1
159,4,1722.33,461.19,73.42,205.07,0.6000,-1,-1,-1
159,5,1356.60,578.37,84.22,211.84,0.5145,-1,-1,-1
159,8,528.36,278.52,62.58,195.74,0.4321,-1,-1,-1
159,18,851.29,200.64,69.55,187.87,0.5482,-1,-1,-1
159,19,401.56,702.94,93.91,260.96,0.7611,-1,-1,-1
159,21,983.84,133.07,82.92,171.55,0.4133,-1,-1,-1
159,24,626.07,749.86,55.03,167.65,0.2666,-1,-1,-1
159,25,596.68,271.39,58.38,183.67,0.2183,-1,-1,-1
159,6,200.43,604.88,65.54,212.82,0.6951,-1,-1,-1
160,1,418.32,248.17,74.80,213.81,0.6440,-1,-1,-1
160,2,102.48,546.78,71.96,246.56,0.6985,-1,-1,-1
160,3,1036.79,908.68,60.97,171.29,0.6799,-1,-1,-1
160,4,1721.72,461.38,73.62,204.80,0.5705,-1,-1,-1
160,5,1356.90,579.19,85.64,216.05,0.4776,-1,-1,-1
160,8,526.97,284.23,64.40,191.34,0.4709,-1,-1,-1
160,18,850.77,199.16,69.36,191.05,0.5134,-1,-1,-1
160,19,401.94,698.93,92.64,258.03,0.7656,-1,-1,-1
160,21,980.76,132.69,84.10,170.42,0.4722,-1,-1,-1
160,24,626.39,749.86,54.47,166.82,0.2947,-1,-1,-1
160,25,596.66,272.17,60.34,182.07,0.2070,-1,-1,-1
160,6,201.81,602.85,65.32,214.68,0.7002,-1,-1,-1
161,1,417.99,247.01,76.00,212.24,0.6232,-1,-1,-1
161,2,102.37,546.69,72.03,247.18,0.6866,-1,-1,-1
161,3,1034.14,908.12,62.28,171.92,0.6929,-1,-1,-1
161,4,1721.83,461.12,73.51,205.52,0.5775,-1,-1,-1
161,5,1357.05,579.74,85.18,216.32,0.5265,-1,-1,-1
161,8,526.03,286.90,67.37,190.62,0.4184,-1,-1,-1
161,18,849.98,197.00,69.76,191.21,0.4850,-1,-1,-1
161,19,402.50,693.60,91.40,254.25,0.7744,-1,-1,-1
161,21,980.24,132.51,83.28,170.41,0.4897,-1,-1,-1
161,24,626.87,747.97,54.72,169.64,0.2811,-1,-1,-1
161,25,599.09,274.32,58.33,179.63,0.2009,-1,-1,-1
161,6,206.17,599.68,61.91,213.68,0.6675,-1,-1,-1
162,1,418.59,246.19,75.97,210.71,0.6233,-1,-1,-1
162,2,102.09,546.43,71.86,247.80,0.6726,-1,-1,-1
162,3,1032.87,907.37,61.92,172.71,0.7115,-1,-1,-1
162,4,1721.91,461.62,73.40,205.53,0.5775,-1,-1,-1
162,5,1361.49,578.18,82.37,221.82,0.4897,-1,-1,-1
162,8,527.01,293.83,65.23,185.61,0.1536,-1,-1,-1
162,18,849.28,195.93,69.56,191.07,0.4876,-1,-1,-1
162,19,403.14,688.84,91.20,253.59,0.7652,-1,-1,-1
162,21,980.14,133.38,81.20,169.88,0.3936,-1,-1,-1
162,24,626.35,749.64,54.71,169.02,0.2603,-1,-1,-1
162,25,599.88,272.98,59.86,180.55,0.1795,-1,-1,-1
162,6,210.47,598.24,61.33,209.13,0.6741,-1,-1,-1
163,1,418.68,244.96,77.14,209.79,0.6178,-1,-1,-1
163,2,102.21,546.42,72.11,247.88,0.6631,-1,-1,-1
163,3,1031.36,906.47,62.33,173.61,0.6839,-1,-1,-1
163,4,1721.76,461.04,73.63,206.41,0.5791,-1,-1,-1
163,5,1358.56,579.33,86.64,224.28,0.5055,-1,-1,-1
163,8,522.11,291.80,69.50,191.55,0.3767,-1,-1,-1
163,18,849.50,194.61,69.02,188.89,0.4677,-1,-1,-1
163,19,403.51,684.64,90.55,254.82,0.7710,-1,-1,-1
163,21,980.83,131.03,77.74,172.56,0.3591,-1,-1,-1
163,24,625.09,749.88,57.08,170.26,0.1809,-1,-1,-1
163,25,599.05,273.02,62.76,180.53,0.3019,-1,-1,-1
163,6,212.97,595.92,61.84,207.91,0.6715,-1,-1,-1
164,1,418.24,244.26,78.19,208.58,0.6263,-1,-1,-1
164,2,102.07,546.52,71.93,247.29,0.6805,-1,-1,-1
164,3,1030.07,906.86,61.27,172.80,0.7307,-1,-1,-1
164,4,1721.64,460.76,73.86,206.65,0.5990,-1,-1,-1
164,5,1357.58,579.84,87.66,223.32,0.4790,-1,-1,-1
164,8,519.99,291.79,72.06,193.49,0.3107,-1,-1,-1
164,18,851.21,192.50,69.02,193.16,0.4605,-1,-1,-1
164,19,402.91,682.15,91.22,254.57,0.7738,-1,-1,-1
164,21,981.93,129.23,72.30,172.62,0.3058,-1,-1,-1
164,24,625.28,749.41,56.53,170.35,0.2119,-1,-1,-1
164,25,599.06,274.04,62.98,179.18,0.2900,-1,-1,-1
164,6,215.27,594.04,62.57,208.79,0.7065,-1,-1,-1
165,1,418.45,242.60,78.88,209.58,0.6170,-1,-1,-1
165,2,102.17,546.36,71.71,246.92,0.6766,-1,-1,-1
165,3,1028.55,907.37,61.02,172.15,0.7265,-1,-1,-1
165,4,1721.69,460.42,74.17,206.53,0.5945,-1,-1,-1
165,5,1357.61,580.71,86.70,219.95,0.5013,-1,-1,-1
165,8,510.63,239.91,83.52,248.30,0.1903,-1,-1,-1
165,18,852.51,191.49,68.66,194.26,0.4859,-1,-1,-1
165,19,401.46,680.15,93.01,255.89,0.7917,-1,-1,-1
165,21,982.42,127.46,67.26,171.46,0.2755,-1,-1,-1
165,24,625.29,747.48,55.98,171.00,0.2773,-1,-1,-1
165,25,599.01,274.85,63.18,178.88,0.2502,-1,-1,-1
165,6,214.55,592.15,64.38,209.24,0.7327,-1,-1,-1
166,1,418.80,241.57,77.15,210.16,0.5914,-1,-1,-1
166,2,102.04,546.21,71.55,246.90,0.6849,-1,-1,-1
166,3,1026.65,907.31,61.49,172.16,0.6855,-1,-1,-1
166,4,1722.00,460.67,73.53,206.95,0.6247,-1,-1,-1
166,5,1357.33,580.36,85.20,216.39,0.5031,-1,-1,-1
166,8,510.13,219.40,89.77,270.83,0.1659,-1,-1,-1
166,18,852.60,190.92,69.10,192.26,0.4911,-1,-1,-1
166,19,400.20,678.52,94.00,258.22,0.7914,-1,-1,-1
166,21,982.87,126.34,60.97,170.86,0.2759,-1,-1,-1
166,24,625.24,748.94,56.30,170.11,0.2779,-1,-1,-1
166,25,600.84,275.00,58.68,180.37,0.3005,-1,-1,-1
166,6,215.63,590.47,68.75,210.96,0.7025,-1,-1,-1
167,1,418.72,240.49,76.53,211.72,0.5753,-1,-1,-1
167,2,101.86,546.29,71.90,247.22,0.6872,-1,-1,-1
167,3,1024.01,906.68,63.47,172.94,0.6849,-1,-1,-1
167,4,1722.27,460.47,72.96,207.05,0.6082,-1,-1,-1
167,5,1356.87,579.75,85.02,217.54,0.4910,-1,-1,-1
167,18,852.89,190.59,69.43,189.45,0.4849,-1,-1,-1
167,19,400.03,675.65,93.60,260.23,0.7967,-1,-1,-1
167,21,982.18,124.77,55.81,170.60,0.2751,-1,-1,-1
167,24,625.05,751.11,57.94,168.77,0.1622,-1,-1,-1
167,25,602.15,276.42,57.55,179.40,0.3135,-1,-1,-1
167,6,215.82,589.34,72.91,213.33,0.7071,-1,-1,-1
168,1,418.02,239.49,76.87,213.01,0.5939,-1,-1,-1
168,2,101.81,546.53,72.17,247.03,0.6861,-1,-1,-1
168,3,1021.42,906.90,64.62,172.44,0.7042,-1,-1,-1
168,4,1721.87,459.25,73.45,208.76,0.6115,-1,-1,-1
168,5,1357.27,579.05,83.26,217.38,0.4972,-1,-1,-1
168,18,853.07,190.68,69.94,190.14,0.5117,-1,-1,-1
168,19,399.02,674.94,94.26,260.87,0.7840,-1,-1,-1
168,21,979.45,123.46,55.32,170.24,0.3000,-1,-1,-1
168,24,626.22,751.44,56.02,168.68,0.1535,-1,-1,-1
168,25,602.22,276.84,58.77,178.24,0.3066,-1,-1,-1
168,6,217.81,589.06,77.16,212.54,0.7157,-1,-1,-1
169,1,418.21,238.58,77.82,213.80,0.6112,-1,-1,-1
169,2,101.58,545.82,72.90,248.28,0.6516,-1,-1,-1
169,3,1020.18,907.81,64.91,171.27,0.7078,-1,-1,-1
169,4,1721.65,459.77,73.72,208.22,0.6104,-1,-1,-1
169,5,1357.19,578.90,84.82,217.87,0.4622,-1,-1,-1
169,18,852.69,190.45,70.83,189.17,0.5304,-1,-1,-1
169,19,399.12,674.02,94.52,260.86,0.7770,-1,-1,-1
169,21,976.26,121.37,56.33,169.93,0.1898,-1,-1,-1
169,24,626.51,751.18,54.73,167.91,0.2262,-1,-1,-1
169,25,602.25,277.34,60.04,177.36,0.3113,-1,-1,-1
169,6,220.40,588.56,77.90,213.20,0.6902,-1,-1,-1
170,1,418.04,237.78,78.33,214.98,0.6154,-1,-1,-1
170,2,101.45,546.33,73.51,247.08,0.6539,-1,-1,-1
170,3,1018.57,908.37,63.48,171.17,0.7220,-1,-1,-1
170,4,1721.20,460.42,74.23,207.66,0.6201,-1,-1,-1
170,5,1364.73,577.82,78.09,220.40,0.4458,-1,-1,-1
170,18,854.94,189.74,68.85,188.50,0.5096,-1,-1,-1
170,19,399.79,673.06,93.30,260.93,0.7748,-1,-1,-1
170,21,972.23,120.63,58.27,172.20,0.1795,-1,-1,-1
170,24,626.49,751.72,54.29,166.53,0.1949,-1,-1,-1
170,25,601.99,277.25,61.14,177.82,0.2392,-1,-1,-1
170,6,221.39,588.28,76.37,213.65,0.6627,-1,-1,-1
170,8,521.68,278.95,69.71,213.71,0.3580,-1,-1,-1
171,1,417.75,237.74,78.63,215.15,0.6221,-1,-1,-1
171,2,101.28,546.42,74.50,247.35,0.6602,-1,-1,-1
171,3,1017.58,908.92,62.06,170.94,0.7228,-1,-1,-1
171,4,1721.47,459.98,74.15,208.12,0.6031,-1,-1,-1
171,5,1365.79,577.25,76.77,221.91,0.4551,-1,-1,-1
171,18,858.53,191.53,64.13,184.46,0.4111,-1,-1,-1
171,19,400.04,672.23,92.68,260.25,0.7746,-1,-1,-1
171,24,626.26,751.44,54.71,167.39,0.1661,-1,-1,-1
171,25,603.87,271.99,59.62,180.99,0.1711,-1,-1,-1
171,6,220.78,588.14,76.57,213.12,0.6914,-1,-1,-1
171,8,525.31,292.66,63.31,200.41,0.4481,-1,-1,-1
172,1,417.66,237.53,78.52,216.44,0.6276,-1,-1,-1
172,2,100.68,546.63,74.44,246.42,0.6623,-1,-1,-1
172,3,1015.95,909.66,61.58,169.95,0.7436,-1,-1,-1
172,4,1721.72,460.27,73.93,207.58,0.5985,-1,-1,-1
172,5,1360.31,578.14,81.39,217.62,0.4744,-1,-1,-1
172,18,859.80,190.36,65.05,185.10,0.5030,-1,-1,-1
172,19,400.43,670.58,91.95,259.92,0.7812,-1,-1,-1
172,25,604.52,280.46,58.56,173.72,0.2050,-1,-1,-1
172,6,219.94,586.95,77.50,213.63,0.6431,-1,-1,-1
172,8,526.17,292.76,61.35,200.49,0.4288,-1,-1,-1
173,1,417.77,237.07,78.34,216.61,0.6146,-1,-1,-1
173,2,100.87,546.28,74.14,246.92,0.6574,-1,-1,-1
173,3,1013.15,909.99,62.30,169.60,0.7341,-1,-1,-1
173,4,1721.27,460.73,74.33,206.71,0.5928,-1,-1,-1
173,5,1358.41,578.55,82.48,215.20,0.5034,-1,-1,-1
173,18,860.56,189.02,65.76,186.45,0.4489,-1,-1,-1
173,19,402.40,668.61,89.39,259.31,0.7742,-1,-1,-1
173,25,604.76,277.60,60.67,177.73,0.1782,-1,-1,-1
173,6,219.96,584.16,77.03,215.12,0.6587,-1,-1,-1
173,8,522.89,296.09,64.22,197.52,0.3301,-1,-1,-1
174,1,417.62,236.51,77.71,217.21,0.6205,-1,-1,-1
174,2,100.47,546.67,74.20,246.67,0.6518,-1,-1,-1
174,3,1010.43,911.24,63.12,168.60,0.7399,-1,-1,-1
174,4,1721.20,459.84,74.35,207.68,0.5966,-1,-1,-1
174,5,1357.62,578.95,82.71,212.40,0.4983,-1,-1,-1
174,18,861.48,186.75,65.37,186.55,0.4383,-1,-1,-1
174,19,404.88,666.64,86.67,259.67,0.7818,-1,-1,-1
174,25,605.35,276.47,60.32,179.40,0.2245,-1,-1,-1
174,6,222.24,583.03,76.00,214.02,0.6752,-1,-1,-1
174,8,522.83,295.50,65.51,198.58,0.4238,-1,-1,-1
174,27,752.88,261.55,55.88,192.36,0.3572,-1,-1,-1
175,1,417.11,235.71,77.32,216.78,0.6517,-1,-1,-1
175,2,100.15,546.63,74.04,246.38,0.6572,-1,-1,-1
175,3,1007.30,912.70,63.75,167.23,0.7263,-1,-1,-1
175,4,1721.57,459.87,73.78,207.89,0.5931,-1,-1,-1
175,5,1357.44,578.85,83.17,209.59,0.5184,-1,-1,-1
175,18,862.81,185.87,65.61,183.62,0.4610,-1,-1,-1
175,19,406.10,663.86,85.63,260.85,0.8043,-1,-1,-1
175,25,606.14,276.60,58.69,178.88,0.1995,-1,-1,-1
175,6,225.04,579.77,72.30,214.34,0.6874,-1,-1,-1
175,8,522.21,294.88,66.04,198.85,0.3845,-1,-1,-1
175,27,752.62,261.12,56.80,194.81,0.4064,-1,-1,-1
176,1,417.08,233.42,76.20,217.79,0.6333,-1,-1,-1
176,2,100.14,546.84,73.45,246.43,0.6576,-1,-1,-1
176,3,1005.82,913.16,62.87,166.85,0.7290,-1,-1,-1
176,4,1721.48,459.63,73.53,208.22,0.5885,-1,-1,-1
176,5,1357.36,578.90,82.68,207.59,0.5145,-1,-1,-1
176,18,863.16,184.39,66.08,185.03,0.5037,-1,-1,-1
176,19,407.05,659.60,83.98,259.62,0.7913,-1,-1,-1
176,25,607.99,273.17,54.11,182.88,0.1743,-1,-1,-1
176,6,227.06,577.24,69.39,213.55,0.6685,-1,-1,-1
176,8,514.35,252.94,75.99,241.74,0.3236,-1,-1,-1
176,27,753.00,261.80,56.10,196.25,0.4104,-1,-1,-1
176,21,940.36,122.54,76.12,174.99,0.3969,-1,-1,-1
177,1,416.89,232.77,75.33,217.93,0.6375,-1,-1,-1
177,2,100.13,546.90,73.23,246.09,0.6565,-1,-1,-1
177,3,1004.56,913.19,63.08,165.31,0.7308,-1,-1,-1
177,4,1721.24,459.68,73.93,208.13,0.5823,-1,-1,-1
177,5,1357.17,578.94,83.05,209.21,0.4843,-1,-1,-1
177,18,864.01,182.28,66.58,185.08,0.5223,-1,-1,-1
177,19,408.10,654.79,82.66,255.14,0.7858,-1,-1,-1
177,25,607.58,274.17,57.69,179.25,0.2049,-1,-1,-1
177,6,227.70,575.28,68.35,211.89,0.6766,-1,-1,-1
177,8,515.99,250.38,74.14,243.87,0.3778,-1,-1,-1
177,27,752.57,261.40,56.53,198.57,0.3569,-1,-1,-1
177,21,936.65,123.49,77.95,173.45,0.3620,-1,-1,-1
178,1,416.48,231.09,74.71,215.91,0.6172,-1,-1,-1
178,2,100.14,547.04,72.24,245.08,0.6539,-1,-1,-1
178,3,1003.73,913.33,62.45,164.71,0.7206,-1,-1,-1
178,4,1721.33,460.08,73.83,207.75,0.5631,-1,-1,-1
178,5,1356.87,578.04,83.31,211.41,0.4804,-1,-1,-1
178,18,864.85,180.96,66.79,184.76,0.4978,-1,-1,-1
178,19,407.27,650.85,83.90,251.82,0.7857,-1,-1,-1
178,25,607.56,273.75,57.82,184.84,0.2612,-1,-1,-1
178,6,228.20,573.46,67.62,208.18,0.6069,-1,-1,-1
178,8,520.25,275.96,68.31,218.26,0.4454,-1,-1,-1
178,27,752.10,266.19,57.03,196.14,0.4084,-1,-1,-1
178,21,934.70,126.09,76.73,170.02,0.2855,-1,-1,-1
178,28,0.07,615.71,91.12,228.58,0.3779,-1,-1,-1
179,1,415.86,228.59,73.70,215.93,0.5930,-1,-1,-1
179,2,100.70,546.22,71.05,246.41,0.6507,-1,-1,-1
179,3,1002.67,913.58,60.78,164.66,0.7161,-1,-1,-1
179,4,1721.38,460.46,73.45,207.25,0.5469,-1,-1,-1
179,5,1357.01,577.61,83.81,216.92,0.5050,-1,-1,-1
179,18,865.87,180.33,67.00,184.04,0.4839,-1,-1,-1
179,19,407.60,648.61,84.61,249.99,0.7860,-1,-1,-1
179,25,607.25,276.88,58.13,189.78,0.3478,-1,-1,-1
179,6,227.90,571.50,68.16,207.50,0.6183,-1,-1,-1
179,8,522.02,290.23,65.21,203.39,0.4350,-1,-1,-1
179,27,751.10,270.26,58.33,194.38,0.4042,-1,-1,-1
179,21,934.49,125.98,74.85,169.09,0.3145,-1,-1,-1
179,28,-0.00,617.91,95.72,229.75,0.5217,-1,-1,-1
180,1,414.81,227.56,74.38,213.29,0.6236,-1,-1,-1
180,2,100.82,546.08,70.21,246.30,0.6557,-1,-1,-1
180,3,1000.97,913.38,60.05,165.17,0.7209,-1,-1,-1
180,4,1721.76,460.18,73.25,207.95,0.5274,-1,-1,-1
180,5,1357.42,577.19,82.38,212.77,0.5125,-1,-1,-1
180,18,866.96,180.80,67.53,184.29,0.5042,-1,-1,-1
180,19,408.89,647.71,85.48,248.79,0.7905,-1,-1,-1
180,25,607.27,277.98,57.81,193.12,0.3532,-1,-1,-1
180,6,229.01,570.07,68.02,207.07,0.5864,-1,-1,-1
180,8,524.83,293.83,61.98,202.21,0.5224,-1,-1,-1
180,27,750.54,272.87,59.15,193.05,0.4176,-1,-1,-1
180,21,938.34,124.21,67.97,169.70,0.2858,-1,-1,-1
180,28,0.57,618.17,85.23,223.22,0.5042,-1,-1,-1
181,1,414.69,227.10,74.05,210.71,0.5963,-1,-1,-1
181,2,100.85,545.50,69.85,247.79,0.6546,-1,-1,-1
181,3,998.74,914.32,59.75,164.68,0.7208,-1,-1,-1
181,4,1721.76,459.21,73.75,209.37,0.5129,-1,-1,-1
181,5,1357.36,577.39,83.44,214.89,0.4994,-1,-1,-1
181,18,868.51,179.17,67.27,184.10,0.5017,-1,-1,-1
181,19,409.60,646.30,87.19,248.91,0.7886,-1,-1,-1
181,25,607.11,278.79,58.49,200.05,0.3080,-1,-1,-1
181,6,229.84,569.02,68.44,205.84,0.5737,-1,-1,-1
181,8,526.94,299.31,59.53,199.48,0.5467,-1,-1,-1
181,27,750.91,273.96,57.98,192.84,0.4249,-1,-1,-1
181,21,937.17,123.48,68.35,171.75,0.2349,-1,-1,-1
181,28,0.85,617.76,79.88,223.83,0.4732,-1,-1,-1
182,1,414.90,226.60,74.05,208.58,0.5808,-1,-1,-1
182,2,101.03,545.70,69.52,247.32,0.6712,-1,-1,-1
182,3,996.94,915.70,58.54,163.05,0.7356,-1,-1,-1
182,4,1722.16,459.20,73.01,209.23,0.5284,-1,-1,-1
182,5,1357.36,576.66,84.08,222.41,0.4785,-1,-1,-1
182,18,867.79,177.71,71.14,185.73,0.5388,-1,-1,-1
182,19,409.06,645.10,89.54,249.99,0.7844,-1,-1,-1
182,25,606.95,279.14,60.42,204.36,0.2998,-1,-1,-1
182,6,231.35,567.60,65.59,203.93,0.5869,-1,-1,-1
182,8,526.36,297.78,60.20,199.81,0.4856,-1,-1,-1
182,27,751.15,275.28,57.73,193.42,0.3595,-1,-1,-1
182,21,940.67,122.66,65.03,174.91,0.2432,-1,-1,-1
182,28,1.32,618.69,98.36,234.99,0.6071,-1,-1,-1
183,1,416.14,228.03,72.89,206.53,0.5794,-1,-1,-1
183,2,101.15,545.90,69.28,247.76,0.6819,-1,-1,-1
183,3,995.66,916.22,58.20,162.21,0.7283,-1,-1,-1
183,4,1722.37,459.35,72.69,208.77,0.5237,-1,-1,-1
183,5,1357.37,576.87,84.60,223.26,0.4897,-1,-1,-1
183,18,868.05,176.78,72.33,186.90,0.5564,-1,-1,-1
183,19,408.57,643.61,92.12,251.39,0.7979,-1,-1,-1
183,25,607.14,280.00,59.56,209.72,0.3247,-1,-1,-1
183,6,231.15,566.22,66.05,204.86,0.5514,-1,-1,-1
183,8,524.16,296.30,63.58,204.84,0.4062,-1,-1,-1
183,27,749.94,276.71,60.10,194.17,0.3655,-1,-1,-1
183,21,939.88,121.90,64.53,176.84,0.1790,-1,-1,-1
183,28,3.03,621.35,102.15,237.49,0.6555,-1,-1,-1
184,1,416.71,227.64,73.14,206.77,0.5791,-1,-1,-1
184,2,100.85,545.90,68.92,248.05,0.6704,-1,-1,-1
184,3,994.65,917.70,57.83,161.48,0.7233,-1,-1,-1
184,4,1721.64,459.24,73.07,208.97,0.5334,-1,-1,-1
184,5,1357.52,576.57,84.81,224.59,0.4653,-1,-1,-1
184,18,868.14,176.59,72.70,187.25,0.5430,-1,-1,-1
184,19,408.96,642.24,93.27,252.48,0.7735,-1,-1,-1
184,25,607.54,279.55,60.48,212.34,0.3337,-1,-1,-1
184,6,231.99,565.35,65.41,208.05,0.5351,-1,-1,-1
184,8,521.67,253.40,66.87,251.28,0.3986,-1,-1,-1
184,27,750.09,278.65,60.49,192.91,0.3489,-1,-1,-1
184,21,934.85,120.19,63.12,175.74,0.1695,-1,-1,-1
184,28,6.43,622.43,99.21,235.29,0.6215,-1,-1,-1
185,1,416.03,227.22,73.77,207.08,0.5878,-1,-1,-1
185,2,100.31,546.13,68.65,247.33,0.6464,-1,-1,-1
185,3,993.20,918.34,58.29,160.04,0.7175,-1,-1,-1
185,4,1721.67,459.37,72.86,208.59,0.5027,-1,-1,-1
185,5,1357.72,575.97,84.16,221.04,0.4800,-1,-1,-1
185,18,867.92,177.36,74.41,188.37,0.5879,-1,-1,-1
185,19,408.63,642.30,94.80,252.42,0.7859,-1,-1,-1
185,25,607.41,285.80,59.77,208.42,0.3305,-1,-1,-1
185,6,232.19,564.99,65.92,209.41,0.5680,-1,-1,-1
185,8,521.49,276.17,66.16,229.62,0.4305,-1,-1,-1
185,27,750.43,280.36,62.01,191.92,0.3298,-1,-1,-1
185,28,12.12,622.16,94.95,234.30,0.6221,-1,-1,-1
186,1,415.73,226.70,74.13,207.23,0.5963,-1,-1,-1
186,2,99.78,546.48,68.98,246.54,0.6452,-1,-1,-1
186,3,992.01,918.50,57.90,160.18,0.7341,-1,-1,-1
186,4,1721.83,459.15,72.65,208.74,0.5033,-1,-1,-1
186,5,1357.39,574.83,84.22,224.09,0.4939,-1,-1,-1
186,18,867.83,176.18,74.51,190.42,0.5612,-1,-1,-1
186,19,408.80,640.91,94.75,254.25,0.7943,-1,-1,-1
186,25,607.76,285.25,59.50,207.96,0.3588,-1,-1,-1
186,6,230.94,564.76,66.59,208.47,0.5833,-1,-1,-1
186,8,523.28,293.73,62.29,210.29,0.4266,-1,-1,-1
186,27,753.01,281.69,61.03,191.53,0.2401,-1,-1,-1
186,28,15.75,620.19,94.51,235.81,0.6575,-1,-1,-1
187,1,415.90,225.36,74.24,209.04,0.6014,-1,-1,-1
187,2,98.37,546.56,70.35,244.19,0.6377,-1,-1,-1
187,3,989.79,918.95,59.50,159.54,0.7347,-1,-1,-1
187,4,1721.83,459.53,72.53,208.17,0.4952,-1,-1,-1
187,5,1357.54,573.73,84.10,224.82,0.5044,-1,-1,-1
187,18,867.58,176.19,75.01,191.30,0.5617,-1,-1,-1
187,19,408.74,639.17,94.80,255.66,0.7812,-1,-1,-1
187,25,607.50,287.17,59.93,203.64,0.3475,-1,-1,-1
187,6,229.80,563.96,67.16,209.29,0.6350,-1,-1,-1
187,8,525.15,299.34,60.13,207.07,0.5400,-1,-1,-1
187,27,752.72,281.21,63.65,192.30,0.2527,-1,-1,-1
187,28,21.23,620.13,96.60,239.04,0.6872,-1,-1,-1
188,1,415.97,225.68,74.47,207.72,0.5946,-1,-1,-1
188,2,97.19,546.29,71.27,242.33,0.5923,-1,-1,-1
188,3,988.66,919.27,60.16,159.23,0.7218,-1,-1,-1
188,4,1721.46,460.07,73.15,207.50,0.5075,-1,-1,-1
188,5,1357.71,572.73,84.00,225.90,0.4594,-1,-1,-1
188,18,868.18,176.99,74.83,187.12,0.4322,-1,-1,-1
188,19,410.07,637.44,93.24,256.18,0.7685,-1,-1,-1
188,25,606.67,288.91,59.84,201.41,0.3350,-1,-1,-1
188,6,228.71,562.02,68.12,210.91,0.6183,-1,-1,-1
188,8,524.28,300.19,61.55,207.39,0.5397,-1,-1,-1
188,27,752.51,281.33,62.81,192.08,0.3160,-1,-1,-1
188,28,23.31,619.12,102.34,240.52,0.7143,-1,-1,-1
189,1,416.01,224.63,74.31,207.65,0.5819,-1,-1,-1
189,2,95.58,546.47,70.85,239.07,0.5354,-1,-1,-1
189,3,987.43,919.78,59.82,158.85,0.7122,-1,-1,-1
189,4,1721.02,460.55,73.55,207.37,0.4816,-1,-1,-1
189,5,1357.87,572.63,82.47,220.82,0.4582,-1,-1,-1
189,18,867.38,177.04,77.83,186.45,0.4621,-1,-1,-1
189,19,409.92,634.35,92.67,258.11,0.7985,-1,-1,-1
189,25,605.84,297.24,59.54,193.70,0.3508,-1,-1,-1
189,6,229.30,558.43,65.91,209.77,0.5553,-1,-1,-1
189,8,523.55,303.62,62.47,206.68,0.5648,-1,-1,-1
189,27,753.10,281.51,63.46,190.62,0.2513,-1,-1,-1
189,28,24.50,619.56,107.99,241.95,0.6902,-1,-1,-1
190,1,416.74,224.26,73.81,207.46,0.5687,-1,-1,-1
190,2,94.13,546.42,71.30,233.03,0.4935,-1,-1,-1
190,3,986.33,920.67,59.49,157.65,0.7264,-1,-1,-1
190,4,1721.31,459.30,73.42,208.59,0.4643,-1,-1,-1
190,5,1357.80,572.27,81.83,218.99,0.4494,-1,-1,-1
190,18,867.40,178.31,80.90,185.03,0.5122,-1,-1,-1
190,19,411.45,633.44,89.41,256.70,0.7853,-1,-1,-1
190,25,605.35,297.35,59.97,194.89,0.3469,-1,-1,-1
190,6,229.63,555.47,64.75,207.92,0.5731,-1,-1,-1
190,8,522.65,303.44,64.38,208.86,0.5938,-1,-1,-1
190,27,753.26,281.51,61.76,190.61,0.2649,-1,-1,-1
190,28,27.19,621.12,111.90,244.95,0.6737,-1,-1,-1
191,1,417.43,223.13,73.72,207.55,0.5656,-1,-1,-1
191,2,95.33,545.80,69.17,199.70,0.5734,-1,-1,-1
191,3,985.28,921.71,59.30,155.83,0.7426,-1,-1,-1
191,4,1720.59,459.56,74.25,208.45,0.4924,-1,-1,-1
191,5,1357.89,571.62,85.27,227.75,0.4815,-1,-1,-1
191,18,869.37,175.66,79.52,185.43,0.4829,-1,-1,-1
191,19,411.98,630.74,87.18,255.73,0.7833,-1,-1,-1
191,25,604.74,302.64,60.25,190.61,0.3196,-1,-1,-1
191,6,229.65,552.15,63.59,206.33,0.5918,-1,-1,-1
191,8,522.31,303.53,65.73,210.11,0.5484,-1,-1,-1
191,27,753.26,282.40,59.77,190.61,0.2409,-1,-1,-1
191,28,29.61,622.19,118.61,248.93,0.6087,-1,-1,-1
192,1,418.29,222.79,73.66,207.67,0.5437,-1,-1,-1
192,2,95.43,545.17,68.86,186.33,0.5979,-1,-1,-1
192,3,984.47,922.55,58.60,154.73,0.7447,-1,-1,-1
192,4,1720.49,459.83,74.35,207.83,0.5382,-1,-1,-1
192,5,1357.54,571.01,85.55,225.18,0.4981,-1,-1,-1
192,18,871.41,173.36,78.07,185.72,0.5071,-1,-1,-1
192,19,412.38,626.20,85.49,253.08,0.7717,-1,-1,-1
192,25,603.88,305.64,60.22,187.57,0.3872,-1,-1,-1
192,6,228.62,550.31,64.79,204.96,0.6324,-1,-1,-1
192,8,522.42,304.88,66.19,209.01,0.5989,-1,-1,-1
192,27,753.31,282.99,59.12,191.30,0.2878,-1,-1,-1
192,28,32.62,624.81,121.05,251.24,0.5943,-1,-1,-1
193,1,418.01,221.29,74.37,208.35,0.5236,-1,-1,-1
193,2,94.88,545.06,68.69,180.10,0.5867,-1,-1,-1
193,3,983.91,922.36,57.68,155.23,0.7164,-1,-1,-1
193,4,1720.62,459.54,74.06,207.61,0.5201,-1,-1,-1
193,5,1357.53,570.68,85.68,228.30,0.4933,-1,-1,-1
193,18,874.20,172.85,75.57,184.91,0.4296,-1,-1,-1
193,19,412.60,622.56,84.05,249.58,0.7896,-1,-1,-1
193,25,602.84,307.76,60.65,186.13,0.3524,-1,-1,-1
193,6,228.54,547.29,64.77,206.32,0.6395,-1,-1,-1
193,8,521.55,307.82,67.29,206.11,0.5524,-1,-1,-1
193,27,752.89,284.43,60.18,194.72,0.2213,-1,-1,-1
193,28,36.78,628.35,116.70,247.92,0.5098,-1,-1,-1
194,1,418.09,221.52,75.21,207.02,0.5100,-1,-1,-1
194,2,93.64,544.78,69.88,175.60,0.6222,-1,-1,-1
194,3,982.03,921.99,59.32,156.01,0.7386,-1,-1,-1
194,4,1720.71,459.84,73.98,207.57,0.5017,-1,-1,-1
194,5,1357.03,570.46,85.56,230.31,0.4713,-1,-1,-1
194,18,875.49,172.80,74.79,182.66,0.3923,-1,-1,-1
194,19,413.41,619.16,80.85,248.23,0.7743,-1,-1,-1
194,25,602.06,308.55,60.36,186.29,0.3650,-1,-1,-1
194,6,228.38,545.64,64.68,205.73,0.6429,-1,-1,-1
194,8,520.30,308.94,68.34,205.42,0.5770,-1,-1,-1
194,27,752.84,288.76,58.76,192.23,0.2538,-1,-1,-1
194,28,40.62,631.16,113.70,243.72,0.5885,-1,-1,-1
195,1,418.59,219.59,75.16,209.57,0.5585,-1,-1,-1
195,2,93.18,544.57,69.98,174.44,0.6015,-1,-1,-1
195,3,981.83,922.25,58.84,155.77,0.7299,-1,-1,-1
195,4,1720.95,459.53,73.80,208.12,0.5215,-1,-1,-1
195,5,1356.92,570.16,84.60,222.50,0.5590,-1,-1,-1
195,18,877.66,170.57,73.02,179.46,0.3666,-1,-1,-1
195,19,413.20,617.32,80.40,247.28,0.7846,-1,-1,-1
195,25,601.32,309.47,60.63,184.90,0.4301,-1,-1,-1
195,6,228.46,544.33,63.66,207.23,0.6471,-1,-1,-1
195,8,517.89,309.00,70.92,206.61,0.6708,-1,-1,-1
195,27,752.60,289.83,60.94,192.27,0.2799,-1,-1,-1
195,28,42.88,633.40,111.78,237.32,0.6656,-1,-1,-1
196,1,419.57,218.00,73.88,209.75,0.5386,-1,-1,-1
196,2,93.17,544.30,69.23,174.81,0.5414,-1,-1,-1
196,3,980.29,921.92,60.60,156.48,0.7311,-1,-1,-1
196,4,1720.80,458.71,73.44,209.49,0.5037,-1,-1,-1
196,5,1356.61,571.26,84.43,220.31,0.5213,-1,-1,-1
196,18,880.64,169.40,69.36,176.94,0.4262,-1,-1,-1
196,19,410.04,614.27,83.21,248.15,0.7515,-1,-1,-1
196,25,601.30,311.20,60.93,182.85,0.4007,-1,-1,-1
196,6,227.33,543.85,63.68,207.22,0.6475,-1,-1,-1
196,8,517.75,310.60,71.41,206.93,0.6012,-1,-1,-1
196,27,752.73,291.27,62.17,191.27,0.3690,-1,-1,-1
196,28,46.13,635.86,109.04,241.82,0.6668,-1,-1,-1
197,1,419.39,216.55,75.59,209.44,0.5739,-1,-1,-1
197,2,93.85,544.05,67.56,171.07,0.5280,-1,-1,-1
197,3,977.91,922.05,62.72,156.49,0.7374,-1,-1,-1
197,4,1721.25,458.79,73.37,209.51,0.5006,-1,-1,-1
197,5,1356.52,571.41,84.18,218.69,0.5401,-1,-1,-1
197,18,882.24,168.35,67.07,176.32,0.4546,-1,-1,-1
197,19,406.23,611.20,86.22,249.34,0.7413,-1,-1,-1
197,25,601.00,311.84,61.02,182.45,0.4319,-1,-1,-1
197,6,226.49,543.24,63.96,208.79,0.6860,-1,-1,-1
197,8,515.75,308.45,73.62,210.73,0.6745,-1,-1,-1
197,27,753.19,293.27,61.35,189.02,0.3260,-1,-1,-1
197,28,50.56,638.92,108.73,246.71,0.6736,-1,-1,-1
198,1,420.36,215.35,75.70,208.73,0.5656,-1,-1,-1
198,2,95.40,543.85,65.29,169.72,0.5198,-1,-1,-1
198,3,976.43,921.47,62.30,157.26,0.7018,-1,-1,-1
198,4,1721.06,458.96,73.48,208.85,0.4964,-1,-1,-1
198,5,1356.52,571.69,84.70,218.97,0.5586,-1,-1,-1
198,18,885.05,161.45,64.48,182.70,0.4296,-1,-1,-1
198,19,402.30,610.46,89.18,250.74,0.7492,-1,-1,-1
198,25,600.83,312.73,60.78,182.24,0.4362,-1,-1,-1
198,6,226.11,542.33,64.52,209.65,0.6939,-1,-1,-1
198,8,515.50,311.57,73.42,210.54,0.6261,-1,-1,-1
198,27,754.11,294.65,62.71,189.53,0.3059,-1,-1,-1
198,28,54.59,641.62,107.95,247.50,0.6953,-1,-1,-1
199,1,419.57,214.29,76.78,206.44,0.5663,-1,-1,-1
199,2,95.64,544.26,64.59,169.73,0.5182,-1,-1,-1
199,3,974.02,921.39,63.90,157.45,0.7289,-1,-1,-1
199,4,1720.88,458.79,73.26,209.08,0.5286,-1,-1,-1
199,5,1355.45,571.11,85.68,221.56,0.5205,-1,-1,-1
199,18,885.74,158.03,65.51,186.05,0.3958,-1,-1,-1
199,19,399.30,609.90,91.88,252.51,0.7422,-1,-1,-1
199,25,601.18,313.83,60.15,180.23,0.4473,-1,-1,-1
199,6,226.24,542.51,64.44,209.19,0.7028,-1,-1,-1
199,8,515.92,314.44,72.52,210.15,0.6018,-1,-1,-1
199,27,752.23,295.69,63.33,192.63,0.2806,-1,-1,-1
199,28,57.27,644.02,107.44,247.98,0.7226,-1,-1,-1
200,1,419.19,212.56,77.43,205.70,0.5739,-1,-1,-1
200,2,95.66,543.87,64.26,166.50,0.5372,-1,-1,-1
200,3,972.53,920.61,63.87,157.68,0.7147,-1,-1,-1
200,4,1720.96,458.72,72.83,208.79,0.5340,-1,-1,-1
200,5,1355.82,571.27,83.29,218.31,0.5400,-1,-1,-1
200,18,885.34,158.72,67.55,186.82,0.4004,-1,-1,-1
200,19,397.79,609.37,92.32,252.29,0.7471,-1,-1,-1
200,25,601.48,315.26,59.97,178.71,0.4225,-1,-1,-1
200,6,226.01,541.95,63.65,208.70,0.7167,-1,-1,-1
200,8,517.30,317.83,69.64,209.47,0.5842,-1,-1,-1
200,27,751.76,296.12,63.52,194.37,0.3102,-1,-1,-1
200,28,60.26,648.06,104.15,245.01,0.7122,-1,-1,-1
201,1,419.36,211.41,78.64,206.02,0.5669,-1,-1,-1
201,2,94.92,543.90,64.42,165.67,0.4987,-1,-1,-1
201,3,971.68,920.07,63.28,158.01,0.7218,-1,-1,-1
201,4,1720.95,458.31,72.69,209.05,0.5539,-1,-1,-1
201,5,1355.73,571.05,82.21,219.26,0.5451,-1,-1,-1
201,18,886.22,158.31,69.37,187.17,0.4226,-1,-1,-1
201,19,395.92,608.91,93.28,252.22,0.7428,-1,-1,-1
201,25,601.84,318.15,58.72,173.84,0.4311,-1,-1,-1
201,6,226.11,541.16,63.00,209.04,0.7041,-1,-1,-1
201,8,516.46,318.92,70.36,212.03,0.5941,-1,-1,-1
201,27,752.31,296.81,63.84,195.36,0.2938,-1,-1,-1
201,28,64.43,653.16,99.42,240.56,0.7342,-1,-1,-1
202,1,419.52,210.25,79.60,205.54,0.5610,-1,-1,-1
202,2,96.42,543.10,62.84,156.85,0.4446,-1,-1,-1
202,3,970.92,919.53,62.44,158.72,0.7279,-1,-1,-1
202,4,1721.34,458.34,72.63,209.50,0.5819,-1,-1,-1
202,5,1355.32,571.06,81.47,216.66,0.5172,-1,-1,-1
202,18,887.86,157.69,70.33,185.99,0.4323,-1,-1,-1
202,19,395.93,608.33,92.70,250.86,0.7354,-1,-1,-1
202,25,601.94,321.98,57.81,168.98,0.4481,-1,-1,-1
202,6,225.44,539.98,63.58,210.30,0.7057,-1,-1,-1
202,8,516.17,318.51,71.74,214.75,0.6122,-1,-1,-1
202,27,754.71,298.22,60.38,196.18,0.2839,-1,-1,-1
202,28,66.99,656.03,96.35,237.71,0.7427,-1,-1,-1
203,1,420.82,208.97,78.81,206.45,0.4910,-1,-1,-1
203,2,97.07,542.98,61.34,152.20,0.3301,-1,-1,-1
203,3,970.27,919.00,62.94,159.03,0.7357,-1,-1,-1
203,4,1721.02,458.30,72.98,209.60,0.5910,-1,-1,-1
203,5,1356.13,571.95,81.22,212.43,0.5458,-1,-1,-1
203,18,887.77,156.59,70.78,186.32,0.4726,-1,-1,-1
203,19,394.99,606.98,92.25,249.20,0.7339,-1,-1,-1
203,25,602.02,322.85,57.45,167.37,0.4457,-1,-1,-1
203,6,223.80,537.81,64.88,211.63,0.6996,-1,-1,-1
203,8,515.90,318.52,72.22,215.95,0.5676,-1,-1,-1
203,27,755.50,299.12,59.37,195.34,0.2681,-1,-1,-1
203,28,69.13,657.71,95.21,235.38,0.6964,-1,-1,-1
203,32,1154.29,138.47,56.26,183.63,0.3753,-1,-1,-1
204,1,422.88,208.48,77.54,206.69,0.4480,-1,-1,-1
204,2,97.34,543.21,60.57,149.18,0.3513,-1,-1,-1
204,3,968.45,916.85,63.12,161.06,0.7307,-1,-1,-1
204,4,1721.04,458.81,73.13,209.24,0.5781,-1,-1,-1
204,5,1356.59,571.62,82.35,213.48,0.5603,-1,-1,-1
204,18,887.68,156.56,71.55,186.20,0.5037,-1,-1,-1
204,19,396.16,603.31,90.18,249.93,0.7216,-1,-1,-1
204,25,602.46,324.63,57.00,166.82,0.3988,-1,-1,-1
204,6,223.08,535.58,64.71,211.29,0.6727,-1,-1,-1
204,8,513.51,318.36,73.85,217.97,0.5869,-1,-1,-1
204,27,756.08,299.39,58.73,196.08,0.2726,-1,-1,-1
204,28,70.56,658.82,95.23,233.49,0.6856,-1,-1,-1
204,32,1153.48,140.60,54.55,180.17,0.3813,-1,-1,-1
205,1,423.96,208.20,77.48,206.95,0.4663,-1,-1,-1
205,2,97.31,542.79,60.17,146.23,0.3398,-1,-1,-1
205,3,967.20,915.71,62.58,162.37,0.7310,-1,-1,-1
205,4,1720.46,458.73,73.85,209.80,0.5665,-1,-1,-1
205,5,1356.34,571.61,82.57,214.31,0.5317,-1,-1,-1
205,18,888.76,155.36,69.84,187.22,0.4669,-1,-1,-1
205,19,394.65,600.26,90.83,251.17,0.7193,-1,-1,-1
205,25,603.52,325.05,56.19,167.02,0.3882,-1,-1,-1
205,6,220.93,531.93,65.85,210.41,0.6652,-1,-1,-1
205,8,514.06,318.45,73.92,218.35,0.5049,-1,-1,-1
205,27,756.37,299.79,59.15,196.00,0.3386,-1,-1,-1
205,28,71.52,657.87,97.54,234.34,0.7375,-1,-1,-1
205,32,1151.90,139.52,54.97,180.99,0.3937,-1,-1,-1
206,1,423.43,205.90,78.73,208.01,0.5126,-1,-1,-1
206,2,97.34,542.87,60.89,145.54,0.3889,-1,-1,-1
206,3,965.51,914.97,62.90,162.94,0.7458,-1,-1,-1
206,4,1720.34,458.93,74.38,209.64,0.5679,-1,-1,-1
206,5,1355.69,571.40,82.24,215.19,0.5380,-1,-1,-1
206,18,890.35,155.62,68.81,185.09,0.5184,-1,-1,-1
206,19,395.28,597.93,89.13,251.96,0.7334,-1,-1,-1
206,25,604.00,325.27,55.88,166.65,0.4112,-1,-1,-1
206,6,221.00,529.31,64.33,205.00,0.6692,-1,-1,-1
206,8,513.07,319.57,74.83,218.11,0.5080,-1,-1,-1
206,27,757.95,299.72,58.32,195.93,0.3774,-1,-1,-1
206,28,75.04,657.47,97.88,234.46,0.7627,-1,-1,-1
206,32,1150.18,138.28,55.18,182.09,0.4033,-1,-1,-1
206,34,0.49,601.05,76.74,237.91,0.4629,-1,-1,-1
207,1,423.31,205.11,79.46,207.42,0.4888,-1,-1,-1
207,2,97.95,543.22,60.84,146.19,0.4421,-1,-1,-1
207,3,964.25,913.60,62.56,164.43,0.7476,-1,-1,-1
207,4,1720.59,458.90,73.92,209.01,0.5735,-1,-1,-1
207,5,1356.87,570.90,80.70,213.84,0.4978,-1,-1,-1
207,18,890.96,154.48,70.71,188.68,0.5108,-1,-1,-1
207,19,395.89,596.34,87.65,248.41,0.7456,-1,-1,-1
207,25,604.09,325.59,55.96,167.17,0.4119,-1,-1,-1
207,6,221.50,526.94,63.10,202.52,0.6494,-1,-1,-1
207,8,511.52,319.90,75.49,217.44,0.5340,-1,-1,-1
207,27,758.92,299.09,58.13,195.57,0.3295,-1,-1,-1
207,28,79.78,659.07,102.13,235.45,0.7234,-1,-1,-1
207,32,1147.60,137.58,55.34,183.13,0.3709,-1,-1,-1
207,34,0.45,607.70,81.70,231.65,0.2663,-1,-1,-1
208,1,424.19,205.71,78.47,207.68,0.4770,-1,-1,-1
208,2,98.24,543.54,61.15,146.63,0.3912,-1,-1,-1
208,3,961.99,912.78,63.42,165.58,0.7408,-1,-1,-1
208,4,1721.19,458.77,73.41,209.58,0.5807,-1,-1,-1
208,5,1357.30,570.52,80.14,213.98,0.5151,-1,-1,-1
208,18,892.60,152.97,69.16,190.75,0.4737,-1,-1,-1
208,19,397.47,593.72,85.42,245.52,0.7482,-1,-1,-1
208,25,603.40,324.98,56.66,167.00,0.4062,-1,-1,-1
208,6,220.41,524.96,64.07,202.39,0.6129,-1,-1,-1
208,8,509.23,322.78,76.07,213.90,0.5138,-1,-1,-1
208,27,758.67,298.95,58.76,195.82,0.3509,-1,-1,-1
208,28,84.08,660.45,106.61,239.38,0.7345,-1,-1,-1
208,32,1144.93,136.97,55.95,183.77,0.3935,-1,-1,-1
208,34,0.84,606.93,85.34,233.27,0.3637,-1,-1,-1
209,1,425.16,205.82,77.63,208.62,0.4398,-1,-1,-1
209,2,98.78,544.87,61.33,148.28,0.3752,-1,-1,-1
209,3,960.95,912.43,62.24,166.14,0.7305,-1,-1,-1
209,4,1721.50,457.88,73.05,210.30,0.5548,-1,-1,-1
209,5,1357.39,570.69,78.25,214.94,0.4956,-1,-1,-1
209,18,893.72,151.69,68.68,190.11,0.4535,-1,-1,-1
209,19,398.66,591.22,83.01,241.75,0.7519,-1,-1,-1
209,25,602.31,324.53,57.08,167.97,0.3730,-1,-1,-1
209,6,220.31,523.24,63.70,202.26,0.6256,-1,-1,-1
209,8,508.55,323.59,75.27,213.09,0.5572,-1,-1,-1
209,27,758.82,300.91,59.20,195.23,0.3531,-1,-1,-1
209,28,86.64,664.37,112.33,239.78,0.7617,-1,-1,-1
209,32,1142.44,137.52,56.75,182.45,0.3426,-1,-1,-1
209,34,0.95,606.78,85.29,235.26,0.5766,-1,-1,-1
210,1,425.46,205.33,76.81,209.71,0.4219,-1,-1,-1
210,2,99.66,543.71,61.03,150.29,0.3845,-1,-1,-1
210,3,958.45,912.05,63.02,166.95,0.7292,-1,-1,-1
210,4,1721.30,458.08,73.21,210.40,0.5698,-1,-1,-1
210,5,1357.14,570.85,78.29,214.99,0.5190,-1,-1,-1
210,18,894.40,150.95,67.83,189.75,0.4767,-1,-1,-1
210,19,400.06,589.80,81.10,238.65,0.7551,-1,-1,-1
210,25,602.09,323.69,57.38,175.26,0.3335,-1,-1,-1
210,6,219.30,522.12,64.79,203.15,0.6205,-1,-1,-1
210,8,508.23,324.00,74.17,213.27,0.5971,-1,-1,-1
210,27,759.64,303.70,60.45,195.89,0.3198,-1,-1,-1
210,28,86.63,666.72,118.05,240.35,0.7543,-1,-1,-1
210,32,1141.03,137.61,56.49,181.83,0.3409,-1,-1,-1
210,34,1.37,607.36,86.51,234.18,0.5913,-1,-1,-1
211,1,426.60,204.87,76.29,209.71,0.4367,-1,-1,-1
211,2,100.04,543.62,62.29,151.93,0.3776,-1,-1,-1
211,3,956.05,912.09,64.00,166.65,0.7376,-1,-1,-1
211,4,1720.99,458.81,73.47,208.63,0.5500,-1,-1,-1
211,5,1356.50,570.39,78.24,218.21,0.5124,-1,-1,-1
211,18,895.03,150.26,68.67,186.99,0.4973,-1,-1,-1
211,19,400.72,587.22,79.91,238.18,0.7515,-1,-1,-1
211,25,601.16,324.89,59.00,179.19,0.2912,-1,-1,-1
211,6,217.96,520.75,65.46,204.38,0.5994,-1,-1,-1
211,8,508.06,324.18,73.25,212.02,0.5998,-1,-1,-1
211,27,759.00,305.44,63.31,197.53,0.3100,-1,-1,-1
211,28,91.14,668.76,115.86,241.12,0.7521,-1,-1,-1
211,32,1138.88,137.59,56.63,182.41,0.3332,-1,-1,-1
211,34,0.90,611.20,88.80,230.12,0.5870,-1,-1,-1
212,1,426.27,203.59,77.01,210.06,0.4024,-1,-1,-1
212,2,101.03,543.88,62.91,156.02,0.4590,-1,-1,-1
212,3,954.15,911.14,64.58,168.48,0.7329,-1,-1,-1
212,4,1720.70,459.23,73.99,209.39,0.5753,-1,-1,-1
212,5,1356.42,570.82,78.12,219.24,0.5009,-1,-1,-1
212,18,897.46,148.12,68.03,184.54,0.4892,-1,-1,-1
212,19,400.18,585.28,80.89,238.59,0.7133,-1,-1,-1
212,25,600.24,326.85,60.87,178.67,0.2731,-1,-1,-1
212,6,216.76,519.56,65.92,205.46,0.6211,-1,-1,-1
212,8,507.46,325.47,72.67,210.86,0.5918,-1,-1,-1
212,27,757.76,305.36,65.75,196.50,0.2972,-1,-1,-1
212,28,96.65,670.26,111.37,243.64,0.7423,-1,-1,-1
212,32,1137.31,137.66,57.06,182.43,0.2957,-1,-1,-1
212,34,12.16,610.64,85.59,232.94,0.5596,-1,-1,-1
213,1,426.04,202.11,77.22,210.20,0.4076,-1,-1,-1
213,2,101.58,543.94,63.51,167.43,0.4890,-1,-1,-1
213,3,951.97,910.12,65.02,169.78,0.7463,-1,-1,-1
213,4,1720.61,459.09,74.46,209.76,0.5666,-1,-1,-1
213,5,1356.04,570.60,78.45,220.78,0.5398,-1,-1,-1
213,18,899.05,145.54,67.41,183.94,0.5013,-1,-1,-1
213,19,400.15,582.85,81.62,241.01,0.7104,-1,-1,-1
213,25,600.39,327.74,60.61,184.47,0.3035,-1,-1,-1
213,6,215.90,518.83,65.79,204.68,0.6150,-1,-1,-1
213,8,507.46,326.04,71.47,211.23,0.6299,-1,-1,-1
213,27,758.15,309.16,66.99,194.98,0.2898,-1,-1,-1
213,28,100.32,669.99,108.29,248.06,0.7477,-1,-1,-1
213,32,1133.51,137.15,59.61,182.49,0.2762,-1,-1,-1
213,34,21.97,610.51,79.74,233.79,0.5290,-1,-1,-1
214,1,425.88,201.33,76.35,210.40,0.3946,-1,-1,-1
214,2,101.63,545.92,65.33,171.93,0.4908,-1,-1,-1
214,3,951.10,908.96,64.45,171.05,0.7357,-1,-1,-1
214,4,1721.24,459.39,73.85,207.98,0.5645,-1,-1,-1
214,5,1355.49,571.07,78.51,218.74,0.5271,-1,-1,-1
214,18,900.78,142.56,66.50,185.20,0.4662,-1,-1,-1
214,19,399.37,580.26,84.20,243.50,0.6935,-1,-1,-1
214,25,600.62,330.49,59.67,191.87,0.3601,-1,-1,-1
214,6,215.73,518.42,65.91,203.60,0.5915,-1,-1,-1
214,8,508.21,325.23,71.58,211.25,0.7047,-1,-1,-1
214,27,755.53,310.27,71.82,194.16,0.2895,-1,-1,-1
214,28,105.30,667.75,104.16,252.69,0.7556,-1,-1,-1
214,32,1131.18,136.20,59.11,181.50,0.2832,-1,-1,-1
214,34,32.55,613.09,70.85,232.81,0.5563,-1,-1,-1
215,1,426.80,200.61,75.27,209.66,0.3774,-1,-1,-1
215,2,101.88,547.46,67.49,171.68,0.4498,-1,-1,-1
215,3,949.79,908.86,63.58,171.19,0.7452,-1,-1,-1
215,4,1721.39,459.60,73.73,207.68,0.5782,-1,-1,-1
215,5,1356.04,571.50,78.37,216.08,0.5403,-1,-1,-1
215,18,901.75,141.82,66.29,185.52,0.4448,-1,-1,-1
215,19,398.69,578.67,86.44,244.91,0.7152,-1,-1,-1
215,25,600.64,332.49,60.98,197.63,0.3784,-1,-1,-1
215,6,215.78,517.56,65.47,203.69,0.5843,-1,-1,-1
215,8,508.70,325.43,71.05,213.19,0.6742,-1,-1,-1
215,27,757.82,312.14,71.33,192.44,0.3765,-1,-1,-1
215,28,110.43,666.04,98.76,256.31,0.7662,-1,-1,-1
215,32,1129.62,135.18,58.25,182.58,0.2962,-1,-1,-1
215,34,40.71,612.98,70.82,234.77,0.5209,-1,-1,-1
216,1,426.96,201.07,74.32,205.38,0.3520,-1,-1,-1
216,2,102.28,547.81,69.42,172.91,0.4643,-1,-1,-1
216,3,949.35,908.88,62.69,171.15,0.7376,-1,-1,-1
216,4,1721.62,459.06,73.19,208.58,0.5417,-1,-1,-1
216,5,1355.88,571.18,79.31,217.47,0.5404,-1,-1,-1
216,18,901.96,140.79,66.23,186.22,0.5114,-1,-1,-1
216,19,399.18,577.96,87.28,245.91,0.7187,-1,-1,-1
216,25,599.82,333.27,62.74,199.97,0.3830,-1,-1,-1
216,6,215.02,516.68,65.29,201.97,0.5842,-1,-1,-1
216,8,508.36,326.90,70.63,215.56,0.6221,-1,-1,-1
216,27,756.59,313.56,73.05,192.17,0.3829,-1,-1,-1
216,28,114.73,664.13,94.06,259.08,0.7806,-1,-1,-1
216,32,1128.40,133.33,57.37,184.34,0.3453,-1,-1,-1
216,34,45.27,611.76,70.87,238.88,0.6183,-1,-1,-1
217,1,427.02,199.66,73.29,203.67,0.3484,-1,-1,-1
217,2,102.19,548.81,68.63,172.12,0.3979,-1,-1,-1
217,3,949.17,908.70,61.46,171.37,0.7374,-1,-1,-1
217,4,1721.28,459.05,73.47,208.86,0.5315,-1,-1,-1
217,5,1355.21,571.54,81.13,218.20,0.5258,-1,-1,-1
217,18,901.72,140.55,67.18,185.49,0.4604,-1,-1,-1
217,19,398.95,576.77,88.69,246.58,0.7099,-1,-1,-1
217,25,600.55,336.15,60.13,200.66,0.3870,-1,-1,-1
217,6,217.26,515.77,62.00,203.45,0.5800,-1,-1,-1
217,8,508.75,328.99,69.88,217.26,0.5991,-1,-1,-1
217,27,756.43,315.23,75.01,190.62,0.3677,-1,-1,-1
217,28,115.50,663.45,93.75,259.90,0.7908,-1,-1,-1
217,32,1127.87,131.22,55.75,187.00,0.2889,-1,-1,-1
217,34,49.51,613.41,72.96,239.48,0.6280,-1,-1,-1
218,1,426.75,198.72,74.23,201.75,0.3752,-1,-1,-1
218,2,102.66,548.59,68.63,148.77,0.3216,-1,-1,-1
218,3,946.94,908.29,63.09,171.78,0.7344,-1,-1,-1
218,4,1721.46,459.25,73.21,209.36,0.5225,-1,-1,-1
218,5,1354.99,571.39,81.04,218.68,0.4938,-1,-1,-1
218,18,901.89,140.75,67.07,183.90,0.3776,-1,-1,-1
218,19,398.47,576.18,89.86,246.48,0.7189,-1,-1,-1
218,25,599.34,339.22,60.11,199.26,0.4311,-1,-1,-1
218,6,218.69,514.22,58.96,205.33,0.5482,-1,-1,-1
218,8,509.64,330.15,68.23,219.49,0.6173,-1,-1,-1
218,27,759.57,315.26,71.57,192.01,0.3127,-1,-1,-1
218,28,118.61,664.07,92.53,258.97,0.7803,-1,-1,-1
218,32,1126.02,129.66,56.29,188.07,0.2834,-1,-1,-1
218,34,53.39,616.86,80.20,237.74,0.4969,-1,-1,-1
219,1,427.72,197.06,73.53,199.52,0.3551,-1,-1,-1
219,2,101.33,548.95,71.05,137.07,0.3710,-1,-1,-1
219,3,943.66,907.40,65.52,172.52,0.7538,-1,-1,-1
219,4,1721.31,458.96,73.18,209.84,0.5485,-1,-1,-1
219,5,1354.90,571.76,81.28,217.42,0.5037,-1,-1,-1
219,18,900.86,140.34,69.01,186.46,0.4737,-1,-1,-1
219,19,399.31,574.98,88.78,245.74,0.6946,-1,-1,-1
219,25,598.34,341.26,59.77,199.60,0.4980,-1,-1,-1
219,6,217.40,511.87,58.45,203.50,0.5354,-1,-1,-1
219,8,510.47,331.56,66.90,220.06,0.6280,-1,-1,-1
219,27,758.92,315.76,72.57,190.98,0.2996,-1,-1,-1
219,28,121.92,663.07,90.97,258.56,0.7718,-1,-1,-1
219,32,1124.97,128.33,56.25,189.33,0.3216,-1,-1,-1
219,34,56.87,623.39,82.08,228.40,0.5830,-1,-1,-1
220,1,428.18,196.55,72.41,198.59,0.3742,-1,-1,-1
220,2,96.82,549.69,76.00,134.54,0.3996,-1,-1,-1
220,3,941.40,905.97,67.35,174.05,0.7481,-1,-1,-1
220,4,1721.31,459.01,73.41,209.39,0.5642,-1,-1,-1
220,5,1354.60,571.10,82.65,218.29,0.5130,-1,-1,-1
220,18,899.52,140.82,71.56,187.43,0.5145,-1,-1,-1
220,19,398.52,572.48,88.67,246.88,0.7156,-1,-1,-1
220,25,598.16,342.27,58.76,200.48,0.5147,-1,-1,-1
220,6,215.15,508.30,58.66,202.28,0.5506,-1,-1,-1
220,8,510.50,333.97,65.65,218.43,0.6369,-1,-1,-1
220,27,758.71,317.33,74.82,189.57,0.3103,-1,-1,-1
220,28,123.58,665.29,94.34,253.09,0.7425,-1,-1,-1
220,32,1123.79,126.98,56.23,189.05,0.2868,-1,-1,-1
220,34,59.02,629.33,85.56,223.06,0.6052,-1,-1,-1
221,1,428.85,195.32,71.77,199.09,0.3794,-1,-1,-1
221,2,92.04,550.59,81.95,136.09,0.4767,-1,-1,-1
221,3,938.44,905.01,68.83,175.04,0.7478,-1,-1,-1
221,4,1721.03,458.62,73.49,209.33,0.5864,-1,-1,-1
221,5,1354.49,571.39,82.88,218.11,0.5156,-1,-1,-1
221,18,900.73,141.08,70.59,188.01,0.5417,-1,-1,-1
221,19,399.26,569.67,86.73,248.01,0.6923,-1,-1,-1
221,25,597.78,344.07,58.21,200.58,0.5801,-1,-1,-1
221,6,213.25,504.95,59.83,201.53,0.5997,-1,-1,-1
221,8,510.49,336.19,66.39,218.67,0.6034,-1,-1,-1
221,27,760.91,315.59,72.54,191.41,0.3331,-1,-1,-1
221,28,126.69,667.14,96.62,252.22,0.7301,-1,-1,-1
221,32,1122.33,126.50,56.68,187.07,0.3121,-1,-1,-1
221,34,62.45,633.88,87.59,219.96,0.6305,-1,-1,-1
222,1,429.27,194.03,71.45,199.73,0.3578,-1,-1,-1
222,2,92.86,551.08,81.64,150.01,0.3797,-1,-1,-1
222,3,935.98,904.94,71.28,175.20,0.7533,-1,-1,-1
222,4,1721.37,458.53,73.62,208.97,0.5638,-1,-1,-1
222,5,1354.53,571.57,83.77,219.54,0.4860,-1,-1,-1
222,18,901.49,140.65,69.13,187.25,0.4980,-1,-1,-1
222,19,399.20,566.10,85.31,249.94,0.7094,-1,-1,-1
222,25,596.73,345.53,58.79,200.00,0.5701,-1,-1,-1
222,6,209.64,503.50,63.71,200.87,0.5618,-1,-1,-1
222,8,511.17,336.89,65.44,218.96,0.5869,-1,-1,-1
222,27,768.12,316.34,65.65,191.68,0.2692,-1,-1,-1
222,28,129.86,668.87,104.47,251.83,0.7160,-1,-1,-1
222,32,1121.63,127.95,53.72,180.14,0.2885,-1,-1,-1
222,34,65.75,632.72,92.31,224.00,0.5137,-1,-1,-1
223,1,431.00,193.76,70.23,201.21,0.3377,-1,-1,-1
223,2,93.88,552.11,81.17,143.57,0.4595,-1,-1,-1
223,3,934.75,904.68,72.21,175.45,0.7456,-1,-1,-1
223,4,1722.02,457.96,72.60,209.23,0.5424,-1,-1,-1
223,5,1354.63,571.67,84.54,220.89,0.4526,-1,-1,-1
223,18,900.80,140.58,69.00,185.93,0.4489,-1,-1,-1
223,19,399.08,564.24,84.24,246.80,0.7257,-1,-1,-1
223,25,595.70,346.56,59.13,199.20,0.5594,-1,-1,-1
223,6,208.65,502.46,64.89,200.31,0.5643,-1,-1,-1
223,8,511.17,337.56,66.13,218.67,0.5835,-1,-1,-1
223,27,770.30,315.98,66.05,193.62,0.3005,-1,-1,-1
223,28,132.00,670.56,110.79,255.94,0.6903,-1,-1,-1
223,32,1119.58,128.20,53.94,178.91,0.3350,-1,-1,-1
223,34,68.94,634.20,90.92,224.80,0.5791,-1,-1,-1
224,1,432.33,193.37,69.91,202.00,0.3577,-1,-1,-1
224,2,95.35,552.59,79.99,142.85,0.3632,-1,-1,-1
224,3,934.47,904.34,71.76,175.71,0.7161,-1,-1,-1
224,4,1721.68,458.70,73.14,208.97,0.5487,-1,-1,-1
224,5,1354.67,571.62,87.42,226.57,0.4353,-1,-1,-1
224,18,902.08,138.14,70.32,186.33,0.4197,-1,-1,-1
224,19,398.73,561.01,82.79,241.66,0.7171,-1,-1,-1
224,25,594.88,346.99,59.52,198.67,0.5603,-1,-1,-1
224,6,211.13,500.84,60.60,201.39,0.5535,-1,-1,-1
224,8,511.51,338.24,67.24,218.37,0.5859,-1,-1,-1
224,27,771.77,316.44,66.04,193.38,0.2948,-1,-1,-1
224,28,134.23,674.43,116.51,258.67,0.7254,-1,-1,-1
224,32,1117.98,127.87,53.70,178.99,0.3189,-1,-1,-1
224,34,72.95,635.37,86.50,222.98,0.5422,-1,-1,-1
225,1,431.21,192.11,71.24,203.79,0.3693,-1,-1,-1
225,2,96.77,553.15,78.45,147.24,0.3705,-1,-1,-1
225,3,934.21,903.43,71.68,176.55,0.7277,-1,-1,-1
225,4,1721.28,458.74,73.82,209.43,0.5840,-1,-1,-1
225,5,1354.84,572.10,89.00,230.46,0.4103,-1,-1,-1
225,18,903.37,137.27,71.25,185.72,0.3902,-1,-1,-1
225,19,397.96,558.02,81.20,238.02,0.7170,-1,-1,-1
225,25,594.20,348.12,59.39,196.89,0.5705,-1,-1,-1
225,6,211.62,499.48,59.63,200.96,0.6084,-1,-1,-1
225,8,511.84,338.82,68.71,217.80,0.5865,-1,-1,-1
225,27,772.46,316.86,69.91,194.92,0.3959,-1,-1,-1
225,28,136.45,677.39,118.22,262.78,0.7732,-1,-1,-1
225,32,1115.56,127.31,54.81,179.11,0.3688,-1,-1,-1
225,34,78.99,638.37,80.37,225.62,0.5941,-1,-1,-1
226,1,431.49,190.53,71.64,204.95,0.3925,-1,-1,-1
226,2,98.35,554.08,78.56,151.80,0.4247,-1,-1,-1
226,3,932.53,902.27,73.33,177.66,0.7226,-1,-1,-1
226,4,1721.23,458.30,74.17,210.27,0.5769,-1,-1,-1
226,5,1354.85,573.40,90.77,227.00,0.4488,-1,-1,-1
226,18,905.90,135.64,67.95,184.92,0.3656,-1,-1,-1
226,19,394.27,555.46,84.16,237.94,0.7250,-1,-1,-1
226,25,592.66,348.03,60.32,196.61,0.5807,-1,-1,-1
226,6,207.74,498.99,64.62,201.49,0.6060,-1,-1,-1
226,8,510.09,339.56,71.74,217.30,0.6155,-1,-1,-1
226,27,775.56,316.54,68.39,197.07,0.3801,-1,-1,-1
226,28,138.93,680.02,117.68,264.68,0.7539,-1,-1,-1
226,32,1113.65,126.81,55.24,176.50,0.3614,-1,-1,-1
226,34,84.29,640.12,78.51,226.82,0.6079,-1,-1,-1
227,1,432.12,188.72,71.91,207.19,0.4145,-1,-1,-1
227,2,99.81,554.43,78.94,155.29,0.4687,-1,-1,-1
227,3,932.08,901.87,73.14,178.06,0.7081,-1,-1,-1
227,4,1721.41,458.28,73.70,210.04,0.5957,-1,-1,-1
227,5,1354.89,573.88,90.37,226.22,0.4627,-1,-1,-1
227,18,908.60,133.95,64.56,186.61,0.3490,-1,-1,-1
227,19,391.92,553.04,85.24,238.73,0.7344,-1,-1,-1
227,25,590.57,347.90,62.13,197.37,0.5905,-1,-1,-1
227,6,207.40,497.92,65.62,203.21,0.6048,-1,-1,-1
227,8,509.54,342.31,72.97,213.91,0.6181,-1,-1,-1
227,27,777.10,317.62,73.75,200.00,0.3027,-1,-1,-1
227,28,142.95,682.46,115.44,268.13,0.7643,-1,-1,-1
227,32,1112.26,125.64,55.30,177.76,0.3726,-1,-1,-1
227,34,91.35,639.46,76.36,227.96,0.5921,-1,-1,-1
228,1,432.89,188.19,71.86,207.60,0.4362,-1,-1,-1
228,2,100.93,554.97,79.18,148.88,0.4599,-1,-1,-1
228,3,932.09,901.10,72.83,178.86,0.6954,-1,-1,-1
228,4,1721.49,459.17,73.75,208.65,0.5956,-1,-1,-1
228,5,1354.60,575.24,94.23,229.27,0.4474,-1,-1,-1
228,18,909.95,132.85,65.51,182.34,0.3559,-1,-1,-1
228,19,388.06,551.77,88.36,239.41,0.7352,-1,-1,-1
228,25,589.17,348.99,62.98,196.06,0.5721,-1,-1,-1
228,6,207.63,496.87,66.12,203.70,0.6215,-1,-1,-1
228,8,509.45,342.04,72.02,213.84,0.6387,-1,-1,-1
228,27,777.94,318.69,74.38,203.55,0.3923,-1,-1,-1
228,28,147.51,686.50,108.09,266.95,0.7345,-1,-1,-1
228,32,1109.34,125.24,56.76,179.16,0.3302,-1,-1,-1
228,34,96.11,640.07,77.31,230.55,0.6010,-1,-1,-1
229,1,433.82,187.79,70.80,208.60,0.4224,-1,-1,-1
229,2,101.93,555.95,80.02,143.04,0.4673,-1,-1,-1
229,3,931.51,900.36,73.14,179.66,0.7155,-1,-1,-1
229,4,1720.96,459.30,74.18,208.88,0.6028,-1,-1,-1
229,5,1354.41,575.96,93.11,223.78,0.4909,-1,-1,-1
229,18,912.36,131.97,65.67,178.54,0.3882,-1,-1,-1
229,19,384.89,549.60,91.12,241.70,0.7255,-1,-1,-1
229,25,588.39,349.76,63.22,195.10,0.5615,-1,-1,-1
229,6,206.81,495.82,66.85,204.92,0.5912,-1,-1,-1
229,8,509.17,343.65,72.66,212.49,0.6495,-1,-1,-1
229,27,777.30,318.29,72.68,208.61,0.3436,-1,-1,-1
229,28,149.35,689.73,103.28,265.91,0.7290,-1,-1,-1
229,32,1105.09,124.90,59.79,180.00,0.3414,-1,-1,-1
229,34,102.53,642.74,75.80,226.42,0.5913,-1,-1,-1
230,1,435.02,187.41,70.16,206.74,0.4565,-1,-1,-1
230,2,102.23,556.53,82.06,133.28,0.4543,-1,-1,-1
230,3,931.77,899.73,72.69,180.33,0.7126,-1,-1,-1
230,4,1720.94,459.51,74.21,208.51,0.5841,-1,-1,-1
230,5,1354.35,575.42,95.70,227.61,0.4598,-1,-1,-1
230,18,915.33,130.57,65.46,175.27,0.3404,-1,-1,-1
230,19,382.55,546.71,93.29,245.80,0.7325,-1,-1,-1
230,25,587.47,351.17,64.03,194.01,0.5281,-1,-1,-1
230,6,205.63,494.62,67.98,204.78,0.5886,-1,-1,-1
230,8,509.43,344.44,72.62,213.22,0.6390,-1,-1,-1
230,27,779.15,318.97,73.17,211.21,0.3199,-1,-1,-1
230,28,148.81,693.05,105.95,264.77,0.7489,-1,-1,-1
230,32,1097.24,125.55,66.86,179.36,0.3479,-1,-1,-1
230,34,107.90,645.09,73.92,218.73,0.5594,-1,-1,-1
231,1,435.94,186.86,70.48,204.85,0.4376,-1,-1,-1
231,2,102.36,556.79,82.67,128.87,0.4820,-1,-1,-1
231,3,931.29,899.29,73.18,180.68,0.7279,-1,-1,-1
231,4,1721.20,458.80,74.10,209.51,0.6109,-1,-1,-1
231,5,1354.68,577.28,95.99,224.60,0.4701,-1,-1,-1
231,18,917.42,129.54,66.78,177.19,0.3072,-1,-1,-1
231,19,380.43,545.12,94.92,247.76,0.7377,-1,-1,-1
231,25,586.42,350.64,65.59,193.67,0.5485,-1,-1,-1
231,6,209.15,493.30,65.65,204.50,0.5610,-1,-1,-1
231,8,508.48,345.41,73.50,213.03,0.6584,-1,-1,-1
231,27,780.42,325.76,63.48,204.34,0.3281,-1,-1,-1
231,28,152.56,695.34,102.89,263.28,0.7687,-1,-1,-1
231,32,1093.86,125.93,69.04,178.69,0.3567,-1,-1,-1
231,34,112.92,644.62,71.58,170.50,0.4767,-1,-1,-1
232,1,437.24,186.46,70.09,205.34,0.4461,-1,-1,-1
232,2,102.98,557.18,82.15,128.72,0.4507,-1,-1,-1
232,3,931.31,899.25,73.35,180.74,0.7215,-1,-1,-1
232,4,1721.71,458.07,73.50,210.21,0.6170,-1,-1,-1
232,5,1355.63,578.31,96.63,228.18,0.4679,-1,-1,-1
232,18,918.88,127.19,67.89,179.67,0.3077,-1,-1,-1
232,19,377.33,544.56,97.21,248.31,0.7132,-1,-1,-1
232,25,586.98,351.95,64.70,191.42,0.5231,-1,-1,-1
232,6,214.18,492.23,61.70,203.51,0.5231,-1,-1,-1
232,8,508.32,345.95,72.15,215.08,0.6662,-1,-1,-1
232,27,780.23,324.26,66.88,206.49,0.2932,-1,-1,-1
232,28,160.39,697.68,96.41,260.51,0.7634,-1,-1,-1
232,32,1093.62,125.76,67.49,178.28,0.4092,-1,-1,-1
232,34,117.89,647.37,68.47,212.55,0.5335,-1,-1,-1
233,1,438.80,184.78,69.48,207.11,0.4114,-1,-1,-1
233,2,104.00,557.85,82.13,131.59,0.4187,-1,-1,-1
233,3,932.15,898.96,72.27,181.03,0.7089,-1,-1,-1
233,4,1721.71,458.35,73.60,209.53,0.5951,-1,-1,-1
233,5,1355.70,577.79,98.46,233.51,0.4534,-1,-1,-1
233,18,920.38,126.19,67.28,178.81,0.2876,-1,-1,-1
233,19,375.41,544.20,97.91,247.14,0.6917,-1,-1,-1
233,25,587.13,353.53,64.21,191.00,0.5164,-1,-1,-1
233,6,212.78,490.68,64.56,203.59,0.5892,-1,-1,-1
233,8,507.91,346.86,71.84,218.17,0.6781,-1,-1,-1
233,27,782.77,330.72,63.02,201.70,0.2977,-1,-1,-1
233,28,165.71,699.87,92.82,258.00,0.7783,-1,-1,-1
233,32,1093.32,125.86,66.01,176.54,0.4655,-1,-1,-1
233,34,119.28,648.49,67.26,221.75,0.5440,-1,-1,-1
233,38,1174.32,124.22,59.70,162.59,0.3516,-1,-1,-1
234,1,440.23,183.54,69.62,208.29,0.4265,-1,-1,-1
234,2,107.26,558.64,77.12,197.97,0.3856,-1,-1,-1
234,3,934.19,899.72,69.56,180.19,0.6985,-1,-1,-1
234,4,1722.09,458.29,73.46,209.68,0.6140,-1,-1,-1
234,5,1355.05,576.31,101.00,238.09,0.5107,-1,-1,-1
234,18,921.40,124.06,67.93,180.58,0.3618,-1,-1,-1
234,19,373.99,542.64,98.39,245.21,0.7133,-1,-1,-1
234,25,587.10,354.40,64.07,193.09,0.5440,-1,-1,-1
234,6,214.59,488.58,63.64,200.35,0.5975,-1,-1,-1
234,8,507.44,347.72,70.95,220.30,0.6880,-1,-1,-1
234,27,782.45,334.41,62.54,200.80,0.2864,-1,-1,-1
234,28,168.31,701.11,91.81,257.08,0.7941,-1,-1,-1
234,32,1092.38,126.59,65.74,176.68,0.4582,-1,-1,-1
234,34,118.27,650.29,69.47,223.82,0.4359,-1,-1,-1
234,38,1172.26,124.04,60.79,161.23,0.3480,-1,-1,-1
235,1,442.06,182.39,69.01,207.63,0.4530,-1,-1,-1
235,2,106.65,559.30,79.67,165.47,0.4372,-1,-1,-1
235,3,934.74,900.33,67.86,179.64,0.6793,-1,-1,-1
235,4,1722.27,458.72,72.97,209.32,0.5925,-1,-1,-1
235,5,1355.99,576.48,102.73,238.37,0.4402,-1,-1,-1
235,18,922.68,123.10,67.13,184.55,0.3726,-1,-1,-1
235,19,373.09,541.51,97.30,245.29,0.7200,-1,-1,-1
235,25,587.70,356.42,63.28,192.61,0.5304,-1,-1,-1
235,6,216.10,486.17,62.19,198.47,0.5967,-1,-1,-1
235,8,506.75,350.05,70.43,220.85,0.6852,-1,-1,-1
235,27,782.01,337.64,63.91,199.60,0.3723,-1,-1,-1
235,28,172.35,702.58,88.14,254.46,0.7767,-1,-1,-1
235,32,1091.95,126.61,64.51,176.24,0.4523,-1,-1,-1
235,34,119.80,652.87,69.03,221.69,0.5006,-1,-1,-1
235,38,1170.29,123.09,61.65,162.06,0.3524,-1,-1,-1
236,1,443.71,182.34,68.19,204.10,0.4484,-1,-1,-1
236,2,106.81,560.11,81.80,151.18,0.5191,-1,-1,-1
236,3,935.53,900.38,66.58,179.64,0.6705,-1,-1,-1
236,4,1722.34,459.13,72.53,209.06,0.6041,-1,-1,-1
236,5,1357.53,576.64,103.30,238.74,0.4502,-1,-1,-1
236,18,923.41,122.04,67.99,186.43,0.3631,-1,-1,-1
236,19,372.89,540.78,96.00,244.25,0.7202,-1,-1,-1
236,25,587.55,358.52,61.94,188.86,0.5084,-1,-1,-1
236,6,216.45,483.97,62.82,197.04,0.5818,-1,-1,-1
236,8,506.36,352.72,69.32,219.05,0.6844,-1,-1,-1
236,27,782.69,339.50,62.63,198.00,0.4095,-1,-1,-1
236,28,175.96,703.13,85.88,253.90,0.7783,-1,-1,-1
236,32,1091.13,126.01,65.07,176.37,0.4149,-1,-1,-1
236,34,122.71,656.58,69.12,220.28,0.5671,-1,-1,-1
236,38,1167.85,122.95,62.20,161.07,0.3315,-1,-1,-1
237,1,443.46,181.52,69.20,201.52,0.3803,-1,-1,-1
237,2,107.13,560.42,82.06,146.66,0.5160,-1,-1,-1
237,3,936.14,900.51,65.25,179.66,0.6756,-1,-1,-1
237,4,1721.98,458.52,72.90,209.56,0.5917,-1,-1,-1
237,5,1360.41,577.49,102.75,238.91,0.4263,-1,-1,-1
237,18,925.26,122.52,66.68,186.72,0.3100,-1,-1,-1
237,19,373.51,538.11,93.87,244.90,0.7035,-1,-1,-1
237,25,587.22,360.75,61.65,188.82,0.5128,-1,-1,-1
237,6,217.36,482.55,62.73,196.44,0.5577,-1,-1,-1
237,8,504.45,355.44,69.85,217.42,0.6776,-1,-1,-1
237,27,783.30,339.28,62.67,198.53,0.4106,-1,-1,-1
237,28,178.38,703.93,85.30,251.78,0.7906,-1,-1,-1
237,32,1090.36,124.83,64.09,177.48,0.3747,-1,-1,-1
237,34,126.42,655.54,68.87,222.02,0.6008,-1,-1,-1
237,38,1165.69,123.17,62.35,160.53,0.2172,-1,-1,-1
238,1,443.42,180.44,70.09,200.62,0.3879,-1,-1,-1
238,2,109.69,560.97,82.09,203.42,0.4703,-1,-1,-1
238,3,936.19,900.40,64.04,179.64,0.6801,-1,-1,-1
238,4,1721.59,459.51,73.01,208.34,0.6043,-1,-1,-1
238,5,1363.92,578.58,102.85,239.71,0.4166,-1,-1,-1
238,18,926.13,120.54,67.49,188.00,0.3607,-1,-1,-1
238,19,375.43,535.63,91.40,243.88,0.7075,-1,-1,-1
238,25,587.18,362.07,61.86,188.10,0.5444,-1,-1,-1
238,6,217.52,480.35,63.02,196.99,0.5441,-1,-1,-1
238,8,503.26,356.94,70.17,218.13,0.6982,-1,-1,-1
238,27,784.18,339.97,63.34,198.33,0.4495,-1,-1,-1
238,28,182.10,703.97,85.12,252.61,0.7751,-1,-1,-1
238,32,1090.00,124.41,60.12,180.26,0.4178,-1,-1,-1
238,34,134.12,658.29,65.43,217.02,0.4653,-1,-1,-1
238,38,1164.41,122.39,62.04,162.56,0.2763,-1,-1,-1
239,1,443.91,179.10,71.09,200.38,0.4008,-1,-1,-1
239,2,110.77,561.61,81.91,227.68,0.4800,-1,-1,-1
239,3,936.39,900.16,62.81,179.84,0.7089,-1,-1,-1
239,4,1721.90,458.86,72.94,209.15,0.6240,-1,-1,-1
239,5,1360.06,577.32,108.92,240.59,0.4685,-1,-1,-1
239,18,926.42,120.26,67.37,184.40,0.4367,-1,-1,-1
239,19,378.99,531.59,87.29,240.74,0.7622,-1,-1,-1
239,25,587.45,362.58,62.61,187.74,0.5599,-1,-1,-1
239,6,218.19,479.51,62.96,197.48,0.5839,-1,-1,-1
239,8,501.79,357.95,70.67,216.69,0.6809,-1,-1,-1
239,27,783.80,340.21,64.14,198.43,0.4084,-1,-1,-1
239,28,185.40,705.57,85.46,251.42,0.7562,-1,-1,-1
239,32,1089.33,122.87,58.32,181.94,0.4246,-1,-1,-1
239,34,138.35,657.78,65.94,218.58,0.5325,-1,-1,-1
239,38,1160.93,120.87,63.11,165.04,0.3050,-1,-1,-1
240,1,443.72,177.56,73.04,201.17,0.3619,-1,-1,-1
240,2,109.79,562.18,84.30,182.74,0.4946,-1,-1,-1
240,3,936.80,900.27,61.72,179.33,0.7054,-1,-1,-1
240,4,1721.37,459.11,74.00,208.97,0.5960,-1,-1,-1
240,5,1358.52,576.63,112.25,240.42,0.4574,-1,-1,-1
240,18,925.75,118.92,66.68,185.12,0.4095,-1,-1,-1
240,19,383.34,528.61,82.62,236.85,0.7467,-1,-1,-1
240,25,588.65,363.91,59.46,185.53,0.5469,-1,-1,-1
240,6,218.18,478.22,63.32,199.07,0.5943,-1,-1,-1
240,8,499.61,358.61,72.65,217.96,0.6509,-1,-1,-1
240,27,784.05,340.56,65.14,197.70,0.4282,-1,-1,-1
240,28,187.43,707.01,91.60,253.87,0.7576,-1,-1,-1
240,32,1088.18,122.25,57.45,180.92,0.3917,-1,-1,-1
240,34,142.65,655.82,68.14,221.04,0.5604,-1,-1,-1
240,38,1158.09,120.72,66.28,165.57,0.2527,-1,-1,-1
241,1,444.57,177.90,73.97,200.71,0.3664,-1,-1,-1
241,2,110.59,562.63,83.65,161.91,0.5324,-1,-1,-1
241,3,936.55,900.13,61.08,179.59,0.7162,-1,-1,-1
241,4,1721.71,458.81,73.15,208.89,0.6290,-1,-1,-1
241,5,1357.09,573.57,118.04,241.97,0.5078,-1,-1,-1
241,18,924.99,118.22,67.05,183.50,0.4465,-1,-1,-1
241,19,386.71,525.88,79.35,234.38,0.7304,-1,-1,-1
241,25,588.92,365.47,59.08,183.03,0.5622,-1,-1,-1
241,6,218.15,476.49,63.65,201.41,0.6210,-1,-1,-1
241,8,497.86,358.99,73.45,218.84,0.6603,-1,-1,-1
241,27,784.47,340.75,67.68,197.33,0.4428,-1,-1,-1
241,28,189.63,709.15,97.31,256.25,0.7769,-1,-1,-1
241,32,1086.34,121.50,57.46,178.65,0.4318,-1,-1,-1
241,34,148.59,653.16,67.23,168.03,0.4031,-1,-1,-1
241,38,1155.83,119.96,64.89,164.08,0.2881,-1,-1,-1
242,1,445.93,177.09,73.04,202.65,0.3642,-1,-1,-1
242,2,110.82,563.05,84.25,175.46,0.4398,-1,-1,-1
242,3,936.42,900.58,61.52,179.33,0.7259,-1,-1,-1
242,4,1721.68,459.26,72.77,208.50,0.6144,-1,-1,-1
242,5,1356.76,571.05,120.85,243.59,0.5357,-1,-1,-1
242,18,929.14,120.10,62.99,181.24,0.4581,-1,-1,-1
242,19,387.36,523.02,79.14,233.81,0.6991,-1,-1,-1
242,25,587.91,365.54,60.56,186.85,0.5493,-1,-1,-1
242,6,218.09,475.07,63.79,201.81,0.5969,-1,-1,-1
242,8,495.98,360.73,74.00,217.95,0.6504,-1,-1,-1
242,27,785.24,342.26,68.00,196.75,0.4306,-1,-1,-1
242,28,193.82,711.72,98.00,256.46,0.7483,-1,-1,-1
242,32,1084.10,119.28,58.76,178.92,0.4118,-1,-1,-1
242,34,153.23,650.80,68.02,168.45,0.4305,-1,-1,-1
242,38,1155.24,119.39,63.27,161.30,0.3191,-1,-1,-1
243,1,447.66,176.30,71.45,204.10,0.3479,-1,-1,-1
243,2,112.33,561.46,82.99,214.15,0.5381,-1,-1,-1
243,3,936.00,900.45,61.24,179.55,0.7104,-1,-1,-1
243,4,1721.40,458.97,73.42,207.77,0.6317,-1,-1,-1
243,5,1356.85,568.80,120.45,245.94,0.5380,-1,-1,-1
243,18,931.23,119.76,61.43,179.63,0.5040,-1,-1,-1
243,19,388.72,520.21,77.87,235.24,0.6883,-1,-1,-1
243,25,587.34,365.68,61.65,192.20,0.5771,-1,-1,-1
243,6,217.78,474.34,64.41,202.43,0.6049,-1,-1,-1
243,8,494.29,361.02,73.71,218.37,0.6476,-1,-1,-1
243,27,786.08,341.90,68.03,197.69,0.4228,-1,-1,-1
243,28,197.43,716.38,99.39,255.90,0.6950,-1,-1,-1
243,32,1082.32,118.26,59.29,179.49,0.4664,-1,-1,-1
243,34,156.27,651.05,71.87,163.41,0.4760,-1,-1,-1
243,38,1154.76,118.40,63.70,159.18,0.3099,-1,-1,-1
243,21,787.90,152.06,65.46,168.86,0.3728,-1,-1,-1
244,1,447.15,175.83,74.32,204.40,0.3518,-1,-1,-1
244,2,113.29,562.29,83.39,236.70,0.5662,-1,-1,-1
244,3,935.60,901.15,61.99,179.00,0.7835,-1,-1,-1
244,4,1721.18,458.88,73.42,207.76,0.6061,-1,-1,-1
244,5,1356.87,569.63,119.35,244.76,0.5077,-1,-1,-1
244,18,932.65,118.35,60.31,179.17,0.4405,-1,-1,-1
244,19,389.16,518.12,77.91,236.65,0.6919,-1,-1,-1
244,25,586.16,366.94,61.25,196.37,0.5805,-1,-1,-1
244,6,217.20,472.80,64.32,200.11,0.5755,-1,-1,-1
244,8,492.37,361.84,73.26,216.31,0.6436,-1,-1,-1
244,27,788.67,342.69,64.73,196.87,0.3871,-1,-1,-1
244,28,199.77,725.52,99.24,250.96,0.7041,-1,-1,-1
244,32,1080.61,117.92,59.97,179.72,0.4479,-1,-1,-1
244,34,159.10,653.20,79.95,158.53,0.5560,-1,-1,-1
244,38,1154.40,115.21,59.46,159.40,0.3156,-1,-1,-1
244,21,786.26,152.33,68.10,169.99,0.3411,-1,-1,-1
245,1,447.63,175.69,74.33,203.91,0.3196,-1,-1,-1
245,2,115.72,564.92,82.32,246.01,0.6234,-1,-1,-1
245,3,935.14,902.31,63.00,177.77,0.7905,-1,-1,-1
245,4,1720.88,458.97,73.58,207.95,0.5892,-1,-1,-1
245,5,1359.18,569.86,116.96,244.65,0.4324,-1,-1,-1
245,18,934.41,116.59,59.09,178.91,0.4541,-1,-1,-1
245,19,389.16,517.68,78.79,237.44,0.6787,-1,-1,-1
245,25,585.96,369.05,60.32,198.70,0.5897,-1,-1,-1
245,6,217.03,471.38,64.30,200.91,0.5674,-1,-1,-1
245,8,491.60,362.10,72.85,218.46,0.6682,-1,-1,-1
245,27,789.92,343.55,64.17,196.70,0.3798,-1,-1,-1
245,28,199.24,729.14,99.88,250.66,0.7023,-1,-1,-1
245,32,1079.98,117.40,58.92,179.38,0.4497,-1,-1,-1
245,34,163.63,654.93,79.46,152.27,0.5935,-1,-1,-1
245,38,1154.44,113.05,57.22,159.87,0.2880,-1,-1,-1
245,21,785.98,152.70,68.93,169.98,0.3184,-1,-1,-1
245,41,854.70,353.10,66.55,185.10,0.3902,-1,-1,-1
246,1,448.01,176.07,74.59,204.23,0.3246,-1,-1,-1
246,2,118.22,564.61,81.18,250.74,0.6373,-1,-1,-1
246,3,935.26,903.29,63.69,176.78,0.7800,-1,-1,-1
246,4,1720.89,458.53,73.93,209.39,0.6068,-1,-1,-1
246,5,1366.29,571.30,109.46,242.92,0.4674,-1,-1,-1
246,18,936.15,115.78,57.45,179.35,0.4114,-1,-1,-1
246,19,389.17,517.13,79.89,238.92,0.6971,-1,-1,-1
246,25,585.11,370.75,60.73,200.22,0.6292,-1,-1,-1
246,6,219.08,470.34,63.07,203.50,0.5838,-1,-1,-1
246,8,489.20,363.42,73.61,215.78,0.6925,-1,-1,-1
246,27,791.10,344.94,63.56,196.00,0.3963,-1,-1,-1
246,28,202.33,731.22,96.75,254.67,0.6849,-1,-1,-1
246,32,1079.32,117.54,58.93,178.70,0.4121,-1,-1,-1
246,34,170.30,655.29,77.07,151.18,0.6018,-1,-1,-1
246,38,1153.16,111.72,57.18,161.52,0.2676,-1,-1,-1
246,21,784.11,152.90,71.38,170.18,0.3275,-1,-1,-1
246,41,859.79,352.17,64.16,187.17,0.3856,-1,-1,-1
247,1,448.15,175.59,76.16,204.68,0.3373,-1,-1,-1
247,2,119.70,563.91,83.25,254.60,0.6223,-1,-1,-1
247,3,935.69,903.76,63.60,176.26,0.7677,-1,-1,-1
247,4,1720.27,458.45,74.45,208.95,0.6209,-1,-1,-1
247,5,1369.92,568.69,107.20,247.21,0.5719,-1,-1,-1
247,18,936.90,114.50,57.19,177.70,0.4336,-1,-1,-1
247,19,389.46,516.82,80.47,240.20,0.7037,-1,-1,-1
247,25,584.46,372.32,61.57,203.40,0.6803,-1,-1,-1
247,6,219.35,468.97,62.63,205.32,0.5815,-1,-1,-1
247,8,487.66,364.44,73.88,215.10,0.7434,-1,-1,-1
247,27,789.87,345.53,64.89,195.78,0.4094,-1,-1,-1
247,28,204.54,733.29,96.11,256.07,0.6711,-1,-1,-1
247,32,1078.00,116.58,58.30,179.18,0.4382,-1,-1,-1
247,34,175.21,656.44,79.94,145.74,0.4376,-1,-1,-1
247,38,1151.08,112.23,56.50,162.42,0.3185,-1,-1,-1
247,21,785.90,153.08,69.83,169.18,0.3060,-1,-1,-1
247,41,863.19,352.24,59.49,188.30,0.3747,-1,-1,-1
248,1,448.58,173.80,77.03,208.75,0.3513,-1,-1,-1
248,2,122.75,563.51,82.92,253.53,0.6796,-1,-1,-1
248,3,935.98,904.75,64.31,175.06,0.7521,-1,-1,-1
248,4,1719.36,459.23,75.23,208.47,0.6282,-1,-1,-1
248,5,1373.93,569.43,104.02,246.31,0.5477,-1,-1,-1
248,18,938.43,113.57,56.77,176.20,0.4607,-1,-1,-1
248,19,389.64,516.33,80.75,240.54,0.6928,-1,-1,-1
248,25,584.37,374.29,60.67,205.98,0.6461,-1,-1,-1
248,6,220.57,467.47,60.72,203.90,0.5748,-1,-1,-1
248,8,487.18,365.75,72.73,214.90,0.7417,-1,-1,-1
248,27,791.24,345.76,65.14,198.86,0.4234,-1,-1,-1
248,28,204.60,734.88,94.97,257.35,0.5897,-1,-1,-1
248,32,1077.07,116.27,57.56,180.47,0.4956,-1,-1,-1
248,34,179.56,661.38,81.16,144.96,0.3692,-1,-1,-1
248,38,1149.88,112.78,56.39,163.96,0.3311,-1,-1,-1
248,21,790.10,153.68,64.21,168.21,0.2696,-1,-1,-1
248,41,863.50,352.81,62.90,190.09,0.4156,-1,-1,-1
249,1,449.19,172.16,77.26,210.35,0.3885,-1,-1,-1
249,2,125.17,564.09,81.35,254.29,0.6679,-1,-1,-1
249,3,936.22,905.32,65.21,174.67,0.7497,-1,-1,-1
249,4,1720.06,459.53,74.17,207.83,0.5910,-1,-1,-1
249,5,1380.12,569.94,96.35,247.34,0.5262,-1,-1,-1
249,18,939.41,111.45,57.69,178.30,0.5151,-1,-1,-1
249,19,388.81,515.73,82.50,240.38,0.6853,-1,-1,-1
249,25,583.71,377.79,60.08,205.41,0.6023,-1,-1,-1
249,6,220.80,466.78,59.66,197.39,0.5555,-1,-1,-1
249,8,486.51,367.20,72.30,215.67,0.7132,-1,-1,-1
249,27,791.15,346.25,64.43,195.60,0.3833,-1,-1,-1
249,28,206.18,740.51,90.81,252.95,0.4883,-1,-1,-1
249,32,1075.84,116.00,57.28,182.27,0.4615,-1,-1,-1
249,34,181.84,665.24,86.20,208.12,0.4981,-1,-1,-1
249,38,1148.72,111.49,56.31,165.83,0.3423,-1,-1,-1
249,21,791.33,154.32,62.17,167.53,0.2723,-1,-1,-1
249,41,862.22,352.85,66.87,190.57,0.3774,-1,-1,-1
250,1,449.65,170.49,76.86,211.31,0.3735,-1,-1,-1
250,2,127.84,565.63,81.13,251.54,0.6766,-1,-1,-1
250,3,936.38,905.77,66.35,174.27,0.7302,-1,-1,-1
250,4,1720.74,458.64,73.80,208.71,0.5973,-1,-1,-1
250,5,1385.03,569.73,90.55,246.85,0.5921,-1,-1,-1
250,18,938.39,109.87,59.56,179.95,0.4961,-1,-1,-1
250,19,388.70,515.52,83.78,239.34,0.6793,-1,-1,-1
250,25,582.60,380.74,60.32,203.67,0.6331,-1,-1,-1
250,6,221.89,465.04,59.31,195.87,0.5543,-1,-1,-1
250,8,486.30,368.91,72.24,217.83,0.6858,-1,-1,-1
250,27,792.06,348.03,65.63,194.85,0.3414,-1,-1,-1
250,28,210.38,745.66,89.98,246.42,0.4586,-1,-1,-1
250,32,1074.11,115.35,57.59,183.16,0.4139,-1,-1,-1
250,34,183.83,668.69,89.42,175.28,0.4681,-1,-1,-1
250,38,1147.48,110.76,56.62,166.15,0.3421,-1,-1,-1
250,21,791.83,153.66,62.93,167.59,0.2471,-1,-1,-1
250,41,857.19,354.93,71.03,191.26,0.3943,-1,-1,-1
251,1,450.02,168.71,75.23,211.58,0.3775,-1,-1,-1
251,2,130.88,565.69,80.94,252.55,0.7000,-1,-1,-1
251,3,937.55,907.37,66.42,172.85,0.7400,-1,-1,-1
251,4,1720.17,459.05,74.95,208.08,0.6042,-1,-1,-1
251,5,1387.68,568.94,88.92,247.34,0.6259,-1,-1,-1
251,18,936.55,109.86,63.17,180.63,0.4688,-1,-1,-1
251,19,388.24,513.23,84.83,239.69,0.6654,-1,-1,-1
251,25,581.65,383.06,60.31,203.61,0.6521,-1,-1,-1
251,6,221.99,462.11,59.37,196.72,0.5620,-1,-1,-1
251,8,488.52,369.52,69.70,223.73,0.6535,-1,-1,-1
251,27,791.94,350.71,65.87,192.43,0.3647,-1,-1,-1
251,28,211.58,745.78,89.25,247.52,0.5578,-1,-1,-1
251,32,1072.83,114.89,57.68,183.77,0.3954,-1,-1,-1
251,34,185.75,673.29,91.17,151.58,0.5093,-1,-1,-1
251,38,1146.32,109.41,58.07,167.30,0.2882,-1,-1,-1
251,21,792.35,154.87,63.26,165.40,0.2354,-1,-1,-1
251,41,859.75,355.61,69.38,193.15,0.3471,-1,-1,-1
252,1,450.27,167.46,74.60,209.21,0.3792,-1,-1,-1
252,2,133.56,566.16,82.27,250.98,0.7027,-1,-1,-1
252,3,938.23,908.01,66.82,172.06,0.7127,-1,-1,-1
252,4,1720.41,459.51,74.38,207.44,0.5840,-1,-1,-1
252,5,1388.06,569.59,88.13,244.39,0.5677,-1,-1,-1
252,18,936.66,107.53,64.20,182.09,0.4819,-1,-1,-1
252,19,389.42,510.42,83.87,240.64,0.6639,-1,-1,-1
252,25,580.84,384.00,61.09,204.90,0.6667,-1,-1,-1
252,6,221.66,457.32,59.44,200.44,0.5736,-1,-1,-1
252,8,489.27,371.88,68.79,226.36,0.6547,-1,-1,-1
252,27,793.27,351.20,65.77,192.83,0.2974,-1,-1,-1
252,28,211.02,743.35,94.74,249.23,0.6631,-1,-1,-1
252,32,1071.95,114.35,57.73,184.14,0.3638,-1,-1,-1
252,34,187.23,675.92,91.68,143.46,0.4683,-1,-1,-1
252,38,1145.55,108.78,57.64,170.59,0.3290,-1,-1,-1
252,21,793.72,155.46,60.27,164.65,0.2344,-1,-1,-1
252,41,862.67,358.75,63.70,190.62,0.3575,-1,-1,-1
253,1,451.81,166.64,72.32,208.32,0.3854,-1,-1,-1
253,2,135.92,566.06,83.72,249.15,0.6960,-1,-1,-1
253,3,938.55,908.26,67.95,171.74,0.7335,-1,-1,-1
253,4,1720.98,458.48,73.88,208.70,0.5705,-1,-1,-1
253,5,1388.95,570.21,87.58,246.10,0.6154,-1,-1,-1
253,18,935.69,108.31,65.92,181.68,0.4965,-1,-1,-1
253,19,389.38,507.62,83.57,240.06,0.6689,-1,-1,-1
253,25,579.29,384.13,61.81,207.29,0.6810,-1,-1,-1
253,6,221.47,456.56,61.08,199.09,0.6017,-1,-1,-1
253,8,489.05,374.05,69.19,226.28,0.6621,-1,-1,-1
253,27,795.21,351.80,65.41,195.06,0.2706,-1,-1,-1
253,28,215.79,740.16,92.70,250.85,0.7348,-1,-1,-1
253,32,1069.95,114.38,58.72,183.08,0.3580,-1,-1,-1
253,34,193.26,677.43,84.64,137.59,0.4555,-1,-1,-1
253,38,1144.90,108.18,56.48,171.01,0.3577,-1,-1,-1
253,21,795.71,154.53,59.71,165.86,0.2511,-1,-1,-1
253,41,867.42,361.52,58.58,189.90,0.2887,-1,-1,-1
254,1,452.57,165.97,71.13,205.50,0.3664,-1,-1,-1
254,2,137.58,565.93,84.89,247.01,0.6677,-1,-1,-1
254,3,939.43,909.33,68.25,170.67,0.7320,-1,-1,-1
254,4,1720.77,458.71,73.73,208.69,0.5815,-1,-1,-1
254,5,1390.03,570.08,87.04,245.94,0.6186,-1,-1,-1
254,18,935.34,108.61,67.74,181.74,0.4886,-1,-1,-1
254,19,390.23,504.98,81.36,238.76,0.6362,-1,-1,-1
254,25,577.95,385.82,62.46,207.54,0.6923,-1,-1,-1
254,6,221.20,455.73,61.85,198.80,0.5801,-1,-1,-1
254,8,488.81,374.22,69.04,229.47,0.6529,-1,-1,-1
254,27,795.40,351.28,67.50,194.08,0.3483,-1,-1,-1
254,28,220.83,738.33,89.40,253.18,0.7766,-1,-1,-1
254,32,1069.08,114.09,57.18,183.23,0.3857,-1,-1,-1
254,34,194.94,678.39,83.37,136.75,0.4664,-1,-1,-1
254,38,1144.09,107.91,55.15,170.07,0.3485,-1,-1,-1
254,21,796.95,154.13,59.13,166.78,0.2555,-1,-1,-1
254,41,867.31,361.99,58.97,190.29,0.3532,-1,-1,-1
255,1,455.07,165.27,66.74,202.20,0.3485,-1,-1,-1
255,2,139.84,564.32,84.84,246.10,0.6900,-1,-1,-1
255,3,939.48,909.55,69.77,169.72,0.7317,-1,-1,-1
255,4,1721.03,459.16,72.98,207.79,0.6054,-1,-1,-1
255,5,1390.93,569.56,86.69,248.17,0.6545,-1,-1,-1
255,18,934.53,108.53,69.67,180.67,0.4828,-1,-1,-1
255,19,391.38,502.27,80.69,234.35,0.6715,-1,-1,-1
255,25,577.00,386.18,62.48,208.01,0.7296,-1,-1,-1
255,6,221.16,455.05,62.73,198.04,0.6188,-1,-1,-1
255,8,488.53,374.81,69.31,230.51,0.6682,-1,-1,-1
255,27,797.42,351.34,68.86,198.88,0.3302,-1,-1,-1
255,28,222.10,736.46,91.06,259.05,0.7280,-1,-1,-1
255,32,1067.35,113.39,56.99,183.43,0.4076,-1,-1,-1
255,34,198.56,680.01,82.49,136.11,0.4729,-1,-1,-1
255,38,1142.51,107.03,55.16,171.31,0.3294,-1,-1,-1
255,21,796.94,152.41,59.04,168.62,0.2481,-1,-1,-1
255,41,866.45,360.75,66.93,193.07,0.3658,-1,-1,-1
256,1,455.03,164.51,66.92,199.60,0.3199,-1,-1,-1
256,2,141.05,564.62,85.38,244.98,0.6533,-1,-1,-1
256,3,939.39,909.96,71.18,169.82,0.7425,-1,-1,-1
256,4,1720.39,459.10,73.85,208.41,0.5660,-1,-1,-1
256,5,1392.37,568.89,87.10,246.84,0.6370,-1,-1,-1
256,18,934.68,107.82,70.10,180.60,0.4858,-1,-1,-1
256,19,391.75,499.02,79.71,231.79,0.6527,-1,-1,-1
256,25,576.08,387.12,62.51,207.73,0.7454,-1,-1,-1
256,6,221.08,454.60,62.84,196.83,0.5989,-1,-1,-1
256,8,489.38,375.64,68.17,230.37,0.6657,-1,-1,-1
256,27,797.42,351.23,71.01,201.24,0.2878,-1,-1,-1
256,28,226.88,736.75,88.86,265.05,0.7174,-1,-1,-1
256,32,1066.19,113.15,56.51,183.27,0.3978,-1,-1,-1
256,34,202.52,678.97,87.19,143.77,0.5373,-1,-1,-1
256,38,1140.55,106.20,55.71,171.65,0.3385,-1,-1,-1
256,21,797.41,152.29,57.89,167.85,0.2968,-1,-1,-1
256,41,869.10,362.30,65.49,192.57,0.3302,-1,-1,-1
257,1,455.52,163.37,66.77,197.23,0.3063,-1,-1,-1
257,2,141.43,564.57,88.28,244.64,0.6210,-1,-1,-1
257,3,939.20,910.97,73.05,168.78,0.7509,-1,-1,-1
257,4,1720.13,459.71,73.81,207.55,0.5789,-1,-1,-1
257,5,1394.23,567.81,86.50,245.34,0.6262,-1,-1,-1
257,18,934.96,106.97,69.77,181.18,0.4313,-1,-1,-1
257,19,392.15,495.10,79.90,231.99,0.6817,-1,-1,-1
257,25,575.19,387.54,62.44,206.67,0.7588,-1,-1,-1
257,6,220.60,453.95,64.25,197.51,0.5734,-1,-1,-1
257,8,488.33,378.13,69.32,228.43,0.6771,-1,-1,-1
257,27,798.84,351.19,73.65,201.56,0.3213,-1,-1,-1
257,28,232.77,743.25,86.22,266.96,0.7338,-1,-1,-1
257,32,1064.19,112.60,56.87,184.05,0.3663,-1,-1,-1
257,34,204.52,679.05,88.40,150.17,0.5771,-1,-1,-1
257,38,1138.73,105.78,57.13,170.76,0.3210,-1,-1,-1
257,21,796.84,152.50,58.83,166.68,0.2423,-1,-1,-1
257,41,870.24,363.62,59.74,188.06,0.3794,-1,-1,-1
258,1,455.78,163.14,67.51,196.21,0.3235,-1,-1,-1
258,2,142.66,564.72,90.20,246.68,0.5900,-1,-1,-1
258,3,938.96,912.55,74.08,166.61,0.7498,-1,-1,-1
258,4,1720.39,459.45,73.86,207.62,0.5669,-1,-1,-1
258,5,1395.70,566.87,85.88,242.08,0.6219,-1,-1,-1
258,18,936.57,105.76,68.92,180.11,0.4246,-1,-1,-1
258,19,390.81,492.84,80.47,233.06,0.6806,-1,-1,-1
258,25,574.93,388.23,61.84,205.25,0.7465,-1,-1,-1
258,6,221.06,453.15,64.41,197.53,0.5340,-1,-1,-1
258,8,488.90,377.78,68.46,228.95,0.6611,-1,-1,-1
258,27,801.13,352.30,74.54,202.38,0.3331,-1,-1,-1
258,28,234.06,747.78,86.40,269.46,0.7663,-1,-1,-1
258,32,1063.84,112.70,57.99,182.59,0.3173,-1,-1,-1
258,34,210.63,680.18,84.28,154.66,0.5357,-1,-1,-1
258,38,1137.07,104.29,58.36,170.93,0.2797,-1,-1,-1
258,21,796.08,154.95,59.65,164.45,0.2256,-1,-1,-1
258,41,871.61,363.62,56.53,186.09,0.3488,-1,-1,-1
259,1,458.28,162.40,67.45,197.00,0.3507,-1,-1,-1
259,2,144.25,565.57,92.46,245.71,0.6283,-1,-1,-1
259,3,938.80,913.91,75.85,164.86,0.7305,-1,-1,-1
259,4,1720.04,459.36,74.61,208.29,0.5631,-1,-1,-1
259,5,1399.71,566.56,82.69,238.47,0.5865,-1,-1,-1
259,18,938.79,103.80,66.28,179.40,0.4182,-1,-1,-1
259,19,388.97,491.47,82.12,233.48,0.6567,-1,-1,-1
259,25,574.21,389.62,62.57,203.14,0.7487,-1,-1,-1
259,6,222.30,452.25,63.11,196.74,0.5074,-1,-1,-1
259,8,487.45,380.85,69.53,225.51,0.6670,-1,-1,-1
259,27,803.04,353.01,72.82,202.61,0.4110,-1,-1,-1
259,28,235.12,753.05,86.78,265.99,0.7464,-1,-1,-1
259,32,1062.63,112.16,58.22,181.83,0.3247,-1,-1,-1
259,34,212.19,681.69,86.62,136.15,0.4737,-1,-1,-1
259,38,1136.06,103.15,59.40,168.54,0.2670,-1,-1,-1
259,21,794.22,155.92,58.96,163.72,0.2357,-1,-1,-1
259,41,872.44,366.90,52.78,181.76,0.3343,-1,-1,-1
260,1,458.18,162.21,68.72,197.51,0.3750,-1,-1,-1
260,2,149.65,565.07,89.64,246.39,0.6318,-1,-1,-1
260,3,939.30,914.81,77.89,162.83,0.7217,-1,-1,-1
260,4,1719.71,459.36,74.59,208.46,0.5879,-1,-1,-1
260,5,1402.85,565.91,79.84,239.28,0.5573,-1,-1,-1
260,18,939.43,101.63,65.78,175.78,0.4327,-1,-1,-1
260,19,385.09,490.22,85.79,234.80,0.6631,-1,-1,-1
260,25,573.59,390.89,62.31,200.65,0.7529,-1,-1,-1
260,6,222.45,451.37,63.06,195.18,0.5083,-1,-1,-1
260,8,489.12,380.76,68.30,226.00,0.6626,-1,-1,-1
260,27,805.70,354.62,68.50,200.69,0.3902,-1,-1,-1
260,28,237.40,756.90,85.76,266.91,0.7298,-1,-1,-1
260,32,1061.14,110.98,56.85,183.54,0.3457,-1,-1,-1
260,34,215.73,682.67,86.52,127.17,0.5331,-1,-1,-1
260,38,1133.96,102.63,58.81,169.40,0.2824,-1,-1,-1
260,21,792.11,153.91,62.60,165.82,0.2443,-1,-1,-1
260,41,870.46,366.72,60.62,183.15,0.2995,-1,-1,-1
261,1,454.18,161.07,74.45,200.72,0.3851,-1,-1,-1
261,2,156.91,565.05,83.39,247.87,0.6509,-1,-1,-1
261,3,939.41,915.15,80.06,163.04,0.7260,-1,-1,-1
261,4,1720.36,459.54,73.94,208.72,0.5983,-1,-1,-1
261,5,1408.12,565.68,75.58,239.60,0.5527,-1,-1,-1
261,18,939.31,99.42,65.60,174.13,0.4453,-1,-1,-1
261,19,380.14,488.26,90.33,236.92,0.6510,-1,-1,-1
261,25,573.49,392.59,61.79,197.96,0.7489,-1,-1,-1
261,6,222.44,450.16,63.02,194.11,0.4815,-1,-1,-1
261,8,487.71,383.45,69.20,222.40,0.6898,-1,-1,-1
261,27,804.89,354.41,70.84,202.11,0.3709,-1,-1,-1
261,28,239.80,762.28,83.73,260.35,0.6983,-1,-1,-1
261,32,1060.19,109.67,57.18,183.45,0.2969,-1,-1,-1
261,34,218.17,684.32,86.49,126.33,0.6275,-1,-1,-1
261,38,1132.18,100.76,58.28,167.84,0.2487,-1,-1,-1
261,21,791.60,155.34,61.12,164.72,0.2315,-1,-1,-1
261,41,872.49,369.65,53.91,182.10,0.2624,-1,-1,-1
262,1,457.43,161.54,71.05,199.20,0.3845,-1,-1,-1
262,2,161.67,565.23,83.05,250.17,0.6473,-1,-1,-1
262,3,938.24,916.87,82.28,160.40,0.7269,-1,-1,-1
262,4,1720.27,459.91,74.15,208.38,0.5945,-1,-1,-1
262,5,1410.27,564.17,76.58,240.02,0.5657,-1,-1,-1
262,18,938.38,98.15,66.23,171.91,0.4972,-1,-1,-1
262,19,377.39,486.88,92.72,237.52,0.6311,-1,-1,-1
262,25,573.20,394.84,61.52,196.70,0.7372,-1,-1,-1
262,6,222.43,448.85,63.16,193.29,0.5126,-1,-1,-1
262,8,487.91,384.68,68.76,220.83,0.7157,-1,-1,-1
262,27,806.27,355.24,68.91,201.93,0.4087,-1,-1,-1
262,28,241.68,764.39,85.03,263.27,0.6922,-1,-1,-1
262,32,1058.58,108.37,57.17,183.95,0.3759,-1,-1,-1
262,34,222.31,686.79,83.48,125.38,0.5634,-1,-1,-1
262,38,1131.23,100.49,59.03,168.17,0.2919,-1,-1,-1
262,21,789.24,151.92,65.28,168.19,0.2331,-1,-1,-1
262,41,874.22,368.25,60.03,187.46,0.2307,-1,-1,-1
263,1,455.83,160.43,70.66,201.38,0.3654,-1,-1,-1
263,2,165.83,565.38,80.40,251.38,0.6833,-1,-1,-1
263,3,937.05,918.15,84.60,158.73,0.7392,-1,-1,-1
263,4,1719.97,460.02,74.71,208.20,0.5727,-1,-1,-1
263,5,1411.19,564.85,76.20,237.49,0.5933,-1,-1,-1
263,18,938.71,96.34,65.70,174.03,0.4814,-1,-1,-1
263,19,375.94,485.51,93.45,238.51,0.6100,-1,-1,-1
263,25,572.51,396.50,62.17,198.14,0.7084,-1,-1,-1
263,6,223.53,446.62,62.47,191.57,0.5247,-1,-1,-1
263,8,487.64,385.22,68.86,220.06,0.6995,-1,-1,-1
263,27,804.97,355.41,72.70,204.74,0.4034,-1,-1,-1
263,28,243.30,767.90,85.58,262.97,0.6713,-1,-1,-1
263,32,1056.93,107.11,57.70,184.41,0.3885,-1,-1,-1
263,34,224.77,688.64,83.83,124.27,0.4594,-1,-1,-1
263,38,1129.60,98.15,57.76,168.25,0.2718,-1,-1,-1
263,21,789.10,150.97,65.97,169.24,0.2070,-1,-1,-1
263,41,875.36,371.69,52.82,185.49,0.2607,-1,-1,-1
264,1,458.35,160.37,67.74,200.19,0.3312,-1,-1,-1
264,2,169.42,564.74,78.43,252.77,0.6903,-1,-1,-1
264,3,937.14,919.52,85.11,156.67,0.7567,-1,-1,-1
264,4,1720.51,459.83,74.30,208.48,0.5835,-1,-1,-1
264,5,1411.47,565.11,78.77,237.00,0.6156,-1,-1,-1
264,18,938.08,94.51,66.34,176.57,0.4408,-1,-1,-1
264,19,374.45,484.76,94.19,238.45,0.6064,-1,-1,-1
264,25,571.11,397.50,62.51,199.52,0.6841,-1,-1,-1
264,6,225.30,447.16,61.32,188.16,0.5598,-1,-1,-1
264,8,486.55,385.52,69.96,218.59,0.6892,-1,-1,-1
264,27,803.44,357.51,70.83,204.93,0.3898,-1,-1,-1
264,28,245.86,771.56,86.31,261.32,0.7472,-1,-1,-1
264,32,1054.93,106.86,57.62,179.35,0.3527,-1,-1,-1
264,34,231.86,691.62,78.09,120.57,0.6105,-1,-1,-1
264,38,1127.92,97.19,57.32,168.39,0.2776,-1,-1,-1
264,21,789.95,153.83,62.17,165.94,0.2293,-1,-1,-1
264,41,874.35,370.91,60.88,188.13,0.2863,-1,-1,-1
265,1,459.71,161.06,64.95,199.47,0.3728,-1,-1,-1
265,2,173.07,565.43,76.25,254.24,0.6907,-1,-1,-1
265,3,937.99,920.12,85.33,156.24,0.7554,-1,-1,-1
265,4,1720.63,460.04,74.07,208.33,0.6007,-1,-1,-1
265,5,1411.76,565.47,79.05,239.02,0.5871,-1,-1,-1
265,18,938.98,93.17,64.95,178.85,0.4708,-1,-1,-1
265,19,373.50,484.07,94.50,238.54,0.6553,-1,-1,-1
265,25,570.11,399.02,63.07,198.99,0.7247,-1,-1,-1
265,6,226.66,444.73,60.82,188.44,0.5294,-1,-1,-1
265,8,486.09,385.78,69.73,218.35,0.6718,-1,-1,-1
265,27,803.00,358.34,72.94,207.49,0.3663,-1,-1,-1
265,28,247.29,772.53,86.12,261.38,0.7680,-1,-1,-1
265,32,1054.00,106.16,56.71,176.74,0.3830,-1,-1,-1
265,34,238.07,694.78,72.44,119.78,0.5715,-1,-1,-1
265,38,1126.76,96.34,56.44,165.00,0.3309,-1,-1,-1
265,21,788.81,151.33,65.24,169.11,0.2232,-1,-1,-1
265,41,876.00,370.83,62.32,193.51,0.2466,-1,-1,-1
266,1,460.72,160.30,64.10,201.04,0.3284,-1,-1,-1
266,2,176.16,566.13,77.12,255.89,0.6934,-1,-1,-1
266,3,938.12,920.60,86.09,155.84,0.7624,-1,-1,-1
266,4,1720.47,460.32,74.12,208.13,0.5899,-1,-1,-1
266,5,1412.08,565.50,79.40,242.91,0.5707,-1,-1,-1
266,18,939.60,92.47,64.95,178.91,0.4589,-1,-1,-1
266,19,373.41,483.58,94.44,237.68,0.6407,-1,-1,-1
266,25,568.37,400.89,64.14,201.50,0.6708,-1,-1,-1
266,6,226.03,444.05,61.55,184.30,0.4924,-1,-1,-1
266,8,484.98,385.52,69.41,219.83,0.6286,-1,-1,-1
266,27,802.22,359.61,76.47,209.33,0.3991,-1,-1,-1
266,28,249.96,774.52,90.33,259.47,0.7715,-1,-1,-1
266,32,1053.34,105.16,56.46,177.72,0.4406,-1,-1,-1
266,34,245.54,698.20,66.75,117.84,0.5293,-1,-1,-1
266,38,1126.05,96.05,55.50,165.20,0.3526,-1,-1,-1
266,21,787.27,150.14,67.88,170.48,0.2566,-1,-1,-1
266,41,875.33,375.27,54.23,191.59,0.2023,-1,-1,-1
267,1,461.50,159.64,64.16,201.22,0.3720,-1,-1,-1
267,2,178.94,567.00,77.43,259.56,0.6873,-1,-1,-1
267,3,938.85,920.55,85.89,156.13,0.7636,-1,-1,-1
267,4,1720.27,460.11,74.84,208.18,0.5666,-1,-1,-1
267,5,1412.57,565.30,78.86,244.31,0.5651,-1,-1,-1
267,18,939.86,91.57,65.25,179.70,0.4571,-1,-1,-1
267,19,373.10,481.36,93.78,238.24,0.6064,-1,-1,-1
267,25,567.15,402.26,64.74,204.13,0.6510,-1,-1,-1
267,6,224.56,441.56,63.41,184.85,0.4865,-1,-1,-1
267,8,482.33,386.00,70.31,221.30,0.6257,-1,-1,-1
267,27,802.42,361.48,74.14,211.53,0.3821,-1,-1,-1
267,28,249.61,773.48,92.96,261.00,0.7581,-1,-1,-1
267,32,1051.35,104.29,57.78,178.71,0.4609,-1,-1,-1
267,34,249.23,701.36,66.39,114.79,0.5142,-1,-1,-1
267,38,1124.27,95.87,56.56,166.56,0.3902,-1,-1,-1
267,21,786.91,150.05,69.32,170.48,0.2777,-1,-1,-1
267,41,875.16,373.22,65.08,195.53,0.2134,-1,-1,-1
268,1,462.00,157.63,64.73,202.84,0.3731,-1,-1,-1
268,2,182.08,568.53,76.32,259.33,0.7073,-1,-1,-1
268,3,940.59,920.40,84.43,156.50,0.7583,-1,-1,-1
268,4,1720.39,460.09,74.17,208.15,0.5799,-1,-1,-1
268,5,1413.08,564.77,78.24,245.08,0.5938,-1,-1,-1
268,18,941.66,91.84,64.97,179.06,0.4517,-1,-1,-1
268,19,373.18,479.54,92.18,238.81,0.6349,-1,-1,-1
268,25,565.85,403.30,65.84,205.60,0.6221,-1,-1,-1
268,6,224.08,439.75,63.85,186.23,0.5369,-1,-1,-1
268,8,479.82,387.92,72.07,222.86,0.6267,-1,-1,-1
268,27,803.45,362.54,72.10,214.65,0.3771,-1,-1,-1
268,28,251.34,771.11,90.10,263.44,0.7429,-1,-1,-1
268,32,1049.92,104.66,58.71,178.06,0.4540,-1,-1,-1
268,34,253.68,704.04,65.39,112.68,0.5485,-1,-1,-1
268,38,1122.70,96.10,57.23,167.29,0.4121,-1,-1,-1
268,21,785.59,149.61,71.34,170.93,0.2642,-1,-1,-1
268,41,874.81,373.61,66.72,196.37,0.2453,-1,-1,-1
269,1,462.11,158.66,65.25,199.87,0.4035,-1,-1,-1
269,2,184.07,570.92,78.54,254.98,0.7132,-1,-1,-1
269,3,942.76,920.56,83.19,156.69,0.7533,-1,-1,-1
269,4,1720.65,460.47,73.96,207.21,0.5951,-1,-1,-1
269,5,1414.02,566.00,78.47,244.15,0.5817,-1,-1,-1
269,18,942.40,91.85,64.72,178.61,0.4962,-1,-1,-1
269,19,374.04,477.87,90.90,239.18,0.6510,-1,-1,-1
269,25,565.36,401.40,66.85,208.43,0.6021,-1,-1,-1
269,6,224.58,437.72,64.03,188.72,0.5009,-1,-1,-1
269,8,476.77,389.53,74.36,222.11,0.6336,-1,-1,-1
269,27,805.52,365.44,66.87,213.21,0.4108,-1,-1,-1
269,28,252.42,773.57,90.26,261.17,0.7193,-1,-1,-1
269,32,1048.60,104.54,59.00,176.34,0.4450,-1,-1,-1
269,34,257.15,705.93,66.18,112.68,0.5752,-1,-1,-1
269,38,1121.47,95.80,57.58,167.59,0.3738,-1,-1,-1
269,21,785.18,149.53,72.06,170.81,0.2426,-1,-1,-1
269,41,873.19,376.29,72.64,193.34,0.2836,-1,-1,-1
270,1,462.64,155.53,62.89,201.67,0.3787,-1,-1,-1
270,2,185.71,572.14,81.59,249.56,0.6871,-1,-1,-1
270,3,944.12,920.85,82.23,157.16,0.7538,-1,-1,-1
270,4,1720.63,460.97,73.94,206.68,0.5596,-1,-1,-1
270,5,1416.16,569.04,79.70,241.52,0.5699,-1,-1,-1
270,18,941.94,91.58,66.30,178.68,0.4809,-1,-1,-1
270,19,374.94,475.62,89.44,236.70,0.6327,-1,-1,-1
270,25,564.42,401.72,68.03,211.42,0.6105,-1,-1,-1
270,6,225.26,436.48,63.40,190.06,0.4791,-1,-1,-1
270,8,475.07,391.92,75.15,221.56,0.6353,-1,-1,-1
270,27,806.12,367.34,65.28,211.94,0.3770,-1,-1,-1
270,28,256.14,770.78,87.60,263.16,0.7716,-1,-1,-1
270,32,1047.02,104.15,59.10,176.71,0.4332,-1,-1,-1
270,34,259.85,706.75,68.43,109.24,0.5492,-1,-1,-1
270,38,1120.38,95.82,57.63,167.88,0.3589,-1,-1,-1
270,21,786.94,152.52,66.55,167.73,0.2435,-1,-1,-1
270,41,874.02,377.85,68.67,192.46,0.2699,-1,-1,-1
271,1,462.91,155.78,63.67,201.03,0.3588,-1,-1,-1
271,2,187.33,573.98,84.12,246.70,0.6547,-1,-1,-1
271,3,945.37,921.48,81.48,156.66,0.7319,-1,-1,-1
271,4,1720.03,460.45,74.74,207.92,0.5710,-1,-1,-1
271,5,1419.34,572.46,79.66,239.26,0.5320,-1,-1,-1
271,18,942.23,90.94,66.50,177.90,0.5078,-1,-1,-1
271,19,377.95,472.52,86.09,231.32,0.6257,-1,-1,-1
271,25,564.59,402.43,66.96,210.04,0.6058,-1,-1,-1
271,6,226.33,435.35,62.05,187.11,0.4749,-1,-1,-1
271,8,473.65,393.56,75.90,220.14,0.6234,-1,-1,-1
271,27,810.05,369.92,61.74,213.14,0.4078,-1,-1,-1
271,28,258.89,771.91,86.01,261.74,0.7423,-1,-1,-1
271,32,1045.14,103.74,59.70,177.97,0.4225,-1,-1,-1
271,34,262.47,707.99,70.75,112.37,0.4877,-1,-1,-1
271,38,1118.32,95.45,58.16,167.69,0.3163,-1,-1,-1
271,21,786.65,150.65,69.20,169.70,0.2630,-1,-1,-1
271,41,877.64,379.06,58.85,188.93,0.3121,-1,-1,-1
272,1,463.22,154.40,65.20,201.15,0.3685,-1,-1,-1
272,2,189.07,574.44,86.32,246.28,0.6721,-1,-1,-1
272,3,945.92,921.79,81.13,156.43,0.7196,-1,-1,-1
272,4,1720.03,460.31,74.48,207.31,0.5510,-1,-1,-1
272,5,1421.77,574.71,79.87,240.47,0.5202,-1,-1,-1
272,18,941.78,90.38,67.97,178.43,0.4844,-1,-1,-1
272,19,383.66,469.01,81.74,227.62,0.5986,-1,-1,-1
272,25,564.29,402.91,66.37,212.38,0.5543,-1,-1,-1
272,6,227.75,433.71,60.43,186.76,0.4508,-1,-1,-1
272,8,472.19,395.12,76.39,219.59,0.5954,-1,-1,-1
272,27,810.40,371.64,61.44,214.48,0.3818,-1,-1,-1
272,28,259.81,778.75,87.65,258.86,0.7314,-1,-1,-1
272,32,1042.57,103.49,60.62,178.63,0.3876,-1,-1,-1
272,34,267.48,708.43,71.51,116.65,0.5237,-1,-1,-1
272,38,1116.50,96.12,56.44,166.14,0.3192,-1,-1,-1
272,21,787.45,149.78,68.55,170.92,0.2521,-1,-1,-1
272,41,877.75,380.12,59.88,186.99,0.3475,-1,-1,-1
273,1,463.63,152.94,64.55,199.98,0.4018,-1,-1,-1
273,2,190.69,575.39,89.42,245.82,0.6831,-1,-1,-1
273,3,945.87,922.14,81.47,156.27,0.7230,-1,-1,-1
273,4,1719.99,460.48,74.11,207.32,0.5611,-1,-1,-1
273,5,1423.76,579.12,78.34,237.03,0.4939,-1,-1,-1
273,18,942.11,89.35,66.84,178.72,0.4868,-1,-1,-1
273,19,387.11,465.68,78.57,226.30,0.5863,-1,-1,-1
273,25,562.65,404.20,67.11,212.57,0.5500,-1,-1,-1
273,6,229.00,432.76,59.04,184.53,0.4703,-1,-1,-1
273,8,471.19,396.45,75.57,218.79,0.6026,-1,-1,-1
273,27,809.36,373.08,63.01,211.93,0.3547,-1,-1,-1
273,28,258.75,781.36,91.30,261.08,0.7240,-1,-1,-1
273,32,1039.96,102.70,62.39,178.16,0.3629,-1,-1,-1
273,34,272.67,708.76,73.12,123.82,0.5733,-1,-1,-1
273,38,1114.13,95.30,61.18,166.70,0.3025,-1,-1,-1
273,21,787.40,149.67,68.37,170.83,0.2530,-1,-1,-1
273,41,881.09,379.57,57.31,189.40,0.3398,-1,-1,-1
274,1,463.43,152.09,63.80,196.78,0.4003,-1,-1,-1
274,2,192.92,576.31,90.98,246.95,0.6954,-1,-1,-1
274,3,945.98,922.33,81.35,156.37,0.7052,-1,-1,-1
274,4,1720.39,460.36,73.73,207.52,0.5941,-1,-1,-1
274,5,1425.22,579.37,78.47,239.15,0.5281,-1,-1,-1
274,18,942.46,88.25,65.84,179.54,0.5138,-1,-1,-1
274,19,387.50,462.26,78.44,227.56,0.6227,-1,-1,-1
274,25,560.62,404.98,67.06,211.87,0.5339,-1,-1,-1
274,6,229.03,431.68,58.67,183.34,0.4639,-1,-1,-1
274,8,470.44,397.43,74.68,218.68,0.6236,-1,-1,-1
274,27,807.47,373.77,63.12,212.33,0.3452,-1,-1,-1
274,28,261.60,785.36,93.26,262.15,0.7130,-1,-1,-1
274,32,1036.07,102.17,66.40,178.44,0.3898,-1,-1,-1
274,34,276.41,708.93,74.80,136.00,0.6443,-1,-1,-1
274,38,1112.63,94.68,63.25,166.09,0.3419,-1,-1,-1
274,21,788.85,149.95,66.57,170.28,0.2472,-1,-1,-1
274,41,883.59,381.84,55.48,188.82,0.3506,-1,-1,-1
275,1,463.41,151.06,63.89,194.83,0.4032,-1,-1,-1
275,2,194.67,577.88,93.81,249.34,0.6725,-1,-1,-1
275,3,945.10,922.38,82.56,156.46,0.7234,-1,-1,-1
275,4,1720.46,460.16,73.61,207.57,0.5895,-1,-1,-1
275,5,1427.90,580.09,77.59,239.61,0.5103,-1,-1,-1
275,18,942.42,86.25,65.53,180.91,0.4998,-1,-1,-1
275,19,387.12,461.15,78.97,226.67,0.6139,-1,-1,-1
275,25,559.48,405.77,66.58,209.50,0.5952,-1,-1,-1
275,6,228.59,430.47,59.76,188.06,0.3371,-1,-1,-1
275,8,469.85,397.75,73.46,216.99,0.6620,-1,-1,-1
275,27,810.82,374.47,61.37,211.06,0.3944,-1,-1,-1
275,28,265.77,783.35,92.50,266.98,0.7037,-1,-1,-1
275,32,1032.67,102.36,69.03,178.97,0.3354,-1,-1,-1
275,34,277.79,711.31,80.95,140.16,0.4186,-1,-1,-1
275,38,1111.04,94.35,64.16,168.08,0.3063,-1,-1,-1
275,21,789.53,149.62,65.72,170.45,0.2368,-1,-1,-1
275,41,885.74,380.95,54.66,191.00,0.3567,-1,-1,-1
276,1,462.79,149.86,65.31,194.25,0.4030,-1,-1,-1
276,2,195.85,577.97,94.73,249.16,0.6740,-1,-1,-1
276,3,944.26,922.85,83.58,156.11,0.7484,-1,-1,-1
276,4,1719.79,460.42,74.25,206.98,0.5906,-1,-1,-1
276,5,1431.26,579.51,75.66,241.48,0.5310,-1,-1,-1
276,18,943.20,84.63,63.73,180.69,0.4536,-1,-1,-1
276,19,387.59,459.75,78.55,226.92,0.6325,-1,-1,-1
276,25,557.87,407.19,67.20,206.99,0.6338,-1,-1,-1
276,6,228.30,428.67,59.70,191.37,0.3359,-1,-1,-1
276,8,468.46,398.81,73.38,216.75,0.6650,-1,-1,-1
276,27,809.67,374.50,63.27,211.04,0.4044,-1,-1,-1
276,28,270.24,783.67,91.72,270.88,0.6299,-1,-1,-1
276,32,1031.23,102.52,68.97,179.66,0.3314,-1,-1,-1
276,34,280.15,714.59,84.52,141.84,0.3168,-1,-1,-1
276,38,1108.81,94.34,65.34,167.98,0.2939,-1,-1,-1
276,21,790.31,152.34,61.12,168.16,0.2724,-1,-1,-1
276,41,886.38,382.10,55.83,190.78,0.3094,-1,-1,-1
277,1,463.26,147.70,65.88,195.29,0.3743,-1,-1,-1
277,2,196.88,577.36,91.93,249.66,0.6507,-1,-1,-1
277,3,943.84,923.48,84.19,155.10,0.7527,-1,-1,-1
277,4,1719.26,459.93,74.84,208.16,0.5905,-1,-1,-1
277,5,1434.24,580.02,74.26,242.51,0.4950,-1,-1,-1
277,18,943.83,83.81,60.59,176.37,0.4626,-1,-1,-1
277,19,388.51,458.91,78.44,227.61,0.6088,-1,-1,-1
277,25,557.12,409.41,66.57,204.55,0.6591,-1,-1,-1
277,6,228.80,426.66,58.69,186.56,0.3895,-1,-1,-1
277,8,466.86,400.80,72.59,216.35,0.6852,-1,-1,-1
277,27,809.49,375.22,64.52,210.35,0.3811,-1,-1,-1
277,28,272.75,784.11,89.12,276.31,0.6519,-1,-1,-1
277,32,1030.11,102.69,68.98,179.66,0.3398,-1,-1,-1
277,34,282.54,718.05,88.75,142.91,0.5265,-1,-1,-1
277,38,1107.57,94.57,63.67,165.75,0.2775,-1,-1,-1
277,21,789.84,151.09,64.67,170.11,0.2579,-1,-1,-1
277,41,885.13,386.42,61.23,184.94,0.3402,-1,-1,-1
278,1,464.00,146.76,64.95,195.92,0.3478,-1,-1,-1
278,2,198.19,576.49,87.54,250.90,0.6512,-1,-1,-1
278,3,943.60,923.74,84.46,154.29,0.7646,-1,-1,-1
278,4,1719.31,459.57,75.17,209.00,0.5593,-1,-1,-1
278,5,1436.15,582.11,74.20,242.28,0.4393,-1,-1,-1
278,18,942.80,82.02,61.96,176.24,0.4516,-1,-1,-1
278,19,388.76,458.67,79.23,226.86,0.5992,-1,-1,-1
278,25,555.49,411.06,67.11,204.46,0.6520,-1,-1,-1
278,6,228.69,424.73,58.85,180.02,0.4276,-1,-1,-1
278,8,465.82,401.43,71.01,216.76,0.6676,-1,-1,-1
278,27,812.39,376.44,62.67,208.96,0.3481,-1,-1,-1
278,28,275.02,788.32,84.24,274.74,0.6252,-1,-1,-1
278,32,1030.85,102.01,65.15,178.42,0.3738,-1,-1,-1
278,34,284.29,721.12,95.67,144.34,0.6426,-1,-1,-1
278,38,1106.04,94.69,63.40,166.64,0.2809,-1,-1,-1
278,21,790.17,152.50,61.57,167.38,0.2426,-1,-1,-1
278,41,884.87,388.09,63.07,183.79,0.3889,-1,-1,-1
279,1,463.95,146.52,64.94,196.52,0.3521,-1,-1,-1
279,2,201.50,577.19,80.71,250.69,0.5896,-1,-1,-1
279,3,942.98,924.03,85.06,154.03,0.7570,-1,-1,-1
279,4,1720.39,459.42,73.94,209.35,0.5667,-1,-1,-1
279,5,1437.08,588.25,73.12,237.24,0.2920,-1,-1,-1
279,18,942.31,79.45,61.22,177.51,0.4324,-1,-1,-1
279,19,388.12,458.14,80.89,228.35,0.5898,-1,-1,-1
279,25,554.60,412.75,66.82,204.27,0.6604,-1,-1,-1
279,6,229.16,423.12,58.73,176.88,0.4414,-1,-1,-1
279,8,465.30,403.69,69.72,213.39,0.6848,-1,-1,-1
279,27,815.61,378.17,59.80,207.69,0.3967,-1,-1,-1
279,28,276.83,792.73,83.45,277.89,0.6414,-1,-1,-1
279,32,1030.57,101.57,63.23,177.23,0.3994,-1,-1,-1
279,34,286.49,725.16,102.32,143.24,0.6490,-1,-1,-1
279,38,1104.08,93.70,60.22,162.86,0.2997,-1,-1,-1
279,21,790.20,153.25,60.13,167.22,0.2626,-1,-1,-1
279,41,884.73,390.15,62.41,185.27,0.3319,-1,-1,-1
279,42,747.25,333.53,55.35,187.70,0.4048,-1,-1,-1
280,1,463.58,145.01,66.18,198.73,0.3234,-1,-1,-1
280,2,207.63,581.58,70.01,245.30,0.5344,-1,-1,-1
280,3,942.20,924.53,86.22,153.35,0.7599,-1,-1,-1
280,4,1720.66,459.13,73.29,209.50,0.5722,-1,-1,-1
280,5,1437.78,588.90,72.71,237.72,0.3337,-1,-1,-1
280,18,941.99,78.49,61.15,178.01,0.4328,-1,-1,-1
280,19,388.55,457.46,80.67,230.00,0.6086,-1,-1,-1
280,25,553.93,414.96,66.48,206.18,0.6500,-1,-1,-1
280,6,229.38,421.29,58.59,178.19,0.4718,-1,-1,-1
280,8,465.42,405.12,67.63,212.86,0.7120,-1,-1,-1
280,27,817.66,379.66,57.69,205.53,0.3634,-1,-1,-1
280,28,277.61,796.52,83.14,278.73,0.6422,-1,-1,-1
280,32,1028.18,100.49,67.68,179.52,0.4261,-1,-1,-1
280,34,289.43,726.98,106.56,143.58,0.6615,-1,-1,-1
280,38,1102.57,94.19,62.13,160.93,0.2875,-1,-1,-1
280,21,789.98,152.44,64.64,168.74,0.2386,-1,-1,-1
280,41,883.78,391.85,63.57,187.79,0.3277,-1,-1,-1
280,42,748.47,337.73,59.66,187.56,0.4455,-1,-1,-1
281,1,463.66,143.97,66.72,199.80,0.3407,-1,-1,-1
281,2,209.33,581.26,70.10,248.76,0.5730,-1,-1,-1
281,3,941.53,924.06,86.69,154.07,0.7632,-1,-1,-1
281,4,1720.07,459.61,74.00,209.09,0.5691,-1,-1,-1
281,5,1438.87,587.89,74.44,238.91,0.4650,-1,-1,-1
281,18,941.56,77.44,60.67,178.27,0.4340,-1,-1,-1
281,19,390.10,456.68,78.71,230.00,0.6385,-1,-1,-1
281,25,553.40,417.44,65.53,206.55,0.6400,-1,-1,-1
281,6,228.87,419.26,60.36,183.96,0.4025,-1,-1,-1
281,8,464.95,405.69,66.62,212.89,0.6512,-1,-1,-1
281,27,818.86,380.61,57.18,201.40,0.3211,-1,-1,-1
281,28,279.91,798.48,83.40,278.22,0.6532,-1,-1,-1
281,32,1027.64,100.49,64.25,176.81,0.4628,-1,-1,-1
281,34,293.05,729.82,107.37,142.31,0.6484,-1,-1,-1
281,38,1101.93,93.56,59.09,159.12,0.3382,-1,-1,-1
281,21,789.45,151.66,65.33,169.25,0.2435,-1,-1,-1
281,41,885.80,394.64,63.39,185.70,0.3181,-1,-1,-1
281,42,752.02,340.56,57.81,182.93,0.3421,-1,-1,-1
282,1,463.83,143.15,67.39,200.66,0.3178,-1,-1,-1
282,2,215.07,584.25,65.07,245.07,0.6071,-1,-1,-1
282,3,940.86,924.07,87.27,153.80,0.7612,-1,-1,-1
282,4,1719.88,460.23,73.77,209.11,0.6168,-1,-1,-1
282,5,1439.39,586.32,75.52,240.08,0.4946,-1,-1,-1
282,18,940.58,77.21,61.25,177.91,0.4612,-1,-1,-1
282,19,390.50,455.40,76.93,229.09,0.6571,-1,-1,-1
282,25,552.44,419.19,64.87,205.05,0.6606,-1,-1,-1
282,6,228.47,416.68,61.34,188.71,0.4559,-1,-1,-1
282,8,465.18,406.35,64.90,211.44,0.6620,-1,-1,-1
282,27,819.98,382.22,57.49,189.87,0.3030,-1,-1,-1
282,28,281.80,800.35,83.70,277.20,0.7255,-1,-1,-1
282,32,1025.97,99.78,63.14,175.39,0.4269,-1,-1,-1
282,34,297.76,733.22,107.64,144.58,0.6510,-1,-1,-1
282,38,1101.28,92.64,57.11,160.32,0.3526,-1,-1,-1
282,21,789.86,152.88,61.19,167.21,0.2604,-1,-1,-1
282,41,886.91,395.77,64.70,188.18,0.2262,-1,-1,-1
282,42,755.48,342.14,57.25,178.36,0.4132,-1,-1,-1
283,1,464.01,143.77,67.84,199.95,0.3090,-1,-1,-1
283,2,218.84,584.50,64.17,245.09,0.5963,-1,-1,-1
283,3,940.73,923.96,87.61,153.78,0.7738,-1,-1,-1
283,4,1720.45,459.72,73.51,209.41,0.6041,-1,-1,-1
283,5,1440.26,584.61,76.35,241.68,0.4685,-1,-1,-1
283,18,940.61,78.44,59.25,173.08,0.4838,-1,-1,-1
283,19,389.45,452.23,77.88,230.91,0.6525,-1,-1,-1
283,25,552.61,421.02,62.63,205.67,0.6496,-1,-1,-1
283,6,228.54,415.02,61.74,185.21,0.4088,-1,-1,-1
283,8,465.47,407.58,64.39,212.07,0.6540,-1,-1,-1
283,27,820.03,383.14,58.26,194.50,0.3062,-1,-1,-1
283,28,283.25,800.38,84.56,277.54,0.7057,-1,-1,-1
283,32,1023.73,98.80,63.11,175.25,0.4518,-1,-1,-1
283,34,302.38,736.35,106.81,140.24,0.5674,-1,-1,-1
283,38,1100.25,92.20,57.16,161.52,0.3741,-1,-1,-1
283,21,788.52,152.24,65.71,168.18,0.2486,-1,-1,-1
283,41,886.58,396.23,66.47,193.60,0.2473,-1,-1,-1
283,42,759.24,344.01,57.08,175.35,0.3830,-1,-1,-1
284,1,463.27,143.06,67.73,200.12,0.3430,-1,-1,-1
284,2,222.97,581.24,63.44,252.04,0.5659,-1,-1,-1
284,3,939.30,923.29,88.99,154.57,0.7676,-1,-1,-1
284,4,1720.29,460.05,73.88,209.05,0.5969,-1,-1,-1
284,5,1440.98,582.34,77.04,244.07,0.4534,-1,-1,-1
284,18,940.73,78.59,58.96,172.09,0.4619,-1,-1,-1
284,19,391.15,449.76,75.70,232.03,0.6483,-1,-1,-1
284,25,552.06,423.23,62.94,208.55,0.6629,-1,-1,-1
284,6,228.76,412.81,60.60,179.20,0.3737,-1,-1,-1
284,8,464.63,409.16,65.93,214.87,0.6215,-1,-1,-1
284,27,820.14,384.39,59.75,195.17,0.2612,-1,-1,-1
284,28,283.55,801.33,86.07,277.13,0.7167,-1,-1,-1
284,32,1021.44,97.41,63.18,176.99,0.4284,-1,-1,-1
284,34,307.03,738.71,104.37,138.47,0.5649,-1,-1,-1
284,38,1098.67,92.16,57.07,162.66,0.3392,-1,-1,-1
284,21,788.74,152.58,62.73,168.25,0.2855,-1,-1,-1
284,41,890.20,396.94,65.33,194.06,0.2396,-1,-1,-1
284,42,763.07,345.87,57.38,174.28,0.3533,-1,-1,-1
285,1,463.16,142.87,66.12,200.10,0.3239,-1,-1,-1
285,2,226.93,579.92,63.19,254.19,0.5491,-1,-1,-1
285,3,938.24,922.60,89.54,154.95,0.7723,-1,-1,-1
285,4,1720.43,460.29,74.09,208.45,0.5914,-1,-1,-1
285,5,1443.90,580.26,78.29,245.72,0.5650,-1,-1,-1
285,18,940.55,78.83,60.15,173.47,0.4665,-1,-1,-1
285,19,391.94,448.13,74.35,232.11,0.6452,-1,-1,-1
285,25,551.24,424.16,61.64,210.65,0.6517,-1,-1,-1
285,6,227.82,412.46,62.41,183.72,0.3838,-1,-1,-1
285,8,464.45,409.99,66.19,217.33,0.6051,-1,-1,-1
285,27,823.22,384.49,58.26,201.37,0.3094,-1,-1,-1
285,28,284.21,802.28,87.34,276.28,0.6994,-1,-1,-1
285,32,1019.70,97.05,65.52,176.55,0.4519,-1,-1,-1
285,34,308.16,740.83,104.71,138.12,0.5574,-1,-1,-1
285,38,1096.38,91.27,56.99,162.51,0.3303,-1,-1,-1
285,21,788.69,151.46,65.19,169.45,0.2787,-1,-1,-1
285,41,890.92,398.69,59.76,194.68,0.2579,-1,-1,-1
285,42,766.05,349.50,59.12,183.61,0.3533,-1,-1,-1
286,1,463.15,143.82,63.83,198.16,0.3005,-1,-1,-1
286,2,231.06,578.48,62.91,256.21,0.5470,-1,-1,-1
286,3,939.20,922.17,87.60,155.49,0.7622,-1,-1,-1
286,4,1720.85,460.08,73.26,208.51,0.6184,-1,-1,-1
286,5,1446.53,579.93,78.64,247.39,0.4795,-1,-1,-1
286,18,940.44,78.54,60.58,174.42,0.4634,-1,-1,-1
286,19,392.25,445.92,73.52,231.35,0.6347,-1,-1,-1
286,25,549.03,425.32,62.75,211.49,0.6244,-1,-1,-1
286,6,228.71,411.24,62.34,195.94,0.3329,-1,-1,-1
286,8,464.03,411.06,66.42,222.02,0.6053,-1,-1,-1
286,27,825.25,385.96,57.41,203.60,0.3702,-1,-1,-1
286,28,284.57,804.14,90.33,273.80,0.7233,-1,-1,-1
286,32,1018.36,97.01,61.45,177.93,0.4906,-1,-1,-1
286,34,308.73,742.78,104.40,137.76,0.5544,-1,-1,-1
286,38,1095.14,90.11,54.03,164.74,0.3440,-1,-1,-1
286,21,789.55,151.98,65.48,169.13,0.2592,-1,-1,-1
286,41,893.25,398.94,63.82,196.18,0.3613,-1,-1,-1
286,42,769.82,351.96,59.10,192.79,0.2716,-1,-1,-1
287,1,462.10,143.60,64.31,198.15,0.3315,-1,-1,-1
287,2,233.42,579.74,63.45,255.32,0.5447,-1,-1,-1
287,3,939.37,922.23,86.68,155.69,0.7800,-1,-1,-1
287,4,1720.66,459.78,73.26,208.93,0.6068,-1,-1,-1
287,5,1449.35,579.72,79.49,247.41,0.5470,-1,-1,-1
287,18,940.06,78.07,61.12,176.15,0.4507,-1,-1,-1
287,19,392.43,444.09,73.57,226.00,0.6042,-1,-1,-1
287,25,545.72,426.11,64.72,211.34,0.6319,-1,-1,-1
287,6,229.36,411.42,62.67,207.65,0.3092,-1,-1,-1
287,8,463.93,412.33,65.91,224.06,0.5960,-1,-1,-1
287,27,823.71,390.53,66.87,204.39,0.3712,-1,-1,-1
287,28,285.60,808.05,92.83,268.95,0.7517,-1,-1,-1
287,32,1017.62,96.81,60.31,178.02,0.4811,-1,-1,-1
287,34,310.38,742.86,103.06,139.04,0.5582,-1,-1,-1
287,38,1093.08,90.43,55.21,164.43,0.3661,-1,-1,-1
287,21,789.39,152.17,65.75,169.59,0.2798,-1,-1,-1
287,41,893.58,399.57,63.61,196.12,0.3728,-1,-1,-1
287,42,774.85,351.17,59.17,201.93,0.2330,-1,-1,-1
288,1,462.43,143.89,65.78,197.28,0.3234,-1,-1,-1
288,2,234.24,579.44,65.72,255.67,0.5792,-1,-1,-1
288,3,940.08,921.84,84.88,155.92,0.7600,-1,-1,-1
288,4,1720.64,460.03,73.06,208.60,0.6026,-1,-1,-1
288,5,1450.91,582.41,80.81,242.25,0.5275,-1,-1,-1
288,18,939.00,75.42,59.56,176.20,0.5023,-1,-1,-1
288,19,393.15,441.58,72.54,222.80,0.6231,-1,-1,-1
288,25,542.98,426.64,66.35,210.80,0.6145,-1,-1,-1
288,6,230.12,410.54,62.71,203.33,0.3249,-1,-1,-1
288,8,462.25,409.60,66.18,227.50,0.5782,-1,-1,-1
288,27,824.48,393.71,70.45,203.44,0.4151,-1,-1,-1
288,28,286.50,811.42,94.34,267.36,0.7661,-1,-1,-1
288,32,1017.19,96.00,59.75,176.93,0.5123,-1,-1,-1
288,34,310.88,743.38,99.11,138.82,0.5782,-1,-1,-1
288,38,1091.68,90.16,56.00,164.55,0.4101,-1,-1,-1
288,21,788.31,151.85,66.97,169.79,0.2952,-1,-1,-1
288,41,894.09,400.32,63.79,195.98,0.3706,-1,-1,-1
288,42,779.82,351.54,57.52,204.17,0.2579,-1,-1,-1
289,1,462.71,143.52,64.82,197.89,0.3106,-1,-1,-1
289,2,235.52,580.06,67.82,254.26,0.5509,-1,-1,-1
289,3,940.75,921.28,82.19,156.31,0.7492,-1,-1,-1
289,4,1720.09,459.32,73.88,210.18,0.5915,-1,-1,-1
289,5,1452.16,582.13,82.67,240.50,0.4919,-1,-1,-1
289,18,938.34,73.91,58.17,175.58,0.5159,-1,-1,-1
289,19,393.43,439.33,72.38,221.38,0.6236,-1,-1,-1
289,25,540.77,427.35,67.64,210.39,0.6193,-1,-1,-1
289,6,231.56,409.18,61.42,191.02,0.4105,-1,-1,-1
289,8,461.77,411.36,65.43,227.88,0.6396,-1,-1,-1
289,27,825.50,394.66,70.85,203.10,0.3776,-1,-1,-1
289,28,288.71,812.63,95.46,266.81,0.7543,-1,-1,-1
289,32,1016.14,94.98,61.42,177.44,0.4767,-1,-1,-1
289,34,310.69,743.62,98.43,142.06,0.5943,-1,-1,-1
289,38,1091.07,90.85,56.06,164.12,0.3941,-1,-1,-1
289,21,788.75,153.09,66.46,169.28,0.2868,-1,-1,-1
289,41,895.70,400.65,64.58,195.02,0.3241,-1,-1,-1
289,42,782.96,351.93,56.48,197.51,0.3081,-1,-1,-1
290,1,463.61,141.43,61.99,198.00,0.2702,-1,-1,-1
290,2,236.92,581.32,67.59,253.39,0.5761,-1,-1,-1
290,3,941.43,920.45,79.52,156.66,0.7535,-1,-1,-1
290,4,1720.20,459.41,73.94,209.62,0.5992,-1,-1,-1
290,5,1452.72,587.64,85.56,231.97,0.4023,-1,-1,-1
290,18,938.13,72.46,56.58,175.60,0.5210,-1,-1,-1
290,19,390.46,437.34,75.32,223.66,0.6009,-1,-1,-1
290,25,539.30,427.56,68.11,210.05,0.6300,-1,-1,-1
290,6,233.33,408.57,59.94,184.84,0.4551,-1,-1,-1
290,8,460.40,411.77,66.09,230.51,0.6796,-1,-1,-1
290,27,825.76,395.32,73.92,203.52,0.4387,-1,-1,-1
290,28,290.45,815.62,96.84,264.69,0.7199,-1,-1,-1
290,32,1015.27,93.96,61.32,177.80,0.4978,-1,-1,-1
290,34,312.50,744.45,93.59,144.06,0.6312,-1,-1,-1
290,38,1089.04,90.45,57.15,164.61,0.4081,-1,-1,-1
290,21,789.30,152.36,65.87,169.38,0.2926,-1,-1,-1
290,41,897.14,401.94,63.74,194.31,0.3320,-1,-1,-1
290,42,786.91,353.19,53.84,192.65,0.3684,-1,-1,-1
291,1,460.76,140.24,60.41,196.59,0.2970,-1,-1,-1
291,2,238.93,581.06,67.71,254.04,0.5583,-1,-1,-1
291,3,941.86,919.89,77.89,156.92,0.7535,-1,-1,-1
291,4,1721.10,459.73,73.41,209.06,0.5849,-1,-1,-1
291,5,1453.56,592.69,86.90,223.67,0.3740,-1,-1,-1
291,18,938.00,71.07,56.02,177.68,0.5073,-1,-1,-1
291,19,386.67,435.41,79.34,226.07,0.5969,-1,-1,-1
291,25,536.99,428.16,68.82,209.57,0.6354,-1,-1,-1
291,6,233.29,408.05,60.60,182.73,0.4341,-1,-1,-1
291,8,460.18,412.67,66.29,231.08,0.6569,-1,-1,-1
291,27,829.13,398.07,69.92,203.32,0.3208,-1,-1,-1
291,28,292.71,819.70,96.30,260.86,0.7040,-1,-1,-1
291,32,1014.57,93.05,61.13,177.82,0.4531,-1,-1,-1
291,34,313.31,746.17,91.13,144.07,0.6181,-1,-1,-1
291,38,1087.17,89.37,57.09,165.41,0.3653,-1,-1,-1
291,21,788.44,152.22,67.03,169.68,0.2767,-1,-1,-1
291,41,896.98,402.56,63.40,193.35,0.3259,-1,-1,-1
291,42,790.24,353.81,55.66,194.40,0.4370,-1,-1,-1
292,1,458.53,139.62,60.82,195.51,0.3082,-1,-1,-1
292,2,240.99,581.24,71.37,253.36,0.5465,-1,-1,-1
292,3,942.10,919.69,76.19,157.37,0.7396,-1,-1,-1
292,4,1720.29,460.40,74.22,208.64,0.5782,-1,-1,-1
292,5,1460.88,598.01,82.08,222.66,0.4207,-1,-1,-1
292,18,937.82,69.90,56.29,175.98,0.5262,-1,-1,-1
292,19,384.61,434.78,80.82,227.27,0.5705,-1,-1,-1
292,25,536.90,429.66,68.67,208.03,0.6525,-1,-1,-1
292,6,232.84,407.35,60.60,183.50,0.4539,-1,-1,-1
292,8,460.22,414.06,66.25,230.70,0.5968,-1,-1,-1
292,27,831.40,398.65,66.30,205.75,0.4409,-1,-1,-1
292,28,295.01,825.93,98.90,253.60,0.6388,-1,-1,-1
292,32,1013.68,92.69,61.29,177.56,0.4208,-1,-1,-1
292,34,315.64,748.85,87.76,142.25,0.5284,-1,-1,-1
292,38,1085.49,88.86,57.59,164.72,0.3721,-1,-1,-1
292,21,789.81,151.50,65.69,170.18,0.3173,-1,-1,-1
292,41,897.69,407.01,60.96,187.74,0.3526,-1,-1,-1
292,42,791.48,352.25,57.13,201.38,0.3079,-1,-1,-1
293,1,456.99,138.54,61.40,194.42,0.2876,-1,-1,-1
293,2,242.69,581.80,78.78,253.68,0.5522,-1,-1,-1
293,3,942.50,918.76,72.58,158.77,0.7357,-1,-1,-1
293,4,1720.71,460.71,73.61,208.04,0.5612,-1,-1,-1
293,5,1463.09,598.52,84.12,224.80,0.4391,-1,-1,-1
293,18,938.05,68.68,56.02,173.37,0.4574,-1,-1,-1
293,19,382.28,433.14,82.64,228.37,0.5399,-1,-1,-1
293,25,535.51,431.99,69.00,206.83,0.6788,-1,-1,-1
293,6,232.33,406.08,60.82,183.66,0.5320,-1,-1,-1
293,8,459.94,415.03,67.27,228.44,0.5789,-1,-1,-1
293,27,832.41,399.00,65.26,205.83,0.3864,-1,-1,-1
293,28,296.27,831.12,95.26,247.34,0.6655,-1,-1,-1
293,32,1012.62,92.03,61.64,178.50,0.3502,-1,-1,-1
293,34,316.12,751.52,86.48,138.31,0.4064,-1,-1,-1
293,38,1084.43,88.18,56.97,164.76,0.3250,-1,-1,-1
293,21,790.94,151.39,64.33,170.02,0.2812,-1,-1,-1
293,41,897.21,411.42,61.84,183.65,0.3423,-1,-1,-1
293,42,793.52,352.95,58.55,185.65,0.2605,-1,-1,-1
294,1,457.19,137.73,61.40,192.68,0.3339,-1,-1,-1
294,2,243.63,582.59,84.90,253.53,0.6085,-1,-1,-1
294,3,942.60,918.03,68.78,159.95,0.7533,-1,-1,-1
294,4,1720.36,459.85,74.24,209.45,0.5845,-1,-1,-1
294,5,1458.97,595.66,91.23,228.58,0.5253,-1,-1,-1
294,18,938.43,67.43,54.68,171.49,0.4327,-1,-1,-1
294,19,379.90,432.67,84.16,229.65,0.5556,-1,-1,-1
294,25,535.06,434.18,69.20,208.51,0.6737,-1,-1,-1
294,6,232.28,404.86,60.93,181.30,0.5104,-1,-1,-1
294,8,459.18,415.67,68.56,227.36,0.6217,-1,-1,-1
294,27,833.97,400.70,63.83,204.75,0.3705,-1,-1,-1
294,28,298.07,836.10,92.94,242.52,0.7191,-1,-1,-1
294,32,1011.79,91.47,59.97,177.76,0.3570,-1,-1,-1
294,34,323.63,755.01,78.88,136.62,0.4974,-1,-1,-1
294,38,1082.96,87.78,57.51,164.55,0.4089,-1,-1,-1
294,21,789.96,150.84,65.19,170.47,0.2945,-1,-1,-1
294,41,897.18,413.43,62.16,181.96,0.3590,-1,-1,-1
294,42,795.47,355.19,60.94,205.30,0.3098,-1,-1,-1
294,43,324.40,753.22,84.18,261.07,0.3935,-1,-1,-1
295,1,457.90,137.61,60.56,191.52,0.3081,-1,-1,-1
295,2,244.06,582.88,90.15,252.69,0.6484,-1,-1,-1
295,3,941.83,916.85,66.64,161.60,0.7396,-1,-1,-1
295,4,1719.97,460.15,74.52,209.34,0.5886,-1,-1,-1
295,5,1458.61,595.88,93.33,228.21,0.4853,-1,-1,-1
295,18,937.87,66.86,54.38,172.47,0.4049,-1,-1,-1
295,19,377.09,432.75,86.69,230.49,0.5365,-1,-1,-1
295,25,534.05,436.06,68.97,209.90,0.6699,-1,-1,-1
295,6,231.85,402.13,60.73,183.06,0.4393,-1,-1,-1
295,8,459.25,416.16,68.47,225.53,0.6009,-1,-1,-1
295,27,833.95,401.75,63.91,203.64,0.3745,-1,-1,-1
295,28,300.37,839.78,90.84,239.54,0.7003,-1,-1,-1
295,32,1010.97,91.46,58.76,178.39,0.3921,-1,-1,-1
295,34,327.91,758.98,75.96,137.80,0.5066,-1,-1,-1
295,38,1081.61,86.87,56.93,165.63,0.4010,-1,-1,-1
295,21,788.07,150.76,67.16,170.81,0.3037,-1,-1,-1
295,41,896.96,412.51,62.24,184.32,0.3723,-1,-1,-1
295,42,797.99,357.23,62.71,209.00,0.2612,-1,-1,-1
295,43,327.43,756.88,84.38,255.52,0.4057,-1,-1,-1
296,1,459.05,135.44,58.64,193.98,0.2855,-1,-1,-1
296,2,244.47,583.31,91.41,251.92,0.6710,-1,-1,-1
296,3,941.44,915.87,63.87,162.50,0.7561,-1,-1,-1
296,4,1720.14,460.03,73.98,209.22,0.5955,-1,-1,-1
296,5,1459.92,598.04,95.47,226.96,0.4934,-1,-1,-1
296,18,937.61,65.89,54.00,172.19,0.4515,-1,-1,-1
296,19,376.29,431.18,86.34,232.14,0.5342,-1,-1,-1
296,25,534.32,438.45,67.96,206.96,0.6740,-1,-1,-1
296,6,231.78,400.65,61.85,181.92,0.5077,-1,-1,-1
296,8,458.28,418.38,70.38,223.80,0.6248,-1,-1,-1
296,27,833.43,401.99,63.56,203.72,0.4096,-1,-1,-1
296,28,301.98,842.83,90.98,236.53,0.7255,-1,-1,-1
296,32,1010.17,90.85,57.67,179.13,0.4056,-1,-1,-1
296,34,329.57,761.62,76.81,138.71,0.4921,-1,-1,-1
296,38,1080.25,86.43,56.75,165.41,0.4088,-1,-1,-1
296,21,787.27,151.29,68.28,171.04,0.3209,-1,-1,-1
296,41,896.74,412.41,62.62,189.19,0.4579,-1,-1,-1
296,42,800.29,359.58,59.40,209.71,0.1645,-1,-1,-1
296,43,328.47,759.74,82.79,263.89,0.2510,-1,-1,-1
297,1,458.73,134.60,59.59,194.57,0.2794,-1,-1,-1
297,2,245.49,584.76,91.68,250.82,0.6618,-1,-1,-1
297,3,941.29,915.09,62.32,163.86,0.7560,-1,-1,-1
297,4,1719.79,460.32,73.84,208.98,0.5756,-1,-1,-1
297,5,1461.13,597.12,99.36,228.90,0.5440,-1,-1,-1
297,18,936.98,64.82,54.16,173.45,0.4155,-1,-1,-1
297,19,376.32,429.91,85.44,233.19,0.5012,-1,-1,-1
297,25,534.41,440.77,66.07,205.88,0.6665,-1,-1,-1
297,6,232.89,399.80,61.37,182.67,0.5714,-1,-1,-1
297,8,457.55,419.48,69.59,222.32,0.6301,-1,-1,-1
297,27,833.62,401.41,62.95,206.84,0.3726,-1,-1,-1
297,28,303.39,843.82,91.32,235.94,0.7409,-1,-1,-1
297,32,1009.22,90.36,57.55,179.69,0.3721,-1,-1,-1
297,34,331.83,764.92,76.68,139.49,0.5168,-1,-1,-1
297,38,1079.00,86.82,56.73,164.38,0.3425,-1,-1,-1
297,21,788.53,151.10,67.64,170.98,0.3281,-1,-1,-1
297,41,895.72,413.03,63.87,193.76,0.4661,-1,-1,-1
297,42,805.34,359.49,62.32,187.12,0.1904,-1,-1,-1
297,43,330.15,763.85,80.15,291.34,0.2211,-1,-1,-1
298,1,458.28,133.97,59.91,195.94,0.2907,-1,-1,-1
298,2,246.32,585.00,91.35,250.06,0.6280,-1,-1,-1
298,3,940.90,914.61,62.33,164.96,0.7687,-1,-1,-1
298,4,1720.69,460.75,73.40,208.29,0.5996,-1,-1,-1
298,5,1462.70,598.53,102.68,229.23,0.5540,-1,-1,-1
298,18,936.58,64.15,55.10,172.35,0.4242,-1,-1,-1
298,19,375.97,429.50,85.15,230.60,0.5243,-1,-1,-1
298,25,534.51,442.88,65.27,202.86,0.6479,-1,-1,-1
298,6,234.00,398.66,61.22,184.13,0.5572,-1,-1,-1
298,8,456.92,420.14,69.17,221.69,0.6303,-1,-1,-1
298,27,831.83,400.91,65.36,209.41,0.3240,-1,-1,-1
298,28,304.78,845.42,92.52,234.78,0.7523,-1,-1,-1
298,32,1009.65,91.67,57.42,175.63,0.3666,-1,-1,-1
298,34,334.12,767.56,77.86,142.92,0.5770,-1,-1,-1
298,38,1077.56,86.07,57.38,165.13,0.3685,-1,-1,-1
298,21,789.61,151.20,66.66,171.11,0.2977,-1,-1,-1
298,41,895.21,414.47,64.83,196.63,0.4875,-1,-1,-1
299,1,459.24,133.47,59.80,196.17,0.2942,-1,-1,-1
299,2,248.65,584.07,89.50,250.37,0.6829,-1,-1,-1
299,3,940.26,913.74,61.51,165.50,0.7748,-1,-1,-1
299,4,1720.59,461.35,73.39,207.70,0.5952,-1,-1,-1
299,5,1463.09,594.36,104.38,234.52,0.5895,-1,-1,-1
299,18,936.43,63.67,55.97,171.32,0.4305,-1,-1,-1
299,19,377.01,428.31,83.49,228.82,0.5592,-1,-1,-1
299,25,534.92,444.40,64.24,203.17,0.6516,-1,-1,-1
299,6,233.83,397.56,61.58,183.96,0.5951,-1,-1,-1
299,8,456.66,421.08,68.66,223.18,0.6464,-1,-1,-1
299,27,825.26,402.03,73.03,207.40,0.2279,-1,-1,-1
299,28,305.77,846.56,93.22,233.67,0.7641,-1,-1,-1
299,32,1009.34,89.19,57.01,181.27,0.3995,-1,-1,-1
299,34,338.60,770.46,77.41,144.24,0.6277,-1,-1,-1
299,38,1075.02,84.28,57.43,168.56,0.3209,-1,-1,-1
299,21,790.15,152.42,65.39,170.04,0.2773,-1,-1,-1
299,41,895.01,415.65,64.84,197.15,0.5023,-1,-1,-1
300,1,458.84,132.97,61.58,198.14,0.2971,-1,-1,-1
300,2,250.06,583.62,89.86,249.71,0.6895,-1,-1,-1
300,3,940.20,913.81,60.29,165.28,0.7696,-1,-1,-1
300,4,1721.48,460.90,72.47,208.22,0.5807,-1,-1,-1
300,5,1464.28,591.27,104.98,238.28,0.5963,-1,-1,-1
300,18,935.78,63.03,56.49,172.54,0.4551,-1,-1,-1
300,19,379.03,426.10,81.23,225.22,0.5439,-1,-1,-1
300,25,534.67,445.74,64.19,204.05,0.6557,-1,-1,-1
300,6,234.04,397.28,60.71,183.93,0.5750,-1,-1,-1
300,8,456.31,423.13,68.51,223.82,0.6617,-1,-1,-1
300,28,307.13,847.31,94.24,232.89,0.7498,-1,-1,-1
300,32,1008.62,86.98,56.58,184.27,0.4005,-1,-1,-1
300,34,343.54,772.65,75.89,146.04,0.6383,-1,-1,-1
300,38,1073.64,82.76,56.75,165.88,0.2329,-1,-1,-1
300,21,790.48,151.58,65.50,170.19,0.2033,-1,-1,-1
300,41,895.64,416.56,63.62,197.97,0.4480,-1,-1,-1
