1,1,0.00,8.85,351.22,1061.89,0.9275,-1,-1,-1
1,2,874.76,152.61,238.81,626.87,0.8143,-1,-1,-1
1,3,546.17,271.41,94.46,315.82,0.8119,-1,-1,-1
1,4,403.99,277.97,107.41,319.40,0.8106,-1,-1,-1
1,5,740.97,330.80,42.17,124.87,0.4072,-1,-1,-1
1,6,1058.82,293.53,82.78,324.77,0.4008,-1,-1,-1
1,7,798.29,307.67,46.04,140.81,0.3543,-1,-1,-1
2,1,-0.19,5.72,345.39,1064.86,0.9307,-1,-1,-1
2,2,870.35,148.89,234.69,629.26,0.8053,-1,-1,-1
2,3,542.48,266.63,95.31,321.87,0.8085,-1,-1,-1
2,4,397.84,274.32,110.57,321.34,0.8139,-1,-1,-1
2,6,1054.04,291.67,86.87,329.76,0.4811,-1,-1,-1
3,1,-0.37,4.84,339.43,1063.68,0.9292,-1,-1,-1
3,2,865.38,152.02,227.20,628.19,0.8283,-1,-1,-1
3,3,536.80,266.03,96.77,326.75,0.8042,-1,-1,-1
3,4,390.93,274.45,108.92,322.72,0.8446,-1,-1,-1
3,6,1048.54,293.74,90.68,333.28,0.5739,-1,-1,-1
4,1,-0.26,3.26,327.05,1062.29,0.9252,-1,-1,-1
4,2,868.51,152.94,218.36,629.06,0.8344,-1,-1,-1
4,3,531.79,264.77,96.26,329.16,0.8075,-1,-1,-1
4,4,381.99,271.27,111.50,327.19,0.8421,-1,-1,-1
4,6,1044.02,292.94,91.18,342.39,0.5789,-1,-1,-1
4,5,732.70,324.77,41.51,129.49,0.4028,-1,-1,-1
5,1,-0.15,2.70,312.04,1063.04,0.9159,-1,-1,-1
5,2,876.98,151.48,207.01,636.29,0.8186,-1,-1,-1
5,3,526.25,262.11,97.42,334.18,0.8087,-1,-1,-1
5,4,376.12,265.22,111.68,331.68,0.8346,-1,-1,-1
5,6,1046.92,291.78,85.11,344.63,0.5786,-1,-1,-1
5,8,691.09,333.15,38.15,111.03,0.3967,-1,-1,-1
5,5,730.17,321.40,43.31,127.01,0.3937,-1,-1,-1
6,1,0.30,16.15,292.35,1056.28,0.8776,-1,-1,-1
6,2,883.77,151.02,197.86,628.72,0.8032,-1,-1,-1
6,3,520.24,262.00,100.98,335.93,0.7972,-1,-1,-1
6,4,371.80,262.12,111.27,334.79,0.8305,-1,-1,-1
6,6,1045.97,293.05,82.45,345.89,0.5863,-1,-1,-1
6,8,687.91,333.52,39.39,115.05,0.4196,-1,-1,-1
6,5,728.19,323.36,39.78,115.23,0.3996,-1,-1,-1
7,1,0.64,62.43,273.47,1009.53,0.9035,-1,-1,-1
7,2,890.80,153.10,189.57,622.08,0.8162,-1,-1,-1
7,3,515.37,260.19,102.20,343.62,0.7800,-1,-1,-1
7,4,364.02,261.07,113.75,338.16,0.8224,-1,-1,-1
7,6,1041.67,296.26,84.14,347.10,0.6034,-1,-1,-1
7,8,684.90,332.78,41.41,119.96,0.4064,-1,-1,-1
7,5,726.11,322.18,39.43,121.26,0.4656,-1,-1,-1
7,9,864.19,253.88,80.04,308.39,0.5744,-1,-1,-1
7,7,784.86,314.76,41.10,127.78,0.3461,-1,-1,-1
8,1,0.71,85.55,258.66,986.53,0.8960,-1,-1,-1
8,2,890.96,153.43,188.83,626.25,0.7931,-1,-1,-1
8,3,511.10,262.69,102.07,345.93,0.8154,-1,-1,-1
8,4,354.36,260.49,118.02,341.95,0.8266,-1,-1,-1
8,6,1037.77,299.57,86.98,347.17,0.6753,-1,-1,-1
8,8,682.47,332.54,40.61,121.56,0.5018,-1,-1,-1
8,5,723.59,321.79,40.73,125.28,0.5083,-1,-1,-1
8,9,862.95,263.34,73.81,300.91,0.5858,-1,-1,-1
8,7,782.91,305.83,48.03,141.24,0.4131,-1,-1,-1
9,1,0.22,100.32,227.77,972.89,0.8638,-1,-1,-1
9,2,888.99,154.67,186.87,625.80,0.7894,-1,-1,-1
9,3,506.54,262.89,103.27,344.85,0.8364,-1,-1,-1
9,4,348.01,260.85,119.97,343.79,0.8186,-1,-1,-1
9,6,1036.31,303.27,85.23,348.70,0.6621,-1,-1,-1
9,8,679.72,333.77,38.18,121.52,0.4072,-1,-1,-1
9,5,721.43,321.61,39.30,129.80,0.5789,-1,-1,-1
9,9,862.19,264.55,72.42,300.28,0.5881,-1,-1,-1
9,7,782.28,306.14,43.80,141.39,0.3866,-1,-1,-1
10,1,0.72,108.60,206.27,961.34,0.7268,-1,-1,-1
10,2,883.14,157.02,188.31,623.57,0.8161,-1,-1,-1
10,3,500.31,264.61,106.67,347.35,0.8259,-1,-1,-1
10,4,344.63,259.93,118.42,346.89,0.8078,-1,-1,-1
10,6,1036.37,301.64,82.88,352.80,0.7003,-1,-1,-1
10,8,676.67,336.01,40.74,123.57,0.4889,-1,-1,-1
10,5,720.24,323.89,40.11,131.09,0.5862,-1,-1,-1
10,9,861.53,262.30,72.29,302.69,0.5662,-1,-1,-1
10,7,778.04,300.04,48.14,152.00,0.4913,-1,-1,-1
11,1,1.00,113.44,178.57,954.59,0.7332,-1,-1,-1
11,2,880.32,157.02,187.61,628.59,0.8167,-1,-1,-1
11,3,493.75,263.24,109.64,352.68,0.8231,-1,-1,-1
11,4,337.86,261.85,121.09,348.97,0.7889,-1,-1,-1
11,6,1037.90,298.05,76.60,358.96,0.6633,-1,-1,-1
11,8,675.86,340.20,40.95,118.91,0.4718,-1,-1,-1
11,5,719.12,325.96,39.16,130.00,0.5182,-1,-1,-1
11,9,861.86,274.50,68.07,292.39,0.5329,-1,-1,-1
11,7,776.91,313.12,47.58,140.48,0.5637,-1,-1,-1
12,1,0.87,119.18,160.55,761.11,0.7881,-1,-1,-1
12,2,872.50,158.27,188.95,631.34,0.8356,-1,-1,-1
12,3,490.17,259.90,110.97,357.69,0.7974,-1,-1,-1
12,4,327.34,264.36,127.35,351.48,0.8274,-1,-1,-1
12,6,1037.17,297.16,72.81,361.79,0.6770,-1,-1,-1
12,8,674.03,339.85,40.90,121.06,0.4348,-1,-1,-1
12,5,718.02,327.15,40.91,131.66,0.5499,-1,-1,-1
12,9,863.53,250.70,67.11,315.28,0.3897,-1,-1,-1
12,7,774.47,318.20,51.55,136.23,0.5494,-1,-1,-1
12,10,828.34,323.70,43.53,122.97,0.3621,-1,-1,-1
13,1,0.88,139.29,139.80,625.63,0.8200,-1,-1,-1
13,2,864.36,156.20,195.07,637.22,0.8253,-1,-1,-1
13,3,483.73,256.64,114.11,361.59,0.8271,-1,-1,-1
13,4,319.19,264.78,133.19,355.50,0.8302,-1,-1,-1
13,6,1035.86,299.03,73.26,355.83,0.6952,-1,-1,-1
13,8,672.79,340.43,39.96,122.76,0.4347,-1,-1,-1
13,5,717.20,327.69,40.62,132.87,0.4863,-1,-1,-1
13,7,772.68,320.79,52.32,134.23,0.5424,-1,-1,-1
13,10,829.08,326.21,43.74,121.12,0.4357,-1,-1,-1
14,1,0.62,174.83,117.61,579.17,0.8183,-1,-1,-1
14,2,855.94,153.83,200.75,642.76,0.7862,-1,-1,-1
14,3,479.18,255.21,115.65,364.46,0.8364,-1,-1,-1
14,4,313.45,266.13,136.01,358.73,0.8351,-1,-1,-1
14,6,1034.16,293.37,73.80,358.54,0.6842,-1,-1,-1
14,8,672.09,342.24,37.88,120.81,0.3725,-1,-1,-1
14,5,715.38,327.47,43.46,133.64,0.5337,-1,-1,-1
14,7,772.71,323.40,48.98,130.59,0.5625,-1,-1,-1
14,10,828.44,325.72,44.03,122.21,0.4667,-1,-1,-1
15,1,0.35,231.30,85.97,542.46,0.5546,-1,-1,-1
15,2,844.23,153.41,207.73,639.41,0.7979,-1,-1,-1
15,3,474.99,256.54,119.30,363.06,0.8390,-1,-1,-1
15,4,313.23,268.98,133.79,360.07,0.8286,-1,-1,-1
15,6,1030.38,285.58,77.44,367.96,0.6672,-1,-1,-1
15,8,671.65,345.14,35.02,113.99,0.4075,-1,-1,-1
15,5,714.06,329.74,45.63,131.38,0.5302,-1,-1,-1
15,7,772.37,323.43,48.00,129.55,0.5425,-1,-1,-1
15,10,827.84,328.64,43.80,120.56,0.4348,-1,-1,-1
16,2,837.76,153.75,212.97,640.29,0.8020,-1,-1,-1
16,3,472.08,256.91,122.71,366.12,0.8447,-1,-1,-1
16,4,309.44,270.29,135.35,365.13,0.8396,-1,-1,-1
16,6,1027.19,278.19,81.49,377.01,0.6328,-1,-1,-1
16,8,671.02,348.77,32.99,109.95,0.4414,-1,-1,-1
16,5,713.65,330.94,45.75,130.92,0.5304,-1,-1,-1
16,7,771.17,324.31,49.44,129.00,0.5743,-1,-1,-1
16,10,828.37,333.07,42.69,116.96,0.4191,-1,-1,-1
17,2,834.95,155.16,216.87,642.66,0.8270,-1,-1,-1
17,3,470.71,258.86,123.95,367.74,0.8425,-1,-1,-1
17,4,307.85,274.62,134.57,367.67,0.8504,-1,-1,-1
17,6,1023.94,276.07,86.75,378.87,0.6611,-1,-1,-1
17,8,671.06,348.09,32.93,116.31,0.4480,-1,-1,-1
17,5,713.31,330.89,46.71,134.66,0.5726,-1,-1,-1
17,7,770.51,326.19,51.55,129.09,0.5934,-1,-1,-1
17,10,829.22,338.14,41.53,116.22,0.4206,-1,-1,-1
18,2,836.29,158.30,215.26,651.53,0.8572,-1,-1,-1
18,3,468.57,260.04,126.77,373.06,0.8380,-1,-1,-1
18,4,308.76,278.64,133.23,369.69,0.8304,-1,-1,-1
18,6,1021.65,261.76,89.09,392.20,0.6970,-1,-1,-1
18,5,714.03,333.39,46.80,135.90,0.4783,-1,-1,-1
18,7,771.83,320.77,50.83,139.43,0.4270,-1,-1,-1
18,10,829.40,340.14,42.21,117.32,0.3606,-1,-1,-1
19,2,841.48,160.77,205.15,656.95,0.8586,-1,-1,-1
19,3,466.64,264.50,130.29,378.33,0.8214,-1,-1,-1
19,4,297.96,281.96,143.31,377.09,0.8303,-1,-1,-1
19,6,1016.20,257.47,94.06,398.25,0.7187,-1,-1,-1
19,5,715.26,338.29,46.08,138.03,0.4879,-1,-1,-1
19,7,772.51,331.19,50.97,132.93,0.5105,-1,-1,-1
19,10,830.35,347.63,44.33,112.89,0.3046,-1,-1,-1
20,2,845.58,167.11,197.90,655.96,0.8635,-1,-1,-1
20,3,467.69,271.59,130.73,379.84,0.8268,-1,-1,-1
20,4,296.74,287.40,145.86,379.36,0.8284,-1,-1,-1
20,6,1012.65,252.19,98.31,408.09,0.7665,-1,-1,-1
20,5,717.63,342.91,43.97,139.90,0.5284,-1,-1,-1
20,7,773.31,335.23,51.83,131.88,0.5669,-1,-1,-1
20,10,829.03,356.27,47.99,108.00,0.3492,-1,-1,-1
21,2,860.01,170.23,188.68,657.12,0.8511,-1,-1,-1
21,3,472.67,274.25,133.96,387.04,0.8124,-1,-1,-1
21,4,303.48,288.99,146.23,383.84,0.8442,-1,-1,-1
21,6,1017.81,249.88,105.25,414.69,0.8079,-1,-1,-1
21,7,775.90,336.44,57.33,131.67,0.3777,-1,-1,-1
22,2,880.55,169.53,187.38,660.39,0.8537,-1,-1,-1
22,3,493.03,276.21,130.67,390.94,0.8248,-1,-1,-1
22,4,321.40,289.23,145.31,386.92,0.8275,-1,-1,-1
22,6,1032.97,249.80,107.76,419.23,0.7957,-1,-1,-1
22,7,796.26,340.06,54.44,135.06,0.5636,-1,-1,-1
22,5,744.13,349.63,42.72,139.22,0.5240,-1,-1,-1
23,2,886.29,171.15,188.82,664.18,0.8619,-1,-1,-1
23,3,506.17,280.71,129.85,393.78,0.8267,-1,-1,-1
23,4,331.18,291.56,145.69,387.94,0.8289,-1,-1,-1
23,6,1041.38,252.50,112.39,422.71,0.8010,-1,-1,-1
23,5,754.31,351.45,45.98,134.11,0.3741,-1,-1,-1
23,8,705.53,366.73,40.00,126.42,0.4195,-1,-1,-1
24,2,885.08,172.03,198.44,664.58,0.8683,-1,-1,-1
24,3,516.33,283.71,131.35,396.85,0.8445,-1,-1,-1
24,4,341.02,292.69,147.09,391.30,0.8330,-1,-1,-1
24,6,1048.14,254.53,118.97,419.57,0.8175,-1,-1,-1
24,5,766.85,351.83,43.90,137.01,0.5112,-1,-1,-1
24,8,716.25,367.61,41.65,126.66,0.5326,-1,-1,-1
24,7,823.40,346.54,49.22,133.36,0.5156,-1,-1,-1
25,2,881.53,172.48,207.04,661.70,0.8634,-1,-1,-1
25,3,524.53,284.74,134.44,403.76,0.8443,-1,-1,-1
25,4,353.14,294.52,146.37,390.24,0.8319,-1,-1,-1
25,6,1058.08,256.40,123.30,420.13,0.8358,-1,-1,-1
25,5,778.17,352.17,47.06,139.20,0.4209,-1,-1,-1
25,8,730.47,368.32,40.55,129.33,0.4547,-1,-1,-1
26,2,883.84,173.96,214.21,657.40,0.8694,-1,-1,-1
26,3,539.19,291.94,132.45,405.54,0.7980,-1,-1,-1
26,4,364.82,295.61,149.93,395.23,0.8537,-1,-1,-1
26,6,1067.70,259.98,131.81,423.17,0.8313,-1,-1,-1
26,5,793.98,353.86,45.82,134.69,0.3051,-1,-1,-1
26,8,744.67,375.23,40.95,122.76,0.3271,-1,-1,-1
27,2,884.70,176.79,223.65,657.76,0.8630,-1,-1,-1
27,3,553.21,294.17,133.13,411.38,0.8309,-1,-1,-1
27,4,379.97,299.58,146.52,397.62,0.8406,-1,-1,-1
27,6,1081.05,265.42,137.47,420.55,0.8297,-1,-1,-1
27,5,807.17,355.73,49.29,136.49,0.3705,-1,-1,-1
27,8,761.47,378.31,38.50,125.78,0.3307,-1,-1,-1
27,11,1874.67,551.72,48.77,204.44,0.3686,-1,-1,-1
28,2,884.38,184.03,231.46,658.48,0.8748,-1,-1,-1
28,3,561.18,299.87,132.55,413.66,0.8469,-1,-1,-1
28,4,385.03,305.83,148.18,399.24,0.8611,-1,-1,-1
28,6,1086.79,272.86,139.78,418.55,0.8360,-1,-1,-1
28,5,816.97,363.37,44.39,132.83,0.4378,-1,-1,-1
28,8,768.86,383.00,39.30,126.46,0.4183,-1,-1,-1
29,2,884.13,190.90,227.61,659.49,0.8794,-1,-1,-1
29,3,565.12,301.44,133.75,417.26,0.8639,-1,-1,-1
29,4,391.36,310.03,144.04,404.20,0.8420,-1,-1,-1
29,6,1091.12,278.47,143.21,426.81,0.8128,-1,-1,-1
29,5,820.71,368.09,45.09,141.06,0.5042,-1,-1,-1
29,8,773.39,387.31,40.69,128.82,0.3731,-1,-1,-1
30,2,887.59,195.81,226.31,661.05,0.8922,-1,-1,-1
30,3,569.46,301.19,136.67,418.00,0.8519,-1,-1,-1
30,4,397.34,312.69,144.39,411.00,0.8394,-1,-1,-1
30,6,1097.89,281.55,149.34,431.95,0.8322,-1,-1,-1
30,5,827.61,371.20,47.89,141.32,0.4914,-1,-1,-1
31,2,888.38,201.58,227.47,664.37,0.8832,-1,-1,-1
31,3,573.41,302.82,136.73,420.25,0.8356,-1,-1,-1
31,4,400.73,317.94,144.89,417.32,0.8435,-1,-1,-1
31,6,1102.13,285.45,153.50,435.71,0.8545,-1,-1,-1
31,5,836.46,378.72,44.66,139.22,0.5141,-1,-1,-1
31,8,789.79,394.09,41.27,126.65,0.4837,-1,-1,-1
32,2,889.26,208.64,230.66,667.97,0.8843,-1,-1,-1
32,3,577.64,305.38,135.17,427.64,0.8523,-1,-1,-1
32,4,402.55,323.20,145.23,419.25,0.8573,-1,-1,-1
32,6,1104.03,290.25,155.78,433.58,0.8578,-1,-1,-1
32,5,841.43,381.38,43.26,144.71,0.5932,-1,-1,-1
32,8,793.66,399.60,44.73,127.49,0.3946,-1,-1,-1
33,2,892.42,213.66,232.59,669.90,0.8824,-1,-1,-1
33,3,580.74,308.10,138.12,431.31,0.8464,-1,-1,-1
33,4,404.28,328.96,147.77,419.73,0.8586,-1,-1,-1
33,6,1106.31,298.06,161.78,431.54,0.8557,-1,-1,-1
33,5,846.31,388.11,44.25,144.99,0.5306,-1,-1,-1
33,8,799.03,402.92,43.15,127.20,0.3542,-1,-1,-1
34,2,894.09,219.72,238.64,672.58,0.8748,-1,-1,-1
34,3,584.97,309.57,136.52,434.35,0.8412,-1,-1,-1
34,4,402.05,332.85,149.20,425.84,0.8418,-1,-1,-1
34,6,1108.35,302.60,163.89,426.10,0.8550,-1,-1,-1
34,5,848.71,392.59,46.98,146.93,0.5586,-1,-1,-1
34,8,801.19,407.51,46.82,129.58,0.3365,-1,-1,-1
35,2,899.04,227.28,236.85,676.19,0.8777,-1,-1,-1
35,3,588.52,313.82,135.85,439.23,0.8299,-1,-1,-1
35,4,399.10,337.03,151.00,433.53,0.8268,-1,-1,-1
35,6,1110.21,307.06,165.87,421.65,0.8461,-1,-1,-1
35,5,850.49,397.47,48.13,146.65,0.5384,-1,-1,-1
35,8,803.29,409.98,48.91,133.44,0.4807,-1,-1,-1
36,2,903.44,233.72,233.45,678.44,0.8840,-1,-1,-1
36,3,590.88,318.72,138.96,442.31,0.8214,-1,-1,-1
36,4,394.21,341.16,152.04,439.74,0.8543,-1,-1,-1
36,6,1112.85,311.70,164.49,419.99,0.8511,-1,-1,-1
36,8,805.24,413.99,49.97,134.37,0.4319,-1,-1,-1
37,2,904.61,241.90,232.68,678.01,0.8903,-1,-1,-1
37,3,592.91,322.95,135.99,446.70,0.8044,-1,-1,-1
37,4,389.93,344.00,150.02,446.29,0.8665,-1,-1,-1
37,6,1117.01,315.79,163.13,424.20,0.8438,-1,-1,-1
37,8,806.50,422.56,50.64,130.78,0.3624,-1,-1,-1
37,5,860.21,413.34,43.92,135.59,0.4535,-1,-1,-1
38,2,909.85,248.61,228.90,677.62,0.8889,-1,-1,-1
38,3,593.99,328.69,135.53,450.51,0.8259,-1,-1,-1
38,4,383.36,348.12,152.67,448.91,0.8690,-1,-1,-1
38,6,1118.07,321.41,163.87,422.15,0.8463,-1,-1,-1
38,8,808.05,431.64,52.98,129.78,0.3782,-1,-1,-1
38,5,864.50,417.95,41.12,136.11,0.6131,-1,-1,-1
39,2,918.35,255.47,222.48,679.17,0.8846,-1,-1,-1
39,3,592.03,333.75,138.06,459.36,0.8165,-1,-1,-1
39,4,377.23,352.03,156.10,453.25,0.8802,-1,-1,-1
39,6,1122.56,328.18,160.63,427.23,0.8541,-1,-1,-1
39,8,810.16,439.27,50.91,119.98,0.3247,-1,-1,-1
39,5,864.47,425.09,42.83,134.78,0.5074,-1,-1,-1
40,2,924.25,258.09,217.04,684.82,0.8765,-1,-1,-1
40,3,586.41,342.18,143.49,467.26,0.7965,-1,-1,-1
40,4,371.27,356.15,158.65,456.28,0.8740,-1,-1,-1
40,6,1125.74,334.71,158.90,431.26,0.8542,-1,-1,-1
40,5,863.25,428.22,46.60,143.65,0.5479,-1,-1,-1
41,2,925.84,260.05,212.82,683.87,0.8804,-1,-1,-1
41,3,582.31,343.53,145.08,474.00,0.8022,-1,-1,-1
41,4,359.15,356.56,165.93,459.00,0.8626,-1,-1,-1
41,6,1130.48,339.13,155.08,430.86,0.8500,-1,-1,-1
41,5,862.56,432.80,47.53,144.73,0.4787,-1,-1,-1
42,2,928.95,265.75,208.38,676.79,0.8822,-1,-1,-1
42,3,577.14,347.51,148.44,480.07,0.7102,-1,-1,-1
42,4,346.30,358.01,171.86,465.30,0.8716,-1,-1,-1
42,6,1132.64,346.79,151.29,429.10,0.8558,-1,-1,-1
42,5,862.35,436.46,46.59,146.46,0.4658,-1,-1,-1
43,2,931.08,272.89,202.51,665.63,0.8819,-1,-1,-1
43,3,572.33,352.57,144.96,482.60,0.8054,-1,-1,-1
43,4,333.17,363.27,176.57,470.14,0.8483,-1,-1,-1
43,6,1130.70,353.68,151.55,429.67,0.8571,-1,-1,-1
43,5,859.63,442.23,46.44,139.06,0.3506,-1,-1,-1
44,2,930.61,278.32,199.82,659.99,0.8857,-1,-1,-1
44,3,566.97,356.08,143.00,490.37,0.8117,-1,-1,-1
44,4,318.53,365.71,182.13,476.47,0.8581,-1,-1,-1
44,6,1127.96,360.83,151.99,425.85,0.8564,-1,-1,-1
44,5,855.92,443.10,46.03,145.16,0.3893,-1,-1,-1
45,2,929.01,284.35,198.22,660.08,0.8876,-1,-1,-1
45,3,561.12,361.32,140.60,500.02,0.8246,-1,-1,-1
45,4,304.19,371.10,187.91,486.84,0.8454,-1,-1,-1
45,6,1124.34,367.97,151.19,426.48,0.8408,-1,-1,-1
45,5,848.73,449.47,48.58,146.33,0.4301,-1,-1,-1
46,2,925.35,292.89,197.36,664.37,0.8866,-1,-1,-1
46,3,554.35,365.08,140.72,506.98,0.8213,-1,-1,-1
46,4,292.33,378.10,189.57,499.79,0.8413,-1,-1,-1
46,6,1120.87,376.25,150.43,431.51,0.8509,-1,-1,-1
46,5,844.79,456.62,49.82,147.35,0.4778,-1,-1,-1
47,2,921.30,302.19,195.12,668.19,0.8781,-1,-1,-1
47,3,546.09,370.33,143.85,513.48,0.8248,-1,-1,-1
47,4,273.07,383.61,199.20,516.63,0.8436,-1,-1,-1
47,6,1116.86,382.62,147.86,433.92,0.8357,-1,-1,-1
47,5,841.41,468.65,49.69,138.53,0.3350,-1,-1,-1
48,2,915.92,309.69,195.37,676.21,0.8774,-1,-1,-1
48,3,533.91,373.16,149.29,523.07,0.8578,-1,-1,-1
48,4,257.44,391.62,205.24,527.33,0.8569,-1,-1,-1
48,6,1112.83,389.80,141.39,435.28,0.8321,-1,-1,-1
48,5,837.34,469.54,48.28,148.78,0.6837,-1,-1,-1
49,2,909.41,318.84,194.73,682.20,0.8784,-1,-1,-1
49,3,524.62,377.38,153.30,531.20,0.8508,-1,-1,-1
49,4,240.81,399.22,211.49,534.46,0.8719,-1,-1,-1
49,6,1105.67,395.67,145.29,434.92,0.8530,-1,-1,-1
49,5,831.80,473.61,49.74,150.70,0.4995,-1,-1,-1
50,2,903.92,327.77,193.66,683.58,0.8773,-1,-1,-1
50,3,518.73,383.41,155.29,537.33,0.8387,-1,-1,-1
50,4,224.87,406.76,218.37,528.26,0.8353,-1,-1,-1
50,6,1099.75,400.45,143.73,438.36,0.8538,-1,-1,-1
50,5,823.37,477.55,51.19,153.60,0.5770,-1,-1,-1
51,2,898.98,334.93,191.17,685.22,0.8694,-1,-1,-1
51,3,510.45,386.11,157.29,544.37,0.8470,-1,-1,-1
51,4,208.79,412.69,223.26,522.79,0.8440,-1,-1,-1
51,6,1095.00,403.65,144.78,439.51,0.8680,-1,-1,-1
51,5,816.73,480.39,54.78,155.73,0.5905,-1,-1,-1
52,2,893.93,341.73,189.79,684.66,0.8759,-1,-1,-1
52,3,502.12,388.45,160.10,547.12,0.8376,-1,-1,-1
52,4,195.60,417.27,226.95,548.35,0.8293,-1,-1,-1
52,6,1091.46,405.18,145.92,441.94,0.8645,-1,-1,-1
52,5,811.85,488.98,55.13,147.32,0.3282,-1,-1,-1
53,2,889.03,347.83,189.89,682.48,0.8783,-1,-1,-1
53,3,494.75,394.68,162.65,550.34,0.8404,-1,-1,-1
53,4,185.22,420.71,224.77,562.75,0.8704,-1,-1,-1
53,6,1085.00,408.39,151.99,443.07,0.8652,-1,-1,-1
53,5,809.96,492.22,54.02,147.03,0.6582,-1,-1,-1
54,2,883.44,351.17,192.47,680.02,0.8833,-1,-1,-1
54,3,485.26,396.31,169.06,557.48,0.8509,-1,-1,-1
54,4,174.63,422.32,226.43,572.99,0.8822,-1,-1,-1
54,6,1078.96,409.75,157.84,445.38,0.8712,-1,-1,-1
54,5,810.03,493.85,52.05,141.15,0.5952,-1,-1,-1
55,2,875.24,350.62,196.19,679.92,0.8837,-1,-1,-1
55,3,476.80,396.85,176.74,565.08,0.8581,-1,-1,-1
55,4,165.71,420.86,226.16,582.64,0.8952,-1,-1,-1
55,6,1074.67,410.36,161.81,445.68,0.8756,-1,-1,-1
55,5,807.60,493.24,52.85,142.69,0.4668,-1,-1,-1
55,8,747.41,508.34,51.17,139.89,0.5135,-1,-1,-1
56,2,870.14,350.06,197.19,682.10,0.8792,-1,-1,-1
56,3,471.02,398.94,183.52,576.08,0.8728,-1,-1,-1
56,4,158.06,419.96,224.93,592.80,0.8826,-1,-1,-1
56,6,1074.88,412.07,162.76,441.83,0.8744,-1,-1,-1
56,5,806.04,493.66,53.27,150.20,0.4625,-1,-1,-1
57,2,863.29,349.30,199.68,685.84,0.8752,-1,-1,-1
57,3,464.16,401.84,190.47,589.41,0.8758,-1,-1,-1
57,4,146.88,419.78,226.77,600.69,0.8887,-1,-1,-1
57,6,1073.67,413.95,164.84,439.09,0.8674,-1,-1,-1
57,5,805.46,497.31,53.20,153.43,0.3711,-1,-1,-1
58,2,857.63,348.22,203.00,680.20,0.8683,-1,-1,-1
58,3,458.49,399.70,195.84,605.35,0.8814,-1,-1,-1
58,4,137.82,418.21,228.99,610.95,0.8760,-1,-1,-1
58,6,1070.74,412.53,167.59,443.53,0.8718,-1,-1,-1
59,2,846.84,345.28,207.49,671.96,0.8827,-1,-1,-1
59,3,453.51,395.06,195.76,620.84,0.8830,-1,-1,-1
59,4,126.98,416.87,233.59,617.88,0.8969,-1,-1,-1
59,6,1069.10,413.73,169.28,441.75,0.8702,-1,-1,-1
60,2,838.12,345.27,209.92,667.14,0.8873,-1,-1,-1
60,3,450.96,396.26,193.39,626.08,0.8773,-1,-1,-1
60,4,115.04,415.80,238.11,623.86,0.9068,-1,-1,-1
60,6,1066.20,414.76,172.64,442.65,0.8682,-1,-1,-1
60,5,798.91,498.10,53.76,142.61,0.3746,-1,-1,-1
61,2,825.98,345.80,218.60,667.57,0.8888,-1,-1,-1
61,3,445.65,398.13,194.51,636.45,0.8643,-1,-1,-1
61,4,105.14,415.39,241.79,632.41,0.9052,-1,-1,-1
61,6,1063.78,415.94,176.20,443.12,0.8656,-1,-1,-1
61,5,797.71,498.23,53.59,140.28,0.4130,-1,-1,-1
62,2,820.05,345.05,224.77,667.91,0.8800,-1,-1,-1
62,3,444.56,397.07,194.62,644.19,0.8512,-1,-1,-1
62,4,98.49,411.99,244.06,652.01,0.9003,-1,-1,-1
62,6,1064.64,414.91,179.02,442.90,0.8628,-1,-1,-1
62,5,797.12,495.68,52.97,141.69,0.3431,-1,-1,-1
63,2,818.13,341.76,225.63,672.64,0.8811,-1,-1,-1
63,3,442.32,392.96,197.99,651.91,0.8613,-1,-1,-1
63,4,95.92,406.46,239.83,668.37,0.8924,-1,-1,-1
63,6,1066.35,413.40,182.91,443.07,0.8705,-1,-1,-1
63,14,1019.40,430.66,66.70,321.09,0.7148,-1,-1,-1
64,2,818.85,340.33,223.28,676.23,0.8784,-1,-1,-1
64,3,446.33,387.32,198.50,660.58,0.8709,-1,-1,-1
64,4,91.94,402.51,237.86,676.30,0.8872,-1,-1,-1
64,6,1068.43,413.51,185.51,443.28,0.8700,-1,-1,-1
64,14,1020.53,433.80,67.99,316.50,0.7914,-1,-1,-1
64,8,739.41,508.49,53.38,144.26,0.3746,-1,-1,-1
64,5,802.06,493.14,47.99,147.86,0.3707,-1,-1,-1
65,2,816.63,338.40,226.49,679.79,0.8890,-1,-1,-1
65,3,446.30,380.55,202.42,668.77,0.8722,-1,-1,-1
65,4,83.49,401.52,239.70,678.94,0.8834,-1,-1,-1
65,6,1071.86,411.36,186.71,444.67,0.8626,-1,-1,-1
65,14,1021.74,435.36,70.44,312.84,0.7868,-1,-1,-1
65,8,740.87,507.57,57.66,143.60,0.5812,-1,-1,-1
65,5,803.62,489.69,46.36,154.77,0.4018,-1,-1,-1
66,2,818.10,336.57,226.30,682.37,0.8875,-1,-1,-1
66,3,444.77,373.42,208.97,677.02,0.8764,-1,-1,-1
66,4,75.07,400.19,243.70,678.89,0.8885,-1,-1,-1
66,6,1079.62,406.16,188.17,450.56,0.8392,-1,-1,-1
66,14,1023.05,434.68,73.74,311.62,0.7797,-1,-1,-1
66,8,743.50,503.65,58.53,145.96,0.4667,-1,-1,-1
66,5,808.26,487.33,41.25,152.33,0.3335,-1,-1,-1
67,2,818.82,336.04,226.88,683.47,0.8931,-1,-1,-1
67,3,443.94,366.67,213.73,683.94,0.8733,-1,-1,-1
67,4,65.25,396.00,246.01,682.95,0.8880,-1,-1,-1
67,6,1084.51,402.31,190.49,455.80,0.8461,-1,-1,-1
67,14,1023.59,431.87,76.90,309.06,0.7461,-1,-1,-1
67,8,745.57,497.21,59.67,149.28,0.6051,-1,-1,-1
68,2,820.75,334.72,227.18,684.94,0.8934,-1,-1,-1
68,3,441.97,356.91,219.80,692.40,0.8708,-1,-1,-1
68,4,51.31,392.81,251.61,681.47,0.8889,-1,-1,-1
68,6,1090.38,399.06,184.37,455.47,0.8456,-1,-1,-1
68,14,1025.97,424.92,79.13,313.13,0.7259,-1,-1,-1
68,8,747.39,496.09,60.11,146.87,0.5304,-1,-1,-1
69,2,827.24,330.98,224.43,685.86,0.8878,-1,-1,-1
69,3,441.91,348.20,224.46,700.75,0.8775,-1,-1,-1
69,4,37.75,384.56,260.13,685.94,0.8998,-1,-1,-1
69,6,1094.65,395.24,182.72,456.59,0.8726,-1,-1,-1
69,14,1029.94,420.24,79.06,314.73,0.7208,-1,-1,-1
69,8,750.56,491.22,59.86,148.94,0.6034,-1,-1,-1
70,2,828.75,328.07,225.53,684.09,0.8967,-1,-1,-1
70,3,437.99,341.28,230.99,708.70,0.8913,-1,-1,-1
70,4,20.00,376.47,270.23,695.28,0.9135,-1,-1,-1
70,6,1097.44,391.22,182.68,457.22,0.8721,-1,-1,-1
70,14,1032.11,416.36,79.57,315.24,0.7091,-1,-1,-1
70,8,752.65,487.12,59.45,150.88,0.5373,-1,-1,-1
70,15,1547.49,449.97,54.33,63.98,0.3554,-1,-1,-1
71,2,831.30,325.35,224.74,682.44,0.8904,-1,-1,-1
71,3,433.09,334.17,235.89,720.30,0.8901,-1,-1,-1
71,4,5.02,368.92,269.78,703.26,0.9096,-1,-1,-1
71,6,1100.03,386.81,180.82,455.24,0.8643,-1,-1,-1
71,14,1032.68,412.65,80.56,315.80,0.7217,-1,-1,-1
71,8,753.02,484.31,60.05,151.35,0.5789,-1,-1,-1
71,15,1544.35,447.28,59.06,62.67,0.4409,-1,-1,-1
72,2,831.80,320.45,225.93,682.57,0.8906,-1,-1,-1
72,3,427.94,325.28,239.80,741.66,0.8916,-1,-1,-1
72,4,-2.39,361.46,262.65,711.46,0.9195,-1,-1,-1
72,6,1102.59,384.36,179.43,452.55,0.8592,-1,-1,-1
72,14,1033.93,410.72,79.86,315.11,0.7227,-1,-1,-1
72,8,753.95,483.52,60.27,150.80,0.5615,-1,-1,-1
72,15,1550.79,445.34,53.64,61.99,0.4067,-1,-1,-1
73,2,832.89,314.55,224.92,680.09,0.8855,-1,-1,-1
73,3,421.77,315.61,243.34,758.71,0.8933,-1,-1,-1
73,4,-4.83,349.84,249.38,723.01,0.9111,-1,-1,-1
73,6,1104.15,381.33,177.65,447.22,0.8556,-1,-1,-1
73,14,1034.90,409.87,78.69,313.14,0.6758,-1,-1,-1
73,8,753.24,477.74,57.66,152.55,0.4691,-1,-1,-1
73,15,1546.57,442.46,58.57,61.42,0.4260,-1,-1,-1
74,2,832.47,309.38,224.88,669.41,0.8805,-1,-1,-1
74,3,413.90,310.02,246.91,765.67,0.8907,-1,-1,-1
74,4,-5.22,342.96,232.27,732.46,0.9065,-1,-1,-1
74,6,1105.44,378.04,174.25,443.43,0.8565,-1,-1,-1
74,14,1034.63,409.50,79.43,311.37,0.6848,-1,-1,-1
74,8,750.66,474.97,59.07,152.76,0.5560,-1,-1,-1
74,15,1546.60,440.70,61.74,61.48,0.4308,-1,-1,-1
75,2,834.88,305.22,221.19,663.88,0.8721,-1,-1,-1
75,3,404.20,303.22,250.16,773.07,0.8954,-1,-1,-1
75,4,-4.46,332.41,214.80,744.36,0.8958,-1,-1,-1
75,6,1105.42,375.53,173.47,441.19,0.8616,-1,-1,-1
75,14,1034.61,419.83,77.10,298.61,0.6642,-1,-1,-1
75,8,748.97,471.99,58.44,153.41,0.5618,-1,-1,-1
75,15,1546.19,438.63,64.28,61.68,0.4430,-1,-1,-1
75,5,817.10,456.30,44.78,159.56,0.3709,-1,-1,-1
76,2,839.45,301.20,217.15,661.81,0.8691,-1,-1,-1
76,3,393.64,296.76,254.42,777.68,0.8894,-1,-1,-1
76,4,-3.90,323.89,197.83,751.19,0.8883,-1,-1,-1
76,6,1108.25,373.43,168.86,440.22,0.8559,-1,-1,-1
76,14,1035.15,431.98,76.57,282.94,0.7228,-1,-1,-1
76,8,747.14,471.56,61.54,149.36,0.5169,-1,-1,-1
76,15,1544.28,437.82,68.47,61.82,0.4525,-1,-1,-1
76,5,816.74,452.81,44.61,162.59,0.3975,-1,-1,-1
77,2,844.47,298.69,210.27,663.25,0.8786,-1,-1,-1
77,3,383.64,293.44,257.69,777.62,0.8913,-1,-1,-1
77,4,-3.02,317.66,180.99,758.80,0.8802,-1,-1,-1
77,6,1109.20,372.08,167.25,441.89,0.8657,-1,-1,-1
77,14,1034.13,435.97,77.26,278.41,0.6324,-1,-1,-1
77,8,745.61,471.02,64.49,148.96,0.5040,-1,-1,-1
77,15,1541.68,437.71,71.64,61.14,0.4086,-1,-1,-1
77,5,816.72,450.91,44.72,161.08,0.4081,-1,-1,-1
78,2,848.92,296.20,201.49,665.75,0.8637,-1,-1,-1
78,3,369.29,289.55,263.84,783.05,0.8972,-1,-1,-1
78,4,-3.06,311.96,162.38,762.69,0.8673,-1,-1,-1
78,6,1108.43,370.90,166.46,443.22,0.8640,-1,-1,-1
78,14,1030.08,424.18,78.24,291.95,0.7076,-1,-1,-1
78,8,742.92,466.34,65.71,154.74,0.5499,-1,-1,-1
78,15,1542.34,437.27,70.09,61.46,0.4210,-1,-1,-1
78,5,814.26,450.85,45.64,162.09,0.6321,-1,-1,-1
79,2,850.97,292.40,198.02,670.81,0.8592,-1,-1,-1
79,3,353.19,284.28,267.06,788.74,0.9003,-1,-1,-1
79,4,-3.05,308.46,145.95,765.85,0.8291,-1,-1,-1
79,6,1107.79,368.14,165.47,444.88,0.8600,-1,-1,-1
79,14,1025.03,408.68,79.78,306.63,0.7189,-1,-1,-1
79,8,741.24,468.49,56.09,152.39,0.4962,-1,-1,-1
79,15,1540.09,435.86,68.85,61.68,0.3016,-1,-1,-1
79,5,810.85,449.12,46.73,165.26,0.6450,-1,-1,-1
80,2,850.35,289.40,193.20,675.17,0.8566,-1,-1,-1
80,3,334.61,276.19,274.17,795.97,0.8965,-1,-1,-1
80,4,-2.79,385.93,123.20,504.15,0.5093,-1,-1,-1
80,6,1105.35,364.60,162.75,447.49,0.8433,-1,-1,-1
80,14,1021.81,401.07,76.44,314.17,0.7097,-1,-1,-1
80,8,737.51,468.87,52.67,153.45,0.5411,-1,-1,-1
80,5,802.48,446.00,54.16,170.26,0.6151,-1,-1,-1
81,2,848.92,291.11,189.88,675.82,0.8514,-1,-1,-1
81,3,317.00,267.21,278.66,803.78,0.9018,-1,-1,-1
81,4,-2.16,426.69,96.29,445.95,0.6418,-1,-1,-1
81,6,1103.11,363.63,158.04,446.56,0.8567,-1,-1,-1
81,14,1016.86,403.42,74.67,310.59,0.6937,-1,-1,-1
81,8,731.92,464.07,52.49,154.45,0.5612,-1,-1,-1
81,5,796.63,444.07,55.82,169.40,0.6196,-1,-1,-1
82,2,846.45,291.71,186.42,675.35,0.8529,-1,-1,-1
82,3,295.44,254.20,292.50,817.63,0.8974,-1,-1,-1
82,4,-1.28,441.25,72.90,371.56,0.7815,-1,-1,-1
82,6,1099.13,359.35,155.30,447.71,0.8627,-1,-1,-1
82,14,1013.84,393.61,74.54,314.70,0.6466,-1,-1,-1
82,8,725.66,456.90,53.46,158.20,0.6341,-1,-1,-1
82,5,792.56,440.39,56.46,169.57,0.6749,-1,-1,-1
83,2,844.52,290.90,180.30,674.33,0.8514,-1,-1,-1
83,3,272.38,241.39,301.53,829.59,0.8896,-1,-1,-1
83,6,1095.46,357.25,152.45,451.15,0.8518,-1,-1,-1
83,14,1003.85,384.14,80.11,321.87,0.5449,-1,-1,-1
83,8,720.25,452.11,58.14,156.87,0.3876,-1,-1,-1
83,5,789.87,436.36,54.42,166.66,0.5785,-1,-1,-1
84,2,836.96,291.21,177.69,675.10,0.8476,-1,-1,-1
84,3,244.43,229.89,305.47,843.07,0.9033,-1,-1,-1
84,6,1087.54,354.58,153.58,455.69,0.8586,-1,-1,-1
84,14,995.41,377.66,80.82,322.03,0.7452,-1,-1,-1
84,8,712.34,449.84,56.31,155.67,0.5917,-1,-1,-1
84,5,783.24,434.55,52.96,166.56,0.5587,-1,-1,-1
85,2,826.44,289.81,176.70,672.52,0.8275,-1,-1,-1
85,3,212.38,217.37,325.01,856.41,0.9170,-1,-1,-1
85,6,1079.82,353.40,149.87,454.23,0.8485,-1,-1,-1
85,14,985.00,373.63,81.79,319.36,0.7616,-1,-1,-1
85,8,705.81,449.97,53.96,152.46,0.4575,-1,-1,-1
85,5,772.88,427.46,54.68,170.32,0.5998,-1,-1,-1
86,2,812.62,284.68,180.55,672.02,0.8417,-1,-1,-1
86,3,186.90,204.11,326.50,870.45,0.9056,-1,-1,-1
86,6,1071.75,349.10,150.32,454.47,0.8318,-1,-1,-1
86,14,972.38,369.04,87.82,320.13,0.8069,-1,-1,-1
86,8,695.76,444.83,56.86,154.61,0.5367,-1,-1,-1
86,5,767.91,420.80,49.58,175.28,0.5159,-1,-1,-1
86,19,483.16,413.14,77.08,283.87,0.7152,-1,-1,-1
87,2,798.94,279.15,186.86,675.08,0.8524,-1,-1,-1
87,3,156.82,189.97,332.90,885.33,0.9104,-1,-1,-1
87,6,1062.97,346.46,152.12,452.94,0.8509,-1,-1,-1
87,14,962.57,365.91,90.75,320.32,0.7796,-1,-1,-1
87,8,688.26,445.93,58.96,151.83,0.4641,-1,-1,-1
87,5,760.07,414.28,48.72,179.94,0.6884,-1,-1,-1
87,19,472.71,410.60,76.67,285.37,0.7296,-1,-1,-1
88,2,783.17,274.86,196.36,671.39,0.8571,-1,-1,-1
88,3,130.78,180.13,339.17,896.17,0.9155,-1,-1,-1
88,6,1053.18,340.64,152.04,453.98,0.8485,-1,-1,-1
88,14,950.13,359.18,95.07,323.77,0.7449,-1,-1,-1
88,8,680.02,440.68,57.51,154.20,0.6147,-1,-1,-1
88,5,748.73,409.87,50.09,177.82,0.4646,-1,-1,-1
88,19,449.49,407.99,90.78,286.68,0.7607,-1,-1,-1
89,2,768.58,268.91,201.50,669.04,0.8477,-1,-1,-1
89,3,103.68,168.59,350.74,906.53,0.9201,-1,-1,-1
89,6,1043.68,334.45,157.83,454.15,0.8534,-1,-1,-1
89,14,941.10,357.48,98.40,319.32,0.8162,-1,-1,-1
89,8,672.38,436.47,58.79,156.39,0.5573,-1,-1,-1
89,5,743.04,407.48,44.08,180.51,0.3303,-1,-1,-1
89,19,431.32,398.59,102.46,297.99,0.7739,-1,-1,-1
90,2,752.24,261.61,213.17,659.79,0.8689,-1,-1,-1
90,3,74.83,154.06,369.25,920.61,0.9241,-1,-1,-1
90,6,1037.27,328.58,158.98,458.38,0.8482,-1,-1,-1
90,14,936.21,354.04,97.61,316.38,0.7823,-1,-1,-1
90,8,666.40,432.91,61.56,156.08,0.4318,-1,-1,-1
90,19,420.03,390.20,106.37,303.05,0.7799,-1,-1,-1
91,2,738.05,257.10,221.48,650.78,0.8808,-1,-1,-1
91,3,50.82,142.31,382.19,930.54,0.9224,-1,-1,-1
91,6,1030.84,324.20,162.84,456.71,0.8681,-1,-1,-1
91,14,929.61,349.69,100.27,317.70,0.7997,-1,-1,-1
91,8,659.55,426.61,56.74,156.60,0.4526,-1,-1,-1
91,19,411.50,386.13,106.69,305.69,0.7615,-1,-1,-1
92,2,725.42,251.71,226.87,650.49,0.8787,-1,-1,-1
92,3,23.66,128.29,400.75,944.52,0.9221,-1,-1,-1
92,6,1025.06,318.42,166.40,454.77,0.8636,-1,-1,-1
92,14,923.70,348.30,98.70,316.92,0.7895,-1,-1,-1
92,8,654.22,423.30,59.03,157.88,0.5489,-1,-1,-1
92,19,402.71,384.13,108.73,307.88,0.8223,-1,-1,-1
92,23,1505.16,395.58,37.75,60.60,0.4943,-1,-1,-1
93,2,715.63,245.83,233.82,653.59,0.8891,-1,-1,-1
93,3,1.07,116.95,412.27,956.10,0.9244,-1,-1,-1
93,6,1018.49,314.06,170.56,454.47,0.8705,-1,-1,-1
93,14,920.87,346.81,98.68,316.86,0.7763,-1,-1,-1
93,8,652.05,420.69,56.36,157.56,0.3373,-1,-1,-1
93,19,395.45,379.44,109.76,312.09,0.8071,-1,-1,-1
93,23,1497.92,390.44,42.26,62.18,0.4659,-1,-1,-1
93,24,1845.06,838.92,73.86,194.66,0.3963,-1,-1,-1
94,2,708.35,241.96,232.29,657.50,0.8729,-1,-1,-1
94,3,-6.87,107.07,410.31,968.63,0.9323,-1,-1,-1
94,6,1013.67,312.46,174.29,454.01,0.8726,-1,-1,-1
94,14,918.06,345.96,99.96,318.49,0.8026,-1,-1,-1
94,19,388.46,378.06,112.00,310.74,0.8026,-1,-1,-1
94,23,1495.28,390.04,42.37,59.55,0.4162,-1,-1,-1
94,25,1725.36,853.66,94.52,220.75,0.3618,-1,-1,-1
95,2,701.72,240.35,232.51,663.44,0.8860,-1,-1,-1
95,3,-8.89,97.64,408.05,979.23,0.9307,-1,-1,-1
95,6,1008.29,311.63,178.17,453.66,0.8644,-1,-1,-1
95,14,916.06,344.60,99.58,319.86,0.7805,-1,-1,-1
95,19,382.78,375.65,113.35,314.52,0.8174,-1,-1,-1
95,23,1493.39,390.81,41.53,58.08,0.3194,-1,-1,-1
95,25,1724.27,855.24,95.14,219.74,0.3667,-1,-1,-1
96,2,694.04,242.07,233.04,664.44,0.9045,-1,-1,-1
96,3,-8.60,87.03,392.52,990.11,0.9349,-1,-1,-1
96,6,1004.11,311.22,182.54,455.46,0.8598,-1,-1,-1
96,14,912.40,345.15,101.94,319.97,0.7540,-1,-1,-1
96,19,378.23,374.81,113.02,320.39,0.8098,-1,-1,-1
96,23,1490.65,392.03,41.51,57.16,0.3033,-1,-1,-1
96,25,1723.53,856.12,97.36,220.57,0.4038,-1,-1,-1
97,2,693.41,241.24,230.27,669.89,0.8996,-1,-1,-1
97,3,-6.99,76.26,378.61,1000.15,0.9338,-1,-1,-1
97,6,1002.14,310.67,186.34,456.13,0.8618,-1,-1,-1
97,14,906.23,343.15,106.80,319.49,0.7328,-1,-1,-1
97,19,376.04,371.12,113.76,325.97,0.8189,-1,-1,-1
97,25,1726.55,855.73,97.39,221.17,0.4493,-1,-1,-1
97,8,633.86,418.18,60.79,162.15,0.5593,-1,-1,-1
97,24,1849.18,834.99,70.20,185.63,0.3590,-1,-1,-1
98,2,692.96,242.95,228.11,674.58,0.8996,-1,-1,-1
98,3,-5.58,60.02,366.11,1014.02,0.9344,-1,-1,-1
98,6,1001.50,310.80,190.79,458.49,0.8591,-1,-1,-1
98,14,906.86,343.49,105.84,320.63,0.7306,-1,-1,-1
98,19,375.35,369.00,113.95,330.28,0.8255,-1,-1,-1
98,25,1731.24,857.80,97.70,220.73,0.4000,-1,-1,-1
98,8,632.61,416.48,59.99,165.89,0.6311,-1,-1,-1
99,2,692.68,246.47,227.43,676.85,0.8985,-1,-1,-1
99,3,-3.94,48.05,353.90,1025.52,0.9272,-1,-1,-1
99,6,1002.33,311.30,195.85,460.37,0.8700,-1,-1,-1
99,14,908.20,343.66,105.23,320.93,0.7370,-1,-1,-1
99,19,374.59,366.98,114.59,334.05,0.8214,-1,-1,-1
99,8,633.21,416.48,56.30,165.71,0.6340,-1,-1,-1
100,2,693.96,249.45,224.55,675.82,0.8988,-1,-1,-1
100,3,-2.71,36.51,340.09,1035.45,0.9225,-1,-1,-1
100,6,1004.70,312.37,198.79,460.57,0.8763,-1,-1,-1
100,14,910.39,347.55,105.86,318.14,0.7435,-1,-1,-1
100,19,372.98,367.68,115.79,334.37,0.8323,-1,-1,-1
100,8,631.94,415.38,58.42,166.31,0.6493,-1,-1,-1
100,23,1495.91,381.50,43.58,66.59,0.4183,-1,-1,-1
101,2,699.28,250.04,218.80,675.80,0.8890,-1,-1,-1
101,3,-1.83,19.46,323.11,1054.81,0.9144,-1,-1,-1
101,6,1007.04,311.67,201.32,462.79,0.8568,-1,-1,-1
101,14,913.25,347.67,105.56,317.49,0.7682,-1,-1,-1
101,19,373.97,365.55,115.92,337.63,0.8239,-1,-1,-1
101,8,633.57,413.86,59.02,165.62,0.7018,-1,-1,-1
102,2,703.10,250.83,219.86,671.00,0.8948,-1,-1,-1
102,3,-0.66,11.89,303.12,1061.53,0.9190,-1,-1,-1
102,6,1013.91,312.08,200.05,464.60,0.8308,-1,-1,-1
102,14,919.50,347.03,103.90,318.85,0.7923,-1,-1,-1
102,19,375.38,364.46,117.17,341.27,0.8319,-1,-1,-1
102,8,637.40,413.69,59.61,165.77,0.5224,-1,-1,-1
103,2,714.16,250.71,221.24,667.58,0.8881,-1,-1,-1
103,3,1.17,6.76,284.53,1065.56,0.9092,-1,-1,-1
103,6,1022.86,314.12,202.21,465.62,0.8433,-1,-1,-1
103,14,930.32,342.39,101.94,321.66,0.7443,-1,-1,-1
103,19,384.22,365.30,115.55,338.93,0.8037,-1,-1,-1
103,8,643.91,409.89,60.75,166.40,0.5544,-1,-1,-1
104,2,726.40,247.45,222.03,668.41,0.8919,-1,-1,-1
104,3,3.19,7.44,264.79,1056.47,0.8316,-1,-1,-1
104,6,1040.71,309.46,203.26,469.01,0.8582,-1,-1,-1
104,14,942.69,338.89,105.57,322.48,0.7345,-1,-1,-1
104,19,395.87,368.06,114.37,336.31,0.8112,-1,-1,-1
104,8,658.22,407.20,58.02,168.50,0.6639,-1,-1,-1
104,25,1787.17,859.48,107.62,220.52,0.3975,-1,-1,-1
104,23,1533.78,376.48,43.54,66.44,0.5237,-1,-1,-1
105,2,738.48,245.69,220.91,665.29,0.8861,-1,-1,-1
105,3,2.58,165.24,241.45,902.13,0.7801,-1,-1,-1
105,6,1052.87,308.75,202.03,469.79,0.8547,-1,-1,-1
105,14,953.41,334.74,104.62,327.06,0.7371,-1,-1,-1
105,19,404.29,365.99,112.82,338.16,0.8087,-1,-1,-1
105,8,665.29,407.99,59.55,167.16,0.3739,-1,-1,-1
105,25,1804.34,861.13,108.01,219.04,0.4947,-1,-1,-1
105,23,1546.38,374.52,45.99,67.45,0.4179,-1,-1,-1
106,2,747.77,242.55,215.84,654.40,0.8781,-1,-1,-1
106,3,1.04,225.19,160.76,729.76,0.6228,-1,-1,-1
106,6,1064.76,304.20,204.77,475.69,0.8421,-1,-1,-1
106,14,959.93,332.09,104.44,329.02,0.7895,-1,-1,-1
106,19,410.91,364.44,112.27,337.22,0.8015,-1,-1,-1
106,8,669.76,405.24,61.74,167.72,0.6820,-1,-1,-1
106,25,1817.72,858.14,103.77,221.61,0.6350,-1,-1,-1
106,23,1557.11,372.46,44.98,67.51,0.4629,-1,-1,-1
107,2,756.24,237.66,212.94,647.10,0.8783,-1,-1,-1
107,3,0.27,245.19,109.18,769.83,0.7251,-1,-1,-1
107,6,1073.03,302.96,199.34,475.33,0.8424,-1,-1,-1
107,14,964.87,330.44,106.43,327.79,0.7449,-1,-1,-1
107,19,414.96,361.96,112.84,338.94,0.7888,-1,-1,-1
107,8,671.82,403.95,65.51,169.12,0.6755,-1,-1,-1
107,25,1831.12,856.17,93.10,222.10,0.4784,-1,-1,-1
107,23,1567.63,371.50,44.54,66.98,0.3619,-1,-1,-1
108,2,762.05,234.26,210.08,645.18,0.8828,-1,-1,-1
108,6,1080.96,301.70,182.62,473.24,0.8386,-1,-1,-1
108,14,969.02,328.57,106.61,329.13,0.7282,-1,-1,-1
108,19,417.32,360.51,113.15,344.16,0.7966,-1,-1,-1
108,8,674.03,403.30,67.32,170.08,0.7286,-1,-1,-1
108,23,1575.59,370.29,43.63,65.86,0.4637,-1,-1,-1
109,2,770.26,232.52,203.99,644.77,0.8753,-1,-1,-1
109,6,1085.75,298.65,174.09,470.46,0.8704,-1,-1,-1
109,14,972.63,327.18,99.61,327.02,0.5493,-1,-1,-1
109,19,416.16,358.45,115.40,349.05,0.8082,-1,-1,-1
109,8,677.79,401.31,65.48,170.80,0.6812,-1,-1,-1
109,23,1583.34,372.24,43.00,63.33,0.6009,-1,-1,-1
110,2,772.82,230.71,202.91,646.39,0.8753,-1,-1,-1
110,6,1089.62,295.37,171.65,466.92,0.8721,-1,-1,-1
110,14,976.24,324.47,102.24,327.39,0.6669,-1,-1,-1
110,19,413.06,354.59,117.67,355.63,0.7983,-1,-1,-1
110,8,679.53,398.34,66.83,171.16,0.6261,-1,-1,-1
110,23,1588.12,368.36,41.10,64.79,0.4036,-1,-1,-1
111,2,776.66,229.59,199.34,649.17,0.8721,-1,-1,-1
111,6,1093.51,292.23,169.28,463.41,0.8667,-1,-1,-1
111,14,976.39,323.81,104.53,325.60,0.6149,-1,-1,-1
111,19,411.01,352.69,119.82,355.99,0.8059,-1,-1,-1
111,8,682.31,395.24,66.23,173.27,0.6588,-1,-1,-1
111,23,1598.10,370.23,39.19,63.12,0.4412,-1,-1,-1
112,2,778.03,229.02,197.53,649.43,0.8674,-1,-1,-1
112,6,1097.97,289.23,168.76,460.95,0.8549,-1,-1,-1
112,14,975.60,323.42,108.37,326.17,0.6338,-1,-1,-1
112,19,412.02,349.69,118.45,359.11,0.7482,-1,-1,-1
112,8,684.57,394.72,67.21,174.23,0.6441,-1,-1,-1
113,2,780.11,228.56,195.18,650.23,0.8648,-1,-1,-1
113,6,1103.65,286.50,166.29,462.79,0.8511,-1,-1,-1
113,14,979.23,323.03,108.67,325.81,0.6026,-1,-1,-1
113,19,411.21,347.86,118.49,362.95,0.7392,-1,-1,-1
113,8,686.44,391.44,68.10,178.89,0.7009,-1,-1,-1
114,2,785.24,230.16,191.43,651.23,0.8545,-1,-1,-1
114,6,1109.48,285.04,163.35,465.92,0.8578,-1,-1,-1
114,14,985.45,321.41,104.75,321.91,0.5927,-1,-1,-1
114,19,411.96,345.38,117.72,366.01,0.7352,-1,-1,-1
114,8,689.82,392.66,67.44,176.78,0.6295,-1,-1,-1
114,23,1613.17,374.03,38.92,53.77,0.3496,-1,-1,-1
115,2,790.73,232.00,190.98,651.51,0.8444,-1,-1,-1
115,6,1112.85,285.66,163.04,466.16,0.8679,-1,-1,-1
115,14,994.24,320.96,101.29,322.63,0.7349,-1,-1,-1
115,19,410.95,344.30,119.93,368.47,0.7379,-1,-1,-1
115,8,693.94,391.31,66.49,178.89,0.5955,-1,-1,-1
115,23,1621.84,367.33,36.74,59.81,0.3317,-1,-1,-1
116,2,793.15,233.10,191.33,652.03,0.8509,-1,-1,-1
116,6,1115.16,285.93,163.79,464.85,0.8630,-1,-1,-1
116,14,994.52,322.34,106.52,320.51,0.7067,-1,-1,-1
116,19,406.08,342.96,125.09,370.44,0.7733,-1,-1,-1
116,8,694.33,392.52,68.35,179.45,0.5573,-1,-1,-1
116,23,1626.07,364.82,38.13,62.44,0.3823,-1,-1,-1
117,2,792.57,233.27,189.80,652.35,0.8521,-1,-1,-1
117,6,1117.36,284.65,164.10,466.78,0.8591,-1,-1,-1
117,14,994.48,321.06,107.44,321.09,0.6699,-1,-1,-1
117,19,402.24,342.61,128.33,370.17,0.7213,-1,-1,-1
117,8,691.29,389.79,73.02,179.77,0.6245,-1,-1,-1
118,2,786.99,235.33,189.41,649.88,0.8566,-1,-1,-1
118,6,1118.75,285.56,165.06,469.61,0.8564,-1,-1,-1
118,14,986.27,322.39,115.84,321.53,0.7296,-1,-1,-1
118,19,396.56,339.95,131.25,374.71,0.7031,-1,-1,-1
118,8,688.96,391.58,74.83,179.64,0.6155,-1,-1,-1
119,2,783.51,235.58,188.71,649.52,0.8667,-1,-1,-1
119,6,1122.08,287.35,162.65,472.29,0.8511,-1,-1,-1
119,14,980.79,324.23,121.75,321.99,0.7557,-1,-1,-1
119,19,391.43,338.72,132.68,376.97,0.8252,-1,-1,-1
119,8,689.90,392.90,73.76,179.47,0.5529,-1,-1,-1
120,2,777.48,233.42,191.91,649.17,0.8782,-1,-1,-1
120,6,1122.50,287.89,161.80,474.02,0.8532,-1,-1,-1
120,14,974.98,324.62,125.66,323.02,0.7074,-1,-1,-1
120,19,386.61,334.68,133.12,382.85,0.8358,-1,-1,-1
120,8,686.82,392.30,76.14,179.03,0.5289,-1,-1,-1
121,2,770.75,229.57,194.86,645.65,0.8741,-1,-1,-1
121,6,1120.47,289.57,162.42,475.44,0.8470,-1,-1,-1
121,14,969.73,325.63,129.20,322.47,0.6075,-1,-1,-1
121,19,380.32,333.20,134.26,386.22,0.8384,-1,-1,-1
121,8,683.47,393.39,79.62,182.05,0.4325,-1,-1,-1
122,2,762.68,227.96,195.55,637.79,0.8656,-1,-1,-1
122,6,1117.88,290.71,162.48,477.09,0.8405,-1,-1,-1
122,14,967.46,325.37,130.96,322.63,0.6372,-1,-1,-1
122,19,370.64,332.40,137.99,393.15,0.8261,-1,-1,-1
122,23,1638.46,372.10,44.29,59.90,0.3643,-1,-1,-1
123,2,751.48,226.93,200.53,635.82,0.8671,-1,-1,-1
123,6,1115.29,291.11,161.52,478.15,0.8582,-1,-1,-1
123,14,958.92,326.39,136.52,323.73,0.6224,-1,-1,-1
123,19,363.35,332.07,137.97,400.78,0.8542,-1,-1,-1
123,23,1635.31,372.56,47.13,60.07,0.4418,-1,-1,-1
124,2,741.24,227.08,204.42,636.50,0.8720,-1,-1,-1
124,6,1111.51,290.20,159.39,482.93,0.8491,-1,-1,-1
124,14,955.08,327.56,127.99,325.01,0.6116,-1,-1,-1
124,19,355.05,331.98,139.57,404.80,0.8591,-1,-1,-1
124,23,1632.71,373.18,48.17,61.78,0.4495,-1,-1,-1
125,2,731.78,227.78,208.40,639.61,0.8767,-1,-1,-1
125,6,1106.94,289.98,159.88,481.50,0.8453,-1,-1,-1
125,14,950.50,325.55,127.01,329.44,0.6953,-1,-1,-1
125,19,345.87,336.52,141.11,404.51,0.8451,-1,-1,-1
125,23,1628.91,373.01,47.91,63.34,0.3825,-1,-1,-1
125,8,674.95,393.29,69.19,192.27,0.4485,-1,-1,-1
126,2,715.65,228.91,220.21,643.70,0.8684,-1,-1,-1
126,6,1101.37,290.49,160.75,478.00,0.8445,-1,-1,-1
126,14,949.70,322.54,127.06,332.73,0.5801,-1,-1,-1
126,19,334.37,337.22,143.64,407.84,0.8397,-1,-1,-1
126,23,1626.32,371.42,46.95,64.72,0.4171,-1,-1,-1
126,8,669.45,394.21,68.44,189.88,0.3808,-1,-1,-1
127,2,708.14,231.42,224.24,645.70,0.8698,-1,-1,-1
127,6,1095.03,291.33,164.46,480.59,0.8566,-1,-1,-1
127,14,942.94,321.54,135.20,335.72,0.7700,-1,-1,-1
127,19,326.50,342.01,143.47,409.03,0.8475,-1,-1,-1
127,23,1623.23,372.27,45.20,64.91,0.4368,-1,-1,-1
128,2,704.43,231.66,226.03,649.53,0.8799,-1,-1,-1
128,6,1088.99,289.80,168.62,481.91,0.8706,-1,-1,-1
128,14,934.22,322.87,142.25,335.03,0.6102,-1,-1,-1
128,19,318.45,341.88,145.03,411.71,0.8530,-1,-1,-1
128,23,1620.64,371.27,42.99,65.94,0.3540,-1,-1,-1
128,8,660.16,391.28,73.38,192.54,0.3734,-1,-1,-1
129,2,706.34,234.75,222.78,648.42,0.8803,-1,-1,-1
129,6,1084.22,287.43,173.72,482.97,0.8741,-1,-1,-1
129,14,933.76,322.13,120.80,335.09,0.6498,-1,-1,-1
129,19,313.10,339.09,147.09,420.65,0.8338,-1,-1,-1
129,23,1617.85,368.56,44.51,68.56,0.3771,-1,-1,-1
129,8,659.58,390.10,68.50,192.94,0.5347,-1,-1,-1
130,2,705.94,236.50,222.90,648.78,0.8819,-1,-1,-1
130,6,1081.96,286.77,175.00,482.98,0.8673,-1,-1,-1
130,14,933.52,320.75,110.11,335.07,0.7349,-1,-1,-1
130,19,309.66,335.33,148.87,429.58,0.8405,-1,-1,-1
130,23,1618.37,367.32,43.03,69.66,0.4036,-1,-1,-1
130,8,659.21,389.51,64.34,193.06,0.5535,-1,-1,-1
131,2,706.28,238.45,223.73,648.96,0.8799,-1,-1,-1
131,6,1080.20,284.62,176.75,482.70,0.8665,-1,-1,-1
131,14,928.91,319.28,110.52,333.76,0.7373,-1,-1,-1
131,19,307.68,332.80,147.49,435.11,0.8388,-1,-1,-1
131,23,1619.08,365.80,42.98,69.61,0.3856,-1,-1,-1
131,8,657.40,389.54,63.98,193.30,0.5875,-1,-1,-1
131,26,1011.82,371.74,69.72,222.48,0.5431,-1,-1,-1
132,2,707.85,239.00,222.83,649.18,0.8754,-1,-1,-1
132,6,1079.84,282.92,176.14,481.89,0.8634,-1,-1,-1
132,14,925.64,317.83,111.09,333.78,0.7335,-1,-1,-1
132,19,307.55,332.85,144.51,436.94,0.8290,-1,-1,-1
132,23,1619.46,364.65,42.27,69.44,0.4077,-1,-1,-1
132,8,656.86,389.18,64.22,194.56,0.5692,-1,-1,-1
132,26,1012.87,367.70,69.77,226.42,0.5586,-1,-1,-1
133,2,710.96,239.49,222.09,647.62,0.8755,-1,-1,-1
133,6,1077.30,282.41,178.93,482.04,0.8685,-1,-1,-1
133,14,925.32,316.70,108.56,335.73,0.7468,-1,-1,-1
133,19,297.10,330.97,152.78,441.32,0.8195,-1,-1,-1
133,23,1620.96,364.15,41.90,70.54,0.3852,-1,-1,-1
133,8,656.95,389.57,63.08,195.06,0.4432,-1,-1,-1
133,26,1012.75,367.70,72.02,225.86,0.5763,-1,-1,-1
134,2,713.40,239.58,218.34,648.94,0.8765,-1,-1,-1
134,6,1075.03,283.88,182.56,484.84,0.8678,-1,-1,-1
134,14,926.94,318.25,103.08,337.29,0.7328,-1,-1,-1
134,19,290.01,327.01,155.62,451.95,0.8404,-1,-1,-1
134,23,1622.25,364.72,41.84,71.54,0.3579,-1,-1,-1
134,8,655.84,391.86,66.74,195.01,0.5317,-1,-1,-1
134,26,1011.70,367.75,73.53,224.15,0.6110,-1,-1,-1
135,2,715.94,240.69,215.75,648.24,0.8799,-1,-1,-1
135,6,1073.46,285.08,184.39,487.77,0.8648,-1,-1,-1
135,14,926.69,318.57,99.77,340.44,0.7097,-1,-1,-1
135,19,286.62,329.61,155.09,454.10,0.8316,-1,-1,-1
135,8,652.74,393.77,70.89,195.48,0.5442,-1,-1,-1
135,26,1010.80,369.77,75.78,220.36,0.6537,-1,-1,-1
136,2,720.89,240.63,212.47,643.80,0.8737,-1,-1,-1
136,6,1072.39,286.85,187.42,489.69,0.8665,-1,-1,-1
136,14,926.37,319.78,99.27,340.01,0.7318,-1,-1,-1
136,19,282.16,328.01,157.70,459.32,0.8387,-1,-1,-1
136,8,647.41,394.71,77.92,196.71,0.6849,-1,-1,-1
136,26,1011.24,365.51,77.21,228.01,0.7067,-1,-1,-1
137,2,723.38,240.83,211.90,630.58,0.8833,-1,-1,-1
137,6,1071.22,289.61,191.99,491.80,0.8635,-1,-1,-1
137,14,927.62,319.52,97.28,341.34,0.7313,-1,-1,-1
137,19,282.58,324.79,155.92,465.11,0.8409,-1,-1,-1
137,8,648.46,395.04,77.86,200.25,0.6352,-1,-1,-1
137,26,1013.57,368.15,77.33,226.28,0.7447,-1,-1,-1
137,23,1631.47,367.88,43.90,69.33,0.4985,-1,-1,-1
138,2,723.65,242.82,215.77,624.34,0.8864,-1,-1,-1
138,6,1076.15,294.20,192.79,491.46,0.8618,-1,-1,-1
138,14,928.68,321.50,96.45,342.15,0.7456,-1,-1,-1
138,19,280.00,323.98,157.41,469.42,0.8038,-1,-1,-1
138,8,651.03,397.38,73.97,200.70,0.5942,-1,-1,-1
138,26,1017.62,368.72,76.48,228.61,0.7447,-1,-1,-1
138,23,1637.17,371.35,45.22,69.21,0.3217,-1,-1,-1
139,2,728.20,242.35,213.69,622.24,0.8851,-1,-1,-1
139,6,1080.62,294.99,193.72,491.41,0.8479,-1,-1,-1
139,14,930.13,320.68,96.43,343.53,0.7266,-1,-1,-1
139,19,272.47,320.64,162.45,474.98,0.8146,-1,-1,-1
139,8,651.87,395.85,72.23,203.74,0.5823,-1,-1,-1
139,26,1020.80,365.03,76.13,230.21,0.7169,-1,-1,-1
140,2,739.54,241.71,205.00,626.13,0.8780,-1,-1,-1
140,6,1087.49,296.17,191.21,490.27,0.8453,-1,-1,-1
140,14,936.22,320.02,93.45,345.21,0.7149,-1,-1,-1
140,19,269.08,318.80,165.78,484.49,0.8302,-1,-1,-1
140,8,650.30,396.54,75.10,204.98,0.6319,-1,-1,-1
140,26,1023.40,367.11,76.74,228.07,0.7775,-1,-1,-1
140,23,1646.84,368.15,47.01,68.63,0.3396,-1,-1,-1
141,2,747.43,244.68,197.92,628.96,0.8735,-1,-1,-1
141,6,1092.51,296.18,189.81,494.74,0.8582,-1,-1,-1
141,14,935.92,321.48,95.52,344.80,0.7389,-1,-1,-1
141,19,270.42,318.81,165.24,495.13,0.8246,-1,-1,-1
141,8,648.64,395.58,78.52,206.63,0.7632,-1,-1,-1
141,26,1025.06,366.72,79.29,228.26,0.6852,-1,-1,-1
141,23,1650.57,368.16,48.35,69.81,0.3900,-1,-1,-1
142,2,754.25,249.86,193.44,628.55,0.8694,-1,-1,-1
142,6,1099.73,296.82,187.61,498.58,0.8516,-1,-1,-1
142,14,936.65,324.37,96.38,342.18,0.7639,-1,-1,-1
142,19,270.82,321.18,167.10,500.80,0.8492,-1,-1,-1
142,8,649.23,398.80,83.89,204.01,0.6909,-1,-1,-1
142,26,1029.65,370.63,79.30,226.87,0.7247,-1,-1,-1
143,2,766.15,253.38,187.71,632.17,0.8787,-1,-1,-1
143,6,1107.04,297.40,187.31,501.88,0.8675,-1,-1,-1
143,14,948.96,325.86,89.19,341.39,0.7232,-1,-1,-1
143,19,269.67,324.74,170.58,504.09,0.8474,-1,-1,-1
143,8,653.82,400.46,84.11,204.51,0.6631,-1,-1,-1
143,26,1037.04,372.20,75.25,226.30,0.7463,-1,-1,-1
143,23,1669.50,374.66,44.65,63.25,0.3949,-1,-1,-1
144,2,772.47,255.63,185.96,632.83,0.8729,-1,-1,-1
144,6,1112.59,297.16,187.00,501.70,0.8615,-1,-1,-1
144,14,957.69,329.79,84.39,335.32,0.8004,-1,-1,-1
144,19,268.31,324.97,174.23,510.57,0.8580,-1,-1,-1
144,8,661.01,398.23,78.92,207.06,0.7032,-1,-1,-1
144,26,1041.03,372.42,77.38,227.08,0.7546,-1,-1,-1
144,23,1673.28,371.10,49.76,67.09,0.4201,-1,-1,-1
145,2,779.50,257.67,184.32,634.20,0.8604,-1,-1,-1
145,6,1120.81,296.79,186.93,501.52,0.8608,-1,-1,-1
145,14,962.39,329.33,83.06,337.25,0.7497,-1,-1,-1
145,19,266.07,324.13,177.78,514.46,0.8532,-1,-1,-1
145,8,664.44,396.79,80.03,209.71,0.7018,-1,-1,-1
145,26,1043.54,374.71,78.73,224.14,0.7400,-1,-1,-1
145,23,1681.23,370.85,50.16,69.38,0.4226,-1,-1,-1
146,2,782.53,261.62,186.75,635.90,0.8638,-1,-1,-1
146,6,1128.51,300.20,184.55,495.73,0.8740,-1,-1,-1
146,14,968.74,331.55,84.85,337.43,0.6867,-1,-1,-1
146,19,267.32,324.22,178.54,523.24,0.8772,-1,-1,-1
146,8,669.19,397.50,80.40,210.30,0.6982,-1,-1,-1
146,26,1048.53,377.54,78.33,220.77,0.6476,-1,-1,-1
146,23,1693.14,377.26,46.41,64.04,0.3286,-1,-1,-1
147,2,783.99,265.12,188.51,637.06,0.8650,-1,-1,-1
147,6,1134.15,299.52,186.58,492.35,0.8670,-1,-1,-1
147,14,967.42,331.66,89.20,339.99,0.7115,-1,-1,-1
147,19,263.81,325.58,181.84,528.98,0.8601,-1,-1,-1
147,8,670.83,396.87,80.66,214.69,0.7260,-1,-1,-1
147,26,1050.96,381.19,79.83,220.52,0.6330,-1,-1,-1
147,23,1699.93,376.56,46.87,66.98,0.4336,-1,-1,-1
148,2,789.33,266.39,185.75,636.21,0.8554,-1,-1,-1
148,6,1139.89,298.52,183.65,491.57,0.8671,-1,-1,-1
148,14,969.35,331.77,90.36,340.92,0.7303,-1,-1,-1
148,19,258.90,325.83,185.61,539.71,0.8684,-1,-1,-1
148,8,673.11,395.92,77.49,217.93,0.7258,-1,-1,-1
148,26,1053.81,378.65,78.49,225.68,0.6768,-1,-1,-1
148,23,1701.78,375.86,50.31,68.30,0.3775,-1,-1,-1
149,2,793.35,267.21,183.90,637.48,0.8616,-1,-1,-1
149,6,1146.54,299.02,180.08,489.04,0.8619,-1,-1,-1
149,14,972.46,335.53,87.84,338.93,0.7344,-1,-1,-1
149,19,252.86,324.09,184.36,548.74,0.8649,-1,-1,-1
149,8,674.80,399.89,76.73,217.91,0.6009,-1,-1,-1
149,26,1055.66,379.04,77.86,228.19,0.6365,-1,-1,-1
149,23,1706.70,380.38,49.80,65.99,0.3492,-1,-1,-1
150,2,794.10,267.58,184.05,637.39,0.8498,-1,-1,-1
150,6,1150.79,300.19,178.67,489.93,0.8644,-1,-1,-1
150,14,975.01,339.14,88.45,338.96,0.7367,-1,-1,-1
150,19,247.31,320.00,181.52,558.03,0.8501,-1,-1,-1
150,8,673.99,404.34,78.46,216.77,0.6131,-1,-1,-1
150,26,1056.65,372.78,76.83,235.99,0.6722,-1,-1,-1
150,23,1710.96,381.85,51.23,66.80,0.4523,-1,-1,-1
151,2,793.76,267.59,186.73,634.36,0.8409,-1,-1,-1
151,6,1152.76,300.05,179.36,497.71,0.8714,-1,-1,-1
151,14,979.33,340.84,85.48,341.11,0.7332,-1,-1,-1
151,19,236.47,318.17,184.42,567.54,0.8507,-1,-1,-1
151,8,674.84,408.46,77.89,214.55,0.6688,-1,-1,-1
151,26,1056.70,370.64,77.02,240.13,0.5983,-1,-1,-1
151,23,1712.54,381.06,53.44,69.00,0.4878,-1,-1,-1
152,2,791.32,266.19,190.43,627.47,0.8417,-1,-1,-1
152,6,1154.12,300.17,180.65,498.96,0.8801,-1,-1,-1
152,14,978.88,341.50,86.13,341.28,0.7104,-1,-1,-1
152,19,227.43,314.66,187.58,576.93,0.8509,-1,-1,-1
152,8,675.07,409.47,80.15,215.61,0.7133,-1,-1,-1
152,26,1055.31,371.87,78.73,238.59,0.6059,-1,-1,-1
152,23,1715.88,379.48,54.50,70.43,0.5259,-1,-1,-1
153,2,786.24,264.09,198.42,620.33,0.8418,-1,-1,-1
153,6,1157.70,301.92,179.67,498.75,0.8824,-1,-1,-1
153,14,982.41,341.73,83.40,344.53,0.7248,-1,-1,-1
153,19,215.93,311.78,193.73,583.23,0.8585,-1,-1,-1
153,8,675.23,410.14,82.82,218.52,0.7124,-1,-1,-1
153,26,1055.60,372.11,79.12,239.32,0.6199,-1,-1,-1
153,23,1719.46,384.21,51.69,67.70,0.4315,-1,-1,-1
154,2,779.72,262.14,206.88,618.32,0.8594,-1,-1,-1
154,6,1159.13,302.67,178.93,497.18,0.8731,-1,-1,-1
154,14,981.11,341.61,83.92,344.68,0.7265,-1,-1,-1
154,19,203.69,309.37,200.75,589.16,0.8723,-1,-1,-1
154,8,675.41,411.05,85.78,220.44,0.7176,-1,-1,-1
154,26,1054.25,373.26,80.33,239.16,0.6567,-1,-1,-1
154,23,1722.74,385.00,51.09,68.19,0.4097,-1,-1,-1
155,2,772.02,258.99,214.66,618.91,0.8684,-1,-1,-1
155,6,1160.36,301.97,177.71,499.38,0.8790,-1,-1,-1
155,14,982.72,340.03,81.29,343.36,0.7272,-1,-1,-1
155,19,191.86,305.90,206.49,593.70,0.8712,-1,-1,-1
155,8,672.08,407.54,95.36,223.52,0.7297,-1,-1,-1
155,26,1053.39,371.94,80.38,239.40,0.7016,-1,-1,-1
155,23,1722.08,379.66,51.97,71.75,0.3247,-1,-1,-1
156,2,766.13,257.95,222.58,621.73,0.8702,-1,-1,-1
156,6,1159.52,305.21,179.32,504.86,0.8774,-1,-1,-1
156,14,981.48,339.98,82.50,344.08,0.7022,-1,-1,-1
156,19,180.98,302.52,207.97,599.77,0.8714,-1,-1,-1
156,8,671.08,406.02,98.69,226.09,0.7665,-1,-1,-1
156,26,1051.99,370.70,80.45,242.30,0.6923,-1,-1,-1
156,23,1721.37,381.30,52.75,71.80,0.3494,-1,-1,-1
157,2,760.09,259.93,228.88,624.22,0.8774,-1,-1,-1
157,6,1156.53,308.07,178.19,507.52,0.8730,-1,-1,-1
157,14,974.07,341.62,89.68,346.06,0.6965,-1,-1,-1
157,19,170.39,301.02,211.18,605.22,0.8634,-1,-1,-1
157,8,667.56,407.41,100.06,226.45,0.7038,-1,-1,-1
157,26,1049.33,370.81,81.93,243.90,0.6787,-1,-1,-1
157,23,1721.24,381.72,53.38,74.21,0.4142,-1,-1,-1
158,2,758.34,257.46,227.53,628.43,0.8731,-1,-1,-1
158,6,1151.39,305.64,177.31,507.95,0.8647,-1,-1,-1
158,14,968.27,341.22,90.48,345.12,0.7418,-1,-1,-1
158,19,156.75,297.00,214.30,611.66,0.8608,-1,-1,-1
158,8,662.27,405.76,87.23,228.10,0.6732,-1,-1,-1
158,26,1044.71,370.31,84.40,244.02,0.7391,-1,-1,-1
158,23,1717.40,382.91,54.81,71.54,0.4162,-1,-1,-1
159,2,761.42,260.63,221.51,628.90,0.8666,-1,-1,-1
159,6,1147.14,306.24,175.58,505.51,0.8761,-1,-1,-1
159,14,965.21,341.37,87.83,341.49,0.6546,-1,-1,-1
159,19,139.83,294.11,217.82,621.24,0.8558,-1,-1,-1
159,8,658.18,402.16,86.11,230.46,0.6600,-1,-1,-1
159,26,1040.23,374.82,85.50,239.52,0.7010,-1,-1,-1
159,23,1711.91,378.83,57.88,74.41,0.5084,-1,-1,-1
160,2,764.73,263.36,215.15,630.06,0.8642,-1,-1,-1
160,6,1142.24,305.95,174.02,506.59,0.8769,-1,-1,-1
160,14,961.29,339.55,90.14,340.44,0.7255,-1,-1,-1
160,19,126.90,290.78,221.38,637.29,0.8640,-1,-1,-1
160,8,650.92,401.43,92.90,230.36,0.6724,-1,-1,-1
160,26,1036.76,377.23,84.10,236.20,0.6979,-1,-1,-1
160,23,1707.19,375.58,58.17,77.20,0.3370,-1,-1,-1
160,28,749.04,355.62,68.82,277.48,0.5033,-1,-1,-1
161,2,767.27,269.13,211.44,628.87,0.8709,-1,-1,-1
161,6,1138.17,306.60,172.58,506.52,0.8782,-1,-1,-1
161,14,955.83,339.33,89.11,341.15,0.6698,-1,-1,-1
161,19,112.63,289.96,225.01,654.53,0.8549,-1,-1,-1
161,8,645.43,399.07,92.15,235.21,0.6919,-1,-1,-1
161,26,1032.34,383.01,84.81,229.98,0.7512,-1,-1,-1
161,23,1705.26,373.93,56.76,80.11,0.3376,-1,-1,-1
161,28,737.38,361.70,71.55,274.30,0.4955,-1,-1,-1
162,2,770.48,270.78,206.72,627.25,0.8824,-1,-1,-1
162,6,1133.12,301.56,171.34,511.52,0.8733,-1,-1,-1
162,14,950.39,336.89,84.02,346.22,0.6473,-1,-1,-1
162,19,96.29,284.38,229.29,661.22,0.8687,-1,-1,-1
162,8,638.24,395.97,82.92,238.69,0.7041,-1,-1,-1
162,26,1026.01,385.56,83.84,226.21,0.7441,-1,-1,-1
162,23,1700.05,378.77,56.66,76.65,0.4564,-1,-1,-1
162,28,730.25,361.10,77.04,277.98,0.6036,-1,-1,-1
163,2,771.16,270.22,202.55,628.49,0.8929,-1,-1,-1
163,6,1123.93,299.71,174.48,512.46,0.8682,-1,-1,-1
163,14,945.57,332.61,85.06,350.57,0.6175,-1,-1,-1
163,19,81.34,283.17,225.66,675.87,0.8466,-1,-1,-1
163,8,629.71,394.18,83.16,240.61,0.7249,-1,-1,-1
163,26,1019.64,386.57,84.42,224.55,0.6823,-1,-1,-1
163,23,1694.27,380.52,55.82,75.48,0.4453,-1,-1,-1
163,28,724.26,358.46,77.50,280.46,0.6666,-1,-1,-1
164,2,767.41,268.66,203.46,625.46,0.8909,-1,-1,-1
164,6,1114.66,297.63,180.81,511.09,0.8672,-1,-1,-1
164,14,942.05,332.66,83.48,350.44,0.6623,-1,-1,-1
164,19,59.60,282.03,240.51,693.05,0.8834,-1,-1,-1
164,8,620.28,392.52,86.01,243.43,0.7237,-1,-1,-1
164,26,1016.92,389.31,80.76,220.36,0.7023,-1,-1,-1
164,28,714.24,361.52,79.41,279.04,0.6744,-1,-1,-1
165,2,764.18,264.68,199.94,626.80,0.8865,-1,-1,-1
165,6,1107.79,298.11,181.73,507.43,0.8747,-1,-1,-1
165,14,940.55,332.29,82.34,348.28,0.6922,-1,-1,-1
165,19,39.98,280.05,248.11,711.31,0.8713,-1,-1,-1
165,8,611.45,392.26,85.63,244.30,0.6888,-1,-1,-1
165,26,1013.75,390.66,79.31,216.19,0.6871,-1,-1,-1
165,28,707.52,363.47,79.89,277.88,0.7069,-1,-1,-1
166,2,764.68,260.36,196.42,629.92,0.8856,-1,-1,-1
166,6,1101.14,296.85,185.14,502.98,0.8768,-1,-1,-1
166,14,934.16,327.34,84.33,351.62,0.6957,-1,-1,-1
166,19,21.10,278.20,259.03,725.04,0.8876,-1,-1,-1
166,8,605.40,390.84,87.96,246.61,0.7174,-1,-1,-1
166,26,1008.88,390.22,79.63,214.15,0.6685,-1,-1,-1
166,28,703.07,364.77,80.71,277.99,0.7309,-1,-1,-1
166,23,1678.60,375.25,54.11,75.43,0.3933,-1,-1,-1
167,2,766.01,257.17,193.68,630.60,0.8746,-1,-1,-1
167,6,1095.01,293.10,190.16,504.75,0.8659,-1,-1,-1
167,14,933.03,325.23,84.11,350.45,0.6918,-1,-1,-1
167,19,5.99,274.48,258.80,736.90,0.8650,-1,-1,-1
167,8,600.77,389.60,87.22,248.79,0.7259,-1,-1,-1
167,26,1007.73,395.45,78.03,209.32,0.5622,-1,-1,-1
167,28,697.63,362.97,86.10,281.04,0.7083,-1,-1,-1
167,23,1678.22,374.24,54.84,74.79,0.3863,-1,-1,-1
168,2,771.20,254.24,187.23,623.15,0.8656,-1,-1,-1
168,6,1090.83,291.54,191.58,504.21,0.8647,-1,-1,-1
168,14,930.31,327.55,85.73,349.49,0.6991,-1,-1,-1
168,19,-2.59,266.80,259.36,750.62,0.8876,-1,-1,-1
168,8,596.31,389.06,88.05,249.43,0.6911,-1,-1,-1
168,26,1006.70,381.80,77.95,225.34,0.6034,-1,-1,-1
168,28,685.95,358.93,94.56,285.51,0.7777,-1,-1,-1
168,23,1673.68,371.64,58.52,77.26,0.3809,-1,-1,-1
169,2,775.63,250.27,184.68,615.04,0.8632,-1,-1,-1
169,6,1086.84,290.93,193.73,503.02,0.8698,-1,-1,-1
169,14,929.54,328.36,83.91,344.78,0.6958,-1,-1,-1
169,19,-5.71,259.60,249.57,763.11,0.9024,-1,-1,-1
169,8,591.00,387.58,90.37,251.88,0.7353,-1,-1,-1
169,26,1004.13,377.05,79.74,227.64,0.6366,-1,-1,-1
169,28,680.19,357.08,96.90,283.24,0.7693,-1,-1,-1
169,23,1672.31,370.37,58.40,77.67,0.4163,-1,-1,-1
170,2,778.25,248.26,181.73,611.49,0.8545,-1,-1,-1
170,6,1082.12,290.49,197.54,504.99,0.8706,-1,-1,-1
170,14,928.14,328.99,82.38,343.30,0.6886,-1,-1,-1
170,19,-6.06,252.75,237.14,776.11,0.9022,-1,-1,-1
170,8,588.26,386.80,84.50,252.13,0.6201,-1,-1,-1
170,26,1003.68,372.83,80.53,231.08,0.6332,-1,-1,-1
170,28,673.45,353.86,102.99,286.89,0.7918,-1,-1,-1
170,23,1674.86,368.86,54.47,77.48,0.3145,-1,-1,-1
171,2,778.46,246.36,180.35,612.86,0.8563,-1,-1,-1
171,6,1079.00,290.26,200.70,508.37,0.8685,-1,-1,-1
171,14,927.42,328.60,83.23,346.49,0.7115,-1,-1,-1
171,19,-5.63,247.53,224.94,789.12,0.9018,-1,-1,-1
171,8,582.12,383.54,88.79,258.10,0.6402,-1,-1,-1
171,26,1004.79,368.37,78.45,230.98,0.6707,-1,-1,-1
171,28,665.65,352.96,110.48,291.19,0.8041,-1,-1,-1
172,2,777.03,246.81,182.51,616.45,0.8505,-1,-1,-1
172,6,1075.75,290.17,203.94,509.09,0.8735,-1,-1,-1
172,14,927.68,335.52,81.46,337.24,0.6798,-1,-1,-1
172,19,-4.84,242.72,211.43,800.04,0.8958,-1,-1,-1
172,8,575.16,384.28,95.99,260.77,0.6855,-1,-1,-1
172,26,1002.84,367.28,78.61,230.37,0.6558,-1,-1,-1
172,28,659.65,351.64,116.50,294.83,0.8317,-1,-1,-1
173,2,777.75,245.34,180.68,619.65,0.8552,-1,-1,-1
173,6,1073.88,288.92,204.15,510.81,0.8676,-1,-1,-1
173,14,926.79,336.17,79.16,335.68,0.6678,-1,-1,-1
173,19,-4.10,237.26,199.47,814.78,0.8878,-1,-1,-1
173,8,567.47,385.01,101.20,261.93,0.7057,-1,-1,-1
173,26,1002.27,370.42,78.64,224.10,0.6627,-1,-1,-1
173,28,655.90,348.75,122.14,298.33,0.8321,-1,-1,-1
173,23,1674.71,363.91,53.44,76.68,0.4416,-1,-1,-1
174,2,777.43,245.63,181.87,622.18,0.8592,-1,-1,-1
174,6,1075.42,288.69,205.32,514.69,0.8719,-1,-1,-1
174,14,927.91,335.89,78.10,336.31,0.6463,-1,-1,-1
174,19,-3.31,233.06,190.15,827.95,0.8844,-1,-1,-1
174,8,563.11,381.85,97.86,268.23,0.6958,-1,-1,-1
174,26,1002.92,368.22,77.47,226.96,0.6675,-1,-1,-1
174,28,654.14,346.54,126.05,301.05,0.8182,-1,-1,-1
174,23,1676.26,362.65,54.24,75.67,0.4160,-1,-1,-1
175,2,780.30,246.79,179.29,626.33,0.8637,-1,-1,-1
175,6,1078.70,288.88,205.14,518.86,0.8729,-1,-1,-1
175,14,929.95,331.82,77.89,340.68,0.6395,-1,-1,-1
175,19,-2.36,228.02,181.45,838.31,0.8854,-1,-1,-1
175,8,560.03,380.11,97.09,272.28,0.6820,-1,-1,-1
175,26,1004.16,367.78,76.67,229.72,0.6663,-1,-1,-1
175,28,652.83,345.58,129.42,303.84,0.8186,-1,-1,-1
175,23,1679.60,362.71,55.94,75.83,0.4673,-1,-1,-1
176,2,785.19,252.41,176.54,627.73,0.8478,-1,-1,-1
176,6,1082.86,290.14,204.44,520.05,0.8721,-1,-1,-1
176,14,932.94,328.25,75.40,345.20,0.6373,-1,-1,-1
176,19,-1.05,227.20,174.08,846.20,0.8836,-1,-1,-1
176,8,556.63,379.71,99.99,275.96,0.7237,-1,-1,-1
176,26,1007.95,366.95,75.27,231.26,0.6799,-1,-1,-1
176,28,653.44,346.12,129.40,309.03,0.8107,-1,-1,-1
176,23,1685.33,364.19,51.94,72.77,0.3565,-1,-1,-1
177,2,787.40,255.96,176.37,627.44,0.8483,-1,-1,-1
177,6,1085.92,289.91,203.92,518.78,0.8748,-1,-1,-1
177,14,934.98,324.68,67.76,348.01,0.5903,-1,-1,-1
177,19,-1.18,224.57,164.67,853.35,0.8760,-1,-1,-1
177,8,554.12,379.23,101.87,275.99,0.7126,-1,-1,-1
177,26,1009.42,367.03,75.09,229.90,0.6887,-1,-1,-1
177,28,653.14,345.42,129.50,311.36,0.8152,-1,-1,-1
177,23,1685.36,359.52,56.51,74.09,0.3952,-1,-1,-1
178,2,790.94,260.57,176.88,626.31,0.8574,-1,-1,-1
178,6,1090.00,290.16,205.64,522.85,0.8788,-1,-1,-1
178,14,940.05,327.13,60.07,351.06,0.4079,-1,-1,-1
178,19,-0.41,222.19,156.34,857.74,0.8740,-1,-1,-1
178,8,554.03,379.46,101.22,277.78,0.7328,-1,-1,-1
178,26,1013.76,369.62,74.51,229.02,0.6444,-1,-1,-1
178,28,653.31,347.57,133.08,314.23,0.8253,-1,-1,-1
178,23,1690.29,359.61,57.02,74.68,0.3317,-1,-1,-1
179,2,793.31,262.65,176.66,625.12,0.8564,-1,-1,-1
179,6,1097.04,288.30,202.91,526.39,0.8803,-1,-1,-1
179,14,934.49,309.11,68.58,366.01,0.5756,-1,-1,-1
179,19,0.02,224.29,145.54,855.88,0.8739,-1,-1,-1
179,8,553.08,379.17,102.24,280.13,0.7101,-1,-1,-1
179,26,1016.13,373.13,74.83,224.62,0.6751,-1,-1,-1
179,28,651.55,348.80,139.27,315.40,0.8254,-1,-1,-1
179,23,1688.80,357.21,65.52,78.21,0.4426,-1,-1,-1
180,2,796.60,266.05,178.99,619.64,0.8630,-1,-1,-1
180,6,1103.29,289.95,202.44,524.87,0.8717,-1,-1,-1
180,14,941.82,316.48,61.28,358.16,0.3246,-1,-1,-1
180,19,0.42,228.16,134.93,852.86,0.8652,-1,-1,-1
180,8,552.87,378.84,104.12,283.56,0.7641,-1,-1,-1
180,26,1019.35,381.03,74.24,218.12,0.6105,-1,-1,-1
180,28,652.86,350.63,137.96,316.33,0.7987,-1,-1,-1
180,23,1695.52,357.70,65.84,77.13,0.4638,-1,-1,-1
181,2,798.46,266.25,182.10,618.72,0.8678,-1,-1,-1
181,6,1112.30,286.43,198.92,527.12,0.8748,-1,-1,-1
181,14,943.68,312.61,59.99,359.91,0.3641,-1,-1,-1
181,19,0.80,249.66,127.42,831.50,0.8625,-1,-1,-1
181,8,553.99,381.19,104.05,284.29,0.7259,-1,-1,-1
181,26,1020.77,374.61,76.33,224.97,0.6325,-1,-1,-1
181,28,654.22,351.22,138.92,319.92,0.8163,-1,-1,-1
181,23,1708.91,355.91,57.13,77.24,0.4132,-1,-1,-1
182,2,799.02,265.43,183.90,617.79,0.8722,-1,-1,-1
182,6,1119.85,285.83,197.38,527.07,0.8726,-1,-1,-1
182,14,945.50,312.50,61.96,360.94,0.4416,-1,-1,-1
182,19,0.91,275.43,118.59,805.30,0.8565,-1,-1,-1
182,8,555.02,382.24,106.39,286.67,0.7499,-1,-1,-1
182,26,1023.14,376.86,79.03,221.60,0.7335,-1,-1,-1
182,28,654.80,351.12,138.94,323.17,0.8205,-1,-1,-1
182,23,1714.15,354.94,58.87,77.42,0.5690,-1,-1,-1
183,2,801.18,264.07,189.03,612.75,0.8732,-1,-1,-1
183,6,1130.04,283.40,193.12,522.20,0.8705,-1,-1,-1
183,14,948.10,313.45,63.22,357.32,0.3319,-1,-1,-1
183,19,1.25,301.77,106.59,777.72,0.8433,-1,-1,-1
183,8,555.44,385.15,107.39,287.33,0.7397,-1,-1,-1
183,26,1025.89,382.15,79.97,216.90,0.6706,-1,-1,-1
183,28,655.24,349.50,142.98,325.10,0.8300,-1,-1,-1
183,23,1717.27,353.90,60.22,77.98,0.4129,-1,-1,-1
184,2,803.62,264.64,191.61,601.77,0.8759,-1,-1,-1
184,6,1134.71,282.63,192.60,517.68,0.8755,-1,-1,-1
184,14,951.62,307.60,65.60,366.19,0.4225,-1,-1,-1
184,19,1.35,358.66,94.02,719.11,0.8429,-1,-1,-1
184,8,556.07,387.94,109.87,285.52,0.7550,-1,-1,-1
184,26,1031.09,381.75,80.54,220.36,0.6438,-1,-1,-1
184,28,659.37,347.87,144.50,327.57,0.8309,-1,-1,-1
184,23,1725.61,353.76,60.89,77.79,0.4384,-1,-1,-1
185,2,804.20,262.84,193.45,598.94,0.8585,-1,-1,-1
185,6,1140.29,282.80,192.17,513.99,0.8707,-1,-1,-1
185,14,957.20,310.39,68.63,364.50,0.6058,-1,-1,-1
185,19,1.01,383.98,85.08,692.76,0.8066,-1,-1,-1
185,8,557.39,389.65,114.67,286.21,0.7165,-1,-1,-1
185,26,1036.71,383.90,78.15,217.88,0.6756,-1,-1,-1
185,28,666.90,334.88,140.35,343.38,0.8513,-1,-1,-1
185,23,1728.87,351.45,63.71,79.20,0.4079,-1,-1,-1
186,2,805.34,258.99,193.11,602.83,0.8641,-1,-1,-1
186,6,1148.72,283.86,187.29,514.31,0.8792,-1,-1,-1
186,14,961.98,315.57,67.30,360.91,0.5453,-1,-1,-1
186,19,0.73,396.92,82.03,679.68,0.7608,-1,-1,-1
186,8,558.13,390.37,118.04,288.01,0.7527,-1,-1,-1
186,26,1038.50,383.96,81.12,218.14,0.6856,-1,-1,-1
186,28,669.43,327.33,139.74,353.67,0.8471,-1,-1,-1
186,23,1737.36,351.85,62.78,78.99,0.4772,-1,-1,-1
187,2,806.80,255.06,194.43,603.94,0.8674,-1,-1,-1
187,6,1154.09,280.67,188.29,519.27,0.8826,-1,-1,-1
187,14,969.25,337.50,61.65,339.06,0.3711,-1,-1,-1
187,19,-0.00,414.40,64.21,661.12,0.4279,-1,-1,-1
187,8,557.82,386.97,122.71,293.18,0.7652,-1,-1,-1
187,26,1042.42,380.00,80.21,220.00,0.7038,-1,-1,-1
187,28,670.93,327.08,139.19,353.62,0.8511,-1,-1,-1
187,23,1751.47,353.44,57.65,77.33,0.3293,-1,-1,-1
188,2,803.14,252.78,200.45,605.87,0.8690,-1,-1,-1
188,6,1155.79,279.17,188.74,520.18,0.8860,-1,-1,-1
188,8,556.70,385.44,125.32,294.51,0.7757,-1,-1,-1
188,26,1039.41,377.60,83.65,222.43,0.7109,-1,-1,-1
188,28,669.40,325.08,139.51,354.02,0.8549,-1,-1,-1
188,23,1760.22,353.78,52.59,74.56,0.4171,-1,-1,-1
189,2,800.36,252.42,203.01,609.05,0.8673,-1,-1,-1
189,6,1159.44,276.71,184.04,522.77,0.8822,-1,-1,-1
189,8,554.09,382.64,129.81,297.99,0.7088,-1,-1,-1
189,26,1038.22,375.85,84.93,223.68,0.7259,-1,-1,-1
189,28,667.17,324.21,141.42,356.30,0.8495,-1,-1,-1
189,23,1761.48,352.27,55.60,74.82,0.4733,-1,-1,-1
190,2,802.22,251.46,200.96,612.18,0.8584,-1,-1,-1
190,6,1160.56,275.56,184.50,526.05,0.8806,-1,-1,-1
190,8,549.06,380.44,137.91,301.32,0.7273,-1,-1,-1
190,26,1033.79,376.11,89.33,222.20,0.7129,-1,-1,-1
190,28,669.72,322.62,138.36,360.07,0.8446,-1,-1,-1
190,23,1759.55,353.04,59.73,76.13,0.4658,-1,-1,-1
191,2,804.16,252.86,199.02,616.62,0.8553,-1,-1,-1
191,6,1161.84,277.80,184.78,528.55,0.8796,-1,-1,-1
191,8,545.95,379.16,138.02,305.18,0.6629,-1,-1,-1
191,26,1033.76,375.22,89.86,224.79,0.6989,-1,-1,-1
191,28,670.41,323.88,136.70,362.13,0.8073,-1,-1,-1
191,23,1759.96,355.25,60.43,78.02,0.4879,-1,-1,-1
192,2,808.66,258.80,194.05,617.90,0.8579,-1,-1,-1
192,6,1161.30,283.90,183.60,528.51,0.8861,-1,-1,-1
192,8,541.36,378.77,114.89,307.49,0.7031,-1,-1,-1
192,26,1031.97,378.49,90.01,223.43,0.7029,-1,-1,-1
192,28,667.00,325.41,139.15,362.96,0.8327,-1,-1,-1
192,23,1758.53,359.99,62.78,77.67,0.4314,-1,-1,-1
193,2,808.91,263.26,194.10,617.73,0.8681,-1,-1,-1
193,6,1160.46,285.37,180.21,530.59,0.8836,-1,-1,-1
193,8,535.66,377.80,126.12,309.08,0.6637,-1,-1,-1
193,26,1029.91,377.41,89.52,226.11,0.6982,-1,-1,-1
193,28,659.16,328.95,145.67,361.98,0.7862,-1,-1,-1
193,23,1755.47,361.64,67.41,77.57,0.4426,-1,-1,-1
194,2,806.40,267.83,196.91,615.22,0.8654,-1,-1,-1
194,6,1158.95,288.22,177.88,533.83,0.8792,-1,-1,-1
194,8,530.13,378.22,130.87,312.73,0.7530,-1,-1,-1
194,26,1031.87,378.93,86.57,227.00,0.7260,-1,-1,-1
194,28,655.52,331.69,146.19,365.12,0.8255,-1,-1,-1
194,23,1755.44,363.64,68.07,79.32,0.4234,-1,-1,-1
195,2,802.47,273.65,202.61,611.49,0.8796,-1,-1,-1
195,6,1155.67,291.59,175.92,534.54,0.8688,-1,-1,-1
195,8,522.03,380.60,119.66,316.13,0.7483,-1,-1,-1
195,26,1026.95,381.51,89.32,225.93,0.7374,-1,-1,-1
195,28,646.93,336.43,151.12,367.52,0.8444,-1,-1,-1
195,23,1756.10,367.75,66.34,79.55,0.5028,-1,-1,-1
196,2,798.64,272.30,205.42,613.93,0.8865,-1,-1,-1
196,6,1150.14,294.11,175.61,536.34,0.8562,-1,-1,-1
196,8,514.91,379.97,116.71,321.85,0.7627,-1,-1,-1
196,26,1021.69,383.52,92.03,224.01,0.7186,-1,-1,-1
196,28,643.02,340.79,151.62,367.02,0.8285,-1,-1,-1
196,23,1758.63,369.52,61.74,79.30,0.3740,-1,-1,-1
197,2,795.61,271.74,208.08,614.82,0.8946,-1,-1,-1
197,6,1145.17,294.74,174.00,536.78,0.8556,-1,-1,-1
197,8,506.70,381.76,115.51,324.15,0.7714,-1,-1,-1
197,26,1017.98,386.71,93.10,222.45,0.7606,-1,-1,-1
197,28,634.93,341.68,153.73,369.74,0.8226,-1,-1,-1
197,23,1757.68,374.43,61.71,74.96,0.3221,-1,-1,-1
198,2,795.80,273.35,207.93,615.53,0.8890,-1,-1,-1
198,6,1139.21,297.24,176.09,530.24,0.8549,-1,-1,-1
198,8,496.44,384.77,117.69,329.64,0.7919,-1,-1,-1
198,26,1014.74,390.41,92.42,221.24,0.7204,-1,-1,-1
198,28,622.43,343.50,157.86,374.53,0.8376,-1,-1,-1
199,2,801.52,276.16,199.98,601.00,0.8820,-1,-1,-1
199,6,1133.74,298.61,178.46,539.82,0.8627,-1,-1,-1
199,8,488.10,387.85,120.73,332.60,0.8202,-1,-1,-1
199,26,1009.86,396.39,91.80,216.65,0.7434,-1,-1,-1
199,28,607.86,347.46,162.95,381.28,0.8336,-1,-1,-1
200,2,800.10,280.43,200.83,589.41,0.8845,-1,-1,-1
200,6,1126.24,300.20,181.66,541.40,0.8619,-1,-1,-1
200,8,478.71,392.22,128.52,335.85,0.7002,-1,-1,-1
200,26,1007.81,404.46,89.07,210.96,0.6664,-1,-1,-1
200,28,605.66,349.47,155.82,383.89,0.8438,-1,-1,-1
200,23,1736.85,381.65,70.67,79.32,0.5505,-1,-1,-1
201,2,799.34,281.49,197.05,588.18,0.8868,-1,-1,-1
201,6,1117.51,303.48,185.95,534.25,0.8699,-1,-1,-1
201,8,467.65,395.20,120.41,335.65,0.7716,-1,-1,-1
201,26,1006.71,397.95,83.80,219.20,0.7350,-1,-1,-1
201,28,586.41,348.52,163.22,384.90,0.7975,-1,-1,-1
201,23,1731.97,384.35,72.33,79.44,0.4134,-1,-1,-1
202,2,796.43,282.08,195.16,590.79,0.8919,-1,-1,-1
202,6,1111.16,304.63,189.09,532.39,0.8721,-1,-1,-1
202,8,458.02,399.03,126.94,335.59,0.8075,-1,-1,-1
202,26,1004.73,403.71,80.91,215.58,0.6839,-1,-1,-1
202,28,582.32,347.49,157.30,389.00,0.8090,-1,-1,-1
202,23,1726.11,384.53,74.74,81.25,0.4240,-1,-1,-1
203,2,798.20,282.69,189.69,593.44,0.8817,-1,-1,-1
203,6,1106.43,305.07,192.38,532.03,0.8731,-1,-1,-1
203,8,445.64,398.14,115.23,342.92,0.6158,-1,-1,-1
203,26,1001.20,408.03,81.60,215.03,0.7236,-1,-1,-1
203,28,577.20,345.83,157.00,395.56,0.8280,-1,-1,-1
203,23,1726.74,384.70,70.69,82.24,0.4239,-1,-1,-1
203,32,761.19,399.09,63.07,239.87,0.4422,-1,-1,-1
204,2,804.69,284.70,180.29,595.05,0.8649,-1,-1,-1
204,6,1104.02,304.34,192.25,531.03,0.8712,-1,-1,-1
204,8,435.78,399.24,134.28,346.32,0.7255,-1,-1,-1
204,26,1002.81,412.09,78.52,216.23,0.7367,-1,-1,-1
204,28,572.40,345.24,157.13,397.78,0.8171,-1,-1,-1
204,23,1728.87,385.02,66.70,82.17,0.3563,-1,-1,-1
204,32,758.41,400.35,67.19,240.62,0.6658,-1,-1,-1
205,2,807.16,285.90,175.86,596.95,0.8644,-1,-1,-1
205,6,1102.40,303.83,193.14,529.99,0.8741,-1,-1,-1
205,8,426.32,399.26,142.53,349.00,0.7800,-1,-1,-1
205,26,1002.32,413.74,76.82,214.85,0.7010,-1,-1,-1
205,28,565.26,343.90,154.46,400.38,0.8010,-1,-1,-1
205,23,1724.33,383.16,69.35,84.04,0.4830,-1,-1,-1
205,32,758.00,397.91,68.60,244.31,0.6578,-1,-1,-1
206,2,808.42,287.39,172.96,598.80,0.8670,-1,-1,-1
206,6,1099.89,306.04,197.85,531.15,0.8667,-1,-1,-1
206,8,418.71,397.68,148.74,352.60,0.7962,-1,-1,-1
206,26,1000.49,415.44,78.04,212.12,0.6888,-1,-1,-1
206,28,559.22,342.77,155.50,404.61,0.8320,-1,-1,-1
206,23,1728.49,382.29,64.86,84.45,0.4236,-1,-1,-1
206,32,756.15,396.63,69.66,248.57,0.6906,-1,-1,-1
207,2,809.08,288.80,171.02,598.55,0.8645,-1,-1,-1
207,6,1096.82,307.21,202.80,533.04,0.8681,-1,-1,-1
207,8,412.16,395.90,149.52,356.24,0.8315,-1,-1,-1
207,26,1000.16,414.88,77.95,213.58,0.6986,-1,-1,-1
207,28,552.30,343.46,160.06,407.11,0.8532,-1,-1,-1
207,23,1733.54,382.07,60.15,84.45,0.3862,-1,-1,-1
207,32,754.02,395.88,71.66,249.25,0.6905,-1,-1,-1
208,2,809.72,289.62,169.10,598.14,0.8560,-1,-1,-1
208,6,1094.46,304.98,206.85,537.96,0.8680,-1,-1,-1
208,8,404.69,394.91,146.67,358.61,0.8411,-1,-1,-1
208,26,1002.18,411.22,75.85,212.21,0.7247,-1,-1,-1
208,28,546.43,337.73,161.51,413.28,0.8587,-1,-1,-1
208,23,1739.48,382.81,54.99,83.12,0.3024,-1,-1,-1
208,32,753.41,393.95,72.06,250.82,0.6877,-1,-1,-1
209,2,808.92,291.20,169.11,598.11,0.8554,-1,-1,-1
209,6,1094.34,305.17,209.30,540.91,0.8675,-1,-1,-1
209,8,399.03,392.49,148.11,362.27,0.8272,-1,-1,-1
209,26,1002.33,405.87,75.80,215.49,0.7160,-1,-1,-1
209,28,538.32,335.98,170.40,419.36,0.8638,-1,-1,-1
209,23,1744.89,383.27,51.65,81.33,0.3860,-1,-1,-1
209,32,753.93,393.97,69.33,252.14,0.6307,-1,-1,-1
210,2,806.46,294.25,171.28,597.52,0.8648,-1,-1,-1
210,6,1095.14,307.95,211.12,540.49,0.8719,-1,-1,-1
210,8,392.34,390.62,148.17,365.80,0.8246,-1,-1,-1
210,26,1002.04,404.92,77.12,216.16,0.5573,-1,-1,-1
210,28,532.31,338.59,175.87,422.69,0.8501,-1,-1,-1
210,23,1731.09,383.01,65.52,83.59,0.4027,-1,-1,-1
210,32,749.64,393.28,71.35,254.65,0.6420,-1,-1,-1
211,2,804.72,294.47,173.27,599.96,0.8701,-1,-1,-1
211,6,1095.90,309.72,211.29,543.99,0.8726,-1,-1,-1
211,8,384.91,389.72,148.69,367.79,0.8250,-1,-1,-1
211,26,1003.51,414.95,74.65,206.02,0.5491,-1,-1,-1
211,28,522.21,331.76,183.73,437.38,0.8324,-1,-1,-1
211,23,1741.30,382.74,56.46,83.45,0.4628,-1,-1,-1
211,32,746.35,393.78,72.13,257.60,0.6483,-1,-1,-1
212,2,799.79,293.07,180.15,600.55,0.8608,-1,-1,-1
212,6,1095.40,313.43,213.44,542.33,0.8651,-1,-1,-1
212,8,377.10,389.27,145.86,374.78,0.8260,-1,-1,-1
212,26,1000.64,407.96,77.54,214.92,0.6687,-1,-1,-1
212,28,507.74,330.78,195.72,446.77,0.8214,-1,-1,-1
212,32,743.07,394.63,74.36,259.25,0.6523,-1,-1,-1
213,2,795.39,293.70,182.01,600.65,0.8643,-1,-1,-1
213,6,1094.99,312.29,213.36,545.87,0.8610,-1,-1,-1
213,8,368.46,390.08,149.56,384.44,0.8420,-1,-1,-1
213,26,997.08,404.50,80.49,220.11,0.7168,-1,-1,-1
213,28,504.87,337.08,194.52,446.53,0.8368,-1,-1,-1
213,32,740.19,396.08,71.75,262.90,0.6698,-1,-1,-1
214,2,792.75,298.61,183.85,593.07,0.8605,-1,-1,-1
214,6,1096.07,318.24,213.45,545.68,0.8704,-1,-1,-1
214,8,363.91,395.78,150.77,390.33,0.8434,-1,-1,-1
214,26,996.03,410.09,82.57,219.52,0.7440,-1,-1,-1
214,28,503.73,342.62,193.48,449.21,0.8454,-1,-1,-1
214,32,739.17,401.85,70.10,261.41,0.6716,-1,-1,-1
215,2,790.23,294.63,187.36,585.60,0.8647,-1,-1,-1
215,6,1100.22,314.15,211.16,552.75,0.8721,-1,-1,-1
215,8,359.95,395.79,151.03,396.14,0.8483,-1,-1,-1
215,26,995.65,406.86,85.13,221.88,0.7162,-1,-1,-1
215,28,502.20,341.07,194.76,455.28,0.8642,-1,-1,-1
215,32,738.83,400.81,68.95,261.01,0.6939,-1,-1,-1
215,23,1749.62,392.91,54.94,76.98,0.3458,-1,-1,-1
216,2,788.39,292.66,191.10,587.16,0.8661,-1,-1,-1
216,6,1109.47,311.92,203.91,558.32,0.8832,-1,-1,-1
216,8,357.44,396.56,150.55,402.13,0.8468,-1,-1,-1
216,26,1002.27,411.80,81.52,217.92,0.7528,-1,-1,-1
216,28,500.82,338.19,193.87,465.13,0.8712,-1,-1,-1
216,32,741.00,400.70,67.71,260.17,0.6173,-1,-1,-1
216,23,1760.90,396.54,51.02,76.29,0.3596,-1,-1,-1
217,2,787.66,290.97,193.77,588.38,0.8724,-1,-1,-1
217,6,1115.73,309.81,202.11,559.93,0.8829,-1,-1,-1
217,8,355.78,397.09,150.12,403.66,0.8455,-1,-1,-1
217,26,1006.93,415.83,81.07,215.10,0.7733,-1,-1,-1
217,28,500.59,334.46,192.97,473.39,0.8698,-1,-1,-1
217,32,743.17,398.90,67.61,265.73,0.6353,-1,-1,-1
217,23,1768.74,395.10,47.04,77.81,0.3736,-1,-1,-1
218,2,790.72,290.33,194.38,590.87,0.8777,-1,-1,-1
218,6,1123.93,312.01,198.05,555.04,0.8742,-1,-1,-1
218,8,353.83,397.27,155.71,409.30,0.8515,-1,-1,-1
218,26,1011.34,421.97,80.32,209.59,0.7528,-1,-1,-1
218,28,502.25,328.44,190.48,483.55,0.8720,-1,-1,-1
218,32,747.39,397.85,65.93,269.84,0.6781,-1,-1,-1
218,33,663.48,399.47,55.64,197.90,0.4525,-1,-1,-1
219,2,795.15,290.84,195.00,591.76,0.8762,-1,-1,-1
219,6,1131.25,313.39,196.61,549.44,0.8746,-1,-1,-1
219,8,353.39,397.09,162.93,414.34,0.8510,-1,-1,-1
219,26,1016.60,420.90,81.15,214.60,0.7159,-1,-1,-1
219,28,506.11,325.03,189.53,488.75,0.8773,-1,-1,-1
219,32,750.83,398.06,66.54,272.66,0.6841,-1,-1,-1
219,33,666.67,406.04,56.07,186.72,0.3872,-1,-1,-1
220,2,795.87,294.15,197.43,592.77,0.8704,-1,-1,-1
220,6,1137.11,314.01,196.48,547.06,0.8721,-1,-1,-1
220,8,353.02,395.43,166.98,417.76,0.8581,-1,-1,-1
220,26,1021.03,420.01,81.19,216.11,0.7220,-1,-1,-1
220,28,509.16,322.68,188.87,492.66,0.8668,-1,-1,-1
220,32,751.76,398.25,70.48,273.42,0.6722,-1,-1,-1
220,33,666.15,405.56,59.76,179.66,0.5582,-1,-1,-1
220,23,1793.33,394.73,48.54,81.35,0.4108,-1,-1,-1
221,2,801.16,296.91,198.88,594.99,0.8588,-1,-1,-1
221,6,1145.07,314.58,198.17,546.32,0.8733,-1,-1,-1
221,8,351.96,391.28,170.56,423.44,0.8507,-1,-1,-1
221,26,1026.12,422.37,80.88,215.02,0.7112,-1,-1,-1
221,28,510.38,318.93,188.74,497.73,0.8653,-1,-1,-1
221,32,754.22,396.90,73.90,276.54,0.7016,-1,-1,-1
221,33,665.67,404.90,64.08,182.90,0.5404,-1,-1,-1
221,23,1799.06,394.77,51.90,84.68,0.4935,-1,-1,-1
222,2,807.20,299.31,197.00,597.43,0.8566,-1,-1,-1
222,6,1154.67,317.43,194.26,546.04,0.8892,-1,-1,-1
222,8,351.20,387.77,172.69,428.34,0.8545,-1,-1,-1
222,26,1026.10,423.63,85.68,216.26,0.7122,-1,-1,-1
222,28,511.56,315.82,189.09,503.28,0.8747,-1,-1,-1
222,32,757.52,396.95,76.81,278.16,0.7172,-1,-1,-1
222,33,667.59,406.49,68.22,186.19,0.5041,-1,-1,-1
222,23,1810.62,398.50,50.53,82.30,0.4911,-1,-1,-1
223,2,815.31,301.77,193.93,596.80,0.8708,-1,-1,-1
223,6,1162.75,317.39,191.43,547.54,0.8806,-1,-1,-1
223,8,348.46,385.90,175.57,431.28,0.8504,-1,-1,-1
223,26,1033.55,421.64,80.84,218.59,0.7051,-1,-1,-1
223,28,511.43,312.83,191.57,504.41,0.8739,-1,-1,-1
223,32,759.99,395.87,79.09,279.74,0.7202,-1,-1,-1
223,33,668.67,407.01,70.61,189.12,0.5440,-1,-1,-1
223,23,1816.89,396.56,52.58,84.99,0.4958,-1,-1,-1
223,35,1432.57,523.87,157.30,334.48,0.3556,-1,-1,-1
224,2,821.97,304.36,193.87,594.67,0.8797,-1,-1,-1
224,6,1169.38,313.55,189.49,553.53,0.8861,-1,-1,-1
224,8,347.29,384.77,174.94,432.76,0.8485,-1,-1,-1
224,26,1038.45,419.81,80.78,219.14,0.7568,-1,-1,-1
224,28,509.96,306.64,195.14,512.56,0.8765,-1,-1,-1
224,32,761.47,393.59,82.09,284.62,0.8185,-1,-1,-1
224,33,670.83,406.76,70.80,193.96,0.4122,-1,-1,-1
224,23,1822.96,395.43,55.88,87.66,0.4425,-1,-1,-1
224,35,1443.38,531.04,147.47,327.24,0.4133,-1,-1,-1
225,2,826.34,304.20,198.36,594.15,0.8805,-1,-1,-1
225,6,1175.96,313.58,188.79,555.06,0.8826,-1,-1,-1
225,8,346.71,383.90,170.96,435.74,0.8530,-1,-1,-1
225,26,1040.11,420.64,81.57,216.93,0.7665,-1,-1,-1
225,28,507.57,301.22,199.80,523.56,0.8707,-1,-1,-1
225,32,761.46,393.03,87.05,286.75,0.8125,-1,-1,-1
225,33,672.12,405.12,70.30,199.81,0.5329,-1,-1,-1
225,23,1833.40,397.31,54.63,85.11,0.4401,-1,-1,-1
226,2,834.43,302.74,196.62,589.52,0.8722,-1,-1,-1
226,6,1179.94,313.51,187.40,557.63,0.8712,-1,-1,-1
226,8,341.27,381.98,171.14,438.96,0.8617,-1,-1,-1
226,26,1039.80,422.27,82.47,214.30,0.7551,-1,-1,-1
226,28,500.94,299.63,206.11,532.36,0.8716,-1,-1,-1
226,32,760.57,393.29,92.74,288.23,0.7940,-1,-1,-1
226,33,671.79,405.38,72.12,210.55,0.6472,-1,-1,-1
226,23,1836.85,395.91,58.38,86.98,0.6333,-1,-1,-1
227,2,837.36,301.96,197.49,582.22,0.8734,-1,-1,-1
227,6,1182.97,314.26,187.94,558.61,0.8638,-1,-1,-1
227,8,334.70,379.40,171.70,447.32,0.8501,-1,-1,-1
227,26,1041.09,425.59,84.89,209.86,0.7622,-1,-1,-1
227,28,493.89,296.40,211.39,544.36,0.8763,-1,-1,-1
227,32,756.62,393.30,99.37,290.42,0.7859,-1,-1,-1
227,33,671.09,404.06,73.62,216.54,0.6699,-1,-1,-1
227,23,1839.35,397.37,62.87,86.12,0.4282,-1,-1,-1
228,2,840.23,299.66,196.25,592.33,0.8665,-1,-1,-1
228,6,1184.83,314.97,187.22,562.74,0.8641,-1,-1,-1
228,8,329.70,373.55,165.97,460.02,0.8496,-1,-1,-1
228,26,1042.53,421.89,85.47,212.65,0.7658,-1,-1,-1
228,28,477.84,292.18,225.73,553.37,0.8746,-1,-1,-1
228,32,754.52,392.98,103.84,293.09,0.7976,-1,-1,-1
228,33,667.37,401.80,77.83,224.40,0.6484,-1,-1,-1
228,23,1841.71,397.68,65.65,85.71,0.3610,-1,-1,-1
229,2,846.33,297.75,191.61,592.77,0.8580,-1,-1,-1
229,6,1185.29,316.38,186.96,565.15,0.8665,-1,-1,-1
229,8,321.85,370.03,163.73,471.50,0.8458,-1,-1,-1
229,26,1045.46,421.36,83.88,212.91,0.7604,-1,-1,-1
229,28,471.53,290.57,228.05,557.09,0.8691,-1,-1,-1
229,32,753.91,393.60,104.38,296.01,0.8026,-1,-1,-1
229,33,663.53,401.58,80.75,227.18,0.6377,-1,-1,-1
229,23,1846.82,397.22,63.60,88.09,0.4352,-1,-1,-1
230,2,852.89,297.94,188.14,585.88,0.8512,-1,-1,-1
230,6,1186.12,317.30,186.53,565.72,0.8679,-1,-1,-1
230,8,310.22,370.87,171.58,481.05,0.8696,-1,-1,-1
230,26,1047.66,420.45,81.57,215.17,0.7609,-1,-1,-1
230,28,455.94,290.36,239.63,566.62,0.8506,-1,-1,-1
230,32,753.99,395.69,103.72,297.80,0.8083,-1,-1,-1
230,33,658.94,399.67,85.06,231.67,0.6842,-1,-1,-1
230,23,1849.75,399.02,65.33,89.08,0.4773,-1,-1,-1
231,2,859.41,298.48,183.00,578.27,0.8567,-1,-1,-1
231,6,1185.28,316.58,186.62,567.59,0.8617,-1,-1,-1
231,8,296.07,374.22,176.01,483.23,0.8452,-1,-1,-1
231,26,1047.34,418.11,80.96,217.96,0.7491,-1,-1,-1
231,28,444.99,288.41,246.99,579.50,0.8316,-1,-1,-1
231,32,753.44,395.79,103.43,300.40,0.8188,-1,-1,-1
231,33,653.23,398.46,90.15,242.27,0.6946,-1,-1,-1
231,23,1850.79,401.12,66.61,89.44,0.5354,-1,-1,-1
232,2,861.88,298.80,180.29,575.13,0.8496,-1,-1,-1
232,6,1183.28,316.85,186.43,570.39,0.8625,-1,-1,-1
232,8,278.60,373.08,177.87,492.98,0.8270,-1,-1,-1
232,26,1045.05,421.06,79.90,215.92,0.7542,-1,-1,-1
232,28,436.70,287.10,246.38,589.02,0.8571,-1,-1,-1
232,32,749.42,399.18,103.57,301.06,0.8368,-1,-1,-1
232,33,646.44,398.70,93.10,260.38,0.7757,-1,-1,-1
232,23,1851.42,402.84,66.22,90.86,0.5292,-1,-1,-1
233,2,857.81,301.54,182.19,580.39,0.8623,-1,-1,-1
233,6,1179.72,318.74,188.69,575.70,0.8611,-1,-1,-1
233,8,257.34,371.48,188.98,507.16,0.8721,-1,-1,-1
233,26,1042.21,422.55,79.83,218.79,0.7542,-1,-1,-1
233,28,425.84,285.21,247.41,603.44,0.8819,-1,-1,-1
233,32,737.84,397.15,109.92,306.00,0.8272,-1,-1,-1
233,33,637.58,404.07,95.58,274.87,0.7755,-1,-1,-1
233,23,1849.95,407.76,67.08,89.43,0.5331,-1,-1,-1
234,2,856.43,302.92,183.31,583.31,0.8706,-1,-1,-1
234,6,1174.38,321.28,192.18,575.76,0.8715,-1,-1,-1
234,8,246.16,368.75,190.26,519.85,0.8781,-1,-1,-1
234,26,1037.07,425.61,80.69,218.38,0.7213,-1,-1,-1
234,28,411.86,281.37,245.79,615.33,0.8917,-1,-1,-1
234,32,733.72,393.30,109.23,311.35,0.8215,-1,-1,-1
234,33,630.29,404.08,97.46,285.37,0.7805,-1,-1,-1
234,23,1848.29,411.64,67.25,86.59,0.4891,-1,-1,-1
235,2,855.48,303.55,184.34,587.08,0.8744,-1,-1,-1
235,6,1166.04,320.93,197.04,577.66,0.8778,-1,-1,-1
235,8,231.96,364.43,191.18,532.29,0.8850,-1,-1,-1
235,26,1036.14,426.14,79.42,217.78,0.7092,-1,-1,-1
235,28,396.47,274.14,248.64,626.27,0.8765,-1,-1,-1
235,32,724.03,391.52,111.42,314.48,0.8083,-1,-1,-1
235,33,623.74,404.13,96.63,291.12,0.7867,-1,-1,-1
235,23,1849.78,413.22,65.80,86.50,0.4453,-1,-1,-1
236,2,856.51,306.38,182.05,589.01,0.8761,-1,-1,-1
236,6,1159.14,322.95,202.12,577.49,0.8717,-1,-1,-1
236,8,218.64,362.81,194.05,537.89,0.8437,-1,-1,-1
236,26,1032.83,428.34,81.19,215.05,0.6683,-1,-1,-1
236,28,385.90,269.95,245.28,635.84,0.8691,-1,-1,-1
236,32,720.71,391.93,110.41,318.64,0.7960,-1,-1,-1
236,33,614.28,405.42,100.20,301.26,0.8305,-1,-1,-1
236,23,1850.24,415.70,65.93,85.96,0.5014,-1,-1,-1
237,2,857.78,310.48,178.42,588.99,0.8785,-1,-1,-1
237,6,1154.12,324.77,206.47,573.02,0.8788,-1,-1,-1
237,8,204.32,360.78,197.67,543.99,0.8654,-1,-1,-1
237,26,1033.49,428.23,78.15,218.20,0.6896,-1,-1,-1
237,28,375.21,265.98,243.95,643.55,0.8657,-1,-1,-1
237,32,710.95,392.81,116.39,322.01,0.7992,-1,-1,-1
237,33,607.04,406.16,99.98,306.24,0.7909,-1,-1,-1
237,23,1849.36,416.91,66.79,87.54,0.5012,-1,-1,-1
238,2,857.64,312.61,175.23,591.73,0.8762,-1,-1,-1
238,6,1148.85,328.28,211.60,566.70,0.8780,-1,-1,-1
238,8,190.10,353.96,198.72,555.86,0.8589,-1,-1,-1
238,26,1034.80,427.79,75.47,221.08,0.5363,-1,-1,-1
238,28,361.00,261.06,242.05,656.56,0.8688,-1,-1,-1
238,32,710.39,389.78,114.65,326.56,0.8140,-1,-1,-1
238,33,598.90,406.53,102.68,308.88,0.7959,-1,-1,-1
238,23,1847.40,417.07,68.58,90.51,0.5427,-1,-1,-1
239,2,856.22,317.09,173.55,591.26,0.8674,-1,-1,-1
239,6,1145.22,328.39,212.80,565.02,0.8812,-1,-1,-1
239,8,175.70,350.37,195.54,565.27,0.8871,-1,-1,-1
239,26,1031.76,427.44,72.50,224.40,0.5558,-1,-1,-1
239,28,340.61,257.60,251.99,663.49,0.8638,-1,-1,-1
239,32,702.46,388.19,118.02,330.77,0.8319,-1,-1,-1
239,33,591.95,405.62,102.40,313.73,0.7616,-1,-1,-1
239,23,1846.80,418.69,67.18,91.23,0.5648,-1,-1,-1
240,2,851.61,321.68,170.51,590.20,0.8587,-1,-1,-1
240,6,1137.09,328.22,217.25,567.13,0.8883,-1,-1,-1
240,8,154.63,346.45,202.44,574.83,0.8435,-1,-1,-1
240,26,1029.59,431.95,73.18,227.27,0.5879,-1,-1,-1
240,28,313.82,253.21,273.01,671.46,0.8766,-1,-1,-1
240,32,696.49,387.98,119.39,334.49,0.8188,-1,-1,-1
240,33,586.43,406.81,102.10,316.00,0.7664,-1,-1,-1
240,23,1842.30,420.97,68.30,92.28,0.5892,-1,-1,-1
241,2,845.63,323.53,168.39,589.60,0.8660,-1,-1,-1
241,6,1131.84,327.36,217.70,569.97,0.8764,-1,-1,-1
241,8,137.07,346.23,206.24,576.30,0.8463,-1,-1,-1
241,26,1021.07,428.96,78.04,226.76,0.4998,-1,-1,-1
241,28,302.70,250.06,268.89,678.37,0.8830,-1,-1,-1
241,32,690.89,389.00,121.01,335.69,0.8160,-1,-1,-1
241,33,578.02,407.05,102.80,322.85,0.8254,-1,-1,-1
241,23,1840.14,423.77,68.35,89.93,0.4500,-1,-1,-1
242,2,836.30,324.33,169.00,588.86,0.8503,-1,-1,-1
242,6,1128.28,327.92,217.21,570.31,0.8684,-1,-1,-1
242,8,105.76,341.28,224.28,588.62,0.8461,-1,-1,-1
242,26,1013.60,425.49,78.39,231.52,0.5242,-1,-1,-1
242,28,283.34,245.74,277.91,693.19,0.8867,-1,-1,-1
242,32,682.59,389.12,122.44,338.40,0.8128,-1,-1,-1
242,33,568.81,404.87,103.76,328.62,0.8342,-1,-1,-1
242,23,1831.64,422.12,74.28,92.90,0.4364,-1,-1,-1
243,2,827.01,321.19,172.65,590.91,0.8415,-1,-1,-1
243,6,1123.54,329.01,215.93,571.33,0.8706,-1,-1,-1
243,8,83.43,338.98,231.08,597.33,0.8168,-1,-1,-1
243,26,1007.82,425.93,78.49,239.31,0.5489,-1,-1,-1
243,28,253.73,241.82,298.09,714.26,0.8871,-1,-1,-1
243,32,678.77,389.38,118.70,342.65,0.8159,-1,-1,-1
243,33,555.42,403.65,110.73,332.08,0.8132,-1,-1,-1
243,23,1826.50,420.96,72.84,93.99,0.5534,-1,-1,-1
243,35,1442.04,473.95,159.92,424.94,0.4276,-1,-1,-1
244,2,817.49,318.90,176.84,591.42,0.8400,-1,-1,-1
244,6,1117.56,331.37,216.53,571.08,0.8609,-1,-1,-1
244,8,64.33,336.56,233.58,621.04,0.8239,-1,-1,-1
244,26,1004.34,425.84,78.74,236.67,0.6817,-1,-1,-1
244,28,222.18,237.47,319.60,748.43,0.8653,-1,-1,-1
244,32,674.15,391.53,115.81,343.24,0.8387,-1,-1,-1
244,33,544.22,401.44,113.89,338.26,0.7690,-1,-1,-1
244,23,1823.09,420.95,71.79,92.92,0.5685,-1,-1,-1
245,2,805.32,317.75,182.49,587.72,0.8471,-1,-1,-1
245,6,1113.33,332.63,216.18,571.26,0.8653,-1,-1,-1
245,8,29.92,335.53,250.10,633.97,0.8574,-1,-1,-1
245,26,1002.03,416.56,76.98,240.97,0.5797,-1,-1,-1
245,28,202.48,235.81,328.16,752.23,0.8578,-1,-1,-1
245,32,666.14,392.82,117.82,345.79,0.8310,-1,-1,-1
245,33,532.43,399.64,115.44,345.13,0.7877,-1,-1,-1
245,23,1820.62,421.53,69.64,92.76,0.5657,-1,-1,-1
246,2,795.02,317.13,189.90,580.55,0.8483,-1,-1,-1
246,6,1108.99,333.22,217.95,572.90,0.8730,-1,-1,-1
246,8,11.98,334.23,248.50,643.71,0.8508,-1,-1,-1
246,26,998.30,417.58,75.63,235.15,0.6104,-1,-1,-1
246,28,182.76,232.98,339.02,789.28,0.8850,-1,-1,-1
246,32,654.91,392.38,121.93,351.99,0.8207,-1,-1,-1
246,33,520.98,398.10,120.53,350.77,0.8030,-1,-1,-1
246,23,1817.83,421.61,68.56,92.30,0.5318,-1,-1,-1
247,2,788.51,317.27,194.12,577.45,0.8436,-1,-1,-1
247,6,1104.43,335.28,220.25,573.65,0.8730,-1,-1,-1
247,8,-3.61,335.11,248.44,656.46,0.8650,-1,-1,-1
247,26,994.48,427.16,74.74,225.63,0.5127,-1,-1,-1
247,28,151.81,230.26,357.78,811.18,0.8750,-1,-1,-1
247,32,646.40,393.29,125.77,355.65,0.8231,-1,-1,-1
247,33,512.42,398.50,119.48,358.69,0.7666,-1,-1,-1
247,23,1811.74,421.14,69.83,92.68,0.5252,-1,-1,-1
248,2,782.90,320.33,201.11,576.66,0.8275,-1,-1,-1
248,6,1099.77,336.68,221.92,580.45,0.8771,-1,-1,-1
248,8,-8.28,336.40,240.47,674.94,0.8501,-1,-1,-1
248,26,991.60,426.59,73.17,235.03,0.4317,-1,-1,-1
248,28,117.73,230.30,379.95,815.98,0.8776,-1,-1,-1
248,32,639.76,397.15,126.13,358.38,0.7830,-1,-1,-1
248,33,504.54,400.52,117.82,366.13,0.8087,-1,-1,-1
248,23,1814.39,424.68,61.98,92.08,0.3505,-1,-1,-1
249,2,778.52,323.09,197.89,577.81,0.8299,-1,-1,-1
249,6,1099.60,338.91,220.51,585.25,0.8771,-1,-1,-1
249,8,-9.40,349.18,217.13,686.23,0.8293,-1,-1,-1
249,26,988.35,436.08,72.50,241.57,0.3219,-1,-1,-1
249,28,95.13,227.28,386.31,835.42,0.8827,-1,-1,-1
249,32,631.93,397.05,130.50,366.05,0.7800,-1,-1,-1
249,33,496.37,403.37,121.96,375.83,0.7966,-1,-1,-1
249,23,1807.08,425.51,68.20,91.53,0.4912,-1,-1,-1
249,38,940.60,370.54,66.32,378.53,0.5871,-1,-1,-1
249,35,1410.31,478.95,170.09,437.87,0.3770,-1,-1,-1
250,2,775.50,322.73,197.87,581.52,0.8366,-1,-1,-1
250,6,1100.76,339.74,219.56,588.21,0.8789,-1,-1,-1
250,8,-7.20,346.06,195.82,714.71,0.8306,-1,-1,-1
250,28,79.24,222.90,388.18,849.32,0.8587,-1,-1,-1
250,32,628.43,397.01,132.15,371.94,0.8157,-1,-1,-1
250,33,492.32,406.30,121.97,380.84,0.7876,-1,-1,-1
250,23,1809.88,426.18,66.84,90.74,0.3874,-1,-1,-1
250,38,937.88,373.08,70.72,378.58,0.5598,-1,-1,-1
251,2,774.00,326.53,196.79,584.77,0.8484,-1,-1,-1
251,6,1102.25,339.92,218.17,591.73,0.8795,-1,-1,-1
251,8,-5.88,342.31,180.23,730.08,0.8394,-1,-1,-1
251,28,68.60,218.70,382.20,859.83,0.8853,-1,-1,-1
251,32,625.04,398.92,134.01,376.14,0.8166,-1,-1,-1
251,33,486.29,411.55,126.16,383.32,0.8384,-1,-1,-1
251,23,1809.84,428.90,69.31,88.48,0.3562,-1,-1,-1
251,38,938.58,372.85,68.55,382.12,0.4813,-1,-1,-1
251,26,984.18,452.60,73.61,282.46,0.3724,-1,-1,-1
252,2,773.47,329.23,193.01,589.24,0.8512,-1,-1,-1
252,6,1103.35,341.69,217.32,592.12,0.8808,-1,-1,-1
252,8,-4.16,340.30,162.60,736.20,0.8276,-1,-1,-1
252,28,62.67,213.18,373.54,866.87,0.8886,-1,-1,-1
252,32,614.32,400.16,142.74,379.99,0.8205,-1,-1,-1
252,33,479.09,414.33,131.10,384.90,0.8333,-1,-1,-1
252,23,1807.66,430.34,75.39,88.14,0.3158,-1,-1,-1
252,38,937.00,364.22,74.78,393.43,0.4311,-1,-1,-1
253,2,772.82,329.78,192.49,594.95,0.8523,-1,-1,-1
253,6,1107.41,340.61,215.96,595.00,0.8716,-1,-1,-1
253,8,-3.52,337.27,144.15,742.29,0.8348,-1,-1,-1
253,28,61.28,204.71,361.06,870.77,0.9057,-1,-1,-1
253,32,604.63,397.99,150.78,380.43,0.8347,-1,-1,-1
253,33,472.77,413.41,135.66,390.33,0.8361,-1,-1,-1
253,23,1811.68,427.10,73.68,88.70,0.3173,-1,-1,-1
253,38,933.83,368.49,78.84,388.13,0.4849,-1,-1,-1
254,2,774.27,333.65,194.19,595.63,0.8485,-1,-1,-1
254,6,1111.62,340.38,213.14,593.39,0.8703,-1,-1,-1
254,8,-1.34,337.57,127.17,741.87,0.8302,-1,-1,-1
254,28,49.54,199.05,357.55,875.81,0.9119,-1,-1,-1
254,32,602.68,399.19,153.57,381.54,0.8475,-1,-1,-1
254,33,469.98,416.36,135.84,395.82,0.8382,-1,-1,-1
254,23,1816.97,425.72,71.61,83.75,0.3260,-1,-1,-1
254,38,940.59,384.62,102.06,379.12,0.6339,-1,-1,-1
255,2,776.78,337.90,198.59,594.11,0.8591,-1,-1,-1
255,6,1115.71,338.74,213.82,591.41,0.8780,-1,-1,-1
255,8,-0.26,334.83,108.83,744.50,0.7595,-1,-1,-1
255,28,33.47,190.59,363.90,885.40,0.9113,-1,-1,-1
255,32,600.93,399.48,156.64,384.36,0.8397,-1,-1,-1
255,33,468.57,416.76,135.66,400.70,0.8348,-1,-1,-1
255,23,1821.27,423.55,74.41,88.64,0.4643,-1,-1,-1
255,38,944.68,393.96,115.56,372.68,0.6908,-1,-1,-1
256,2,783.91,344.75,194.88,590.27,0.8654,-1,-1,-1
256,6,1120.99,340.83,215.25,586.24,0.8771,-1,-1,-1
256,8,0.31,334.45,94.08,742.87,0.7023,-1,-1,-1
256,28,16.75,181.10,373.08,897.00,0.9073,-1,-1,-1
256,32,597.98,401.47,162.09,388.17,0.8377,-1,-1,-1
256,33,466.68,416.56,139.28,407.07,0.8295,-1,-1,-1
256,23,1823.83,424.10,81.40,91.43,0.5408,-1,-1,-1
256,38,948.92,397.06,125.61,372.32,0.6646,-1,-1,-1
257,2,789.87,350.50,194.48,584.56,0.8738,-1,-1,-1
257,6,1127.52,341.56,214.02,581.18,0.8827,-1,-1,-1
257,8,0.21,397.12,81.88,674.36,0.5348,-1,-1,-1
257,28,6.47,178.78,374.58,894.77,0.9080,-1,-1,-1
257,32,596.31,401.07,163.48,395.42,0.8299,-1,-1,-1
257,33,465.00,416.19,140.93,412.12,0.8237,-1,-1,-1
257,23,1830.79,425.01,78.97,92.43,0.3610,-1,-1,-1
257,38,954.16,416.01,129.71,355.44,0.5346,-1,-1,-1
258,2,796.27,350.52,191.77,584.38,0.8659,-1,-1,-1
258,6,1134.01,340.50,212.01,580.89,0.8779,-1,-1,-1
258,28,-0.80,173.44,375.31,897.59,0.9188,-1,-1,-1
258,32,594.16,400.41,165.10,403.61,0.8384,-1,-1,-1
258,33,463.93,413.61,139.29,415.52,0.8268,-1,-1,-1
258,23,1829.62,421.82,85.10,95.19,0.4481,-1,-1,-1
258,38,960.26,435.26,129.80,335.56,0.5035,-1,-1,-1
259,2,800.29,350.88,191.00,586.13,0.8702,-1,-1,-1
259,6,1139.12,340.42,209.43,581.03,0.8936,-1,-1,-1
259,28,-4.01,167.75,373.74,902.20,0.9223,-1,-1,-1
259,32,588.88,403.02,169.59,403.73,0.8511,-1,-1,-1
259,33,459.86,410.53,138.29,416.32,0.8326,-1,-1,-1
259,23,1843.61,421.77,75.26,94.39,0.4239,-1,-1,-1
259,38,963.61,431.13,129.39,340.65,0.5845,-1,-1,-1
260,2,804.45,348.98,191.40,587.64,0.8502,-1,-1,-1
260,6,1144.97,340.01,206.15,585.75,0.8958,-1,-1,-1
260,28,-4.83,159.67,369.51,910.83,0.9303,-1,-1,-1
260,32,584.71,407.19,173.57,403.26,0.8414,-1,-1,-1
260,33,454.04,407.83,141.56,421.37,0.8239,-1,-1,-1
260,23,1850.85,423.02,69.59,93.83,0.3695,-1,-1,-1
260,38,975.41,433.40,121.23,336.48,0.5952,-1,-1,-1
261,2,814.23,345.35,185.59,578.40,0.8507,-1,-1,-1
261,6,1148.55,339.93,204.32,588.26,0.9040,-1,-1,-1
261,28,-4.93,151.03,363.06,921.05,0.9334,-1,-1,-1
261,32,584.59,409.48,171.73,405.96,0.8246,-1,-1,-1
261,33,449.98,404.48,143.60,425.34,0.8192,-1,-1,-1
261,23,1853.73,423.61,66.98,94.42,0.3948,-1,-1,-1
261,38,977.34,433.09,121.77,338.58,0.6731,-1,-1,-1
261,40,784.29,455.08,56.35,203.10,0.5749,-1,-1,-1
262,2,821.00,342.68,182.05,570.82,0.8614,-1,-1,-1
262,6,1151.97,339.39,203.35,590.35,0.9056,-1,-1,-1
262,28,-4.52,142.91,353.70,930.26,0.9328,-1,-1,-1
262,32,589.13,410.41,162.95,409.11,0.7842,-1,-1,-1
262,33,445.82,403.17,144.15,432.17,0.8476,-1,-1,-1
262,23,1859.74,423.11,60.95,95.05,0.4682,-1,-1,-1
262,38,978.48,431.33,124.17,341.20,0.6616,-1,-1,-1
262,40,784.10,455.26,58.04,206.86,0.5735,-1,-1,-1
263,2,826.21,341.15,177.01,566.12,0.8498,-1,-1,-1
263,6,1156.01,337.21,202.23,593.34,0.9056,-1,-1,-1
263,28,-4.03,130.81,341.81,941.77,0.9311,-1,-1,-1
263,32,588.56,408.04,157.04,417.39,0.7176,-1,-1,-1
263,33,440.38,400.26,144.52,439.55,0.8473,-1,-1,-1
263,23,1863.94,423.00,56.44,94.25,0.3664,-1,-1,-1
263,38,983.50,428.62,123.74,343.79,0.6632,-1,-1,-1
263,40,784.18,451.96,60.43,211.55,0.5929,-1,-1,-1
264,2,827.11,339.70,176.04,564.07,0.8389,-1,-1,-1
264,6,1158.72,335.57,202.20,595.42,0.8981,-1,-1,-1
264,28,-3.44,122.17,327.96,948.54,0.9193,-1,-1,-1
264,32,585.77,404.28,154.07,424.35,0.7754,-1,-1,-1
264,33,428.80,395.24,154.16,452.64,0.8482,-1,-1,-1
264,23,1865.84,420.63,48.43,93.88,0.3383,-1,-1,-1
264,38,984.68,423.51,130.24,349.64,0.6286,-1,-1,-1
264,40,786.25,448.85,59.58,216.23,0.6359,-1,-1,-1
265,2,829.88,331.67,171.04,567.06,0.8412,-1,-1,-1
265,6,1160.02,333.44,202.68,597.78,0.8976,-1,-1,-1
265,28,-2.98,113.30,310.27,954.96,0.8963,-1,-1,-1
265,32,583.20,397.82,148.90,425.12,0.7812,-1,-1,-1
265,33,416.80,393.44,161.72,456.61,0.8464,-1,-1,-1
265,23,1868.71,419.43,49.29,94.78,0.3794,-1,-1,-1
265,38,993.58,416.52,128.41,354.37,0.7844,-1,-1,-1
265,40,786.37,444.98,61.66,226.66,0.6921,-1,-1,-1
266,2,832.67,325.52,168.69,573.96,0.8497,-1,-1,-1
266,6,1161.39,331.43,202.55,600.84,0.8978,-1,-1,-1
266,28,-2.22,114.30,287.45,948.51,0.8295,-1,-1,-1
266,32,576.28,391.16,150.71,428.31,0.7627,-1,-1,-1
266,33,407.41,394.83,161.14,457.52,0.8254,-1,-1,-1
266,23,1875.78,419.10,43.47,95.27,0.4603,-1,-1,-1
266,38,997.15,410.84,136.85,357.80,0.7645,-1,-1,-1
266,40,786.03,443.25,64.66,230.28,0.7491,-1,-1,-1
267,2,836.67,323.04,165.32,577.21,0.8438,-1,-1,-1
267,6,1163.21,329.95,202.57,603.06,0.8954,-1,-1,-1
267,28,-1.86,194.82,259.27,862.23,0.8200,-1,-1,-1
267,32,554.23,381.92,169.60,441.46,0.8280,-1,-1,-1
267,33,403.13,390.25,156.47,464.88,0.8342,-1,-1,-1
267,23,1881.59,418.30,38.04,95.06,0.4990,-1,-1,-1
267,38,1005.35,406.88,134.72,358.89,0.7736,-1,-1,-1
267,40,786.23,441.92,67.35,235.01,0.7602,-1,-1,-1
268,2,842.42,323.14,158.13,579.14,0.8447,-1,-1,-1
268,6,1163.96,328.00,202.78,604.61,0.8972,-1,-1,-1
268,28,-1.34,225.90,220.05,784.45,0.8357,-1,-1,-1
268,32,551.00,375.56,169.47,450.66,0.8387,-1,-1,-1
268,33,400.32,389.03,154.86,469.74,0.8424,-1,-1,-1
268,23,1884.16,416.66,35.42,95.64,0.4883,-1,-1,-1
268,38,1010.51,404.50,132.77,361.56,0.8020,-1,-1,-1
268,40,785.61,440.94,70.80,237.35,0.7922,-1,-1,-1
269,2,846.54,323.19,151.99,579.41,0.8459,-1,-1,-1
269,6,1163.30,324.67,203.33,610.39,0.8879,-1,-1,-1
269,28,-1.14,224.51,187.74,806.79,0.8226,-1,-1,-1
269,32,546.95,364.86,168.32,461.48,0.8324,-1,-1,-1
269,33,393.66,380.91,156.02,480.41,0.8692,-1,-1,-1
269,23,1885.35,413.45,33.74,98.29,0.4548,-1,-1,-1
269,38,1006.16,401.14,140.15,368.54,0.7270,-1,-1,-1
269,40,784.44,438.10,71.40,237.22,0.7774,-1,-1,-1
270,2,836.46,319.74,161.98,581.65,0.8153,-1,-1,-1
270,6,1162.04,318.85,203.07,614.46,0.8820,-1,-1,-1
270,28,-1.14,222.16,156.36,606.38,0.5937,-1,-1,-1
270,32,542.15,353.30,171.00,471.70,0.8409,-1,-1,-1
270,33,385.04,371.68,161.78,488.73,0.8760,-1,-1,-1
270,23,1887.68,410.50,31.19,100.22,0.3745,-1,-1,-1
270,38,1004.40,397.14,145.66,372.10,0.6428,-1,-1,-1
270,40,782.73,434.37,71.77,234.99,0.7537,-1,-1,-1
271,2,833.90,319.59,162.99,579.58,0.7983,-1,-1,-1
271,6,1161.25,316.12,202.38,612.63,0.8906,-1,-1,-1
271,28,-0.62,220.40,128.43,583.37,0.3991,-1,-1,-1
271,32,536.08,347.75,174.42,475.56,0.8422,-1,-1,-1
271,33,375.55,365.18,168.23,494.94,0.8749,-1,-1,-1
271,23,1890.48,405.95,28.25,103.38,0.3268,-1,-1,-1
271,38,1008.68,395.90,141.81,373.73,0.7599,-1,-1,-1
271,40,780.80,430.67,72.14,233.71,0.7619,-1,-1,-1
272,2,837.05,316.99,152.49,577.28,0.8418,-1,-1,-1
272,6,1159.12,309.72,200.68,611.46,0.8949,-1,-1,-1
272,28,-0.98,239.09,99.47,566.25,0.3162,-1,-1,-1
272,32,529.26,342.73,175.14,478.72,0.8574,-1,-1,-1
272,33,359.33,353.20,170.90,505.75,0.8721,-1,-1,-1
272,23,1887.88,403.00,30.44,102.28,0.3497,-1,-1,-1
272,38,1009.15,392.89,140.07,373.25,0.7888,-1,-1,-1
272,40,776.35,425.25,72.37,230.48,0.7917,-1,-1,-1
273,2,831.85,315.81,152.90,572.85,0.8372,-1,-1,-1
273,6,1155.32,304.80,200.46,610.34,0.8988,-1,-1,-1
273,32,522.95,338.14,173.32,480.54,0.8676,-1,-1,-1
273,33,343.66,343.85,170.79,512.76,0.8806,-1,-1,-1
273,23,1883.28,397.81,34.75,103.70,0.4526,-1,-1,-1
273,38,1007.66,390.67,139.48,374.70,0.7886,-1,-1,-1
273,40,769.34,419.27,74.10,229.27,0.7439,-1,-1,-1
273,43,960.80,359.33,67.45,397.88,0.3727,-1,-1,-1
273,44,703.41,449.79,44.09,138.83,0.3989,-1,-1,-1
274,2,826.69,307.98,153.52,575.80,0.8516,-1,-1,-1
274,6,1150.57,300.75,202.36,606.51,0.8962,-1,-1,-1
274,32,516.89,332.95,179.07,488.48,0.8622,-1,-1,-1
274,33,331.21,333.86,168.26,518.44,0.8700,-1,-1,-1
274,23,1880.07,391.25,37.53,107.21,0.4729,-1,-1,-1
274,38,1000.70,386.91,144.56,377.50,0.7956,-1,-1,-1
274,40,765.06,412.95,72.65,238.51,0.7058,-1,-1,-1
274,44,699.30,444.14,42.46,139.33,0.4363,-1,-1,-1
275,2,815.39,301.67,163.24,575.36,0.8568,-1,-1,-1
275,6,1141.26,294.39,208.91,601.98,0.8891,-1,-1,-1
275,32,506.71,325.47,185.00,496.10,0.8633,-1,-1,-1
275,33,316.64,322.58,174.76,525.09,0.8608,-1,-1,-1
275,23,1874.06,391.64,43.46,103.92,0.4513,-1,-1,-1
275,38,990.87,381.08,151.74,381.22,0.8150,-1,-1,-1
275,40,758.40,404.42,72.11,247.79,0.6670,-1,-1,-1
275,45,-1.35,663.88,199.20,414.38,0.5319,-1,-1,-1
276,2,806.75,290.92,164.30,579.82,0.8376,-1,-1,-1
276,6,1135.90,288.67,212.13,596.61,0.8892,-1,-1,-1
276,32,498.23,317.81,187.46,505.30,0.8690,-1,-1,-1
276,33,301.21,315.63,180.76,531.41,0.8738,-1,-1,-1
276,23,1870.65,389.98,46.36,101.78,0.3667,-1,-1,-1
276,38,983.93,373.99,154.60,385.99,0.8268,-1,-1,-1
276,40,752.61,398.32,70.31,252.04,0.6718,-1,-1,-1
276,43,941.58,326.03,61.55,414.34,0.4663,-1,-1,-1
277,2,798.31,282.85,164.73,571.22,0.8437,-1,-1,-1
277,6,1130.30,280.87,215.05,595.47,0.8845,-1,-1,-1
277,32,488.49,306.03,188.70,509.60,0.8566,-1,-1,-1
277,33,288.09,303.68,178.89,545.16,0.8822,-1,-1,-1
277,23,1868.38,385.07,48.86,99.18,0.3428,-1,-1,-1
277,38,988.58,366.76,145.81,392.56,0.7620,-1,-1,-1
277,40,744.54,391.69,69.10,250.37,0.6602,-1,-1,-1
277,43,938.70,324.02,65.64,413.66,0.4947,-1,-1,-1
278,2,788.01,277.22,167.43,564.20,0.8565,-1,-1,-1
278,6,1124.89,274.45,215.44,596.04,0.8731,-1,-1,-1
278,32,480.05,297.65,185.74,523.36,0.8625,-1,-1,-1
278,33,273.77,298.58,178.03,553.91,0.8597,-1,-1,-1
278,23,1864.73,379.70,52.92,98.26,0.3423,-1,-1,-1
278,38,979.99,356.39,151.67,398.39,0.7672,-1,-1,-1
278,40,739.81,386.72,65.40,243.13,0.6231,-1,-1,-1
278,43,935.57,337.38,84.03,390.55,0.4707,-1,-1,-1
279,2,778.28,269.00,173.73,563.14,0.8402,-1,-1,-1
279,6,1121.66,266.34,217.21,596.64,0.8720,-1,-1,-1
279,32,472.92,292.22,185.01,530.72,0.8795,-1,-1,-1
279,33,259.14,291.89,185.38,566.53,0.8748,-1,-1,-1
279,23,1862.54,374.13,55.76,98.25,0.4471,-1,-1,-1
279,38,976.98,346.42,153.73,402.17,0.7963,-1,-1,-1
279,40,733.82,377.15,66.12,243.12,0.6374,-1,-1,-1
279,43,928.48,312.49,78.41,402.52,0.6059,-1,-1,-1
280,2,774.10,260.15,173.64,562.06,0.8442,-1,-1,-1
280,6,1118.55,257.01,219.63,600.20,0.8696,-1,-1,-1
280,32,468.58,281.61,184.48,542.81,0.8746,-1,-1,-1
280,33,246.90,279.21,188.17,579.49,0.8669,-1,-1,-1
280,23,1862.80,369.34,56.73,96.70,0.4226,-1,-1,-1
280,38,979.76,335.55,151.00,406.86,0.7760,-1,-1,-1
280,40,730.40,369.93,66.01,246.23,0.6923,-1,-1,-1
280,43,926.06,300.57,77.53,407.49,0.4325,-1,-1,-1
281,2,774.93,251.15,173.70,557.21,0.8473,-1,-1,-1
281,6,1119.61,249.86,219.05,600.52,0.8828,-1,-1,-1
281,32,463.93,271.58,187.27,552.95,0.8881,-1,-1,-1
281,33,235.27,270.20,196.87,589.65,0.8721,-1,-1,-1
281,23,1865.45,362.97,54.85,96.13,0.4036,-1,-1,-1
281,38,982.32,322.09,149.72,416.64,0.7970,-1,-1,-1
281,40,729.02,365.00,62.84,239.18,0.6351,-1,-1,-1
281,43,923.58,282.43,81.99,417.16,0.6057,-1,-1,-1
282,2,765.87,238.61,183.14,565.88,0.8555,-1,-1,-1
282,6,1117.77,240.10,220.11,604.53,0.8779,-1,-1,-1
282,32,458.91,250.63,191.81,568.88,0.8818,-1,-1,-1
282,33,225.35,253.54,203.89,599.76,0.8828,-1,-1,-1
282,23,1869.13,354.09,51.51,98.73,0.3748,-1,-1,-1
282,38,985.27,308.66,146.72,421.90,0.7747,-1,-1,-1
282,40,727.42,355.28,62.67,245.08,0.6158,-1,-1,-1
282,43,920.64,270.74,79.92,414.57,0.4657,-1,-1,-1
283,2,762.97,230.35,187.27,567.97,0.8245,-1,-1,-1
283,6,1118.88,229.41,221.78,607.34,0.8831,-1,-1,-1
283,32,453.46,232.52,197.39,577.04,0.8750,-1,-1,-1
283,33,213.43,239.61,212.31,610.19,0.8723,-1,-1,-1
283,23,1871.18,345.03,50.07,101.26,0.4122,-1,-1,-1
283,38,985.72,298.56,148.02,428.42,0.7853,-1,-1,-1
283,40,726.38,346.11,62.52,250.51,0.6340,-1,-1,-1
283,43,920.24,261.41,76.51,415.21,0.5167,-1,-1,-1
283,44,663.32,378.36,37.51,140.56,0.3452,-1,-1,-1
284,2,763.58,222.62,189.05,568.70,0.8240,-1,-1,-1
284,6,1120.88,220.59,223.10,613.53,0.8842,-1,-1,-1
284,32,445.11,220.84,206.82,577.72,0.8763,-1,-1,-1
284,33,204.53,226.79,216.89,626.59,0.8726,-1,-1,-1
284,38,980.95,288.84,157.70,434.89,0.7919,-1,-1,-1
284,40,725.38,340.68,63.72,247.05,0.6227,-1,-1,-1
284,43,919.62,253.28,75.00,418.37,0.5821,-1,-1,-1
285,2,766.39,214.82,187.10,572.20,0.8502,-1,-1,-1
285,6,1122.67,212.38,225.17,618.36,0.8894,-1,-1,-1
285,32,437.71,207.96,215.72,589.33,0.8819,-1,-1,-1
285,33,194.80,213.73,222.49,636.12,0.8813,-1,-1,-1
285,38,981.93,281.34,161.33,439.65,0.7200,-1,-1,-1
285,40,725.82,332.78,64.98,250.55,0.6385,-1,-1,-1
285,43,921.85,246.20,72.94,420.73,0.3604,-1,-1,-1
285,44,664.72,364.15,37.79,139.63,0.4339,-1,-1,-1
286,2,770.68,209.53,184.47,573.43,0.8569,-1,-1,-1
286,6,1125.15,205.86,225.83,622.76,0.8912,-1,-1,-1
286,32,434.64,193.31,219.57,597.29,0.8973,-1,-1,-1
286,33,182.66,201.32,226.60,646.04,0.8713,-1,-1,-1
286,38,977.02,273.13,173.88,452.79,0.7824,-1,-1,-1
286,40,725.31,324.35,68.01,253.51,0.6690,-1,-1,-1
286,43,921.68,236.69,74.70,424.87,0.4858,-1,-1,-1
286,44,666.17,359.76,37.81,143.55,0.4432,-1,-1,-1
287,2,777.02,202.93,179.17,574.32,0.8645,-1,-1,-1
287,6,1126.46,200.31,231.61,621.61,0.8860,-1,-1,-1
287,32,432.05,179.30,222.70,607.19,0.9020,-1,-1,-1
287,33,173.04,187.80,229.39,655.20,0.8782,-1,-1,-1
287,38,976.18,262.29,182.82,458.92,0.7522,-1,-1,-1
287,40,726.26,314.21,71.52,259.16,0.7310,-1,-1,-1
287,43,922.84,230.43,78.77,423.83,0.5895,-1,-1,-1
287,44,670.02,350.10,35.73,148.01,0.3275,-1,-1,-1
288,2,779.06,198.74,180.59,571.66,0.8553,-1,-1,-1
288,6,1137.59,192.17,229.08,624.67,0.8755,-1,-1,-1
288,32,430.39,166.77,224.43,618.86,0.8978,-1,-1,-1
288,33,166.82,177.20,229.30,662.58,0.8819,-1,-1,-1
288,38,984.55,256.73,183.20,463.53,0.6565,-1,-1,-1
288,40,730.09,305.19,71.01,261.22,0.7738,-1,-1,-1
288,43,921.84,225.37,82.41,417.05,0.4549,-1,-1,-1
288,44,672.54,341.10,39.14,151.32,0.4636,-1,-1,-1
289,2,782.36,191.06,185.30,570.44,0.8407,-1,-1,-1
289,6,1146.46,185.21,230.28,627.84,0.8709,-1,-1,-1
289,32,422.50,160.01,234.12,633.75,0.9002,-1,-1,-1
289,33,155.11,163.79,233.94,674.82,0.8979,-1,-1,-1
289,38,1000.90,253.63,172.87,468.27,0.6330,-1,-1,-1
289,40,732.24,298.67,73.28,267.41,0.7492,-1,-1,-1
289,43,927.53,222.77,77.51,406.98,0.5344,-1,-1,-1
289,44,677.75,334.64,39.54,152.76,0.3445,-1,-1,-1
290,2,788.22,188.36,189.85,570.37,0.8398,-1,-1,-1
290,6,1157.93,182.12,225.83,625.58,0.8728,-1,-1,-1
290,32,416.82,153.45,241.78,650.83,0.9080,-1,-1,-1
290,33,148.29,151.14,234.24,686.68,0.9037,-1,-1,-1
290,38,1019.36,246.79,162.10,478.74,0.7886,-1,-1,-1
290,40,735.11,295.18,74.24,267.46,0.7407,-1,-1,-1
290,43,936.77,223.92,93.08,408.46,0.4262,-1,-1,-1
290,44,683.93,331.96,40.65,153.73,0.4234,-1,-1,-1
291,2,796.43,183.81,185.44,567.21,0.8223,-1,-1,-1
291,6,1171.77,178.12,218.27,623.50,0.8647,-1,-1,-1
291,32,410.73,148.37,249.53,660.40,0.9072,-1,-1,-1
291,33,137.93,140.04,238.79,696.93,0.9061,-1,-1,-1
291,38,1028.78,239.06,161.38,489.06,0.7919,-1,-1,-1
291,40,738.53,288.24,76.14,269.04,0.7280,-1,-1,-1
291,43,943.14,215.79,92.03,411.22,0.3618,-1,-1,-1
292,2,798.72,180.89,188.04,562.04,0.8275,-1,-1,-1
292,6,1181.93,173.14,216.89,619.45,0.8790,-1,-1,-1
292,32,405.55,147.39,256.42,672.09,0.9081,-1,-1,-1
292,33,129.39,133.87,237.10,710.55,0.9045,-1,-1,-1
292,38,1034.08,233.35,165.49,492.65,0.8051,-1,-1,-1
292,40,740.47,283.26,79.84,272.28,0.7387,-1,-1,-1
292,43,948.02,208.31,87.25,414.74,0.3778,-1,-1,-1
293,2,808.19,176.27,184.42,555.64,0.8413,-1,-1,-1
293,6,1191.85,170.51,214.32,612.52,0.8885,-1,-1,-1
293,32,400.87,144.67,259.99,687.77,0.9056,-1,-1,-1
293,33,113.48,131.59,245.18,731.41,0.8796,-1,-1,-1
293,38,1038.81,229.99,175.14,497.13,0.8317,-1,-1,-1
293,40,744.68,278.89,82.92,274.36,0.7462,-1,-1,-1
293,43,958.92,202.20,91.16,415.30,0.6720,-1,-1,-1
294,2,818.93,173.54,180.04,553.52,0.8254,-1,-1,-1
294,6,1207.60,170.01,209.54,611.54,0.8750,-1,-1,-1
294,32,398.67,143.77,261.99,701.29,0.9051,-1,-1,-1
294,33,87.36,131.63,266.21,752.79,0.8919,-1,-1,-1
294,38,1047.11,226.88,179.40,500.98,0.8480,-1,-1,-1
294,40,750.92,278.52,86.79,274.67,0.7554,-1,-1,-1
294,43,965.89,200.33,96.43,426.49,0.7163,-1,-1,-1
295,2,827.90,179.84,179.70,550.73,0.8325,-1,-1,-1
295,6,1223.29,171.11,202.43,613.65,0.8756,-1,-1,-1
295,32,394.82,142.09,265.89,726.20,0.9053,-1,-1,-1
295,33,62.08,130.37,285.37,769.01,0.8917,-1,-1,-1
295,38,1054.37,222.26,183.67,511.10,0.8542,-1,-1,-1
295,40,757.17,278.84,89.14,277.10,0.7888,-1,-1,-1
295,43,972.58,201.06,91.42,430.61,0.6422,-1,-1,-1
296,2,837.41,177.14,174.68,554.00,0.8425,-1,-1,-1
296,6,1235.82,172.14,197.29,616.77,0.8677,-1,-1,-1
296,32,389.10,137.05,272.48,746.14,0.9053,-1,-1,-1
296,33,38.46,129.60,300.15,782.05,0.8953,-1,-1,-1
296,38,1062.01,213.00,184.61,530.37,0.8659,-1,-1,-1
296,40,760.56,277.24,92.22,279.42,0.7958,-1,-1,-1
296,43,975.29,199.96,95.75,430.42,0.6068,-1,-1,-1
296,35,1480.96,426.04,144.20,365.60,0.3446,-1,-1,-1
297,2,849.42,177.68,165.06,555.84,0.8252,-1,-1,-1
297,6,1249.85,172.25,192.93,624.29,0.8732,-1,-1,-1
297,32,381.66,131.07,277.85,760.80,0.9120,-1,-1,-1
297,33,26.96,126.66,304.76,800.79,0.8992,-1,-1,-1
297,38,1070.72,208.32,191.68,539.85,0.8557,-1,-1,-1
297,40,767.34,276.44,90.68,279.62,0.7940,-1,-1,-1
297,43,980.08,205.04,108.88,418.53,0.6991,-1,-1,-1
298,2,856.82,179.26,163.63,556.37,0.8207,-1,-1,-1
298,6,1261.58,171.92,188.91,629.94,0.8681,-1,-1,-1
298,32,375.02,120.86,281.88,777.72,0.9057,-1,-1,-1
298,33,22.26,123.50,302.72,817.56,0.9006,-1,-1,-1
298,38,1077.80,204.63,195.60,547.83,0.8600,-1,-1,-1
298,40,772.59,277.66,90.17,276.34,0.8058,-1,-1,-1
298,43,985.83,211.87,106.12,418.82,0.6981,-1,-1,-1
299,2,865.43,180.52,157.79,556.05,0.8375,-1,-1,-1
299,6,1266.16,169.60,189.43,635.60,0.8652,-1,-1,-1
299,32,366.97,108.65,285.45,795.73,0.9076,-1,-1,-1
299,33,15.80,114.36,304.20,843.43,0.8969,-1,-1,-1
299,38,1079.90,203.23,205.00,554.25,0.8726,-1,-1,-1
299,40,777.43,277.21,91.35,279.12,0.7901,-1,-1,-1
299,43,991.31,205.26,101.65,426.29,0.6974,-1,-1,-1
300,2,868.74,183.49,156.34,558.40,0.8303,-1,-1,-1
300,6,1262.66,168.89,199.41,640.30,0.8556,-1,-1,-1
300,32,354.19,98.08,296.17,812.27,0.9086,-1,-1,-1
300,33,5.85,107.34,310.18,871.44,0.8934,-1,-1,-1
300,38,1085.22,201.30,212.74,568.43,0.8651,-1,-1,-1
300,40,780.99,277.07,94.11,280.04,0.7573,-1,-1,-1
300,43,997.46,202.77,98.71,426.92,0.7376,-1,-1,-1
