2,1,372.25,408.13,80.23,239.83,0.7973,-1,-1,-1
2,2,104.30,546.55,72.95,245.64,0.7255,-1,-1,-1
2,3,1101.04,981.21,71.40,98.80,0.6895,-1,-1,-1
2,4,1730.48,455.02,75.27,215.49,0.6073,-1,-1,-1
2,5,1355.89,570.10,81.73,217.43,0.5680,-1,-1,-1
2,6,0.88,878.03,39.90,201.37,0.3839,-1,-1,-1
2,7,1098.13,211.80,58.32,178.37,0.4729,-1,-1,-1
2,8,545.60,146.85,57.53,184.05,0.5070,-1,-1,-1
2,9,225.15,398.14,65.26,199.33,0.4910,-1,-1,-1
2,10,789.65,145.31,64.44,178.90,0.4606,-1,-1,-1
2,11,1046.10,132.97,63.96,182.01,0.4650,-1,-1,-1
2,12,267.92,379.25,55.07,210.53,0.4318,-1,-1,-1
2,13,503.49,134.35,51.09,176.80,0.3706,-1,-1,-1
3,1,373.52,407.80,78.76,241.39,0.7819,-1,-1,-1
3,2,104.60,546.09,73.45,246.84,0.7315,-1,-1,-1
3,3,1105.44,980.86,71.87,99.13,0.6963,-1,-1,-1
3,4,1731.11,452.98,73.77,219.88,0.6000,-1,-1,-1
3,5,1356.47,570.01,81.15,216.76,0.5666,-1,-1,-1
3,6,0.74,877.49,39.72,201.55,0.3544,-1,-1,-1
3,7,1092.15,213.70,61.93,177.26,0.5645,-1,-1,-1
3,8,544.84,147.49,58.26,183.61,0.4875,-1,-1,-1
3,9,223.13,396.73,67.66,202.02,0.4723,-1,-1,-1
3,10,788.77,145.16,64.98,178.59,0.4541,-1,-1,-1
3,11,1045.30,132.74,64.53,179.57,0.4988,-1,-1,-1
3,12,260.24,366.73,65.20,225.33,0.3911,-1,-1,-1
3,13,503.96,133.64,49.95,169.73,0.3938,-1,-1,-1
4,1,372.59,407.24,80.10,241.03,0.7959,-1,-1,-1
4,2,104.21,545.74,73.17,247.20,0.7230,-1,-1,-1
4,3,1108.37,978.79,72.23,101.16,0.6950,-1,-1,-1
4,4,1729.35,452.48,74.09,216.95,0.6199,-1,-1,-1
4,5,1356.16,570.28,82.83,217.24,0.5754,-1,-1,-1
4,6,-0.53,876.20,43.49,203.24,0.5373,-1,-1,-1
4,7,1087.16,211.10,63.88,180.12,0.5528,-1,-1,-1
4,8,546.44,145.37,55.91,183.72,0.4674,-1,-1,-1
4,9,221.53,396.81,69.81,202.44,0.4799,-1,-1,-1
4,10,789.55,144.66,64.04,178.17,0.4697,-1,-1,-1
4,11,1045.43,133.61,63.00,179.56,0.4595,-1,-1,-1
4,12,264.71,382.35,57.76,212.76,0.4012,-1,-1,-1
4,13,500.60,135.57,53.06,173.40,0.4398,-1,-1,-1
5,1,374.74,406.77,78.78,241.20,0.7978,-1,-1,-1
5,2,104.18,545.90,72.46,246.99,0.7243,-1,-1,-1
5,3,1112.79,975.93,72.17,104.01,0.6964,-1,-1,-1
5,4,1728.64,452.25,74.13,218.53,0.6542,-1,-1,-1
5,5,1355.77,569.97,82.42,213.99,0.6076,-1,-1,-1
5,6,-0.66,874.18,45.20,204.84,0.5592,-1,-1,-1
5,7,1072.36,210.37,78.96,178.75,0.5394,-1,-1,-1
5,8,545.89,145.10,56.28,186.43,0.5050,-1,-1,-1
5,9,220.77,396.71,72.20,200.71,0.3747,-1,-1,-1
5,10,789.03,145.78,65.12,176.76,0.4967,-1,-1,-1
5,11,1043.58,133.75,66.39,164.03,0.3774,-1,-1,-1
5,12,267.60,380.34,51.31,209.27,0.3873,-1,-1,-1
5,13,501.43,135.39,50.97,168.36,0.4855,-1,-1,-1
6,1,374.99,405.92,79.38,239.93,0.7852,-1,-1,-1
6,2,104.33,546.12,72.64,246.66,0.7309,-1,-1,-1
6,3,1114.34,975.80,72.97,104.24,0.6912,-1,-1,-1
6,4,1726.76,454.92,75.21,215.88,0.6514,-1,-1,-1
6,5,1356.93,570.15,81.31,213.37,0.6186,-1,-1,-1
6,6,-0.30,871.90,46.06,207.45,0.6048,-1,-1,-1
6,7,1062.91,209.07,88.87,179.65,0.5797,-1,-1,-1
6,8,545.21,147.79,55.48,186.27,0.5159,-1,-1,-1
6,9,219.13,392.87,75.03,203.43,0.3017,-1,-1,-1
6,10,787.85,145.34,65.04,177.97,0.5056,-1,-1,-1
6,11,1043.48,134.91,64.72,155.06,0.3077,-1,-1,-1
6,12,267.91,379.75,48.37,208.56,0.3933,-1,-1,-1
6,13,502.42,136.84,49.22,167.15,0.5138,-1,-1,-1
7,1,375.74,404.68,80.52,239.99,0.7800,-1,-1,-1
7,2,104.14,545.97,72.67,245.87,0.7311,-1,-1,-1
7,3,1116.56,973.97,70.89,106.01,0.7056,-1,-1,-1
7,4,1726.44,454.27,74.65,212.60,0.6315,-1,-1,-1
7,5,1356.31,570.38,82.15,212.85,0.6334,-1,-1,-1
7,6,-0.14,870.95,47.03,208.52,0.5963,-1,-1,-1
7,7,1054.38,208.12,98.71,181.15,0.5515,-1,-1,-1
7,8,544.22,148.68,54.18,186.95,0.5409,-1,-1,-1
7,10,788.45,145.42,65.58,177.91,0.5154,-1,-1,-1
7,12,266.20,379.66,49.14,199.40,0.3576,-1,-1,-1
7,13,501.87,139.13,48.81,165.58,0.4799,-1,-1,-1
8,1,376.73,402.04,80.02,238.86,0.7696,-1,-1,-1
8,2,104.78,546.18,72.92,246.64,0.7358,-1,-1,-1
8,3,1119.04,973.42,70.26,106.60,0.7071,-1,-1,-1
8,4,1724.04,454.70,75.93,208.81,0.6454,-1,-1,-1
8,5,1356.63,570.04,81.38,214.60,0.6125,-1,-1,-1
8,6,0.46,871.56,46.46,207.15,0.5826,-1,-1,-1
8,7,1053.22,211.46,100.94,177.62,0.5409,-1,-1,-1
8,8,544.69,146.84,52.98,188.75,0.5501,-1,-1,-1
8,10,787.98,145.99,65.64,176.86,0.5034,-1,-1,-1
8,12,264.45,380.56,49.77,189.94,0.3175,-1,-1,-1
8,13,499.63,141.73,52.34,173.11,0.4575,-1,-1,-1
9,1,376.86,401.72,81.46,237.15,0.7678,-1,-1,-1
9,2,104.64,546.08,73.71,246.84,0.7443,-1,-1,-1
9,3,1124.56,973.71,67.60,106.35,0.6692,-1,-1,-1
9,4,1723.78,454.46,75.30,210.25,0.6349,-1,-1,-1
9,5,1356.72,570.48,81.16,214.25,0.6143,-1,-1,-1
9,6,0.62,869.72,46.46,209.30,0.5596,-1,-1,-1
9,7,1049.47,210.70,105.52,175.43,0.5086,-1,-1,-1
9,8,544.78,147.76,51.81,189.60,0.4971,-1,-1,-1
9,10,787.93,145.73,65.43,175.76,0.4782,-1,-1,-1
9,13,500.71,141.95,49.65,173.86,0.4449,-1,-1,-1
9,14,1799.41,208.15,61.98,186.65,0.3266,-1,-1,-1
10,1,377.35,400.26,81.33,236.07,0.7579,-1,-1,-1
10,2,104.80,545.86,74.00,246.65,0.7400,-1,-1,-1
10,3,1127.92,973.35,67.08,106.68,0.6880,-1,-1,-1
10,4,1724.35,454.73,74.33,209.98,0.6104,-1,-1,-1
10,5,1356.21,569.48,82.36,216.12,0.6147,-1,-1,-1
10,6,0.53,864.61,46.87,213.71,0.5661,-1,-1,-1
10,7,1046.22,211.53,107.71,173.04,0.4661,-1,-1,-1
10,8,543.49,148.76,52.00,191.80,0.4782,-1,-1,-1
10,10,788.19,145.85,65.03,177.03,0.4860,-1,-1,-1
10,12,264.99,383.94,46.04,172.91,0.3154,-1,-1,-1
10,13,498.43,142.27,52.01,174.79,0.4337,-1,-1,-1
10,14,1799.62,211.81,64.52,187.45,0.3421,-1,-1,-1
11,1,378.63,397.89,80.73,233.87,0.7550,-1,-1,-1
11,2,104.55,546.21,74.08,246.76,0.7417,-1,-1,-1
11,3,1130.32,973.97,67.83,106.10,0.6688,-1,-1,-1
11,4,1723.76,459.42,75.12,205.84,0.6067,-1,-1,-1
11,5,1356.34,569.73,82.39,216.01,0.6406,-1,-1,-1
11,6,0.74,862.08,46.09,216.23,0.5584,-1,-1,-1
11,7,1045.03,209.87,102.19,174.18,0.4522,-1,-1,-1
11,8,542.11,148.70,52.53,192.93,0.4813,-1,-1,-1
11,10,788.06,145.69,65.48,177.30,0.4864,-1,-1,-1
11,12,261.76,386.74,48.44,190.03,0.3796,-1,-1,-1
11,13,498.57,142.71,51.09,175.71,0.4252,-1,-1,-1
11,14,1802.27,217.64,63.00,178.87,0.3489,-1,-1,-1
12,1,378.14,396.64,81.67,233.89,0.7530,-1,-1,-1
12,2,104.20,546.13,75.11,247.12,0.7371,-1,-1,-1
12,3,1133.88,973.46,67.33,106.55,0.6720,-1,-1,-1
12,4,1723.62,459.68,75.11,205.37,0.6362,-1,-1,-1
12,5,1357.02,569.56,80.42,215.34,0.6329,-1,-1,-1
12,6,0.42,855.54,46.87,221.66,0.5764,-1,-1,-1
12,7,1046.28,207.75,94.89,176.21,0.3598,-1,-1,-1
12,8,541.77,149.18,53.22,191.83,0.5006,-1,-1,-1
12,10,788.09,145.83,65.24,177.71,0.4828,-1,-1,-1
12,13,497.10,143.99,52.90,174.60,0.4129,-1,-1,-1
12,14,1802.27,219.81,64.21,175.22,0.3372,-1,-1,-1
13,1,378.37,395.26,81.92,232.10,0.7610,-1,-1,-1
13,2,104.22,545.92,75.72,247.89,0.7420,-1,-1,-1
13,3,1135.83,972.99,66.33,107.01,0.6339,-1,-1,-1
13,4,1724.46,457.93,73.66,207.40,0.6621,-1,-1,-1
13,5,1356.58,570.09,81.22,213.49,0.6359,-1,-1,-1
13,6,0.86,850.88,46.03,226.20,0.5896,-1,-1,-1
13,8,539.65,149.58,55.65,191.96,0.5203,-1,-1,-1
13,9,211.48,393.75,63.82,180.63,0.3489,-1,-1,-1
13,10,788.29,146.35,65.21,177.45,0.5103,-1,-1,-1
13,13,496.71,144.86,52.84,174.94,0.3769,-1,-1,-1
13,14,1802.28,222.02,67.63,177.00,0.3713,-1,-1,-1
14,1,379.22,394.79,81.16,231.23,0.7606,-1,-1,-1
14,2,104.07,545.92,75.95,248.47,0.7475,-1,-1,-1
14,3,1139.14,972.74,64.25,107.28,0.6305,-1,-1,-1
14,4,1722.96,459.66,76.37,206.74,0.6575,-1,-1,-1
14,5,1357.32,569.99,80.40,214.39,0.6135,-1,-1,-1
14,6,0.49,849.19,46.84,228.58,0.6077,-1,-1,-1
14,8,538.36,150.91,55.86,191.50,0.5044,-1,-1,-1
14,9,209.64,396.82,64.12,178.34,0.3795,-1,-1,-1
14,10,788.66,146.15,64.12,177.50,0.5246,-1,-1,-1
14,13,494.48,144.08,54.41,176.27,0.4112,-1,-1,-1
14,14,1803.00,222.75,66.55,176.74,0.3743,-1,-1,-1
14,15,880.60,130.05,87.15,177.94,0.4139,-1,-1,-1
15,1,379.86,393.59,81.22,231.67,0.7611,-1,-1,-1
15,2,104.36,546.01,75.67,248.03,0.7549,-1,-1,-1
15,3,1140.50,973.28,64.49,106.25,0.5995,-1,-1,-1
15,4,1724.44,455.00,74.11,211.25,0.6507,-1,-1,-1
15,5,1356.75,570.55,80.55,212.91,0.6056,-1,-1,-1
15,6,0.20,849.22,47.39,229.67,0.5862,-1,-1,-1
15,8,537.18,151.96,55.73,191.52,0.5038,-1,-1,-1
15,9,209.06,391.39,62.31,182.60,0.3146,-1,-1,-1
15,10,787.86,146.89,65.57,175.73,0.5364,-1,-1,-1
15,13,494.16,143.55,53.83,177.63,0.3866,-1,-1,-1
15,14,1804.49,223.99,66.53,183.66,0.3943,-1,-1,-1
15,15,879.72,130.54,86.47,177.64,0.3794,-1,-1,-1
16,1,380.23,393.07,80.69,232.47,0.7659,-1,-1,-1
16,2,104.52,546.31,75.27,246.91,0.7503,-1,-1,-1
16,3,1145.05,972.91,62.90,106.06,0.5672,-1,-1,-1
16,4,1725.15,455.02,72.97,210.60,0.6556,-1,-1,-1
16,5,1356.77,570.24,80.20,213.68,0.6194,-1,-1,-1
16,6,-0.16,849.30,48.72,229.55,0.5054,-1,-1,-1
16,8,534.09,153.71,57.45,188.60,0.5244,-1,-1,-1
16,9,208.56,383.68,58.28,191.38,0.3669,-1,-1,-1
16,10,788.97,147.01,64.21,175.49,0.5039,-1,-1,-1
16,12,249.74,386.25,55.39,184.11,0.3551,-1,-1,-1
16,13,493.44,143.29,54.52,178.46,0.3327,-1,-1,-1
16,14,1804.80,224.73,68.85,187.85,0.3867,-1,-1,-1
16,15,880.10,131.75,85.98,178.91,0.3332,-1,-1,-1
17,1,380.66,391.70,81.38,234.69,0.7511,-1,-1,-1
17,2,104.02,546.91,76.82,245.86,0.7453,-1,-1,-1
17,3,1148.85,973.18,59.68,106.78,0.5345,-1,-1,-1
17,4,1722.96,458.55,76.42,208.91,0.6399,-1,-1,-1
17,5,1356.64,570.02,81.75,214.96,0.6041,-1,-1,-1
17,6,-0.62,848.52,50.81,231.48,0.5549,-1,-1,-1
17,8,533.11,156.25,58.49,187.43,0.6085,-1,-1,-1
17,9,207.46,380.59,58.27,196.04,0.3340,-1,-1,-1
17,10,788.69,147.12,64.43,174.67,0.4923,-1,-1,-1
17,12,247.47,382.33,57.17,188.25,0.3619,-1,-1,-1
17,13,493.33,144.81,54.25,177.41,0.3616,-1,-1,-1
17,14,1806.44,225.97,66.60,190.81,0.3620,-1,-1,-1
17,15,880.76,132.28,84.96,177.62,0.3201,-1,-1,-1
18,1,380.62,389.89,81.84,237.40,0.7520,-1,-1,-1
18,2,104.24,546.53,76.36,245.84,0.7479,-1,-1,-1
18,3,1151.95,973.28,57.52,106.75,0.5305,-1,-1,-1
18,4,1723.39,458.03,76.14,208.49,0.6457,-1,-1,-1
18,5,1356.66,569.88,80.81,214.54,0.6182,-1,-1,-1
18,6,-0.77,847.76,52.19,232.25,0.5066,-1,-1,-1
18,7,1031.71,144.83,60.29,183.28,0.3230,-1,-1,-1
18,8,531.60,156.09,57.69,186.70,0.6042,-1,-1,-1
18,9,207.42,382.49,56.28,193.54,0.3618,-1,-1,-1
18,10,789.20,147.25,63.95,174.39,0.5330,-1,-1,-1
18,12,246.66,383.65,56.78,187.49,0.4081,-1,-1,-1
18,13,493.22,143.57,53.57,178.85,0.3680,-1,-1,-1
18,14,1806.37,226.46,69.05,191.44,0.3825,-1,-1,-1
18,15,880.49,132.80,84.65,178.10,0.3421,-1,-1,-1
19,1,380.78,388.53,82.73,238.71,0.7551,-1,-1,-1
19,2,104.42,546.58,76.05,246.17,0.7459,-1,-1,-1
19,3,1154.02,972.77,57.67,107.21,0.5198,-1,-1,-1
19,4,1723.76,455.07,74.87,211.17,0.6467,-1,-1,-1
19,5,1357.01,570.01,80.16,214.94,0.6405,-1,-1,-1
19,6,-0.49,845.80,52.49,234.09,0.5326,-1,-1,-1
19,7,1030.49,143.24,60.88,185.27,0.4152,-1,-1,-1
19,8,530.01,159.18,58.19,183.38,0.5466,-1,-1,-1
19,9,206.42,382.17,56.66,195.44,0.4001,-1,-1,-1
19,10,789.08,146.89,63.73,174.47,0.4808,-1,-1,-1
19,12,246.35,380.46,55.38,190.72,0.4172,-1,-1,-1
19,14,1808.72,227.09,69.25,190.81,0.3604,-1,-1,-1
20,1,380.65,387.11,82.80,240.21,0.7480,-1,-1,-1
20,2,104.35,546.57,75.87,245.95,0.7456,-1,-1,-1
20,3,1157.13,972.92,55.72,107.12,0.5105,-1,-1,-1
20,4,1723.60,458.68,75.95,207.42,0.6295,-1,-1,-1
20,5,1357.05,570.64,80.09,214.07,0.6494,-1,-1,-1
20,6,-0.12,845.80,52.52,234.35,0.4771,-1,-1,-1
20,7,1028.54,145.18,61.13,224.75,0.4028,-1,-1,-1
20,8,530.52,158.78,55.25,183.88,0.5439,-1,-1,-1
20,9,204.44,388.51,58.53,187.33,0.4155,-1,-1,-1
20,10,789.14,147.79,64.17,173.97,0.4956,-1,-1,-1
20,12,245.24,375.87,54.15,192.85,0.3149,-1,-1,-1
20,14,1809.77,227.39,70.09,189.88,0.3427,-1,-1,-1
21,1,380.46,386.33,83.33,240.32,0.7588,-1,-1,-1
21,2,104.31,546.42,75.88,246.42,0.7433,-1,-1,-1
21,3,1157.46,973.49,57.30,106.58,0.5021,-1,-1,-1
21,4,1723.53,458.20,75.74,208.29,0.6341,-1,-1,-1
21,5,1357.75,570.51,79.12,216.03,0.6137,-1,-1,-1
21,6,-0.11,839.22,53.53,238.31,0.5228,-1,-1,-1
21,8,530.74,158.86,54.22,183.75,0.5888,-1,-1,-1
21,9,203.81,377.77,57.37,195.73,0.4005,-1,-1,-1
21,10,788.65,147.69,64.76,174.32,0.4867,-1,-1,-1
21,12,245.12,375.45,51.81,190.10,0.3460,-1,-1,-1
22,1,380.83,386.37,83.02,239.45,0.7578,-1,-1,-1
22,2,104.12,546.86,76.18,245.50,0.7385,-1,-1,-1
22,3,1156.29,974.71,59.00,105.38,0.5591,-1,-1,-1
22,4,1724.15,458.47,74.52,207.46,0.6682,-1,-1,-1
22,5,1357.40,570.06,79.57,215.04,0.6385,-1,-1,-1
22,6,0.36,842.06,53.46,238.07,0.5434,-1,-1,-1
22,7,1002.62,144.15,87.85,234.85,0.3479,-1,-1,-1
22,8,529.02,156.05,54.23,186.99,0.5037,-1,-1,-1
22,9,203.48,371.81,61.16,201.02,0.3304,-1,-1,-1
22,10,789.34,147.82,64.30,175.10,0.4618,-1,-1,-1
23,1,381.75,385.48,81.69,238.41,0.7569,-1,-1,-1
23,2,104.27,546.48,75.91,245.61,0.7394,-1,-1,-1
23,3,1158.43,973.89,61.18,106.06,0.5504,-1,-1,-1
23,4,1724.54,457.43,74.05,207.77,0.6392,-1,-1,-1
23,5,1356.81,569.93,80.71,215.18,0.6141,-1,-1,-1
23,6,0.59,842.71,53.42,236.30,0.5669,-1,-1,-1
23,7,1022.56,144.41,69.11,192.24,0.3871,-1,-1,-1
23,8,527.86,157.46,52.00,187.02,0.4697,-1,-1,-1
23,10,790.42,148.53,61.34,174.31,0.4303,-1,-1,-1
24,1,381.55,385.15,81.59,237.58,0.7574,-1,-1,-1
24,2,104.27,546.56,76.28,245.72,0.7382,-1,-1,-1
24,3,1159.17,974.91,61.54,105.17,0.5497,-1,-1,-1
24,4,1724.02,455.33,74.22,210.99,0.6434,-1,-1,-1
24,5,1356.65,569.83,80.85,217.50,0.5891,-1,-1,-1
24,6,0.31,839.63,54.52,236.20,0.5361,-1,-1,-1
24,7,1022.26,146.04,67.43,181.80,0.3215,-1,-1,-1
24,8,524.72,157.28,55.07,187.68,0.4250,-1,-1,-1
24,9,202.31,355.25,65.92,216.04,0.3055,-1,-1,-1
24,10,789.44,148.34,64.56,173.71,0.4291,-1,-1,-1
24,14,1821.07,230.56,68.39,189.63,0.3512,-1,-1,-1
25,1,381.64,384.17,80.64,236.87,0.7571,-1,-1,-1
25,2,103.92,546.91,76.71,246.01,0.7384,-1,-1,-1
25,3,1159.84,974.82,62.08,105.18,0.5631,-1,-1,-1
25,4,1722.34,458.09,76.21,209.01,0.6544,-1,-1,-1
25,5,1357.05,570.13,79.29,213.11,0.6125,-1,-1,-1
25,6,0.32,835.45,54.94,238.57,0.5031,-1,-1,-1
25,8,524.69,158.99,54.61,184.96,0.4365,-1,-1,-1
25,10,789.28,147.58,64.73,175.03,0.4319,-1,-1,-1
25,14,1822.53,233.40,68.12,192.93,0.3875,-1,-1,-1
26,1,382.34,382.93,79.68,237.20,0.7684,-1,-1,-1
26,2,103.41,546.16,77.40,247.39,0.7375,-1,-1,-1
26,3,1161.25,975.13,61.96,104.89,0.5967,-1,-1,-1
26,4,1723.32,453.54,73.77,213.92,0.6365,-1,-1,-1
26,5,1356.78,570.63,80.54,213.13,0.6084,-1,-1,-1
26,6,0.22,833.20,55.99,232.40,0.5684,-1,-1,-1
26,8,525.56,160.83,52.82,183.54,0.4214,-1,-1,-1
26,10,788.68,147.93,66.22,175.29,0.4471,-1,-1,-1
26,14,1826.29,236.31,66.32,192.69,0.3700,-1,-1,-1
27,1,381.58,381.22,81.04,237.45,0.7790,-1,-1,-1
27,2,103.41,546.09,76.86,247.24,0.7377,-1,-1,-1
27,3,1162.96,975.07,62.60,104.93,0.6073,-1,-1,-1
27,4,1722.64,459.02,74.97,207.46,0.6521,-1,-1,-1
27,5,1356.59,570.10,80.33,214.62,0.5868,-1,-1,-1
27,6,0.19,830.06,56.73,234.80,0.6075,-1,-1,-1
27,7,978.19,203.83,104.95,171.34,0.4321,-1,-1,-1
27,8,526.15,160.99,51.89,184.96,0.3655,-1,-1,-1
27,9,198.83,348.22,72.73,223.04,0.3685,-1,-1,-1
27,10,789.59,147.90,64.92,174.86,0.4484,-1,-1,-1
27,14,1827.87,238.00,65.54,191.68,0.3461,-1,-1,-1
28,1,381.77,379.29,82.36,238.08,0.7725,-1,-1,-1
28,2,103.02,546.81,77.22,246.01,0.7386,-1,-1,-1
28,3,1164.44,975.83,63.27,104.21,0.6165,-1,-1,-1
28,4,1723.29,455.63,73.61,211.21,0.6400,-1,-1,-1
28,5,1356.79,569.47,80.77,216.22,0.5881,-1,-1,-1
28,6,-0.36,827.50,58.90,232.79,0.6340,-1,-1,-1
28,9,197.90,351.10,72.07,223.21,0.3995,-1,-1,-1
28,10,790.65,148.62,60.22,173.69,0.4501,-1,-1,-1
29,1,382.80,377.72,81.88,238.08,0.7810,-1,-1,-1
29,2,102.79,546.31,77.58,246.50,0.7455,-1,-1,-1
29,3,1165.14,975.88,65.32,104.12,0.6355,-1,-1,-1
29,4,1723.09,457.39,74.35,208.74,0.6502,-1,-1,-1
29,5,1356.60,569.79,81.39,215.32,0.6246,-1,-1,-1
29,6,-0.11,826.06,59.70,228.41,0.6978,-1,-1,-1
29,7,1025.68,154.96,60.79,169.33,0.3194,-1,-1,-1
29,9,197.17,353.42,71.15,219.16,0.3247,-1,-1,-1
29,10,791.09,148.66,59.41,174.21,0.4573,-1,-1,-1
29,16,1593.31,241.50,64.13,182.10,0.3305,-1,-1,-1
30,1,382.99,376.28,83.78,236.81,0.7847,-1,-1,-1
30,2,103.06,547.21,77.44,245.35,0.7384,-1,-1,-1
30,3,1167.09,976.99,65.23,103.01,0.6211,-1,-1,-1
30,4,1723.08,457.51,75.15,208.50,0.6633,-1,-1,-1
30,5,1356.85,569.91,79.80,215.71,0.6171,-1,-1,-1
30,6,0.08,822.91,60.10,228.25,0.6767,-1,-1,-1
30,8,523.41,163.72,53.36,187.01,0.3043,-1,-1,-1
30,9,196.23,355.86,69.51,214.79,0.3162,-1,-1,-1
30,10,790.67,148.37,59.49,174.32,0.4582,-1,-1,-1
30,16,1593.93,240.40,61.52,183.24,0.3559,-1,-1,-1
31,1,383.71,374.67,87.22,233.12,0.7516,-1,-1,-1
31,2,103.14,546.86,76.78,246.37,0.7404,-1,-1,-1
31,3,1168.25,977.37,66.03,102.64,0.6157,-1,-1,-1
31,4,1723.33,455.20,73.28,212.08,0.6545,-1,-1,-1
31,5,1356.63,569.64,80.43,214.01,0.5914,-1,-1,-1
31,6,0.65,817.65,59.44,237.94,0.6491,-1,-1,-1
31,7,1022.20,155.32,67.44,181.94,0.3513,-1,-1,-1
31,9,194.80,357.06,69.01,210.82,0.3465,-1,-1,-1
31,10,790.49,148.16,60.12,175.36,0.4282,-1,-1,-1
31,16,1589.84,238.46,62.15,181.72,0.3096,-1,-1,-1
32,1,383.70,373.17,91.27,232.27,0.7457,-1,-1,-1
32,2,103.13,546.68,76.37,246.50,0.7472,-1,-1,-1
32,3,1169.09,978.22,66.73,101.81,0.6746,-1,-1,-1
32,4,1722.64,457.33,75.39,209.33,0.6534,-1,-1,-1
32,5,1356.48,569.81,80.05,214.28,0.6039,-1,-1,-1
32,6,0.74,815.42,59.74,243.28,0.6162,-1,-1,-1
32,9,193.06,349.47,70.01,214.51,0.3971,-1,-1,-1
32,10,791.66,148.78,58.99,174.88,0.4570,-1,-1,-1
32,16,1589.36,236.56,59.50,183.00,0.3030,-1,-1,-1
33,1,384.19,370.82,93.02,232.78,0.7501,-1,-1,-1
33,2,102.68,546.74,78.08,246.59,0.7486,-1,-1,-1
33,3,1170.85,979.16,66.98,100.86,0.6781,-1,-1,-1
33,4,1722.38,457.39,75.09,210.24,0.6571,-1,-1,-1
33,5,1356.19,569.53,81.20,217.41,0.6021,-1,-1,-1
33,6,0.40,813.69,60.77,248.44,0.6217,-1,-1,-1
33,7,1019.48,156.92,67.35,183.81,0.3643,-1,-1,-1
33,8,493.32,159.82,83.59,195.88,0.3918,-1,-1,-1
33,9,190.45,348.79,70.53,217.02,0.4230,-1,-1,-1
33,10,790.75,149.01,59.65,174.20,0.4375,-1,-1,-1
33,14,1834.81,250.08,71.63,191.35,0.3130,-1,-1,-1
34,1,384.98,370.46,92.34,231.61,0.7515,-1,-1,-1
34,2,102.76,546.84,77.73,246.55,0.7391,-1,-1,-1
34,3,1173.85,981.19,66.54,98.88,0.6763,-1,-1,-1
34,4,1722.74,458.20,74.18,208.07,0.6499,-1,-1,-1
34,5,1356.89,569.24,80.97,216.73,0.5996,-1,-1,-1
34,6,0.50,811.55,61.23,249.31,0.6135,-1,-1,-1
34,7,1021.62,155.32,61.42,187.17,0.4152,-1,-1,-1
34,8,492.91,160.48,82.12,195.38,0.3893,-1,-1,-1
34,9,188.66,352.66,69.82,210.39,0.4157,-1,-1,-1
34,10,790.53,148.67,59.14,175.10,0.4324,-1,-1,-1
34,14,1835.79,250.60,68.62,190.38,0.3188,-1,-1,-1
35,1,384.81,369.54,93.11,232.91,0.7410,-1,-1,-1
35,2,102.47,546.88,78.54,247.07,0.7346,-1,-1,-1
35,3,1177.73,982.50,64.16,97.53,0.6624,-1,-1,-1
35,4,1722.50,457.51,73.91,208.59,0.6606,-1,-1,-1
35,5,1355.81,569.36,81.84,215.71,0.6011,-1,-1,-1
35,6,0.03,811.14,63.24,253.03,0.5751,-1,-1,-1
35,7,1022.02,155.99,60.78,184.89,0.4622,-1,-1,-1
35,8,493.97,160.73,80.10,194.98,0.3989,-1,-1,-1
35,9,187.29,344.60,64.95,212.50,0.4548,-1,-1,-1
35,10,791.11,148.55,59.03,175.15,0.4427,-1,-1,-1
35,14,1837.24,251.09,68.61,188.25,0.3249,-1,-1,-1
36,1,385.27,369.04,91.98,233.14,0.7009,-1,-1,-1
36,2,102.89,547.10,77.34,246.37,0.7385,-1,-1,-1
36,3,1179.83,984.29,64.40,95.76,0.6412,-1,-1,-1
36,4,1722.93,458.77,74.18,207.78,0.6161,-1,-1,-1
36,5,1355.96,569.49,82.21,216.66,0.5767,-1,-1,-1
36,6,0.26,809.91,63.38,249.31,0.5426,-1,-1,-1
36,7,954.76,193.16,65.23,176.84,0.3265,-1,-1,-1
36,8,494.77,160.77,77.28,194.11,0.4165,-1,-1,-1
36,9,187.94,364.20,62.57,196.19,0.3995,-1,-1,-1
36,10,790.95,149.08,59.07,174.12,0.4402,-1,-1,-1
36,14,1839.90,249.72,66.86,188.90,0.3537,-1,-1,-1
36,17,384.69,995.02,90.48,84.94,0.4535,-1,-1,-1
37,1,386.16,367.87,88.92,233.99,0.6902,-1,-1,-1
37,2,103.04,547.25,76.63,245.61,0.7344,-1,-1,-1
37,3,1182.55,984.51,64.79,95.47,0.6850,-1,-1,-1
37,4,1723.11,457.44,73.91,209.38,0.6401,-1,-1,-1
37,5,1356.31,569.20,82.00,218.95,0.5677,-1,-1,-1
37,6,-0.11,809.02,65.53,248.49,0.6285,-1,-1,-1
37,7,946.10,200.39,69.30,173.92,0.4378,-1,-1,-1
37,8,494.86,162.11,75.91,193.06,0.4226,-1,-1,-1
37,9,187.15,362.24,62.27,194.90,0.4086,-1,-1,-1
37,10,790.32,148.79,59.86,174.83,0.4360,-1,-1,-1
37,14,1839.80,252.03,63.76,184.99,0.3773,-1,-1,-1
37,17,384.30,993.96,92.22,86.01,0.5152,-1,-1,-1
37,19,1021.84,158.11,61.68,183.66,0.5344,-1,-1,-1
38,1,387.49,366.68,85.17,235.31,0.6937,-1,-1,-1
38,2,102.82,546.88,76.43,245.41,0.7328,-1,-1,-1
38,3,1184.19,984.27,66.92,95.69,0.6922,-1,-1,-1
38,4,1722.60,458.37,74.64,207.48,0.6428,-1,-1,-1
38,5,1355.77,569.18,81.95,214.24,0.6049,-1,-1,-1
38,6,0.19,808.66,66.19,245.65,0.6404,-1,-1,-1
38,7,935.71,202.36,75.77,172.83,0.3836,-1,-1,-1
38,8,494.22,162.68,75.84,192.77,0.4184,-1,-1,-1
38,9,185.85,364.74,61.63,191.63,0.4321,-1,-1,-1
38,10,791.09,149.10,58.90,175.15,0.4243,-1,-1,-1
38,14,1840.57,252.55,62.98,185.21,0.3217,-1,-1,-1
38,17,384.48,992.83,93.40,87.16,0.5469,-1,-1,-1
38,19,1023.72,158.62,60.33,184.30,0.5451,-1,-1,-1
39,1,387.56,365.42,84.40,237.02,0.6891,-1,-1,-1
39,2,102.32,547.25,77.58,244.87,0.7308,-1,-1,-1
39,3,1186.94,983.56,68.65,96.39,0.6789,-1,-1,-1
39,4,1722.59,456.85,73.41,209.75,0.6227,-1,-1,-1
39,5,1357.16,568.07,80.90,217.36,0.5814,-1,-1,-1
39,6,0.62,807.47,65.95,244.47,0.6523,-1,-1,-1
39,7,923.79,201.41,86.61,172.60,0.5013,-1,-1,-1
39,8,494.51,163.29,74.74,191.70,0.4237,-1,-1,-1
39,9,183.38,362.26,63.31,194.61,0.4939,-1,-1,-1
39,10,790.88,148.84,58.90,175.14,0.4153,-1,-1,-1
39,14,1840.40,252.89,64.27,184.73,0.3539,-1,-1,-1
39,17,384.59,991.57,92.79,88.41,0.5276,-1,-1,-1
39,19,1022.07,158.82,62.13,183.03,0.5211,-1,-1,-1
40,1,387.86,366.94,86.64,235.14,0.6972,-1,-1,-1
40,2,102.20,547.00,77.51,244.87,0.7335,-1,-1,-1
40,3,1190.81,983.67,69.28,96.31,0.6545,-1,-1,-1
40,4,1722.73,456.25,73.48,210.99,0.6273,-1,-1,-1
40,5,1357.48,569.48,80.19,212.59,0.6151,-1,-1,-1
40,6,0.87,806.37,65.74,242.15,0.6072,-1,-1,-1
40,7,914.97,197.79,96.12,175.92,0.5105,-1,-1,-1
40,8,494.26,167.08,72.96,191.58,0.4405,-1,-1,-1
40,9,181.21,363.37,62.81,192.70,0.4306,-1,-1,-1
40,10,791.14,148.96,58.07,176.01,0.4046,-1,-1,-1
40,14,1838.07,253.07,67.68,186.88,0.3340,-1,-1,-1
40,17,385.20,989.90,92.74,90.06,0.5279,-1,-1,-1
40,19,1021.73,159.07,62.56,182.46,0.5093,-1,-1,-1
41,1,389.52,366.17,85.25,235.36,0.6909,-1,-1,-1
41,2,102.29,546.69,77.67,245.73,0.7313,-1,-1,-1
41,3,1193.17,984.96,67.56,95.07,0.6802,-1,-1,-1
41,4,1722.49,455.83,73.86,211.11,0.6395,-1,-1,-1
41,5,1356.85,568.81,80.92,215.54,0.6073,-1,-1,-1
41,6,0.75,805.45,66.50,242.90,0.6001,-1,-1,-1
41,7,911.41,203.04,100.35,170.55,0.5440,-1,-1,-1
41,8,495.68,165.97,75.24,191.01,0.3632,-1,-1,-1
41,9,179.72,361.18,62.13,194.66,0.3636,-1,-1,-1
41,10,791.37,149.14,57.33,175.17,0.4079,-1,-1,-1
41,17,385.19,989.21,93.47,90.82,0.4924,-1,-1,-1
41,19,1021.38,159.08,62.74,181.02,0.4771,-1,-1,-1
42,1,390.43,364.57,84.90,235.50,0.7104,-1,-1,-1
42,2,102.20,546.70,78.40,245.76,0.7402,-1,-1,-1
42,3,1195.66,984.80,69.06,95.18,0.6923,-1,-1,-1
42,4,1721.95,454.94,74.06,211.49,0.6461,-1,-1,-1
42,5,1356.90,569.36,80.34,214.37,0.6145,-1,-1,-1
42,6,0.73,802.62,66.71,242.96,0.6312,-1,-1,-1
42,7,908.43,200.53,102.60,173.13,0.5451,-1,-1,-1
42,8,495.41,167.22,75.12,191.92,0.3718,-1,-1,-1
42,9,179.52,369.75,59.75,188.50,0.3295,-1,-1,-1
42,10,791.15,148.86,57.33,176.99,0.4202,-1,-1,-1
42,17,384.24,987.76,94.56,92.22,0.5331,-1,-1,-1
42,19,1021.16,159.50,62.70,181.97,0.4734,-1,-1,-1
43,1,391.24,365.08,85.13,233.26,0.7374,-1,-1,-1
43,2,101.88,546.84,78.42,245.90,0.7338,-1,-1,-1
43,3,1198.46,985.06,70.76,94.92,0.6623,-1,-1,-1
43,4,1722.37,454.67,73.57,212.19,0.6162,-1,-1,-1
43,5,1356.76,569.15,80.52,214.48,0.6090,-1,-1,-1
43,6,0.57,797.54,67.15,232.67,0.6608,-1,-1,-1
43,7,904.42,196.50,104.67,176.50,0.4978,-1,-1,-1
43,8,494.00,168.06,76.77,194.54,0.3847,-1,-1,-1
43,10,790.39,149.29,58.96,176.19,0.4042,-1,-1,-1
43,17,383.15,987.71,95.46,92.36,0.5402,-1,-1,-1
43,19,1021.49,159.83,62.10,183.30,0.4672,-1,-1,-1
44,1,391.55,364.71,85.97,231.50,0.7343,-1,-1,-1
44,2,102.02,547.20,77.84,245.37,0.7334,-1,-1,-1
44,3,1198.96,985.38,71.71,94.61,0.6688,-1,-1,-1
44,4,1720.97,457.62,75.33,209.25,0.6474,-1,-1,-1
44,5,1356.84,569.00,81.08,216.69,0.6236,-1,-1,-1
44,6,0.61,794.58,67.38,229.33,0.6726,-1,-1,-1
44,7,902.86,193.99,100.50,179.42,0.3167,-1,-1,-1
44,8,494.26,169.18,76.22,195.66,0.3771,-1,-1,-1
44,9,175.44,364.97,58.19,190.71,0.3525,-1,-1,-1
44,10,790.96,149.17,58.10,176.14,0.4005,-1,-1,-1
44,14,1840.86,255.42,78.34,194.80,0.3252,-1,-1,-1
44,17,382.61,985.32,95.96,94.61,0.5968,-1,-1,-1
44,19,1021.59,160.26,61.31,184.40,0.4379,-1,-1,-1
45,1,393.14,361.81,85.05,232.28,0.7371,-1,-1,-1
45,2,101.79,546.74,77.49,245.81,0.7425,-1,-1,-1
45,3,1200.19,985.72,72.57,94.27,0.6709,-1,-1,-1
45,4,1721.64,458.76,74.38,207.68,0.6321,-1,-1,-1
45,5,1356.34,568.79,81.03,216.34,0.6345,-1,-1,-1
45,6,0.64,792.64,67.42,228.98,0.6685,-1,-1,-1
45,8,495.46,172.48,74.27,194.11,0.3115,-1,-1,-1
45,9,173.98,358.45,55.57,195.44,0.3643,-1,-1,-1
45,10,790.49,149.16,58.84,175.70,0.4243,-1,-1,-1
45,14,1842.15,256.85,73.13,197.16,0.3492,-1,-1,-1
45,17,381.16,984.82,95.71,95.22,0.5952,-1,-1,-1
45,19,1019.46,161.65,65.59,182.58,0.3991,-1,-1,-1
46,1,395.20,360.63,82.61,231.87,0.7422,-1,-1,-1
46,2,101.68,546.35,77.85,246.26,0.7447,-1,-1,-1
46,3,1200.56,986.22,71.78,93.79,0.6854,-1,-1,-1
46,4,1720.76,459.20,75.05,206.56,0.6155,-1,-1,-1
46,5,1356.17,569.44,82.42,216.92,0.6039,-1,-1,-1
46,6,0.55,790.54,68.19,229.60,0.6718,-1,-1,-1
46,8,491.98,173.98,78.38,193.75,0.3314,-1,-1,-1
46,9,172.42,353.23,54.68,200.38,0.3621,-1,-1,-1
46,10,790.67,149.28,58.26,175.12,0.3893,-1,-1,-1
46,14,1843.34,257.34,74.15,200.88,0.3300,-1,-1,-1
46,17,380.04,978.32,96.57,101.38,0.6033,-1,-1,-1
46,19,1019.13,161.98,65.62,182.24,0.4088,-1,-1,-1
47,1,395.51,358.35,83.44,232.16,0.7461,-1,-1,-1
47,2,101.46,546.31,78.03,246.24,0.7292,-1,-1,-1
47,3,1201.41,986.20,73.09,93.78,0.6670,-1,-1,-1
47,4,1721.38,458.96,74.73,208.04,0.6306,-1,-1,-1
47,5,1356.60,569.49,81.44,215.79,0.5933,-1,-1,-1
47,6,0.66,789.47,68.88,232.09,0.6183,-1,-1,-1
47,7,903.85,173.22,75.40,199.79,0.3144,-1,-1,-1
47,8,507.74,180.00,57.36,186.61,0.3161,-1,-1,-1
47,9,169.65,344.48,58.58,208.80,0.3911,-1,-1,-1
47,10,789.97,149.40,60.30,174.81,0.4296,-1,-1,-1
47,14,1844.57,259.14,73.58,202.32,0.3460,-1,-1,-1
47,17,379.97,972.21,97.25,107.49,0.5909,-1,-1,-1
47,19,1018.98,162.86,63.73,183.61,0.3951,-1,-1,-1
48,1,396.33,356.90,83.65,229.73,0.7647,-1,-1,-1
48,2,101.65,546.08,77.82,246.97,0.7353,-1,-1,-1
48,3,1203.22,984.52,76.60,95.32,0.6326,-1,-1,-1
48,4,1721.50,459.57,74.33,206.10,0.6357,-1,-1,-1
48,5,1356.50,569.06,82.93,216.93,0.6132,-1,-1,-1
48,6,0.55,789.03,70.33,234.44,0.5857,-1,-1,-1
48,8,507.30,183.17,56.96,182.94,0.3326,-1,-1,-1
48,9,168.89,344.64,57.21,211.17,0.3360,-1,-1,-1
48,10,790.62,149.51,59.76,175.62,0.4552,-1,-1,-1
48,14,1847.74,262.96,67.05,200.58,0.3696,-1,-1,-1
48,17,378.83,965.04,98.99,114.66,0.6089,-1,-1,-1
48,19,1018.64,163.14,63.20,183.02,0.3309,-1,-1,-1
49,1,396.24,356.38,84.56,226.57,0.7608,-1,-1,-1
49,2,101.55,546.07,77.86,246.97,0.7393,-1,-1,-1
49,3,1203.44,983.43,77.61,96.51,0.6518,-1,-1,-1
49,4,1720.91,458.73,74.74,207.40,0.6575,-1,-1,-1
49,5,1356.52,569.56,82.50,218.03,0.6018,-1,-1,-1
49,6,0.29,785.63,72.29,246.34,0.6188,-1,-1,-1
49,8,492.59,180.08,75.26,188.51,0.3703,-1,-1,-1
49,9,166.94,353.04,58.62,203.70,0.3555,-1,-1,-1
49,10,790.42,149.19,60.38,176.06,0.4317,-1,-1,-1
49,14,1849.57,264.45,64.62,200.78,0.3337,-1,-1,-1
49,15,862.89,153.02,54.94,174.33,0.3164,-1,-1,-1
49,17,378.38,963.68,99.82,116.38,0.5888,-1,-1,-1
49,19,1016.47,164.68,65.31,182.94,0.3711,-1,-1,-1
50,1,395.86,355.01,85.80,225.95,0.7546,-1,-1,-1
50,2,101.62,546.12,77.89,246.51,0.7482,-1,-1,-1
50,3,1203.57,982.74,78.42,97.22,0.6281,-1,-1,-1
50,4,1721.07,459.10,74.31,206.71,0.6391,-1,-1,-1
50,5,1357.09,569.77,81.48,215.54,0.6122,-1,-1,-1
50,6,0.25,785.27,74.01,249.02,0.6055,-1,-1,-1
50,8,492.10,179.29,76.88,191.42,0.3775,-1,-1,-1
50,10,790.42,149.00,59.64,177.05,0.4070,-1,-1,-1
50,14,1852.59,266.16,66.04,200.03,0.3915,-1,-1,-1
50,17,380.84,961.35,97.75,117.49,0.5867,-1,-1,-1
50,19,1016.92,164.67,61.89,177.01,0.3841,-1,-1,-1
51,1,395.91,354.34,86.66,223.19,0.7538,-1,-1,-1
51,2,101.85,545.51,77.57,247.36,0.7505,-1,-1,-1
51,3,1204.35,981.56,78.83,98.37,0.6111,-1,-1,-1
51,4,1720.57,460.17,74.68,205.20,0.6227,-1,-1,-1
51,5,1357.09,569.19,81.31,214.75,0.6198,-1,-1,-1
51,6,1.04,783.22,73.86,247.35,0.6422,-1,-1,-1
51,8,493.33,180.15,76.15,191.62,0.3679,-1,-1,-1
51,10,790.54,148.70,59.72,177.72,0.4134,-1,-1,-1
51,14,1854.21,266.92,62.83,196.39,0.3626,-1,-1,-1
51,17,381.12,956.84,97.68,122.84,0.5503,-1,-1,-1
51,19,1016.74,166.70,61.76,174.34,0.4440,-1,-1,-1
52,1,396.94,353.14,86.60,224.12,0.7677,-1,-1,-1
52,2,102.18,545.42,76.86,247.02,0.7519,-1,-1,-1
52,3,1203.83,981.70,79.22,98.32,0.6304,-1,-1,-1
52,4,1722.24,456.02,73.07,210.38,0.6266,-1,-1,-1
52,5,1356.89,569.16,81.30,215.43,0.6233,-1,-1,-1
52,6,1.45,782.23,74.75,244.84,0.6113,-1,-1,-1
52,8,489.47,179.95,80.98,191.26,0.3819,-1,-1,-1
52,10,789.69,149.11,60.72,178.15,0.3952,-1,-1,-1
52,17,382.06,952.59,98.48,127.27,0.5450,-1,-1,-1
52,19,1016.20,168.31,63.09,179.44,0.4711,-1,-1,-1
53,1,398.56,351.42,85.10,226.09,0.7697,-1,-1,-1
53,2,102.59,545.16,75.62,247.50,0.7453,-1,-1,-1
53,3,1203.87,979.99,79.09,99.94,0.6525,-1,-1,-1
53,4,1722.18,455.96,73.42,209.43,0.6261,-1,-1,-1
53,5,1357.14,569.53,81.70,213.61,0.6401,-1,-1,-1
53,6,3.21,780.99,72.59,241.84,0.6510,-1,-1,-1
53,8,488.59,180.31,83.02,190.80,0.4034,-1,-1,-1
53,10,789.20,148.43,61.50,177.86,0.4121,-1,-1,-1
53,14,1860.00,265.03,59.48,197.73,0.3205,-1,-1,-1
53,17,381.99,949.98,101.33,129.60,0.6933,-1,-1,-1
53,19,1015.94,169.07,62.62,181.71,0.4505,-1,-1,-1
54,1,398.50,350.93,85.59,226.67,0.7711,-1,-1,-1
54,2,102.50,544.87,75.70,248.16,0.7479,-1,-1,-1
54,3,1202.87,979.78,80.51,100.22,0.6571,-1,-1,-1
54,4,1722.02,456.04,73.49,209.94,0.6240,-1,-1,-1
54,5,1356.95,569.13,82.14,214.05,0.6411,-1,-1,-1
54,6,5.47,778.20,70.34,237.18,0.6455,-1,-1,-1
54,8,488.22,180.25,84.35,190.68,0.3868,-1,-1,-1
54,10,789.58,148.77,61.62,176.97,0.3981,-1,-1,-1
54,14,1861.91,262.74,57.44,203.69,0.3113,-1,-1,-1
54,17,382.94,948.86,103.59,129.42,0.7180,-1,-1,-1
54,19,1013.88,171.22,62.22,181.79,0.4274,-1,-1,-1
55,1,399.56,349.69,84.71,228.61,0.7785,-1,-1,-1
55,2,102.49,545.17,75.78,248.59,0.7363,-1,-1,-1
55,3,1203.20,979.00,80.66,100.99,0.6651,-1,-1,-1
55,4,1722.23,456.92,74.17,210.75,0.6376,-1,-1,-1
55,5,1357.64,569.04,80.89,215.46,0.6082,-1,-1,-1
55,6,7.30,774.25,69.49,237.40,0.6805,-1,-1,-1
55,8,488.49,179.91,84.05,191.40,0.4235,-1,-1,-1
55,10,790.05,148.98,60.97,176.78,0.4251,-1,-1,-1
55,14,1864.46,262.08,55.10,207.49,0.3406,-1,-1,-1
55,17,383.08,947.20,106.51,131.65,0.6929,-1,-1,-1
55,19,1012.26,173.47,62.92,181.63,0.4561,-1,-1,-1
56,1,400.07,349.36,84.24,229.82,0.7878,-1,-1,-1
56,2,102.50,544.39,75.97,249.31,0.7376,-1,-1,-1
56,3,1202.89,977.31,80.87,102.63,0.6744,-1,-1,-1
56,4,1721.93,455.81,73.50,210.64,0.6445,-1,-1,-1
56,5,1357.08,569.23,80.71,216.34,0.6102,-1,-1,-1
56,6,7.80,771.95,70.25,235.13,0.6943,-1,-1,-1
56,8,488.66,179.99,81.83,191.44,0.4782,-1,-1,-1
56,10,790.08,148.77,61.46,177.76,0.4100,-1,-1,-1
56,16,1472.58,216.22,65.64,191.53,0.3182,-1,-1,-1
56,17,383.97,946.73,106.09,132.97,0.6985,-1,-1,-1
56,19,1014.07,175.04,60.18,180.24,0.4680,-1,-1,-1
57,1,400.01,348.14,83.76,230.86,0.7938,-1,-1,-1
57,2,102.36,544.91,76.07,249.50,0.7329,-1,-1,-1
57,3,1202.07,976.17,81.71,103.81,0.6850,-1,-1,-1
57,4,1721.76,458.68,73.44,207.17,0.6509,-1,-1,-1
57,5,1356.86,569.08,81.62,213.46,0.6174,-1,-1,-1
57,6,6.47,771.01,72.00,230.67,0.7197,-1,-1,-1
57,8,487.99,180.90,81.42,190.85,0.4590,-1,-1,-1
57,10,789.85,148.67,62.10,178.76,0.4009,-1,-1,-1
57,16,1470.82,215.64,64.87,190.39,0.3341,-1,-1,-1
57,17,385.69,945.94,105.57,133.44,0.7176,-1,-1,-1
57,19,1011.35,176.46,61.04,179.71,0.4636,-1,-1,-1
58,1,399.76,347.21,84.57,231.52,0.7873,-1,-1,-1
58,2,102.74,545.30,75.42,249.09,0.7288,-1,-1,-1
58,3,1201.22,976.25,83.20,103.77,0.6688,-1,-1,-1
58,4,1722.21,455.61,72.82,209.73,0.6400,-1,-1,-1
58,5,1357.15,569.49,81.12,214.87,0.6247,-1,-1,-1
58,6,6.58,767.33,74.15,229.07,0.7118,-1,-1,-1
58,8,488.40,181.48,80.12,191.06,0.4484,-1,-1,-1
58,10,790.24,148.99,61.54,178.55,0.3946,-1,-1,-1
58,16,1469.33,214.37,64.49,189.20,0.3099,-1,-1,-1
58,17,387.43,944.85,104.05,135.11,0.6723,-1,-1,-1
58,19,1011.11,179.30,59.85,179.04,0.4566,-1,-1,-1
59,1,401.31,345.61,83.51,233.26,0.7851,-1,-1,-1
59,2,102.71,545.13,75.29,249.46,0.7327,-1,-1,-1
59,3,1199.31,975.72,85.21,104.28,0.6719,-1,-1,-1
59,4,1723.00,455.99,72.95,210.90,0.6377,-1,-1,-1
59,5,1356.99,568.64,81.45,213.15,0.6413,-1,-1,-1
59,6,6.37,765.25,75.88,224.98,0.7217,-1,-1,-1
59,8,488.37,181.94,81.60,191.52,0.4378,-1,-1,-1
59,10,789.51,148.86,60.81,178.51,0.3894,-1,-1,-1
59,17,388.21,943.56,103.14,136.09,0.7142,-1,-1,-1
59,19,1009.93,180.39,60.71,178.36,0.3744,-1,-1,-1
60,1,402.06,346.00,82.18,231.55,0.7925,-1,-1,-1
60,2,102.20,545.20,75.85,250.53,0.7259,-1,-1,-1
60,3,1198.99,974.72,85.17,105.26,0.6700,-1,-1,-1
60,4,1721.98,458.74,73.62,207.49,0.6275,-1,-1,-1
60,5,1356.84,569.05,81.25,215.28,0.6262,-1,-1,-1
60,6,9.50,760.28,70.27,225.27,0.7345,-1,-1,-1
60,8,488.86,183.17,80.24,191.14,0.4531,-1,-1,-1
60,10,789.73,148.66,61.45,184.16,0.4231,-1,-1,-1
60,16,1466.63,211.94,64.17,192.42,0.3100,-1,-1,-1
60,17,387.70,940.35,105.43,138.64,0.7101,-1,-1,-1
60,19,1006.73,181.31,63.17,177.99,0.3406,-1,-1,-1
61,1,401.70,344.35,82.47,230.94,0.7977,-1,-1,-1
61,2,103.01,546.34,74.13,247.68,0.7279,-1,-1,-1
61,3,1196.46,972.09,86.08,107.80,0.6306,-1,-1,-1
61,4,1722.71,457.70,72.06,207.57,0.6112,-1,-1,-1
61,5,1357.31,569.29,80.88,214.12,0.6299,-1,-1,-1
61,6,10.26,758.09,68.92,225.79,0.7307,-1,-1,-1
61,8,493.42,189.61,72.39,187.03,0.4803,-1,-1,-1
61,10,788.83,148.55,62.88,187.45,0.3661,-1,-1,-1
61,17,386.93,938.95,107.78,140.57,0.6141,-1,-1,-1
61,19,1007.15,181.93,61.85,176.78,0.3029,-1,-1,-1
62,1,402.14,343.04,81.71,230.90,0.7907,-1,-1,-1
62,2,103.03,546.84,74.23,247.44,0.7287,-1,-1,-1
62,3,1195.79,972.38,86.52,107.67,0.6220,-1,-1,-1
62,4,1722.51,456.49,73.25,209.22,0.6000,-1,-1,-1
62,5,1357.70,569.27,80.43,214.71,0.6174,-1,-1,-1
62,6,10.94,756.41,68.86,225.89,0.7302,-1,-1,-1
62,8,492.93,190.27,72.88,188.87,0.4967,-1,-1,-1
62,10,790.24,148.19,61.02,186.94,0.3199,-1,-1,-1
62,17,385.59,936.62,108.54,142.01,0.5694,-1,-1,-1
62,19,1008.21,183.98,60.71,175.10,0.3032,-1,-1,-1
63,1,402.05,341.02,82.25,232.16,0.7965,-1,-1,-1
63,2,103.21,546.70,73.86,247.38,0.7298,-1,-1,-1
63,3,1194.16,971.93,87.52,108.09,0.6573,-1,-1,-1
63,4,1721.51,458.61,74.33,207.52,0.5906,-1,-1,-1
63,5,1356.93,568.87,81.18,213.58,0.6020,-1,-1,-1
63,6,10.32,755.49,71.33,229.62,0.7189,-1,-1,-1
63,8,491.31,188.51,74.49,195.57,0.5326,-1,-1,-1
63,17,385.86,934.64,106.91,144.29,0.6604,-1,-1,-1
64,1,402.30,338.44,82.41,232.17,0.7907,-1,-1,-1
64,2,102.46,546.42,74.78,248.67,0.7195,-1,-1,-1
64,3,1192.83,973.38,86.95,106.70,0.6856,-1,-1,-1
64,4,1721.96,456.40,73.75,209.56,0.6059,-1,-1,-1
64,5,1356.09,569.54,81.60,215.86,0.5977,-1,-1,-1
64,6,11.03,753.72,70.88,229.80,0.7204,-1,-1,-1
64,8,493.24,191.52,72.54,194.34,0.4907,-1,-1,-1
64,17,385.05,930.59,108.90,148.71,0.6716,-1,-1,-1
64,19,1003.83,186.38,62.35,171.30,0.3625,-1,-1,-1
65,1,402.01,336.81,82.77,232.19,0.7933,-1,-1,-1
65,2,102.72,547.09,74.59,246.89,0.7280,-1,-1,-1
65,3,1192.21,973.42,85.09,106.61,0.6846,-1,-1,-1
65,4,1720.48,459.67,75.40,206.70,0.6133,-1,-1,-1
65,5,1356.04,569.13,82.99,214.29,0.6283,-1,-1,-1
65,6,11.04,752.81,71.00,233.02,0.7136,-1,-1,-1
65,8,494.03,191.81,72.07,194.90,0.5081,-1,-1,-1
65,17,385.51,923.49,107.36,155.91,0.5634,-1,-1,-1
65,19,1003.59,187.23,62.43,171.55,0.3134,-1,-1,-1
66,1,402.23,334.91,83.23,231.95,0.7929,-1,-1,-1
66,2,102.69,546.33,75.64,247.94,0.7208,-1,-1,-1
66,3,1190.03,971.70,84.80,108.26,0.7063,-1,-1,-1
66,4,1719.75,459.35,75.84,207.75,0.6260,-1,-1,-1
66,5,1355.83,568.58,83.35,216.26,0.6046,-1,-1,-1
66,6,10.91,751.37,71.34,234.33,0.7134,-1,-1,-1
66,8,496.24,190.76,68.88,196.06,0.5281,-1,-1,-1
66,17,387.23,917.32,104.13,162.40,0.5605,-1,-1,-1
66,19,1004.23,187.98,60.07,174.45,0.3622,-1,-1,-1
67,1,402.08,333.95,84.71,228.98,0.7944,-1,-1,-1
67,2,102.75,546.79,75.82,247.51,0.7250,-1,-1,-1
67,3,1188.55,971.78,86.48,108.24,0.6942,-1,-1,-1
67,4,1720.61,458.95,74.89,206.83,0.5965,-1,-1,-1
67,5,1356.90,569.08,81.56,214.28,0.5982,-1,-1,-1
67,6,10.53,749.21,71.70,237.24,0.7028,-1,-1,-1
67,8,495.37,190.95,69.87,199.61,0.5657,-1,-1,-1
67,17,385.57,913.44,105.68,164.91,0.6553,-1,-1,-1
67,19,1002.51,187.64,59.49,175.31,0.4069,-1,-1,-1
68,1,402.99,333.58,84.20,226.76,0.7902,-1,-1,-1
68,2,102.65,546.62,75.94,247.84,0.7294,-1,-1,-1
68,3,1185.15,969.80,86.06,110.14,0.6957,-1,-1,-1
68,4,1721.54,459.48,74.10,206.97,0.6081,-1,-1,-1
68,5,1356.55,568.15,82.22,216.10,0.5953,-1,-1,-1
68,6,10.41,746.74,71.97,241.13,0.7077,-1,-1,-1
68,8,495.22,192.41,69.20,197.36,0.5750,-1,-1,-1
68,17,384.85,911.94,106.58,166.06,0.7051,-1,-1,-1
68,19,1001.07,188.10,61.30,176.69,0.4874,-1,-1,-1
69,1,402.60,332.30,85.55,225.71,0.7834,-1,-1,-1
69,2,102.82,546.62,75.20,248.24,0.7309,-1,-1,-1
69,3,1183.75,969.64,86.08,110.32,0.6797,-1,-1,-1
69,4,1722.70,457.13,74.45,212.26,0.5947,-1,-1,-1
69,5,1356.80,568.74,81.79,217.24,0.5962,-1,-1,-1
69,6,10.52,744.82,71.98,241.93,0.7102,-1,-1,-1
69,8,492.33,193.38,74.97,195.59,0.5869,-1,-1,-1
69,17,384.54,910.53,107.00,168.24,0.6853,-1,-1,-1
69,19,1000.73,187.81,62.09,177.23,0.5338,-1,-1,-1
70,1,402.66,331.47,86.08,223.98,0.7903,-1,-1,-1
70,2,103.16,546.28,74.69,248.44,0.7319,-1,-1,-1
70,3,1182.34,969.20,85.73,110.80,0.6649,-1,-1,-1
70,4,1722.95,455.31,74.30,212.53,0.6157,-1,-1,-1
70,5,1356.25,568.40,83.18,217.69,0.6087,-1,-1,-1
70,6,10.89,743.18,71.84,237.70,0.7152,-1,-1,-1
70,8,490.38,195.38,78.19,193.59,0.5919,-1,-1,-1
70,17,384.09,907.41,107.22,172.16,0.6793,-1,-1,-1
70,19,1000.38,187.70,61.36,178.05,0.5581,-1,-1,-1
71,1,403.07,329.95,85.45,223.72,0.7909,-1,-1,-1
71,2,102.25,545.11,76.06,250.44,0.7292,-1,-1,-1
71,3,1181.29,968.22,85.98,111.76,0.6676,-1,-1,-1
71,4,1722.30,456.56,74.88,211.11,0.6225,-1,-1,-1
71,5,1357.04,568.88,82.05,218.65,0.5627,-1,-1,-1
71,6,11.23,741.43,72.35,230.97,0.7212,-1,-1,-1
71,7,786.50,150.77,76.72,219.58,0.3588,-1,-1,-1
71,8,492.30,193.28,77.61,195.86,0.6135,-1,-1,-1
71,15,846.78,168.11,50.44,174.65,0.3337,-1,-1,-1
71,17,380.49,905.18,111.15,174.83,0.7093,-1,-1,-1
71,19,998.53,188.09,60.16,178.21,0.5614,-1,-1,-1
72,1,403.39,328.38,85.57,225.67,0.7885,-1,-1,-1
72,2,102.14,544.49,76.04,250.75,0.7259,-1,-1,-1
72,3,1180.21,965.86,85.07,114.04,0.5933,-1,-1,-1
72,4,1722.40,457.06,74.46,210.33,0.6192,-1,-1,-1
72,5,1357.22,569.12,82.22,218.17,0.6062,-1,-1,-1
72,6,10.76,737.63,73.65,228.41,0.7274,-1,-1,-1
72,7,780.19,147.36,84.71,222.57,0.3792,-1,-1,-1
72,8,487.37,193.32,84.13,196.33,0.5970,-1,-1,-1
72,15,843.96,169.49,52.74,175.88,0.3494,-1,-1,-1
72,17,379.84,903.74,111.26,176.30,0.7213,-1,-1,-1
72,19,998.27,188.46,58.29,178.92,0.5725,-1,-1,-1
73,1,404.50,327.84,84.80,227.23,0.7872,-1,-1,-1
73,2,101.87,545.17,76.33,250.02,0.7321,-1,-1,-1
73,3,1179.25,965.12,86.20,114.88,0.6094,-1,-1,-1
73,4,1722.87,456.20,74.47,213.08,0.6133,-1,-1,-1
73,5,1356.81,569.40,83.16,216.05,0.6160,-1,-1,-1
73,6,10.71,734.32,74.23,229.14,0.7478,-1,-1,-1
73,7,775.87,148.43,88.61,220.53,0.3039,-1,-1,-1
73,8,485.06,193.08,87.89,196.80,0.5927,-1,-1,-1
73,15,845.30,170.54,51.56,177.65,0.3473,-1,-1,-1
73,17,378.50,902.85,112.49,177.21,0.7151,-1,-1,-1
73,19,996.86,189.55,57.33,178.93,0.5500,-1,-1,-1
74,1,405.29,327.77,84.07,226.37,0.7842,-1,-1,-1
74,2,102.32,545.58,75.34,248.69,0.7220,-1,-1,-1
74,3,1178.13,965.03,87.42,115.01,0.6237,-1,-1,-1
74,4,1721.81,459.93,74.48,207.24,0.5958,-1,-1,-1
74,5,1356.47,569.55,82.92,214.99,0.6195,-1,-1,-1
74,6,10.73,732.12,74.86,225.49,0.7514,-1,-1,-1
74,8,484.68,194.90,88.90,195.00,0.5599,-1,-1,-1
74,15,844.92,171.37,53.24,179.44,0.3055,-1,-1,-1
74,17,378.84,900.76,111.88,179.27,0.6885,-1,-1,-1
74,19,998.14,190.10,54.59,181.04,0.5586,-1,-1,-1
75,1,405.12,326.95,84.33,226.95,0.7785,-1,-1,-1
75,2,101.86,545.10,75.42,249.52,0.7284,-1,-1,-1
75,3,1176.95,964.55,88.57,115.46,0.6363,-1,-1,-1
75,4,1722.27,457.18,74.26,211.81,0.6187,-1,-1,-1
75,5,1356.80,569.94,82.48,211.93,0.6548,-1,-1,-1
75,6,10.80,731.29,74.63,227.47,0.7486,-1,-1,-1
75,8,482.88,196.55,89.51,193.67,0.5708,-1,-1,-1
75,15,843.15,172.22,54.63,184.64,0.3013,-1,-1,-1
75,17,379.47,898.32,110.84,181.69,0.6778,-1,-1,-1
75,19,994.56,189.08,57.70,183.93,0.6141,-1,-1,-1
76,1,406.70,326.64,82.99,227.63,0.7724,-1,-1,-1
76,2,102.03,544.15,74.81,250.50,0.7220,-1,-1,-1
76,3,1176.80,963.95,88.66,116.05,0.6886,-1,-1,-1
76,4,1721.04,459.49,74.81,206.74,0.6303,-1,-1,-1
76,5,1356.15,570.62,83.18,212.42,0.6477,-1,-1,-1
76,6,11.05,729.49,74.08,230.96,0.7470,-1,-1,-1
76,8,486.32,200.14,86.67,191.24,0.5540,-1,-1,-1
76,16,1436.72,205.76,65.57,191.03,0.3226,-1,-1,-1
76,17,381.02,895.18,108.21,184.80,0.6904,-1,-1,-1
76,19,994.02,188.98,57.72,182.23,0.5748,-1,-1,-1
77,1,407.05,325.25,83.39,229.51,0.7668,-1,-1,-1
77,2,102.20,544.27,73.85,250.36,0.7224,-1,-1,-1
77,3,1176.71,963.93,88.24,116.09,0.6972,-1,-1,-1
77,4,1721.17,458.79,74.69,206.23,0.6226,-1,-1,-1
77,5,1355.86,569.90,84.78,214.89,0.6321,-1,-1,-1
77,6,11.11,728.05,74.10,231.25,0.7515,-1,-1,-1
77,8,494.23,201.73,77.67,188.66,0.5687,-1,-1,-1
77,16,1436.16,205.54,64.84,189.38,0.3562,-1,-1,-1
77,17,382.72,893.22,106.10,186.80,0.7466,-1,-1,-1
77,19,993.33,190.09,58.39,180.59,0.5922,-1,-1,-1
78,1,406.79,324.78,83.51,229.48,0.7694,-1,-1,-1
78,2,101.84,544.23,73.75,249.91,0.7233,-1,-1,-1
78,3,1176.36,963.10,88.32,116.90,0.7207,-1,-1,-1
78,4,1720.88,459.87,75.36,205.66,0.6372,-1,-1,-1
78,5,1355.40,571.54,85.30,214.54,0.6380,-1,-1,-1
78,6,10.64,727.02,75.91,233.96,0.7458,-1,-1,-1
78,8,490.69,205.16,78.37,186.37,0.6007,-1,-1,-1
78,16,1434.34,205.19,65.00,189.92,0.3353,-1,-1,-1
78,17,382.91,890.81,104.93,189.19,0.7540,-1,-1,-1
78,19,994.36,188.87,56.41,181.16,0.5644,-1,-1,-1
79,1,408.09,324.60,82.23,230.45,0.7798,-1,-1,-1
79,2,102.04,545.32,73.42,248.33,0.7258,-1,-1,-1
79,3,1176.26,963.18,88.06,116.84,0.7240,-1,-1,-1
79,4,1720.92,458.56,74.72,206.77,0.6468,-1,-1,-1
79,5,1355.21,572.47,85.28,213.53,0.6071,-1,-1,-1
79,6,11.49,726.70,75.83,233.01,0.7472,-1,-1,-1
79,8,489.70,202.73,80.76,192.09,0.5841,-1,-1,-1
79,17,385.90,887.14,101.68,192.83,0.7680,-1,-1,-1
79,19,992.13,190.42,58.35,178.62,0.5754,-1,-1,-1
80,1,409.65,324.40,80.80,229.39,0.7780,-1,-1,-1
80,2,102.24,545.65,72.97,248.20,0.7273,-1,-1,-1
80,3,1175.34,962.42,88.31,117.57,0.7371,-1,-1,-1
80,4,1721.07,459.97,75.12,206.08,0.6344,-1,-1,-1
80,5,1356.49,572.35,85.63,216.70,0.5754,-1,-1,-1
80,6,12.07,725.49,76.85,234.00,0.7277,-1,-1,-1
80,8,491.62,203.50,79.37,194.38,0.5726,-1,-1,-1
80,17,387.09,882.00,100.29,197.95,0.7885,-1,-1,-1
80,19,990.88,190.58,58.38,183.92,0.6078,-1,-1,-1
81,1,410.08,323.76,80.40,227.39,0.7615,-1,-1,-1
81,2,102.69,544.82,72.08,248.53,0.7278,-1,-1,-1
81,3,1176.76,961.91,86.33,118.09,0.7442,-1,-1,-1
81,4,1721.61,459.21,74.77,206.46,0.6201,-1,-1,-1
81,5,1355.61,571.71,85.94,217.67,0.5507,-1,-1,-1
81,6,13.20,724.91,75.30,233.68,0.7207,-1,-1,-1
81,8,492.21,204.25,78.48,196.57,0.5467,-1,-1,-1
81,16,1427.34,202.40,60.31,187.70,0.3166,-1,-1,-1
81,17,387.92,878.92,99.72,201.08,0.7855,-1,-1,-1
81,19,989.84,191.22,58.41,182.91,0.6100,-1,-1,-1
82,1,412.51,323.60,79.69,226.38,0.7528,-1,-1,-1
82,2,102.39,545.92,72.27,246.77,0.7279,-1,-1,-1
82,3,1176.21,961.42,85.43,118.58,0.7317,-1,-1,-1
82,4,1721.48,459.37,74.47,206.71,0.6201,-1,-1,-1
82,5,1355.85,571.91,85.76,217.63,0.5451,-1,-1,-1
82,6,13.24,721.87,77.24,236.49,0.7266,-1,-1,-1
82,8,494.70,207.15,76.58,194.95,0.5545,-1,-1,-1
82,16,1426.09,199.84,60.45,188.64,0.3005,-1,-1,-1
82,17,386.83,875.42,101.84,204.57,0.7833,-1,-1,-1
82,19,988.67,190.98,57.60,183.25,0.6095,-1,-1,-1
83,1,411.92,321.83,81.52,226.16,0.7641,-1,-1,-1
83,2,101.86,545.85,72.44,247.44,0.7278,-1,-1,-1
83,3,1175.51,961.88,84.68,118.16,0.7057,-1,-1,-1
83,4,1722.13,459.61,73.68,204.96,0.6159,-1,-1,-1
83,5,1356.24,571.27,85.66,218.95,0.5500,-1,-1,-1
83,6,14.85,720.50,75.62,237.82,0.7177,-1,-1,-1
83,8,494.27,207.16,78.71,194.93,0.5793,-1,-1,-1
83,16,1424.39,201.15,60.60,187.23,0.3057,-1,-1,-1
83,17,388.07,873.40,101.63,206.62,0.7796,-1,-1,-1
83,19,987.01,191.50,57.73,182.48,0.5994,-1,-1,-1
84,1,413.64,320.01,79.89,225.95,0.7627,-1,-1,-1
84,2,102.13,545.96,72.48,247.45,0.7183,-1,-1,-1
84,3,1174.81,961.54,84.49,118.46,0.7224,-1,-1,-1
84,4,1721.61,459.56,74.49,205.87,0.5940,-1,-1,-1
84,5,1356.26,571.92,85.40,216.75,0.5437,-1,-1,-1
84,6,14.87,718.68,75.38,239.76,0.7199,-1,-1,-1
84,8,496.07,208.40,77.08,196.55,0.5983,-1,-1,-1
84,10,793.99,149.19,55.43,170.99,0.3684,-1,-1,-1
84,17,388.25,871.13,102.55,208.88,0.7700,-1,-1,-1
84,19,985.94,191.84,57.47,182.23,0.6085,-1,-1,-1
85,1,413.45,318.42,81.94,224.47,0.7575,-1,-1,-1
85,2,101.79,544.97,73.09,249.26,0.7187,-1,-1,-1
85,3,1174.60,961.55,83.89,118.47,0.7154,-1,-1,-1
85,4,1721.03,460.58,75.16,205.76,0.5994,-1,-1,-1
85,5,1356.83,573.25,85.82,221.32,0.4904,-1,-1,-1
85,6,15.69,717.85,76.59,240.32,0.7212,-1,-1,-1
85,8,496.03,209.22,77.52,195.07,0.5914,-1,-1,-1
85,10,793.35,149.36,54.92,170.75,0.3151,-1,-1,-1
85,17,388.75,869.27,102.77,210.75,0.7789,-1,-1,-1
85,19,983.09,190.60,59.52,184.88,0.5486,-1,-1,-1
86,1,414.52,317.34,81.60,221.39,0.7630,-1,-1,-1
86,2,101.98,546.07,73.41,247.34,0.7209,-1,-1,-1
86,3,1172.54,961.16,85.47,118.84,0.7081,-1,-1,-1
86,4,1722.11,457.49,74.93,209.67,0.6081,-1,-1,-1
86,5,1357.24,573.51,85.28,214.34,0.5336,-1,-1,-1
86,6,17.21,715.91,75.78,235.07,0.7461,-1,-1,-1
86,8,496.24,209.02,78.35,197.76,0.6102,-1,-1,-1
86,10,793.06,149.50,56.08,172.27,0.3062,-1,-1,-1
86,16,1419.65,198.28,60.52,189.95,0.3150,-1,-1,-1
86,17,389.50,866.55,102.81,213.45,0.7884,-1,-1,-1
86,19,980.59,191.35,60.73,185.07,0.4825,-1,-1,-1
87,1,413.97,316.69,84.17,220.32,0.7753,-1,-1,-1
87,2,101.99,545.66,73.61,247.18,0.7339,-1,-1,-1
87,3,1173.41,960.69,83.31,119.31,0.7056,-1,-1,-1
87,4,1721.14,460.25,74.56,206.71,0.6337,-1,-1,-1
87,5,1357.08,573.73,84.01,215.01,0.5166,-1,-1,-1
87,6,18.95,713.54,74.16,225.23,0.7605,-1,-1,-1
87,8,495.70,209.85,80.55,195.86,0.6204,-1,-1,-1
87,10,792.03,149.24,57.14,173.31,0.3228,-1,-1,-1
87,15,835.15,179.44,61.39,189.33,0.3396,-1,-1,-1
87,17,389.75,864.75,103.94,215.26,0.7884,-1,-1,-1
87,19,978.61,191.68,62.52,181.47,0.4578,-1,-1,-1
87,21,747.52,186.88,51.96,178.14,0.4062,-1,-1,-1
88,1,413.72,315.43,85.07,220.08,0.7855,-1,-1,-1
88,2,101.98,546.30,73.60,246.31,0.7177,-1,-1,-1
88,3,1170.85,960.28,84.23,119.72,0.7422,-1,-1,-1
88,4,1720.67,460.19,74.91,206.30,0.6468,-1,-1,-1
88,5,1357.29,572.79,84.09,216.01,0.5495,-1,-1,-1
88,6,18.64,710.17,75.04,225.90,0.7287,-1,-1,-1
88,8,497.19,209.41,81.36,197.81,0.6166,-1,-1,-1
88,10,791.78,150.23,56.88,170.68,0.3240,-1,-1,-1
88,17,390.17,862.30,105.67,217.71,0.8054,-1,-1,-1
88,19,976.70,191.29,63.27,186.02,0.4209,-1,-1,-1
88,21,742.65,187.06,55.87,177.09,0.3602,-1,-1,-1
89,1,413.98,313.80,84.69,220.12,0.7766,-1,-1,-1
89,2,101.93,546.35,73.57,245.55,0.7233,-1,-1,-1
89,3,1171.28,959.80,81.33,120.11,0.7522,-1,-1,-1
89,4,1720.10,458.98,74.93,207.42,0.6361,-1,-1,-1
89,5,1357.17,573.90,84.44,217.89,0.5392,-1,-1,-1
89,6,18.00,705.44,76.89,227.70,0.7358,-1,-1,-1
89,8,497.48,208.14,83.13,199.48,0.6147,-1,-1,-1
89,17,391.60,861.72,103.79,218.31,0.8131,-1,-1,-1
89,19,975.53,193.42,64.08,185.08,0.4931,-1,-1,-1
90,1,414.99,312.46,84.20,220.49,0.7463,-1,-1,-1
90,2,101.72,546.69,73.82,245.18,0.7134,-1,-1,-1
90,3,1170.63,958.54,80.87,121.44,0.7640,-1,-1,-1
90,4,1720.42,459.40,74.42,206.74,0.6227,-1,-1,-1
90,5,1356.77,572.96,83.01,216.58,0.5371,-1,-1,-1
90,6,20.24,703.94,74.22,227.94,0.7339,-1,-1,-1
90,8,499.05,207.28,84.22,198.99,0.5991,-1,-1,-1
90,17,392.60,860.23,102.77,219.78,0.8173,-1,-1,-1
90,19,974.23,195.30,64.98,184.72,0.4124,-1,-1,-1
91,1,416.39,311.07,82.05,223.07,0.7441,-1,-1,-1
91,2,102.11,546.94,73.60,244.70,0.7042,-1,-1,-1
91,3,1169.33,957.28,80.80,122.71,0.7737,-1,-1,-1
91,4,1720.18,460.31,74.64,206.59,0.6289,-1,-1,-1
91,5,1356.86,572.12,83.68,219.72,0.5257,-1,-1,-1
91,6,21.20,700.76,73.83,226.94,0.7229,-1,-1,-1
91,8,501.96,208.48,78.76,199.18,0.5637,-1,-1,-1
91,17,391.94,857.82,104.32,222.18,0.8023,-1,-1,-1
91,19,974.06,193.51,63.08,184.04,0.3692,-1,-1,-1
92,1,416.73,310.94,82.49,223.95,0.7394,-1,-1,-1
92,2,102.21,546.69,73.36,245.07,0.7011,-1,-1,-1
92,3,1169.10,956.92,79.00,123.09,0.7608,-1,-1,-1
92,4,1720.84,459.99,74.48,206.84,0.6310,-1,-1,-1
92,5,1357.18,572.05,83.11,216.34,0.5328,-1,-1,-1
92,6,22.52,696.74,72.06,229.55,0.7176,-1,-1,-1
92,8,500.08,212.14,79.74,195.55,0.5911,-1,-1,-1
92,17,392.76,854.22,102.53,225.76,0.7953,-1,-1,-1
92,19,972.39,195.64,63.09,183.10,0.3984,-1,-1,-1
93,1,417.14,309.81,82.41,225.00,0.7306,-1,-1,-1
93,2,102.25,547.04,72.89,244.78,0.6920,-1,-1,-1
93,3,1168.12,956.71,78.36,123.29,0.7792,-1,-1,-1
93,4,1720.71,459.98,74.74,206.42,0.6208,-1,-1,-1
93,5,1356.90,571.90,82.75,216.44,0.5182,-1,-1,-1
93,6,23.53,698.22,71.24,225.55,0.7093,-1,-1,-1
93,8,501.66,209.35,78.74,198.32,0.5532,-1,-1,-1
93,17,393.81,850.92,102.75,229.07,0.8024,-1,-1,-1
93,19,973.09,195.54,61.72,185.94,0.3527,-1,-1,-1
94,1,417.10,309.21,82.44,225.02,0.7310,-1,-1,-1
94,2,102.10,547.15,73.65,244.59,0.6883,-1,-1,-1
94,3,1167.30,955.51,76.75,124.48,0.7913,-1,-1,-1
94,4,1721.64,460.22,74.35,207.03,0.6233,-1,-1,-1
94,5,1356.92,572.48,83.51,217.16,0.4741,-1,-1,-1
94,6,23.85,697.38,70.82,224.69,0.7143,-1,-1,-1
94,8,501.37,211.02,77.59,199.08,0.5256,-1,-1,-1
94,17,394.27,849.01,102.70,231.01,0.7916,-1,-1,-1
94,19,971.99,197.06,61.94,186.14,0.3334,-1,-1,-1
95,1,416.44,307.98,82.88,226.86,0.7427,-1,-1,-1
95,2,101.93,547.12,73.77,244.34,0.6853,-1,-1,-1
95,3,1165.54,953.66,77.68,126.31,0.7874,-1,-1,-1
95,4,1721.77,460.02,73.30,206.96,0.6117,-1,-1,-1
95,5,1356.79,573.68,83.46,216.35,0.4456,-1,-1,-1
95,6,25.42,696.44,68.93,226.24,0.7151,-1,-1,-1
95,8,503.51,213.20,76.13,199.29,0.4969,-1,-1,-1
95,17,395.26,843.67,100.95,236.28,0.7974,-1,-1,-1
95,19,971.11,197.48,61.51,188.13,0.3203,-1,-1,-1
96,1,417.73,307.30,84.02,227.09,0.7600,-1,-1,-1
96,2,101.80,546.88,73.61,243.93,0.6778,-1,-1,-1
96,3,1164.86,953.17,75.91,126.84,0.7955,-1,-1,-1
96,4,1721.56,458.97,73.69,207.09,0.6219,-1,-1,-1
96,5,1357.00,573.69,84.43,220.86,0.4978,-1,-1,-1
96,6,26.18,694.15,68.30,229.37,0.7193,-1,-1,-1
96,8,507.83,211.98,78.39,203.85,0.5504,-1,-1,-1
96,17,395.22,841.37,100.58,238.63,0.8076,-1,-1,-1
96,19,968.52,199.64,61.04,189.97,0.4080,-1,-1,-1
96,22,1170.31,155.91,89.13,167.22,0.3009,-1,-1,-1
97,1,417.52,306.79,83.25,227.40,0.7582,-1,-1,-1
97,2,101.96,547.02,73.40,244.91,0.6833,-1,-1,-1
97,3,1163.29,951.49,74.91,128.49,0.7830,-1,-1,-1
97,4,1721.82,459.48,74.09,207.75,0.6386,-1,-1,-1
97,5,1356.53,572.41,83.77,221.47,0.5215,-1,-1,-1
97,6,25.73,693.22,69.16,228.85,0.7185,-1,-1,-1
97,8,509.98,213.45,74.84,204.49,0.5288,-1,-1,-1
97,17,395.46,841.28,98.24,238.77,0.8020,-1,-1,-1
97,19,966.43,199.48,61.14,190.88,0.3787,-1,-1,-1
98,1,418.35,305.14,82.62,229.19,0.7627,-1,-1,-1
98,2,101.76,546.75,73.50,244.77,0.6731,-1,-1,-1
98,3,1160.99,949.26,76.24,130.71,0.7766,-1,-1,-1
98,4,1722.04,455.77,73.81,211.46,0.6372,-1,-1,-1
98,5,1357.09,572.94,81.91,218.49,0.5183,-1,-1,-1
98,6,25.97,692.84,69.03,229.29,0.7197,-1,-1,-1
98,8,511.12,214.31,73.21,204.64,0.5613,-1,-1,-1
98,17,395.09,839.09,97.14,240.92,0.8025,-1,-1,-1
98,19,964.50,199.70,62.22,190.36,0.4792,-1,-1,-1
99,1,418.62,305.09,83.36,228.78,0.7623,-1,-1,-1
99,2,101.68,546.43,73.55,245.21,0.6740,-1,-1,-1
99,3,1159.62,946.36,76.77,133.59,0.7661,-1,-1,-1
99,4,1722.15,459.25,73.68,208.44,0.6248,-1,-1,-1
99,5,1356.97,573.27,82.15,213.58,0.5439,-1,-1,-1
99,6,26.47,692.11,69.16,229.00,0.7220,-1,-1,-1
99,8,512.75,214.50,70.83,204.54,0.5247,-1,-1,-1
99,17,394.73,833.98,97.06,245.98,0.8040,-1,-1,-1
99,19,962.68,200.33,61.69,189.84,0.4278,-1,-1,-1
99,22,1165.40,159.78,89.91,163.69,0.3311,-1,-1,-1
100,1,419.79,303.21,82.98,229.35,0.7518,-1,-1,-1
100,2,101.98,545.20,72.91,248.43,0.6635,-1,-1,-1
100,3,1158.87,946.11,74.79,133.91,0.7549,-1,-1,-1
100,4,1721.84,459.49,73.78,207.93,0.6092,-1,-1,-1
100,5,1356.89,574.26,82.24,214.17,0.5219,-1,-1,-1
100,6,26.52,690.07,70.36,229.96,0.7321,-1,-1,-1
100,8,511.40,213.91,70.46,206.74,0.4418,-1,-1,-1
100,17,393.56,831.83,97.19,248.17,0.7951,-1,-1,-1
100,19,961.43,201.45,60.59,188.46,0.4511,-1,-1,-1
100,22,1166.98,161.42,88.80,161.97,0.3744,-1,-1,-1
101,1,419.90,302.24,83.53,229.52,0.7660,-1,-1,-1
101,2,102.06,545.02,73.16,248.64,0.6691,-1,-1,-1
101,3,1157.12,945.51,74.73,133.81,0.7602,-1,-1,-1
101,4,1721.71,459.75,74.21,207.87,0.6193,-1,-1,-1
101,5,1356.87,574.55,82.42,214.56,0.5131,-1,-1,-1
101,6,27.95,687.63,69.75,226.31,0.7360,-1,-1,-1
101,8,511.80,216.81,71.81,207.47,0.5113,-1,-1,-1
101,17,391.69,830.38,98.02,249.64,0.7904,-1,-1,-1
101,19,960.16,201.82,60.46,184.22,0.4394,-1,-1,-1
101,22,1167.69,163.16,84.17,160.41,0.3462,-1,-1,-1
102,1,420.74,299.92,82.50,229.74,0.7644,-1,-1,-1
102,2,102.33,544.65,73.30,248.73,0.6745,-1,-1,-1
102,3,1156.16,944.02,72.97,134.61,0.7409,-1,-1,-1
102,4,1721.96,460.07,73.39,207.10,0.6224,-1,-1,-1
102,5,1356.98,574.48,82.46,217.03,0.5021,-1,-1,-1
102,6,28.21,685.01,70.21,223.72,0.7533,-1,-1,-1
102,8,512.18,217.42,72.35,207.45,0.5148,-1,-1,-1
102,17,390.24,827.14,99.36,252.84,0.7981,-1,-1,-1
102,19,957.27,203.39,60.78,183.48,0.4930,-1,-1,-1
102,24,477.80,135.77,58.27,195.02,0.3717,-1,-1,-1
103,1,420.40,299.03,82.68,227.82,0.7478,-1,-1,-1
103,2,102.42,544.74,73.07,249.25,0.6718,-1,-1,-1
103,3,1154.55,941.07,72.08,137.52,0.7410,-1,-1,-1
103,4,1721.04,459.88,74.53,206.57,0.6110,-1,-1,-1
103,5,1357.43,573.88,82.90,218.28,0.4881,-1,-1,-1
103,6,30.47,684.25,68.99,219.37,0.7641,-1,-1,-1
103,8,511.22,216.70,74.29,210.01,0.5130,-1,-1,-1
103,17,388.36,825.71,101.15,254.31,0.7944,-1,-1,-1
103,19,954.29,200.70,61.05,184.94,0.4965,-1,-1,-1
104,1,421.10,299.27,81.36,224.29,0.7410,-1,-1,-1
104,2,102.71,543.97,72.94,250.19,0.6567,-1,-1,-1
104,3,1151.96,941.64,71.00,137.16,0.7273,-1,-1,-1
104,4,1721.67,459.13,73.04,206.81,0.6162,-1,-1,-1
104,5,1357.30,574.38,83.16,219.01,0.4486,-1,-1,-1
104,6,32.38,682.05,68.12,219.91,0.7643,-1,-1,-1
104,8,512.52,216.48,76.91,209.88,0.5278,-1,-1,-1
104,17,386.89,822.75,102.19,257.24,0.8052,-1,-1,-1
104,19,952.68,201.45,60.89,184.93,0.4648,-1,-1,-1
105,1,420.49,298.17,82.62,218.98,0.7366,-1,-1,-1
105,2,102.76,544.42,73.23,249.67,0.6829,-1,-1,-1
105,3,1150.91,940.64,69.50,137.47,0.7222,-1,-1,-1
105,4,1721.13,458.77,74.70,207.03,0.6148,-1,-1,-1
105,5,1357.22,574.73,85.13,225.40,0.4627,-1,-1,-1
105,6,34.94,681.18,67.86,222.19,0.7763,-1,-1,-1
105,8,514.36,221.13,73.79,205.09,0.5061,-1,-1,-1
105,17,386.65,821.41,102.19,258.60,0.8103,-1,-1,-1
105,19,950.69,201.01,60.45,187.10,0.4982,-1,-1,-1
105,24,477.33,143.05,56.67,185.40,0.3206,-1,-1,-1
106,1,421.38,296.91,81.61,215.54,0.7385,-1,-1,-1
106,2,102.97,545.92,73.23,248.43,0.6617,-1,-1,-1
106,3,1149.87,939.89,68.76,138.84,0.7098,-1,-1,-1
106,4,1721.32,459.84,73.86,206.74,0.6220,-1,-1,-1
106,5,1356.92,573.92,82.59,219.58,0.4964,-1,-1,-1
106,6,35.50,679.90,71.07,222.89,0.7827,-1,-1,-1
106,8,513.96,219.86,73.53,205.47,0.4992,-1,-1,-1
106,17,385.46,819.28,102.54,260.73,0.8043,-1,-1,-1
106,19,949.05,201.33,59.73,186.37,0.5160,-1,-1,-1
107,1,420.85,295.67,81.70,215.61,0.7489,-1,-1,-1
107,2,103.18,546.28,73.27,248.94,0.6631,-1,-1,-1
107,3,1147.51,938.28,70.71,140.52,0.7247,-1,-1,-1
107,4,1720.94,459.62,74.43,206.80,0.6308,-1,-1,-1
107,5,1356.96,574.59,84.79,223.07,0.4665,-1,-1,-1
107,6,35.48,679.18,76.82,222.49,0.7871,-1,-1,-1
107,8,514.01,223.67,72.49,201.96,0.5120,-1,-1,-1
107,17,385.62,818.08,101.01,261.93,0.8076,-1,-1,-1
107,19,949.43,204.58,58.40,186.56,0.5247,-1,-1,-1
108,1,420.80,294.31,81.97,216.58,0.7383,-1,-1,-1
108,2,103.03,545.96,73.87,250.57,0.6416,-1,-1,-1
108,3,1145.54,938.07,71.13,140.28,0.7298,-1,-1,-1
108,4,1720.85,459.09,74.33,207.16,0.6401,-1,-1,-1
108,5,1356.78,575.09,85.51,221.67,0.4991,-1,-1,-1
108,6,36.57,676.92,81.19,225.15,0.8082,-1,-1,-1
108,8,515.53,223.94,67.64,202.01,0.4524,-1,-1,-1
108,17,385.80,816.38,100.40,263.62,0.8065,-1,-1,-1
108,19,946.15,205.68,60.40,189.30,0.5481,-1,-1,-1
108,22,1162.66,153.36,56.86,169.27,0.3970,-1,-1,-1
109,1,419.38,294.01,83.94,216.48,0.7413,-1,-1,-1
109,2,103.08,545.50,73.37,251.72,0.6548,-1,-1,-1
109,3,1143.60,937.13,71.32,142.11,0.7533,-1,-1,-1
109,4,1721.90,458.61,72.81,206.37,0.6151,-1,-1,-1
109,5,1356.37,575.27,83.09,216.81,0.5245,-1,-1,-1
109,6,38.35,676.30,78.62,225.63,0.8145,-1,-1,-1
109,8,515.71,225.25,67.35,200.84,0.4467,-1,-1,-1
109,17,385.74,811.02,99.64,268.93,0.8131,-1,-1,-1
109,19,945.54,204.60,59.19,188.29,0.6071,-1,-1,-1
109,22,1160.89,153.08,56.89,167.79,0.3705,-1,-1,-1
110,1,419.32,291.41,84.71,218.97,0.7467,-1,-1,-1
110,2,103.04,544.96,73.57,254.72,0.6552,-1,-1,-1
110,3,1140.56,936.90,72.74,142.86,0.7566,-1,-1,-1
110,4,1721.47,459.54,73.68,207.83,0.6224,-1,-1,-1
110,5,1356.75,576.35,84.31,217.88,0.5024,-1,-1,-1
110,6,38.12,673.49,89.00,226.42,0.7994,-1,-1,-1
110,8,513.99,227.42,64.42,198.34,0.4354,-1,-1,-1
110,17,386.42,805.49,98.12,274.47,0.8169,-1,-1,-1
110,19,944.81,205.93,57.49,186.73,0.6181,-1,-1,-1
110,22,1158.34,150.37,57.94,172.87,0.3678,-1,-1,-1
111,1,420.01,288.89,84.84,222.41,0.7341,-1,-1,-1
111,2,102.80,544.72,73.39,255.38,0.6583,-1,-1,-1
111,3,1138.29,936.04,73.26,143.96,0.7606,-1,-1,-1
111,4,1722.01,456.24,73.37,210.46,0.5936,-1,-1,-1
111,5,1356.71,575.51,81.86,213.40,0.5081,-1,-1,-1
111,6,40.86,671.43,90.73,226.22,0.7702,-1,-1,-1
111,8,516.32,227.69,73.48,199.19,0.5173,-1,-1,-1
111,17,387.90,801.36,97.23,278.62,0.8207,-1,-1,-1
111,19,942.67,207.04,59.27,186.98,0.6484,-1,-1,-1
111,22,1154.02,149.60,56.52,170.83,0.3393,-1,-1,-1
112,1,419.21,287.85,84.93,223.11,0.7348,-1,-1,-1
112,2,103.19,544.70,72.65,254.96,0.6414,-1,-1,-1
112,3,1138.15,934.72,72.35,145.27,0.7561,-1,-1,-1
112,4,1721.99,456.46,73.78,210.73,0.6127,-1,-1,-1
112,5,1357.33,574.92,81.17,211.81,0.5605,-1,-1,-1
112,6,43.71,670.38,89.86,225.97,0.7174,-1,-1,-1
112,8,517.53,231.13,73.92,198.09,0.5553,-1,-1,-1
112,17,388.68,799.80,96.06,276.06,0.8148,-1,-1,-1
112,19,940.70,209.55,59.53,185.22,0.6367,-1,-1,-1
112,22,1151.22,149.56,59.49,169.10,0.4271,-1,-1,-1
113,1,420.23,287.19,85.10,224.12,0.7437,-1,-1,-1
113,2,103.69,545.52,72.02,251.87,0.6696,-1,-1,-1
113,3,1134.96,934.42,73.91,145.60,0.7561,-1,-1,-1
113,4,1721.60,460.11,73.99,205.79,0.6321,-1,-1,-1
113,5,1356.79,575.72,83.42,216.17,0.5355,-1,-1,-1
113,6,47.58,670.34,79.78,225.06,0.6615,-1,-1,-1
113,8,518.08,233.46,73.39,198.21,0.5480,-1,-1,-1
113,17,388.43,797.58,95.96,271.66,0.8059,-1,-1,-1
113,19,940.37,210.15,57.95,185.22,0.6518,-1,-1,-1
113,22,1146.33,150.34,63.56,167.23,0.4302,-1,-1,-1
114,1,419.62,286.19,87.27,223.25,0.7351,-1,-1,-1
114,2,103.66,545.45,72.10,251.26,0.6596,-1,-1,-1
114,3,1133.13,933.47,73.29,146.53,0.7547,-1,-1,-1
114,4,1721.84,456.54,73.53,210.34,0.6197,-1,-1,-1
114,5,1356.93,575.25,82.03,215.38,0.5363,-1,-1,-1
114,6,48.36,668.04,81.99,226.14,0.6566,-1,-1,-1
114,8,519.68,235.36,74.19,201.00,0.5681,-1,-1,-1
114,17,389.12,794.07,95.86,270.59,0.8079,-1,-1,-1
114,19,937.07,209.55,58.63,185.62,0.6028,-1,-1,-1
114,22,1133.10,149.85,75.28,167.35,0.3072,-1,-1,-1
114,24,475.66,154.58,60.10,178.15,0.3257,-1,-1,-1
115,1,420.14,286.85,86.94,222.43,0.7587,-1,-1,-1
115,2,104.00,545.42,71.31,253.05,0.6313,-1,-1,-1
115,3,1128.93,933.93,75.84,146.10,0.7633,-1,-1,-1
115,4,1721.55,456.79,74.51,210.82,0.6517,-1,-1,-1
115,5,1356.99,574.79,82.95,214.13,0.5490,-1,-1,-1
115,6,52.73,665.88,81.44,227.33,0.6841,-1,-1,-1
115,8,521.58,236.45,74.96,201.49,0.6077,-1,-1,-1
115,17,389.25,790.63,98.15,269.62,0.8049,-1,-1,-1
115,19,937.28,210.46,57.12,183.94,0.6124,-1,-1,-1
115,24,476.26,155.01,58.90,175.90,0.3448,-1,-1,-1
116,1,419.42,285.69,87.17,223.67,0.7554,-1,-1,-1
116,2,103.51,546.17,70.98,247.78,0.5932,-1,-1,-1
116,3,1126.61,934.35,75.22,145.61,0.7660,-1,-1,-1
116,4,1721.60,460.44,73.93,206.72,0.6297,-1,-1,-1
116,5,1356.53,575.17,83.77,217.73,0.5442,-1,-1,-1
116,6,58.90,664.60,76.28,221.18,0.6925,-1,-1,-1
116,8,520.07,235.40,74.47,203.03,0.5904,-1,-1,-1
116,17,390.68,788.33,98.75,272.49,0.8108,-1,-1,-1
116,19,934.95,211.00,58.60,182.49,0.5616,-1,-1,-1
116,22,1116.88,149.84,85.66,169.01,0.3418,-1,-1,-1
116,24,475.03,153.80,60.59,177.34,0.3677,-1,-1,-1
117,1,419.81,285.29,86.83,223.92,0.7546,-1,-1,-1
117,2,103.30,545.75,70.90,245.12,0.5549,-1,-1,-1
117,3,1124.24,934.29,76.03,145.10,0.7593,-1,-1,-1
117,4,1721.26,459.64,74.24,206.63,0.6431,-1,-1,-1
117,5,1356.10,576.21,84.74,221.24,0.5567,-1,-1,-1
117,6,66.70,664.77,73.54,216.48,0.7182,-1,-1,-1
117,8,520.30,236.10,74.08,203.59,0.5523,-1,-1,-1
117,17,390.20,787.15,100.10,272.14,0.8087,-1,-1,-1
117,19,934.38,210.79,56.31,180.70,0.5329,-1,-1,-1
117,22,1108.96,147.17,90.22,172.82,0.3494,-1,-1,-1
118,1,420.84,284.94,85.46,223.78,0.7446,-1,-1,-1
118,2,99.49,545.18,75.17,246.50,0.5335,-1,-1,-1
118,3,1121.02,934.18,77.86,145.60,0.7776,-1,-1,-1
118,4,1721.53,459.88,73.86,206.48,0.6523,-1,-1,-1
118,5,1356.41,575.57,84.01,214.93,0.5140,-1,-1,-1
118,6,71.63,666.52,70.86,211.61,0.6107,-1,-1,-1
118,8,520.00,235.32,74.36,207.15,0.5837,-1,-1,-1
118,17,390.21,785.38,101.55,275.99,0.7998,-1,-1,-1
118,19,930.09,211.40,59.18,183.37,0.5609,-1,-1,-1
118,22,1107.77,146.75,89.31,173.33,0.3865,-1,-1,-1
119,1,420.69,284.65,85.30,223.69,0.7466,-1,-1,-1
119,2,99.25,546.95,75.06,254.74,0.5138,-1,-1,-1
119,3,1117.73,934.23,78.32,145.77,0.7949,-1,-1,-1
119,4,1720.64,459.58,75.15,206.86,0.6540,-1,-1,-1
119,5,1356.95,575.92,83.12,217.35,0.4828,-1,-1,-1
119,6,75.86,669.37,72.28,208.61,0.5400,-1,-1,-1
119,8,520.11,237.17,72.52,207.32,0.6031,-1,-1,-1
119,17,392.44,784.11,100.38,274.58,0.8012,-1,-1,-1
119,19,930.90,210.63,55.90,185.82,0.5357,-1,-1,-1
119,22,1104.67,145.86,91.27,174.99,0.4330,-1,-1,-1
119,24,478.42,160.56,56.18,171.06,0.3114,-1,-1,-1
120,1,420.98,284.02,84.87,224.53,0.7468,-1,-1,-1
120,2,99.14,545.57,75.03,257.01,0.5082,-1,-1,-1
120,3,1114.10,933.54,78.84,146.45,0.7978,-1,-1,-1
120,4,1720.85,459.90,75.11,206.95,0.6276,-1,-1,-1
120,5,1356.22,577.10,83.45,212.53,0.4812,-1,-1,-1
120,6,81.42,666.32,68.98,207.55,0.5924,-1,-1,-1
120,8,520.92,240.46,71.34,202.77,0.5786,-1,-1,-1
120,17,392.67,782.92,100.59,274.84,0.8033,-1,-1,-1
120,19,929.27,211.14,56.76,186.59,0.5363,-1,-1,-1
120,22,1102.73,146.08,92.58,174.43,0.4382,-1,-1,-1
121,1,421.15,281.86,83.93,225.25,0.7512,-1,-1,-1
121,2,99.72,543.77,74.75,247.01,0.4923,-1,-1,-1
121,3,1110.24,932.75,80.04,147.25,0.7761,-1,-1,-1
121,4,1721.88,455.85,73.73,211.10,0.6353,-1,-1,-1
121,5,1356.50,575.95,82.64,212.82,0.5522,-1,-1,-1
121,6,81.15,664.00,72.82,211.64,0.6927,-1,-1,-1
121,8,521.91,242.80,67.59,199.59,0.5770,-1,-1,-1
121,17,392.83,780.34,101.06,276.72,0.8022,-1,-1,-1
121,19,926.81,211.31,57.67,186.93,0.4909,-1,-1,-1
121,22,1104.39,145.76,86.05,173.72,0.4002,-1,-1,-1
121,24,479.01,165.71,54.59,163.88,0.3195,-1,-1,-1
121,25,625.41,750.22,57.07,170.44,0.3399,-1,-1,-1
122,1,421.31,281.15,84.12,223.37,0.7521,-1,-1,-1
122,2,101.14,543.86,72.68,214.44,0.4591,-1,-1,-1
122,3,1106.34,932.39,80.60,147.62,0.7837,-1,-1,-1
122,4,1720.20,459.58,75.83,207.28,0.6479,-1,-1,-1
122,5,1356.83,576.39,83.94,216.28,0.4780,-1,-1,-1
122,6,83.47,661.12,76.54,214.03,0.6641,-1,-1,-1
122,8,520.98,242.39,66.43,199.53,0.5996,-1,-1,-1
122,17,392.41,779.96,102.07,276.81,0.7995,-1,-1,-1
122,19,926.12,211.26,55.85,187.11,0.4256,-1,-1,-1
122,22,1105.55,145.24,82.68,173.04,0.3583,-1,-1,-1
122,25,625.77,751.07,57.44,168.74,0.3503,-1,-1,-1
123,1,422.28,280.22,82.86,220.67,0.7330,-1,-1,-1
123,2,102.51,546.01,70.58,207.55,0.4804,-1,-1,-1
123,3,1104.63,931.49,79.45,148.04,0.7825,-1,-1,-1
123,4,1720.91,458.98,75.53,207.80,0.6469,-1,-1,-1
123,5,1356.42,576.29,84.19,212.89,0.5540,-1,-1,-1
123,6,84.70,658.95,76.99,214.94,0.6610,-1,-1,-1
123,8,521.53,244.53,66.44,196.73,0.5735,-1,-1,-1
123,17,392.22,778.46,102.15,276.83,0.7933,-1,-1,-1
123,19,925.70,209.80,55.93,188.84,0.4608,-1,-1,-1
123,22,1107.15,144.72,75.74,172.84,0.3435,-1,-1,-1
123,25,625.47,752.31,57.06,167.51,0.3276,-1,-1,-1
124,1,422.25,278.94,82.54,217.47,0.7284,-1,-1,-1
124,2,102.43,546.05,70.45,212.40,0.3543,-1,-1,-1
124,3,1101.03,929.87,79.55,149.51,0.7832,-1,-1,-1
124,4,1720.72,459.57,75.37,206.83,0.6137,-1,-1,-1
124,5,1356.88,576.45,83.41,214.44,0.5143,-1,-1,-1
124,6,91.60,656.89,70.73,217.03,0.5096,-1,-1,-1
124,8,522.64,244.80,69.19,197.57,0.5242,-1,-1,-1
124,17,393.31,778.10,102.83,273.68,0.7934,-1,-1,-1
124,19,922.65,209.94,57.11,188.66,0.4639,-1,-1,-1
124,22,1105.29,143.32,72.49,172.20,0.3047,-1,-1,-1
125,1,422.78,278.26,81.74,213.53,0.7079,-1,-1,-1
125,2,102.40,545.33,70.51,210.13,0.3387,-1,-1,-1
125,3,1097.23,929.74,80.21,150.11,0.7885,-1,-1,-1
125,4,1720.96,458.06,74.62,208.73,0.6329,-1,-1,-1
125,5,1357.11,575.84,82.98,214.93,0.4869,-1,-1,-1
125,6,97.36,653.55,64.83,220.27,0.4099,-1,-1,-1
125,8,522.64,247.19,67.58,191.39,0.5251,-1,-1,-1
125,17,393.29,775.05,101.79,276.24,0.7895,-1,-1,-1
125,19,920.98,210.48,56.16,188.79,0.4718,-1,-1,-1
125,22,1106.05,141.69,68.83,173.43,0.3247,-1,-1,-1
126,1,421.72,277.43,82.44,213.56,0.7058,-1,-1,-1
126,2,100.68,539.46,73.82,173.30,0.3044,-1,-1,-1
126,3,1093.75,929.09,80.97,150.44,0.8040,-1,-1,-1
126,4,1720.38,458.53,74.97,208.87,0.6346,-1,-1,-1
126,5,1357.52,575.79,82.17,212.72,0.5259,-1,-1,-1
126,8,523.17,248.72,67.74,191.89,0.5492,-1,-1,-1
126,17,393.45,770.06,98.85,279.07,0.8007,-1,-1,-1
126,19,919.88,211.06,53.54,189.13,0.4829,-1,-1,-1
126,22,1104.89,140.79,62.88,172.51,0.3627,-1,-1,-1
127,1,422.78,277.01,80.51,213.48,0.6877,-1,-1,-1
127,2,105.25,556.77,67.73,291.76,0.3014,-1,-1,-1
127,3,1090.55,929.09,82.56,150.91,0.8076,-1,-1,-1
127,4,1720.98,459.02,74.82,207.55,0.6575,-1,-1,-1
127,5,1357.59,576.77,82.60,213.51,0.5202,-1,-1,-1
127,8,523.88,251.85,67.17,188.80,0.5626,-1,-1,-1
127,17,394.22,765.41,96.27,276.60,0.7937,-1,-1,-1
127,19,918.61,210.86,53.53,189.17,0.4226,-1,-1,-1
127,22,1105.39,140.91,57.20,172.75,0.3619,-1,-1,-1
128,1,422.50,276.45,80.03,213.15,0.6688,-1,-1,-1
128,2,96.07,530.48,84.94,191.51,0.3952,-1,-1,-1
128,3,1087.74,928.11,81.29,151.51,0.7922,-1,-1,-1
128,4,1720.95,459.22,75.39,207.05,0.6282,-1,-1,-1
128,5,1357.24,576.82,82.93,214.74,0.5055,-1,-1,-1
128,8,524.82,254.47,65.48,188.43,0.5367,-1,-1,-1
128,17,393.45,760.87,97.89,276.15,0.7918,-1,-1,-1
128,19,914.47,212.31,55.22,189.64,0.4353,-1,-1,-1
128,22,1100.74,140.67,59.26,172.39,0.3974,-1,-1,-1
129,1,419.11,275.80,81.01,216.49,0.6899,-1,-1,-1
129,2,103.48,544.24,70.47,239.65,0.3534,-1,-1,-1
129,3,1085.81,927.66,80.91,151.77,0.7887,-1,-1,-1
129,4,1720.75,458.29,74.95,206.49,0.6354,-1,-1,-1
129,5,1365.15,576.21,77.77,220.38,0.4777,-1,-1,-1
129,8,525.54,255.35,63.93,191.90,0.5923,-1,-1,-1
129,17,395.73,756.20,94.95,270.90,0.7937,-1,-1,-1
129,19,911.52,213.08,56.64,187.62,0.4731,-1,-1,-1
130,1,418.89,273.97,81.14,218.51,0.7042,-1,-1,-1
130,2,102.71,543.83,71.89,245.37,0.5555,-1,-1,-1
130,3,1082.02,926.88,82.04,152.24,0.7803,-1,-1,-1
130,4,1721.43,458.43,74.39,207.74,0.6125,-1,-1,-1
130,5,1358.80,575.28,83.27,218.15,0.4890,-1,-1,-1
130,8,527.38,257.66,61.29,193.08,0.5550,-1,-1,-1
130,17,397.05,754.18,93.33,264.85,0.7504,-1,-1,-1
130,19,904.34,214.35,63.16,186.67,0.4832,-1,-1,-1
130,25,624.92,752.08,57.22,165.77,0.3088,-1,-1,-1
131,1,420.37,272.89,79.71,219.11,0.6626,-1,-1,-1
131,2,102.82,542.98,71.97,245.18,0.6451,-1,-1,-1
131,3,1080.86,926.87,80.48,151.24,0.7587,-1,-1,-1
131,4,1721.31,459.08,74.24,207.09,0.6176,-1,-1,-1
131,5,1360.54,576.53,81.54,214.80,0.5041,-1,-1,-1
131,8,528.25,257.70,60.62,199.31,0.5050,-1,-1,-1
131,17,396.01,752.38,93.21,263.27,0.7422,-1,-1,-1
131,19,900.84,214.20,64.48,186.44,0.4995,-1,-1,-1
132,1,419.26,273.07,81.06,219.39,0.6495,-1,-1,-1
132,2,102.26,544.07,73.89,246.94,0.5842,-1,-1,-1
132,3,1079.84,927.61,80.79,150.73,0.7711,-1,-1,-1
132,4,1721.35,459.30,74.26,207.02,0.6174,-1,-1,-1
132,5,1359.37,576.19,81.60,215.10,0.5141,-1,-1,-1
132,8,529.71,252.94,62.25,204.93,0.5009,-1,-1,-1
132,17,393.56,750.20,94.30,265.77,0.7529,-1,-1,-1
132,19,900.16,213.10,67.10,187.64,0.4835,-1,-1,-1
132,22,1090.11,139.83,57.96,169.51,0.3921,-1,-1,-1
133,1,418.58,272.01,81.44,219.81,0.6420,-1,-1,-1
133,2,101.99,544.17,75.01,246.89,0.5375,-1,-1,-1
133,3,1078.16,927.67,80.80,150.90,0.7793,-1,-1,-1
133,4,1720.85,458.73,74.69,206.67,0.6036,-1,-1,-1
133,5,1357.66,576.70,83.89,214.03,0.4921,-1,-1,-1
133,8,530.94,252.86,60.33,207.14,0.5161,-1,-1,-1
133,17,390.00,749.05,98.20,265.52,0.7542,-1,-1,-1
133,19,900.23,210.85,67.33,191.40,0.4768,-1,-1,-1
133,22,1082.67,139.97,59.63,169.50,0.3848,-1,-1,-1
133,28,574.59,247.88,55.43,181.69,0.3166,-1,-1,-1
134,1,418.10,272.92,81.44,218.64,0.6426,-1,-1,-1
134,2,101.56,544.02,77.11,236.95,0.5149,-1,-1,-1
134,3,1076.24,927.14,78.79,150.71,0.7850,-1,-1,-1
134,4,1721.12,459.66,74.07,206.93,0.5937,-1,-1,-1
134,5,1358.65,575.88,83.47,216.57,0.4819,-1,-1,-1
134,8,531.46,255.14,57.46,203.85,0.5157,-1,-1,-1
134,17,388.80,748.16,98.91,265.97,0.7698,-1,-1,-1
134,19,898.96,211.73,66.50,190.35,0.4615,-1,-1,-1
134,22,1074.21,139.53,68.16,171.42,0.4332,-1,-1,-1
134,28,575.11,246.25,54.48,184.09,0.4136,-1,-1,-1
135,1,415.77,271.22,83.60,219.30,0.6417,-1,-1,-1
135,2,101.32,542.61,77.92,241.90,0.6190,-1,-1,-1
135,3,1074.88,926.40,79.10,151.73,0.7817,-1,-1,-1
135,4,1720.20,458.44,75.16,207.72,0.5994,-1,-1,-1
135,5,1358.09,575.95,84.35,217.25,0.5092,-1,-1,-1
135,8,530.33,258.90,57.94,202.98,0.5556,-1,-1,-1
135,17,389.00,745.77,98.31,268.55,0.7788,-1,-1,-1
135,19,898.92,210.92,66.16,191.42,0.4350,-1,-1,-1
135,22,1057.59,140.35,82.49,172.44,0.4568,-1,-1,-1
135,28,575.91,246.91,54.17,184.97,0.4340,-1,-1,-1
136,1,417.30,270.77,81.45,218.56,0.6724,-1,-1,-1
136,2,101.81,543.64,75.46,239.46,0.6223,-1,-1,-1
136,3,1073.38,926.85,76.93,150.60,0.7888,-1,-1,-1
136,4,1721.24,458.82,74.37,208.18,0.6121,-1,-1,-1
136,5,1362.18,577.24,82.94,220.57,0.4843,-1,-1,-1
136,8,530.08,258.72,57.31,202.70,0.5589,-1,-1,-1
136,17,385.31,745.32,102.13,268.40,0.7918,-1,-1,-1
136,19,897.72,211.96,63.35,189.59,0.4134,-1,-1,-1
136,22,1045.59,140.57,91.89,170.84,0.5634,-1,-1,-1
136,28,576.16,249.88,53.06,185.73,0.5027,-1,-1,-1
137,1,415.95,268.86,82.41,219.19,0.6636,-1,-1,-1
137,2,101.86,544.68,71.50,237.36,0.5724,-1,-1,-1
137,3,1071.48,927.34,77.16,149.83,0.7951,-1,-1,-1
137,4,1721.18,457.39,74.82,208.98,0.6079,-1,-1,-1
137,5,1365.75,577.56,78.95,219.12,0.4571,-1,-1,-1
137,6,132.48,637.88,74.78,210.39,0.4474,-1,-1,-1
137,8,531.86,255.70,55.94,205.08,0.5878,-1,-1,-1
137,17,384.03,744.94,102.65,268.36,0.7897,-1,-1,-1
137,19,896.53,211.08,61.17,191.26,0.4159,-1,-1,-1
137,22,1043.23,138.94,92.01,171.50,0.5818,-1,-1,-1
137,28,574.65,250.57,55.16,185.67,0.4581,-1,-1,-1
138,1,416.14,267.66,81.88,219.48,0.6922,-1,-1,-1
138,2,102.17,545.17,67.44,236.98,0.5974,-1,-1,-1
138,3,1070.13,927.65,76.43,149.64,0.7898,-1,-1,-1
138,4,1721.00,457.76,74.92,209.13,0.6051,-1,-1,-1
138,5,1365.07,577.26,79.59,221.70,0.4475,-1,-1,-1
138,6,134.01,638.08,82.34,208.99,0.4311,-1,-1,-1
138,8,532.61,255.75,54.56,203.05,0.5918,-1,-1,-1
138,17,383.13,744.83,103.18,267.77,0.7893,-1,-1,-1
138,19,894.60,211.67,54.41,180.93,0.4602,-1,-1,-1
138,22,1039.76,140.47,94.55,170.04,0.6013,-1,-1,-1
138,28,574.55,250.89,55.64,184.87,0.4441,-1,-1,-1
139,1,415.73,266.04,81.22,220.85,0.6406,-1,-1,-1
139,2,101.74,545.35,67.18,238.46,0.6166,-1,-1,-1
139,3,1068.79,927.35,75.84,149.20,0.7876,-1,-1,-1
139,4,1720.65,457.75,75.36,209.17,0.6233,-1,-1,-1
139,5,1361.80,576.39,84.05,223.99,0.4683,-1,-1,-1
139,6,138.49,636.14,88.69,207.88,0.4477,-1,-1,-1
139,8,532.32,258.88,54.91,200.52,0.5747,-1,-1,-1
139,17,382.79,744.54,102.58,267.00,0.7959,-1,-1,-1
139,19,893.37,210.42,59.53,189.70,0.5239,-1,-1,-1
139,22,1040.87,140.64,92.16,170.89,0.5912,-1,-1,-1
139,28,574.21,250.78,56.27,184.07,0.4394,-1,-1,-1
140,1,417.44,267.39,79.48,217.26,0.6140,-1,-1,-1
140,2,102.11,545.17,65.67,239.59,0.6185,-1,-1,-1
140,3,1066.91,926.34,76.32,149.70,0.7917,-1,-1,-1
140,4,1720.83,458.37,75.18,208.70,0.6352,-1,-1,-1
140,5,1358.32,576.38,84.71,214.40,0.5493,-1,-1,-1
140,6,143.36,633.67,89.52,206.53,0.4220,-1,-1,-1
140,8,531.93,258.16,56.13,202.72,0.6024,-1,-1,-1
140,17,383.97,741.58,101.76,267.32,0.7963,-1,-1,-1
140,19,889.11,209.78,53.12,183.45,0.4706,-1,-1,-1
140,22,1039.94,140.77,91.43,171.18,0.5768,-1,-1,-1
140,28,578.08,251.67,54.07,180.74,0.4521,-1,-1,-1
141,1,416.69,265.11,79.79,216.88,0.6318,-1,-1,-1
141,2,102.34,545.82,66.25,240.69,0.6445,-1,-1,-1
141,3,1064.89,924.98,75.87,151.60,0.7871,-1,-1,-1
141,4,1721.06,458.29,75.01,207.99,0.6219,-1,-1,-1
141,5,1357.61,575.71,86.13,216.28,0.4985,-1,-1,-1
141,6,145.44,629.17,88.60,207.80,0.5908,-1,-1,-1
141,8,531.75,257.92,55.95,202.02,0.6032,-1,-1,-1
141,17,384.85,739.42,99.94,267.41,0.7963,-1,-1,-1
141,19,886.25,209.70,54.83,187.18,0.5441,-1,-1,-1
141,22,1042.15,140.34,86.03,170.32,0.5570,-1,-1,-1
141,28,579.92,249.50,51.45,183.87,0.4784,-1,-1,-1
141,30,818.17,248.42,57.98,169.31,0.3833,-1,-1,-1
142,1,417.06,264.23,78.51,216.58,0.6327,-1,-1,-1
142,2,103.24,545.89,66.56,241.87,0.6580,-1,-1,-1
142,3,1064.97,924.65,72.93,152.82,0.7774,-1,-1,-1
142,4,1721.43,459.13,74.94,206.99,0.6235,-1,-1,-1
142,5,1357.28,575.97,86.90,217.84,0.4819,-1,-1,-1
142,6,149.28,628.80,83.84,205.06,0.5432,-1,-1,-1
142,8,531.76,257.11,55.89,203.10,0.5994,-1,-1,-1
142,17,387.21,737.19,96.55,268.29,0.7917,-1,-1,-1
142,19,883.07,208.43,54.64,187.37,0.5159,-1,-1,-1
142,22,1039.89,140.53,86.63,169.10,0.5949,-1,-1,-1
142,25,624.03,752.06,58.91,168.51,0.3324,-1,-1,-1
142,28,581.03,249.88,52.39,182.67,0.4965,-1,-1,-1
143,1,415.09,259.18,78.64,221.50,0.6328,-1,-1,-1
143,2,103.57,545.28,67.15,241.29,0.6746,-1,-1,-1
143,3,1063.40,923.46,72.22,153.14,0.7622,-1,-1,-1
143,4,1721.27,459.17,74.86,206.96,0.6333,-1,-1,-1
143,5,1357.82,575.80,85.99,217.81,0.4816,-1,-1,-1
143,6,149.44,629.69,86.08,208.06,0.6519,-1,-1,-1
143,8,530.78,257.42,56.28,203.00,0.5946,-1,-1,-1
143,17,388.54,734.28,94.75,265.63,0.8025,-1,-1,-1
143,19,881.45,206.87,53.59,188.97,0.4785,-1,-1,-1
143,22,1042.02,137.95,81.80,171.55,0.5702,-1,-1,-1
143,28,581.46,247.70,53.42,186.57,0.4530,-1,-1,-1
144,1,414.52,259.25,80.27,217.74,0.6324,-1,-1,-1
144,2,103.32,545.71,68.18,241.10,0.6866,-1,-1,-1
144,3,1062.28,923.06,70.45,153.59,0.7572,-1,-1,-1
144,4,1721.63,459.76,74.57,207.02,0.6214,-1,-1,-1
144,5,1358.44,575.94,85.67,217.20,0.4981,-1,-1,-1
144,6,153.51,630.79,81.65,207.22,0.6813,-1,-1,-1
144,8,530.38,259.69,57.67,202.79,0.6042,-1,-1,-1
144,17,389.48,730.92,93.50,261.86,0.7948,-1,-1,-1
144,19,877.64,206.77,57.25,188.78,0.4732,-1,-1,-1
144,22,1041.41,136.67,78.72,171.90,0.4549,-1,-1,-1
144,24,479.61,184.32,57.87,176.58,0.3204,-1,-1,-1
144,28,581.93,252.29,55.93,183.57,0.4934,-1,-1,-1
145,1,416.41,259.56,77.94,211.25,0.6204,-1,-1,-1
145,2,103.68,545.74,69.13,242.75,0.7088,-1,-1,-1
145,3,1060.90,922.83,67.99,153.82,0.7582,-1,-1,-1
145,4,1721.57,459.25,74.19,206.63,0.6099,-1,-1,-1
145,5,1358.00,575.86,84.77,214.29,0.5396,-1,-1,-1
145,6,157.87,627.53,76.45,211.95,0.7007,-1,-1,-1
145,8,529.56,259.29,56.77,202.60,0.5953,-1,-1,-1
145,17,392.77,729.45,90.86,256.13,0.7985,-1,-1,-1
145,19,872.23,207.20,61.93,186.13,0.5442,-1,-1,-1
145,22,1041.30,136.33,69.54,171.87,0.4216,-1,-1,-1
145,28,583.19,252.52,55.02,183.97,0.5289,-1,-1,-1
146,1,414.80,253.26,76.58,218.40,0.6393,-1,-1,-1
146,2,103.64,545.97,69.67,242.53,0.7156,-1,-1,-1
146,3,1058.60,921.74,66.38,156.81,0.7412,-1,-1,-1
146,4,1721.91,459.60,74.15,207.53,0.6137,-1,-1,-1
146,5,1357.85,575.62,85.03,217.82,0.5126,-1,-1,-1
146,6,159.10,624.42,76.32,214.35,0.7110,-1,-1,-1
146,8,530.34,259.29,57.54,204.75,0.5935,-1,-1,-1
146,17,393.53,726.26,91.09,251.63,0.7770,-1,-1,-1
146,19,872.51,206.44,59.81,185.51,0.4901,-1,-1,-1
146,22,1041.20,136.32,64.04,171.18,0.4843,-1,-1,-1
146,28,584.99,254.31,53.11,186.73,0.5108,-1,-1,-1
147,1,414.44,253.12,77.62,219.31,0.6465,-1,-1,-1
147,2,103.96,546.14,69.69,241.09,0.7131,-1,-1,-1
147,3,1057.08,921.09,63.09,157.60,0.7264,-1,-1,-1
147,4,1721.45,458.83,74.93,207.35,0.6268,-1,-1,-1
147,5,1358.43,574.40,84.52,217.60,0.5407,-1,-1,-1
147,6,160.86,619.98,75.38,216.20,0.6894,-1,-1,-1
147,8,530.35,260.20,56.69,206.36,0.6095,-1,-1,-1
147,17,394.37,718.81,91.28,256.07,0.7796,-1,-1,-1
147,19,869.58,205.74,62.02,185.19,0.4783,-1,-1,-1
147,22,1040.41,135.31,60.98,171.14,0.4764,-1,-1,-1
147,28,584.86,254.97,54.30,188.40,0.5380,-1,-1,-1
148,1,413.92,252.78,78.31,219.28,0.6339,-1,-1,-1
148,2,103.69,545.47,70.55,241.83,0.7135,-1,-1,-1
148,3,1055.15,919.38,62.76,157.33,0.7273,-1,-1,-1
148,4,1721.47,458.38,74.84,208.72,0.6466,-1,-1,-1
148,5,1357.78,575.33,83.75,216.24,0.5588,-1,-1,-1
148,6,163.82,616.51,75.57,215.32,0.7078,-1,-1,-1
148,8,530.30,261.55,59.27,206.99,0.5946,-1,-1,-1
148,17,394.53,717.01,92.39,255.53,0.7777,-1,-1,-1
148,19,867.01,204.95,63.04,191.81,0.4446,-1,-1,-1
148,22,1038.50,134.83,56.28,171.29,0.4424,-1,-1,-1
148,28,585.63,255.54,54.24,188.96,0.4954,-1,-1,-1
149,1,416.13,257.05,77.20,213.61,0.6248,-1,-1,-1
149,2,103.88,545.72,70.35,241.39,0.7151,-1,-1,-1
149,3,1054.27,918.13,62.43,158.97,0.7264,-1,-1,-1
149,4,1721.03,458.92,74.41,207.52,0.6218,-1,-1,-1
149,5,1357.90,575.36,84.77,215.38,0.5452,-1,-1,-1
149,6,168.40,614.66,72.48,214.57,0.6958,-1,-1,-1
149,8,531.11,263.32,59.33,206.07,0.6301,-1,-1,-1
149,17,396.18,712.60,93.32,260.33,0.7879,-1,-1,-1
149,19,865.94,204.47,61.87,192.81,0.4432,-1,-1,-1
149,22,1036.96,135.46,54.04,169.31,0.3608,-1,-1,-1
149,25,624.25,751.43,59.14,167.23,0.3254,-1,-1,-1
149,28,586.33,256.25,54.81,189.98,0.4500,-1,-1,-1
150,1,416.48,256.85,76.93,213.22,0.6198,-1,-1,-1
150,2,103.54,545.60,70.76,242.95,0.7131,-1,-1,-1
150,3,1052.20,916.27,61.34,161.70,0.7368,-1,-1,-1
150,4,1721.21,458.51,74.61,208.19,0.6385,-1,-1,-1
150,5,1356.95,574.97,85.57,217.19,0.5402,-1,-1,-1
150,6,175.81,613.77,65.34,213.45,0.6570,-1,-1,-1
150,8,531.39,265.40,57.55,207.58,0.6155,-1,-1,-1
150,17,394.61,710.80,97.02,263.22,0.7855,-1,-1,-1
150,19,865.89,205.47,63.16,192.71,0.4056,-1,-1,-1
150,22,1033.56,134.41,56.23,172.11,0.4901,-1,-1,-1
150,25,625.63,751.65,56.79,166.97,0.3234,-1,-1,-1
150,28,586.93,256.92,55.37,190.70,0.4352,-1,-1,-1
151,1,417.13,255.90,75.28,214.41,0.6157,-1,-1,-1
151,2,103.25,546.78,71.43,243.37,0.7216,-1,-1,-1
151,3,1051.40,913.41,60.92,164.01,0.7371,-1,-1,-1
151,4,1722.11,458.31,73.02,207.52,0.6249,-1,-1,-1
151,5,1367.33,574.52,75.63,223.70,0.4863,-1,-1,-1
151,6,180.71,611.80,68.78,215.01,0.6707,-1,-1,-1
151,8,531.37,266.27,56.22,209.38,0.6117,-1,-1,-1
151,17,396.21,710.47,95.85,263.37,0.7809,-1,-1,-1
151,19,864.47,205.11,62.83,191.16,0.4592,-1,-1,-1
151,22,1030.14,132.34,57.03,173.59,0.4879,-1,-1,-1
151,25,625.39,751.20,57.14,167.12,0.3577,-1,-1,-1
151,28,587.90,259.96,55.12,190.78,0.4180,-1,-1,-1
152,1,417.47,255.15,75.37,215.30,0.6061,-1,-1,-1
152,2,102.66,546.95,72.52,242.75,0.7175,-1,-1,-1
152,3,1049.56,913.43,60.41,164.60,0.7421,-1,-1,-1
152,4,1721.86,458.08,73.67,208.49,0.6152,-1,-1,-1
152,5,1360.01,576.26,82.07,214.34,0.5299,-1,-1,-1
152,6,182.82,610.38,67.40,216.37,0.6899,-1,-1,-1
152,8,531.95,272.01,54.28,205.63,0.5926,-1,-1,-1
152,17,396.62,708.21,97.78,264.77,0.7669,-1,-1,-1
152,19,863.61,205.81,62.70,190.22,0.5191,-1,-1,-1
152,22,1024.83,130.19,59.98,172.61,0.4077,-1,-1,-1
152,25,624.67,751.73,56.63,166.43,0.4327,-1,-1,-1
152,28,588.57,260.85,55.53,191.18,0.4119,-1,-1,-1
153,1,417.47,254.21,74.38,215.72,0.5831,-1,-1,-1
153,2,103.63,548.03,71.20,245.22,0.7265,-1,-1,-1
153,3,1047.65,912.21,60.42,166.69,0.7304,-1,-1,-1
153,4,1721.54,457.45,73.93,209.04,0.6099,-1,-1,-1
153,5,1360.43,575.49,80.63,215.46,0.5163,-1,-1,-1
153,6,184.78,610.68,69.51,215.28,0.7364,-1,-1,-1
153,8,531.69,275.29,54.73,201.90,0.5870,-1,-1,-1
153,17,396.43,709.18,99.52,264.17,0.7589,-1,-1,-1
153,19,862.14,204.82,63.53,191.46,0.4964,-1,-1,-1
153,22,1022.78,131.77,60.26,170.99,0.4118,-1,-1,-1
153,25,625.94,751.23,54.56,166.79,0.4101,-1,-1,-1
153,28,591.43,267.09,53.56,184.22,0.3229,-1,-1,-1
154,1,415.10,253.08,75.63,216.83,0.6003,-1,-1,-1
154,2,103.92,547.08,71.20,246.07,0.7199,-1,-1,-1
154,3,1046.85,911.67,59.39,167.57,0.7146,-1,-1,-1
154,4,1721.51,459.76,73.73,206.44,0.5869,-1,-1,-1
154,5,1359.90,576.54,81.81,215.44,0.5207,-1,-1,-1
154,6,187.77,610.96,68.89,213.65,0.7530,-1,-1,-1
154,8,532.68,277.14,54.48,200.09,0.5632,-1,-1,-1
154,17,396.78,709.13,100.65,263.20,0.7634,-1,-1,-1
154,19,860.18,205.25,64.40,191.32,0.5085,-1,-1,-1
154,22,1016.52,131.67,62.94,171.69,0.3510,-1,-1,-1
154,25,624.90,752.02,57.75,167.33,0.3307,-1,-1,-1
155,1,415.97,251.68,74.31,218.49,0.6029,-1,-1,-1
155,2,103.07,545.63,71.58,247.72,0.6968,-1,-1,-1
155,3,1044.90,911.16,59.68,167.75,0.7279,-1,-1,-1
155,4,1722.67,459.15,72.66,206.70,0.5962,-1,-1,-1
155,5,1359.37,576.21,82.71,213.17,0.5691,-1,-1,-1
155,6,192.81,610.95,67.03,213.08,0.7611,-1,-1,-1
155,8,532.63,278.77,55.82,198.07,0.5144,-1,-1,-1
155,17,397.88,706.04,101.92,265.97,0.7629,-1,-1,-1
155,19,857.30,205.13,66.36,189.39,0.5120,-1,-1,-1
155,22,999.96,132.79,76.23,172.65,0.3938,-1,-1,-1
155,25,625.86,751.34,55.60,166.64,0.3380,-1,-1,-1
156,1,416.74,251.43,74.88,214.77,0.6179,-1,-1,-1
156,2,102.57,545.37,72.14,247.32,0.6976,-1,-1,-1
156,3,1042.94,910.60,60.28,169.37,0.7072,-1,-1,-1
156,4,1722.33,459.63,73.18,205.78,0.5857,-1,-1,-1
156,5,1357.39,578.86,82.59,211.79,0.5199,-1,-1,-1
156,6,194.89,608.97,67.41,213.95,0.7525,-1,-1,-1
156,8,532.64,274.73,56.76,200.96,0.4659,-1,-1,-1
156,17,398.48,702.54,100.66,266.98,0.7607,-1,-1,-1
156,19,855.79,204.14,67.36,187.85,0.5456,-1,-1,-1
156,22,992.11,133.71,80.67,171.72,0.4380,-1,-1,-1
157,1,416.59,251.75,74.34,213.03,0.6182,-1,-1,-1
157,2,102.70,545.72,72.24,247.02,0.6958,-1,-1,-1
157,3,1041.82,910.03,59.71,169.43,0.7011,-1,-1,-1
157,4,1722.75,460.08,72.59,205.55,0.5926,-1,-1,-1
157,5,1356.87,578.69,83.32,210.59,0.5215,-1,-1,-1
157,6,197.40,608.40,66.52,214.64,0.7420,-1,-1,-1
157,8,532.44,273.95,57.26,199.45,0.4364,-1,-1,-1
157,17,399.54,704.99,100.08,264.10,0.7720,-1,-1,-1
157,19,855.91,202.95,66.85,184.87,0.5671,-1,-1,-1
157,22,987.58,133.83,82.80,171.54,0.4656,-1,-1,-1
157,25,625.06,747.89,56.79,170.56,0.3370,-1,-1,-1
158,1,417.02,249.33,76.17,215.43,0.6446,-1,-1,-1
158,2,102.50,546.29,72.23,246.21,0.6986,-1,-1,-1
158,3,1039.07,909.72,62.49,170.28,0.7158,-1,-1,-1
158,4,1722.07,459.95,73.64,206.55,0.6106,-1,-1,-1
158,5,1357.03,577.31,83.28,210.62,0.5366,-1,-1,-1
158,6,198.26,606.83,65.61,212.86,0.7153,-1,-1,-1
158,8,530.07,272.23,60.70,200.23,0.4534,-1,-1,-1
158,17,398.89,704.61,98.41,261.68,0.7844,-1,-1,-1
158,19,853.22,201.27,68.54,184.43,0.5558,-1,-1,-1
158,22,987.90,132.63,81.61,172.18,0.3917,-1,-1,-1
159,1,417.90,249.94,75.92,212.26,0.6106,-1,-1,-1
159,2,102.63,546.28,72.03,246.53,0.6950,-1,-1,-1
159,3,1037.57,908.62,61.72,170.55,0.6983,-1,-1,-1
159,4,1722.25,461.53,73.58,204.72,0.6000,-1,-1,-1
159,5,1356.59,578.61,84.55,212.37,0.5145,-1,-1,-1
159,6,199.69,604.31,65.76,212.69,0.6951,-1,-1,-1
159,8,526.94,279.86,64.30,194.84,0.4321,-1,-1,-1
159,17,402.49,703.19,91.15,260.12,0.7611,-1,-1,-1
159,19,851.31,200.42,69.70,188.93,0.5482,-1,-1,-1
159,22,984.80,133.13,82.69,171.41,0.4133,-1,-1,-1
160,1,418.69,247.73,74.34,214.23,0.6440,-1,-1,-1
160,2,102.52,546.85,71.80,246.25,0.6985,-1,-1,-1
160,3,1037.22,908.91,60.85,171.10,0.6799,-1,-1,-1
160,4,1721.43,461.29,73.73,204.74,0.5705,-1,-1,-1
160,5,1357.43,579.83,85.90,217.36,0.4776,-1,-1,-1
160,6,201.20,602.42,65.43,215.52,0.7002,-1,-1,-1
160,8,526.32,285.89,65.28,190.22,0.4709,-1,-1,-1
160,17,401.82,697.50,92.26,256.82,0.7656,-1,-1,-1
160,19,851.58,198.82,68.74,192.17,0.5134,-1,-1,-1
160,22,981.46,132.51,84.09,170.09,0.4722,-1,-1,-1
161,1,417.69,246.79,76.77,211.78,0.6232,-1,-1,-1
161,2,102.35,546.67,72.02,247.24,0.6866,-1,-1,-1
161,3,1033.62,908.19,63.07,171.81,0.6929,-1,-1,-1
161,4,1721.91,460.92,73.42,205.83,0.5775,-1,-1,-1
161,5,1357.19,579.79,84.88,216.55,0.5265,-1,-1,-1
161,6,206.90,598.72,60.58,213.35,0.6675,-1,-1,-1
161,8,525.78,287.57,68.45,190.48,0.4184,-1,-1,-1
161,17,402.45,691.79,91.11,252.76,0.7744,-1,-1,-1
161,19,850.39,196.33,69.74,191.38,0.4850,-1,-1,-1
161,22,982.26,132.52,82.07,170.38,0.4897,-1,-1,-1
162,1,418.83,246.15,76.02,210.24,0.6233,-1,-1,-1
162,2,102.11,546.28,71.74,247.87,0.6726,-1,-1,-1
162,3,1033.13,907.32,61.80,172.68,0.7115,-1,-1,-1
162,4,1721.98,461.74,73.36,205.62,0.5775,-1,-1,-1
162,5,1364.06,577.79,80.46,223.33,0.4897,-1,-1,-1
162,6,210.99,598.06,61.58,207.35,0.6741,-1,-1,-1
162,17,403.19,687.59,91.37,253.63,0.7652,-1,-1,-1
162,19,849.75,195.73,69.22,190.98,0.4876,-1,-1,-1
162,22,982.16,133.66,79.56,169.79,0.3936,-1,-1,-1
163,1,418.60,244.78,77.74,209.58,0.6178,-1,-1,-1
163,2,102.20,546.38,72.22,247.75,0.6631,-1,-1,-1
163,3,1031.43,906.35,62.59,173.64,0.6839,-1,-1,-1
163,4,1721.69,460.71,73.72,206.76,0.5791,-1,-1,-1
163,5,1357.04,579.89,88.63,225.04,0.5055,-1,-1,-1
163,6,212.74,595.56,62.47,207.50,0.6715,-1,-1,-1
163,8,519.92,289.97,71.13,194.43,0.3767,-1,-1,-1
163,17,403.38,683.84,90.46,255.77,0.7710,-1,-1,-1
163,19,850.26,194.26,68.70,188.24,0.4677,-1,-1,-1
163,22,983.16,130.57,75.17,173.07,0.3591,-1,-1,-1
163,28,598.08,272.63,64.05,180.78,0.3019,-1,-1,-1
164,1,417.95,244.33,78.71,208.32,0.6263,-1,-1,-1
164,2,102.08,546.54,71.84,246.87,0.6805,-1,-1,-1
164,3,1030.27,907.39,60.82,172.08,0.7307,-1,-1,-1
164,4,1721.62,460.56,73.97,206.77,0.5990,-1,-1,-1
164,5,1357.00,579.74,88.26,222.95,0.4790,-1,-1,-1
164,6,215.00,594.01,63.21,209.39,0.7065,-1,-1,-1
164,8,519.26,290.97,72.86,194.65,0.3107,-1,-1,-1
164,17,402.35,682.25,91.84,254.79,0.7738,-1,-1,-1
164,19,852.96,192.31,68.45,194.13,0.4605,-1,-1,-1
164,22,983.98,128.75,69.56,172.74,0.3058,-1,-1,-1
165,1,418.50,242.39,79.04,210.13,0.6170,-1,-1,-1
165,2,102.19,546.32,71.59,246.62,0.6766,-1,-1,-1
165,3,1028.56,907.98,61.01,171.54,0.7265,-1,-1,-1
165,4,1721.72,460.24,74.34,206.50,0.5945,-1,-1,-1
165,5,1357.52,580.68,86.31,218.71,0.5013,-1,-1,-1
165,6,212.85,592.11,65.53,209.67,0.7327,-1,-1,-1
165,17,400.48,680.59,94.10,256.79,0.7917,-1,-1,-1
165,19,853.64,191.51,68.31,194.63,0.4859,-1,-1,-1
166,1,418.97,241.58,76.12,210.58,0.5914,-1,-1,-1
166,2,102.05,546.15,71.46,246.78,0.6849,-1,-1,-1
166,3,1026.53,907.53,61.82,171.91,0.6855,-1,-1,-1
166,4,1722.19,460.78,73.16,207.10,0.6247,-1,-1,-1
166,5,1357.14,579.75,84.55,215.08,0.5031,-1,-1,-1
166,6,214.84,590.58,71.05,211.86,0.7025,-1,-1,-1
166,17,399.47,679.07,94.57,259.50,0.7914,-1,-1,-1
166,19,852.94,190.96,69.40,191.62,0.4911,-1,-1,-1
166,28,601.50,274.73,56.03,181.24,0.3005,-1,-1,-1
167,1,418.65,240.55,76.09,212.40,0.5753,-1,-1,-1
167,2,101.77,546.37,72.06,247.26,0.6872,-1,-1,-1
167,3,1023.47,906.64,64.50,173.04,0.6849,-1,-1,-1
167,4,1722.37,460.39,72.68,207.09,0.6082,-1,-1,-1
167,5,1356.78,579.60,84.68,217.65,0.4910,-1,-1,-1
167,6,214.70,589.72,74.97,214.45,0.7071,-1,-1,-1
167,17,399.89,675.49,93.39,261.26,0.7967,-1,-1,-1
167,19,853.25,190.73,69.66,188.50,0.4849,-1,-1,-1
167,28,602.34,276.57,57.03,179.48,0.3135,-1,-1,-1
168,1,417.65,239.52,76.99,213.58,0.5939,-1,-1,-1
168,2,101.78,546.61,72.30,246.87,0.6861,-1,-1,-1
168,3,1020.94,907.19,65.19,172.03,0.7042,-1,-1,-1
168,4,1721.69,458.75,73.65,209.35,0.6115,-1,-1,-1
168,5,1357.53,578.61,82.38,217.35,0.4972,-1,-1,-1
168,6,217.59,589.65,79.20,212.23,0.7157,-1,-1,-1
168,17,398.48,675.85,94.63,261.15,0.7840,-1,-1,-1
168,19,853.50,191.15,69.94,190.21,0.5117,-1,-1,-1
168,22,979.00,123.29,56.06,170.31,0.3000,-1,-1,-1
168,28,601.87,276.61,59.38,178.12,0.3066,-1,-1,-1
169,1,418.20,238.68,78.30,214.15,0.6112,-1,-1,-1
169,2,101.45,545.63,73.21,248.69,0.6516,-1,-1,-1
169,3,1020.48,908.49,65.00,170.59,0.7078,-1,-1,-1
169,4,1721.52,459.98,73.95,208.03,0.6104,-1,-1,-1
169,5,1357.26,578.87,85.57,218.00,0.4622,-1,-1,-1
169,6,220.66,589.20,77.75,213.43,0.6902,-1,-1,-1
169,17,399.15,674.82,94.69,260.78,0.7770,-1,-1,-1
169,19,852.66,190.70,71.20,188.89,0.5304,-1,-1,-1
169,28,601.84,277.22,60.66,177.27,0.3113,-1,-1,-1
170,1,417.99,237.94,78.49,215.40,0.6154,-1,-1,-1
170,2,101.38,546.54,73.80,246.54,0.6539,-1,-1,-1
170,3,1018.67,908.81,62.61,170.99,0.7220,-1,-1,-1
170,4,1720.98,460.78,74.51,207.37,0.6201,-1,-1,-1
170,5,1368.68,577.61,74.56,221.03,0.4458,-1,-1,-1
170,6,221.03,588.87,75.00,213.81,0.6627,-1,-1,-1
170,8,523.94,290.71,66.08,203.03,0.3580,-1,-1,-1
170,17,400.19,673.72,92.65,260.87,0.7748,-1,-1,-1
170,19,856.33,189.79,67.69,188.29,0.5096,-1,-1,-1
171,1,417.57,238.13,78.72,215.17,0.6221,-1,-1,-1
171,2,101.15,546.47,74.89,247.36,0.6602,-1,-1,-1
171,3,1017.95,909.26,61.32,170.75,0.7228,-1,-1,-1
171,4,1721.67,459.80,74.05,208.22,0.6031,-1,-1,-1
171,5,1366.01,577.09,76.36,222.35,0.4551,-1,-1,-1
171,6,219.51,588.65,76.29,212.86,0.6914,-1,-1,-1
171,8,526.08,295.66,62.12,198.48,0.4481,-1,-1,-1
171,17,400.12,672.81,92.43,259.88,0.7746,-1,-1,-1
171,19,860.17,192.13,62.17,183.61,0.4111,-1,-1,-1
171,32,753.18,260.17,58.00,192.70,0.3134,-1,-1,-1
172,1,417.66,237.88,78.33,216.83,0.6276,-1,-1,-1
172,2,100.62,546.67,74.31,246.01,0.6623,-1,-1,-1
172,3,1015.96,910.05,61.41,169.46,0.7436,-1,-1,-1
172,4,1721.87,460.38,73.83,207.37,0.5985,-1,-1,-1
172,5,1357.19,578.11,84.27,216.40,0.4744,-1,-1,-1
172,6,218.72,586.95,77.57,213.77,0.6431,-1,-1,-1
172,8,526.24,291.68,61.21,202.08,0.4288,-1,-1,-1
172,17,400.61,670.71,91.65,259.72,0.7812,-1,-1,-1
172,19,860.40,190.23,65.48,185.32,0.5030,-1,-1,-1
173,1,417.76,237.27,78.20,216.61,0.6146,-1,-1,-1
173,2,100.97,546.20,73.84,247.07,0.6574,-1,-1,-1
173,3,1012.55,910.22,62.73,169.42,0.7341,-1,-1,-1
173,4,1721.01,460.94,74.56,206.38,0.5928,-1,-1,-1
173,5,1357.30,578.67,83.25,214.33,0.5034,-1,-1,-1
173,6,219.22,583.47,76.36,215.68,0.6587,-1,-1,-1
173,8,521.09,295.41,66.46,199.33,0.3301,-1,-1,-1
173,17,403.27,668.63,88.23,259.03,0.7742,-1,-1,-1
173,19,860.78,188.85,66.09,186.93,0.4489,-1,-1,-1
173,32,753.18,260.19,56.74,194.01,0.3908,-1,-1,-1
174,1,417.58,236.64,77.32,217.31,0.6205,-1,-1,-1
174,2,100.41,546.87,74.15,246.56,0.6518,-1,-1,-1
174,3,1009.93,911.86,63.58,168.17,0.7399,-1,-1,-1
174,4,1721.24,459.51,74.27,208.00,0.5966,-1,-1,-1
174,5,1357.25,578.99,82.97,211.57,0.4983,-1,-1,-1
174,6,222.60,583.05,75.21,213.52,0.6752,-1,-1,-1
174,8,522.64,293.88,66.70,200.85,0.4238,-1,-1,-1
174,17,405.93,666.63,85.56,259.84,0.7818,-1,-1,-1
174,19,861.74,186.14,65.26,186.74,0.4383,-1,-1,-1
174,32,752.75,261.67,55.81,192.36,0.3572,-1,-1,-1
175,1,416.83,235.66,77.15,216.49,0.6517,-1,-1,-1
175,2,100.12,546.60,73.89,246.25,0.6572,-1,-1,-1
175,3,1006.63,913.35,64.08,166.69,0.7263,-1,-1,-1
175,4,1721.80,459.92,73.46,207.99,0.5931,-1,-1,-1
175,5,1357.43,578.65,83.49,208.82,0.5184,-1,-1,-1
175,6,225.74,578.84,70.18,214.39,0.6874,-1,-1,-1
175,8,521.78,293.26,66.80,200.84,0.3845,-1,-1,-1
175,17,406.42,663.46,85.46,261.41,0.8043,-1,-1,-1
175,19,863.12,185.63,66.03,182.96,0.4610,-1,-1,-1
175,22,945.54,123.16,73.04,174.25,0.3177,-1,-1,-1
175,32,752.62,261.24,56.90,195.02,0.4064,-1,-1,-1
176,1,417.19,232.74,75.59,218.02,0.6333,-1,-1,-1
176,2,100.29,546.87,73.06,246.43,0.6576,-1,-1,-1
176,3,1006.10,913.22,62.33,166.77,0.7290,-1,-1,-1
176,4,1721.43,459.58,73.39,208.31,0.5885,-1,-1,-1
176,5,1357.42,578.86,82.41,207.12,0.5145,-1,-1,-1
176,6,227.35,576.61,68.00,213.18,0.6685,-1,-1,-1
176,8,512.77,241.38,76.99,249.42,0.3236,-1,-1,-1
176,17,407.23,658.35,83.56,259.00,0.7913,-1,-1,-1
176,19,863.18,184.25,66.19,185.46,0.5037,-1,-1,-1
176,22,939.39,123.07,77.27,175.07,0.3969,-1,-1,-1
176,32,753.17,262.06,55.77,196.19,0.4104,-1,-1,-1
177,1,416.82,232.86,74.98,217.87,0.6375,-1,-1,-1
177,2,100.20,546.90,73.10,245.95,0.6565,-1,-1,-1
177,3,1004.87,912.99,63.21,164.77,0.7308,-1,-1,-1
177,4,1721.07,459.73,74.16,208.07,0.5823,-1,-1,-1
177,5,1357.28,579.26,82.96,209.80,0.4843,-1,-1,-1
177,6,227.27,575.04,68.03,211.18,0.6766,-1,-1,-1
177,8,516.81,248.34,73.57,246.15,0.3778,-1,-1,-1
177,17,408.23,653.39,82.51,253.08,0.7858,-1,-1,-1
177,19,864.14,181.80,66.86,185.25,0.5223,-1,-1,-1
177,22,936.79,123.78,78.27,173.23,0.3620,-1,-1,-1
177,32,752.46,261.46,56.54,198.50,0.3569,-1,-1,-1
178,1,416.27,230.65,74.62,215.06,0.6172,-1,-1,-1
178,2,100.30,547.04,71.77,244.69,0.6539,-1,-1,-1
178,3,1004.28,913.27,62.10,164.60,0.7206,-1,-1,-1
178,4,1721.38,460.28,73.79,207.59,0.5631,-1,-1,-1
178,5,1356.95,577.86,83.20,212.29,0.4804,-1,-1,-1
178,6,227.70,573.16,67.60,206.87,0.6069,-1,-1,-1
178,8,521.36,285.25,67.73,211.34,0.4454,-1,-1,-1
178,17,406.52,650.12,84.97,250.47,0.7857,-1,-1,-1
178,19,864.97,180.80,66.90,184.77,0.4978,-1,-1,-1
178,32,751.86,267.35,57.36,195.43,0.4084,-1,-1,-1
178,34,3.57,614.52,88.51,229.82,0.3779,-1,-1,-1
179,1,415.70,227.91,73.30,215.80,0.5930,-1,-1,-1
179,2,101.05,545.83,70.43,246.92,0.6507,-1,-1,-1
179,3,1003.01,913.55,59.93,164.81,0.7161,-1,-1,-1
179,4,1721.37,460.64,73.28,207.05,0.5469,-1,-1,-1
179,5,1357.39,577.94,83.59,218.77,0.5050,-1,-1,-1
179,6,227.21,571.37,68.58,207.29,0.6183,-1,-1,-1
179,8,522.51,295.50,64.78,199.22,0.4350,-1,-1,-1
179,17,407.52,648.78,85.28,249.48,0.7860,-1,-1,-1
179,19,866.10,180.46,67.11,183.91,0.4839,-1,-1,-1
179,22,936.44,125.53,73.30,169.40,0.3145,-1,-1,-1
179,28,606.88,278.68,58.21,191.83,0.3478,-1,-1,-1
179,32,750.75,271.12,58.85,193.83,0.4042,-1,-1,-1
179,34,-0.52,618.47,96.82,230.25,0.5217,-1,-1,-1
180,1,414.38,227.42,74.97,212.28,0.6236,-1,-1,-1
180,2,100.99,545.88,69.89,246.29,0.6557,-1,-1,-1
180,3,1000.93,913.12,59.76,165.56,0.7209,-1,-1,-1
180,4,1721.95,460.14,73.08,208.13,0.5274,-1,-1,-1
180,5,1357.47,576.47,82.04,211.74,0.5125,-1,-1,-1
180,6,228.96,570.12,68.07,207.08,0.5864,-1,-1,-1
180,8,526.12,295.17,60.68,201.97,0.5224,-1,-1,-1
180,17,409.28,648.48,86.14,248.64,0.7905,-1,-1,-1
180,19,867.24,181.40,67.70,184.43,0.5042,-1,-1,-1
180,28,607.13,278.54,57.55,194.00,0.3532,-1,-1,-1
180,32,750.43,273.11,59.37,192.67,0.4176,-1,-1,-1
180,34,3.09,617.45,81.98,222.26,0.5042,-1,-1,-1
181,1,414.71,227.28,74.10,209.78,0.5963,-1,-1,-1
181,2,100.91,545.29,69.77,248.36,0.6546,-1,-1,-1
181,3,998.46,914.62,59.75,164.62,0.7208,-1,-1,-1
181,4,1721.79,458.81,73.94,209.80,0.5129,-1,-1,-1
181,5,1357.52,577.80,83.73,215.35,0.4994,-1,-1,-1
181,6,229.65,569.24,68.83,205.62,0.5737,-1,-1,-1
181,8,527.64,300.92,58.97,199.33,0.5467,-1,-1,-1
181,17,409.67,646.81,88.21,249.39,0.7886,-1,-1,-1
181,19,868.94,178.89,67.10,184.13,0.5017,-1,-1,-1
181,28,607.08,279.58,58.32,201.12,0.3080,-1,-1,-1
181,32,751.23,273.65,57.23,192.76,0.4249,-1,-1,-1
181,34,1.94,617.68,79.13,224.14,0.4732,-1,-1,-1
182,1,415.11,226.82,74.21,207.92,0.5808,-1,-1,-1
182,2,101.10,545.82,69.53,247.10,0.6712,-1,-1,-1
182,3,996.88,916.23,58.12,162.49,0.7356,-1,-1,-1
182,4,1722.31,459.23,72.68,209.18,0.5284,-1,-1,-1
182,5,1357.71,577.17,83.76,224.50,0.4785,-1,-1,-1
182,6,231.61,567.63,64.36,203.47,0.5869,-1,-1,-1
182,8,525.90,296.56,60.91,200.55,0.4856,-1,-1,-1
182,17,408.49,645.72,90.78,250.88,0.7844,-1,-1,-1
182,19,867.12,177.60,72.87,186.32,0.5388,-1,-1,-1
182,32,751.42,275.19,57.43,193.52,0.3595,-1,-1,-1
182,34,-3.19,619.54,104.30,238.34,0.6071,-1,-1,-1
183,1,416.84,228.94,72.45,205.98,0.5794,-1,-1,-1
183,2,101.25,545.91,69.26,247.88,0.6819,-1,-1,-1
183,3,995.84,916.18,58.20,162.01,0.7283,-1,-1,-1
183,4,1722.38,459.43,72.59,208.58,0.5237,-1,-1,-1
183,5,1357.33,576.87,84.88,223.62,0.4897,-1,-1,-1
183,6,230.67,566.36,66.33,205.31,0.5514,-1,-1,-1
183,8,523.18,295.42,65.10,206.57,0.4062,-1,-1,-1
183,17,408.07,643.87,93.35,252.34,0.7979,-1,-1,-1
183,19,867.90,176.78,72.66,187.37,0.5564,-1,-1,-1
183,28,607.25,280.49,58.69,210.54,0.3247,-1,-1,-1
183,32,749.56,276.59,60.95,194.33,0.3655,-1,-1,-1
183,34,1.47,622.07,102.87,238.06,0.6555,-1,-1,-1
184,1,417.04,227.86,73.33,207.05,0.5791,-1,-1,-1
184,2,100.82,545.87,68.87,248.12,0.6704,-1,-1,-1
184,3,994.97,918.20,57.84,161.38,0.7233,-1,-1,-1
184,4,1721.22,459.25,73.27,208.97,0.5334,-1,-1,-1
184,5,1357.63,576.49,84.80,224.78,0.4653,-1,-1,-1
184,6,232.00,565.96,65.10,209.26,0.5351,-1,-1,-1
184,8,521.77,239.77,65.92,262.00,0.3986,-1,-1,-1
184,17,408.96,642.59,93.63,253.20,0.7735,-1,-1,-1
184,19,867.87,176.90,72.61,187.40,0.5430,-1,-1,-1
184,28,607.60,279.19,60.78,212.54,0.3337,-1,-1,-1
184,32,750.24,278.56,60.60,192.73,0.3489,-1,-1,-1
184,34,6.74,622.21,96.62,234.05,0.6215,-1,-1,-1
185,1,415.76,227.37,74.15,207.46,0.5878,-1,-1,-1
185,2,100.22,546.18,68.69,247.01,0.6464,-1,-1,-1
185,3,993.29,918.33,58.73,159.65,0.7175,-1,-1,-1
185,4,1721.68,459.42,72.82,208.45,0.5027,-1,-1,-1
185,5,1357.68,575.26,84.13,219.83,0.4800,-1,-1,-1
185,6,231.89,565.58,66.32,210.08,0.5680,-1,-1,-1
185,8,520.02,283.71,68.76,224.46,0.4305,-1,-1,-1
185,17,408.28,643.34,95.35,252.52,0.7859,-1,-1,-1
185,19,867.59,178.13,74.95,188.73,0.5879,-1,-1,-1
185,28,606.99,287.41,59.88,207.23,0.3305,-1,-1,-1
185,32,750.74,280.26,62.54,191.74,0.3298,-1,-1,-1
185,34,12.43,621.53,92.12,233.45,0.6221,-1,-1,-1
186,1,415.58,226.75,74.37,207.54,0.5963,-1,-1,-1
186,2,99.55,546.61,69.30,246.20,0.6452,-1,-1,-1
186,3,992.22,918.33,57.83,160.50,0.7341,-1,-1,-1
186,4,1721.92,459.08,72.58,208.75,0.5033,-1,-1,-1
186,5,1357.37,574.70,83.93,224.62,0.4939,-1,-1,-1
186,6,229.97,565.20,67.16,208.23,0.5833,-1,-1,-1
186,8,523.46,300.36,61.89,204.44,0.4266,-1,-1,-1
186,17,408.72,641.16,94.38,255.20,0.7943,-1,-1,-1
186,19,867.57,176.09,74.13,191.07,0.5612,-1,-1,-1
186,28,607.72,284.68,59.42,207.19,0.3588,-1,-1,-1
186,34,15.22,618.99,93.79,235.98,0.6575,-1,-1,-1
186,35,1194.83,150.26,56.21,180.43,0.3235,-1,-1,-1
187,1,416.07,225.11,74.24,209.89,0.6014,-1,-1,-1
187,2,97.83,546.41,71.20,243.29,0.6377,-1,-1,-1
187,3,989.43,918.87,60.44,159.52,0.7347,-1,-1,-1
187,4,1721.78,459.67,72.55,207.99,0.4952,-1,-1,-1
187,5,1357.61,573.27,84.02,224.91,0.5044,-1,-1,-1
187,6,228.99,564.20,67.49,209.60,0.6350,-1,-1,-1
187,8,525.95,301.83,59.36,205.41,0.5400,-1,-1,-1
187,17,408.55,639.15,94.53,256.34,0.7812,-1,-1,-1
187,19,867.23,176.48,74.95,191.54,0.5617,-1,-1,-1
187,28,607.04,286.99,60.51,202.29,0.3475,-1,-1,-1
187,34,20.09,619.98,97.12,239.94,0.6872,-1,-1,-1
187,35,1192.43,149.39,57.97,181.45,0.3554,-1,-1,-1
188,1,415.95,226.06,74.73,207.46,0.5946,-1,-1,-1
188,2,96.83,546.12,71.81,241.69,0.5923,-1,-1,-1
188,3,988.91,919.22,60.53,159.33,0.7218,-1,-1,-1
188,4,1721.25,460.30,73.54,207.28,0.5075,-1,-1,-1
188,5,1357.83,572.47,83.90,226.02,0.4594,-1,-1,-1
188,6,227.98,561.79,68.61,211.53,0.6183,-1,-1,-1
188,8,523.77,300.40,62.44,207.43,0.5397,-1,-1,-1
188,17,410.59,637.48,92.18,256.37,0.7685,-1,-1,-1
188,19,868.01,177.26,74.96,186.14,0.4322,-1,-1,-1
188,28,606.06,289.01,59.94,200.48,0.3350,-1,-1,-1
188,32,752.33,280.85,62.01,191.95,0.3160,-1,-1,-1
188,34,21.58,618.51,104.76,240.68,0.7143,-1,-1,-1
189,1,416.03,224.50,74.24,207.72,0.5819,-1,-1,-1
189,2,95.48,546.40,70.76,238.15,0.5354,-1,-1,-1
189,3,987.63,919.84,59.66,158.93,0.7122,-1,-1,-1
189,4,1720.87,460.76,73.76,207.32,0.4816,-1,-1,-1
189,5,1357.72,572.14,82.23,219.33,0.4582,-1,-1,-1
189,6,229.41,557.18,64.92,209.46,0.5553,-1,-1,-1
189,8,523.06,304.72,63.21,206.61,0.5648,-1,-1,-1
189,17,409.67,633.75,92.23,258.93,0.7985,-1,-1,-1
189,19,866.78,177.29,79.08,186.11,0.4621,-1,-1,-1
189,28,605.05,299.36,60.00,191.87,0.3508,-1,-1,-1
189,34,22.93,619.79,110.19,242.03,0.6902,-1,-1,-1
190,1,417.04,224.41,73.60,207.52,0.5687,-1,-1,-1
190,2,93.78,546.03,71.80,231.46,0.4935,-1,-1,-1
190,3,986.57,920.88,59.38,157.36,0.7264,-1,-1,-1
190,4,1721.55,458.78,73.26,208.92,0.4643,-1,-1,-1
190,5,1357.73,572.18,81.67,218.23,0.4494,-1,-1,-1
190,6,229.58,554.69,64.40,207.25,0.5731,-1,-1,-1
190,8,522.18,303.02,65.40,209.74,0.5938,-1,-1,-1
190,17,412.01,633.95,87.72,255.91,0.7853,-1,-1,-1
190,19,867.18,178.96,82.25,184.58,0.5122,-1,-1,-1
190,28,605.17,297.21,59.93,194.70,0.3469,-1,-1,-1
190,34,26.26,622.01,112.86,245.63,0.6737,-1,-1,-1
191,1,417.64,222.95,73.73,207.71,0.5656,-1,-1,-1
191,2,95.05,543.42,69.76,189.11,0.5734,-1,-1,-1
191,3,985.46,921.97,59.28,155.30,0.7426,-1,-1,-1
191,4,1720.26,459.61,74.69,208.46,0.4924,-1,-1,-1
191,5,1358.33,572.43,86.28,230.04,0.4815,-1,-1,-1
191,6,229.44,551.31,63.25,205.77,0.5918,-1,-1,-1
191,8,522.06,303.11,66.46,210.72,0.5484,-1,-1,-1
191,17,411.95,630.31,86.21,255.18,0.7833,-1,-1,-1
191,19,870.26,174.88,78.19,185.54,0.4829,-1,-1,-1
191,28,604.21,303.61,60.71,189.87,0.3196,-1,-1,-1
191,34,27.69,622.80,120.92,249.90,0.6087,-1,-1,-1
192,1,418.62,222.97,73.67,207.81,0.5437,-1,-1,-1
192,2,95.58,544.98,68.79,182.90,0.5979,-1,-1,-1
192,3,984.79,922.69,58.30,154.53,0.7447,-1,-1,-1
192,4,1720.43,459.91,74.40,207.63,0.5382,-1,-1,-1
192,5,1357.12,570.42,86.04,224.55,0.4981,-1,-1,-1
192,6,227.99,550.32,65.59,204.51,0.6324,-1,-1,-1
192,8,522.46,304.99,66.46,208.67,0.5989,-1,-1,-1
192,17,412.33,624.84,84.92,251.82,0.7717,-1,-1,-1
192,19,872.25,172.65,76.91,185.87,0.5071,-1,-1,-1
192,28,603.43,305.96,60.31,186.86,0.3872,-1,-1,-1
192,34,32.04,625.97,120.94,251.55,0.5943,-1,-1,-1
193,1,417.80,221.01,74.71,208.64,0.5236,-1,-1,-1
193,2,94.90,545.26,68.57,179.72,0.5867,-1,-1,-1
193,3,984.33,922.05,57.25,155.74,0.7164,-1,-1,-1
193,4,1720.76,459.41,73.87,207.52,0.5201,-1,-1,-1
193,5,1357.66,571.04,85.40,228.93,0.4933,-1,-1,-1
193,6,228.43,546.88,64.81,206.95,0.6395,-1,-1,-1
193,8,521.05,308.52,67.94,205.21,0.5524,-1,-1,-1
193,17,412.45,621.80,83.67,248.05,0.7896,-1,-1,-1
193,19,875.26,172.80,74.13,184.79,0.4296,-1,-1,-1
193,28,602.41,307.79,60.81,185.85,0.3524,-1,-1,-1
193,34,38.14,629.27,113.44,246.52,0.5098,-1,-1,-1
194,1,417.88,221.82,75.75,206.74,0.5100,-1,-1,-1
194,2,93.18,544.88,70.48,176.14,0.6222,-1,-1,-1
194,3,981.73,921.64,60.22,156.66,0.7386,-1,-1,-1
194,4,1720.82,459.99,73.91,207.58,0.5017,-1,-1,-1
194,5,1356.81,570.67,85.34,230.77,0.4713,-1,-1,-1
194,6,228.14,545.81,64.79,205.68,0.6429,-1,-1,-1
194,8,519.64,308.96,68.77,205.23,0.5770,-1,-1,-1
194,17,413.52,618.70,79.65,247.85,0.7743,-1,-1,-1
194,19,875.57,172.88,74.52,182.22,0.3923,-1,-1,-1
194,28,601.79,308.17,60.07,186.44,0.3650,-1,-1,-1
194,34,41.45,631.84,111.44,241.67,0.5885,-1,-1,-1
195,1,418.84,219.15,74.91,210.45,0.5585,-1,-1,-1
195,2,93.22,544.76,69.83,175.98,0.6015,-1,-1,-1
195,3,982.38,922.14,58.60,155.91,0.7299,-1,-1,-1
195,4,1721.13,459.45,73.64,208.30,0.5215,-1,-1,-1
195,5,1356.59,569.51,84.60,219.61,0.5590,-1,-1,-1
195,6,228.48,544.69,63.19,207.90,0.6471,-1,-1,-1
195,8,516.79,308.49,72.02,207.21,0.6708,-1,-1,-1
195,17,412.85,617.58,80.62,247.14,0.7846,-1,-1,-1
195,19,878.15,169.91,72.38,178.84,0.3666,-1,-1,-1
195,28,601.09,308.91,60.74,184.78,0.4301,-1,-1,-1
195,34,43.17,633.58,110.28,234.40,0.6656,-1,-1,-1
196,1,419.97,217.58,73.24,209.92,0.5386,-1,-1,-1
196,2,93.53,544.58,68.58,176.59,0.5414,-1,-1,-1
196,3,980.14,921.55,61.48,156.97,0.7311,-1,-1,-1
196,4,1720.75,458.44,73.15,209.91,0.5037,-1,-1,-1
196,5,1356.47,571.92,84.31,219.21,0.5213,-1,-1,-1
196,6,226.83,544.49,63.83,207.30,0.6475,-1,-1,-1
196,8,517.92,310.80,71.38,207.19,0.6012,-1,-1,-1
196,17,408.40,613.96,84.96,248.81,0.7515,-1,-1,-1
196,19,881.53,169.13,67.79,176.39,0.4262,-1,-1,-1
196,28,601.43,310.98,61.10,182.56,0.4007,-1,-1,-1
196,32,752.81,291.30,62.72,190.76,0.3690,-1,-1,-1
196,34,46.97,636.74,106.70,243.29,0.6668,-1,-1,-1
197,1,419.19,216.27,76.47,209.32,0.5739,-1,-1,-1
197,2,94.33,543.97,66.84,171.55,0.5280,-1,-1,-1
197,3,977.35,921.91,63.77,156.65,0.7374,-1,-1,-1
197,4,1721.44,458.79,73.38,209.52,0.5006,-1,-1,-1
197,5,1356.50,571.53,84.08,218.10,0.5401,-1,-1,-1
197,6,226.20,543.89,64.19,209.45,0.6860,-1,-1,-1
197,8,515.05,307.06,74.35,212.30,0.6745,-1,-1,-1
197,17,404.40,610.95,87.95,250.10,0.7413,-1,-1,-1
197,19,882.46,168.30,66.19,176.28,0.4546,-1,-1,-1
197,28,601.08,311.42,60.95,182.52,0.4319,-1,-1,-1
197,32,753.34,293.35,61.00,188.52,0.3260,-1,-1,-1
197,34,50.88,639.95,108.03,248.61,0.6736,-1,-1,-1
197,35,1163.23,143.75,57.64,181.63,0.3170,-1,-1,-1
198,1,420.64,215.26,75.77,208.48,0.5656,-1,-1,-1
198,2,96.12,544.18,64.17,170.62,0.5198,-1,-1,-1
198,3,976.39,921.13,61.88,157.70,0.7018,-1,-1,-1
198,4,1720.90,459.00,73.63,208.63,0.4964,-1,-1,-1
198,5,1356.58,572.02,84.91,219.10,0.5586,-1,-1,-1
198,6,225.94,542.83,64.92,210.00,0.6939,-1,-1,-1
198,8,515.58,312.64,73.05,210.54,0.6261,-1,-1,-1
198,17,400.51,611.50,90.76,251.54,0.7492,-1,-1,-1
198,19,885.99,159.83,63.05,184.37,0.4296,-1,-1,-1
198,28,600.89,312.50,60.56,182.42,0.4362,-1,-1,-1
198,32,754.55,294.82,63.13,189.55,0.3059,-1,-1,-1
198,34,54.87,642.26,107.32,247.59,0.6953,-1,-1,-1
199,1,418.97,214.07,77.38,205.67,0.5663,-1,-1,-1
199,2,95.86,544.73,64.26,170.97,0.5182,-1,-1,-1
199,3,973.45,921.18,64.59,157.63,0.7289,-1,-1,-1
199,4,1720.78,458.72,73.12,209.10,0.5286,-1,-1,-1
199,5,1355.05,571.11,85.92,222.43,0.5205,-1,-1,-1
199,6,226.34,543.23,64.47,208.94,0.7028,-1,-1,-1
199,8,516.39,315.22,71.77,209.95,0.6018,-1,-1,-1
199,17,398.16,610.75,93.12,253.39,0.7422,-1,-1,-1
199,19,885.52,157.25,66.11,187.17,0.3958,-1,-1,-1
199,28,601.45,313.41,59.89,179.97,0.4473,-1,-1,-1
199,34,57.27,644.25,106.96,247.81,0.7226,-1,-1,-1
199,35,1159.89,142.01,57.88,182.67,0.3185,-1,-1,-1
199,38,522.45,142.94,64.85,157.08,0.3082,-1,-1,-1
200,1,418.94,212.19,77.64,205.45,0.5739,-1,-1,-1
200,2,95.65,543.61,64.40,166.75,0.5372,-1,-1,-1
200,3,972.50,920.08,63.62,157.83,0.7147,-1,-1,-1
200,4,1720.98,458.69,72.66,208.68,0.5340,-1,-1,-1
200,5,1355.94,571.08,82.28,217.42,0.5400,-1,-1,-1
200,6,226.01,542.27,63.32,208.42,0.7167,-1,-1,-1
200,8,518.22,318.77,67.97,209.17,0.5842,-1,-1,-1
200,17,397.57,610.11,92.27,252.21,0.7471,-1,-1,-1
200,19,884.51,159.39,68.87,187.17,0.4004,-1,-1,-1
200,28,601.74,315.13,59.88,178.53,0.4225,-1,-1,-1
200,32,751.72,295.97,63.20,194.41,0.3102,-1,-1,-1
200,34,60.70,648.97,102.45,243.37,0.7122,-1,-1,-1
200,35,1157.65,141.23,58.76,182.31,0.3478,-1,-1,-1
201,1,419.33,211.36,79.06,206.21,0.5669,-1,-1,-1
201,2,94.77,544.20,64.55,166.39,0.4987,-1,-1,-1
201,3,971.98,919.78,62.78,158.20,0.7218,-1,-1,-1
201,4,1720.97,458.16,72.64,209.11,0.5539,-1,-1,-1
201,5,1355.80,571.18,81.61,219.55,0.5451,-1,-1,-1
201,6,226.17,541.41,62.75,209.14,0.7041,-1,-1,-1
201,8,516.23,318.93,70.49,212.86,0.5941,-1,-1,-1
201,17,395.48,609.66,93.51,252.18,0.7428,-1,-1,-1
201,19,886.03,158.76,70.48,187.25,0.4226,-1,-1,-1
201,28,601.92,318.36,58.42,172.91,0.4311,-1,-1,-1
201,34,65.12,654.56,97.26,238.37,0.7342,-1,-1,-1
201,35,1156.70,139.89,57.71,182.03,0.3180,-1,-1,-1
202,1,419.55,210.16,79.92,205.50,0.5610,-1,-1,-1
202,2,96.54,542.01,62.88,155.69,0.4446,-1,-1,-1
202,3,971.25,919.22,61.85,159.05,0.7279,-1,-1,-1
202,4,1721.51,458.42,72.62,209.63,0.5819,-1,-1,-1
202,5,1355.06,570.86,81.40,216.00,0.5172,-1,-1,-1
202,6,225.23,539.98,63.94,210.79,0.7057,-1,-1,-1
202,8,516.25,317.70,72.24,215.70,0.6122,-1,-1,-1
202,17,396.56,608.84,92.11,250.25,0.7354,-1,-1,-1
202,19,888.06,157.94,71.01,185.62,0.4323,-1,-1,-1
202,28,601.96,322.63,57.63,167.98,0.4481,-1,-1,-1
202,34,67.11,656.18,95.21,236.40,0.7427,-1,-1,-1
202,35,1155.22,139.31,57.65,182.58,0.3837,-1,-1,-1
203,1,421.46,208.86,78.07,206.77,0.4910,-1,-1,-1
203,2,97.32,542.87,60.89,151.81,0.3301,-1,-1,-1
203,3,970.56,918.71,63.10,159.17,0.7357,-1,-1,-1
203,4,1720.84,458.36,73.17,209.62,0.5910,-1,-1,-1
203,5,1356.47,572.15,81.43,211.17,0.5458,-1,-1,-1
203,6,223.09,537.22,65.56,212.13,0.6996,-1,-1,-1
203,8,515.92,317.83,72.30,216.29,0.5676,-1,-1,-1
203,17,395.03,607.00,91.78,248.52,0.7339,-1,-1,-1
203,19,887.17,156.67,70.95,186.29,0.4726,-1,-1,-1
203,28,602.14,322.46,57.30,167.24,0.4457,-1,-1,-1
203,34,68.88,657.15,95.12,234.52,0.6964,-1,-1,-1
203,35,1154.07,138.33,55.89,183.63,0.3753,-1,-1,-1
204,1,423.76,208.64,76.72,206.85,0.4480,-1,-1,-1
204,2,97.45,543.44,60.38,149.25,0.3513,-1,-1,-1
204,3,968.16,915.81,63.05,161.91,0.7307,-1,-1,-1
204,4,1721.00,459.05,73.24,209.08,0.5781,-1,-1,-1
204,5,1356.92,571.67,82.83,213.92,0.5603,-1,-1,-1
204,6,222.87,534.94,64.64,211.06,0.6727,-1,-1,-1
204,8,512.53,317.73,74.43,218.48,0.5869,-1,-1,-1
204,17,397.30,602.25,88.87,250.31,0.7216,-1,-1,-1
204,19,887.10,156.99,71.91,186.10,0.5037,-1,-1,-1
204,28,602.77,324.68,56.77,167.05,0.3988,-1,-1,-1
204,34,70.08,658.06,95.70,232.92,0.6856,-1,-1,-1
204,35,1153.10,140.55,54.35,180.10,0.3813,-1,-1,-1
204,39,-5.06,606.16,58.23,232.81,0.3084,-1,-1,-1
205,1,424.28,208.48,77.34,207.08,0.4663,-1,-1,-1
205,2,97.27,542.72,60.20,146.39,0.3398,-1,-1,-1
205,3,967.21,915.30,62.19,162.88,0.7310,-1,-1,-1
205,4,1720.21,458.80,74.16,209.95,0.5665,-1,-1,-1
205,5,1356.25,571.76,82.65,214.83,0.5317,-1,-1,-1
205,6,220.08,530.69,66.43,209.95,0.6652,-1,-1,-1
205,8,514.52,317.91,73.78,218.34,0.5049,-1,-1,-1
205,17,394.32,599.66,91.04,251.82,0.7193,-1,-1,-1
205,19,888.88,155.42,68.83,187.42,0.4669,-1,-1,-1
205,28,604.10,324.63,55.78,167.46,0.3882,-1,-1,-1
205,32,756.32,299.42,59.50,195.81,0.3386,-1,-1,-1
205,34,70.66,656.32,98.99,234.99,0.7375,-1,-1,-1
205,35,1151.66,139.17,55.16,181.32,0.3937,-1,-1,-1
205,39,-6.52,598.99,65.31,240.80,0.3527,-1,-1,-1
206,1,422.95,205.41,79.21,208.38,0.5126,-1,-1,-1
206,2,97.21,543.31,61.23,146.20,0.3889,-1,-1,-1
206,3,965.28,914.82,63.00,163.06,0.7458,-1,-1,-1
206,4,1720.32,459.05,74.63,209.59,0.5679,-1,-1,-1
206,5,1355.38,571.44,82.05,215.71,0.5380,-1,-1,-1
206,6,221.16,528.53,63.67,202.79,0.6692,-1,-1,-1
206,8,512.74,319.57,75.13,217.83,0.5080,-1,-1,-1
206,17,396.00,597.76,88.17,252.37,0.7334,-1,-1,-1
206,19,890.57,156.06,68.50,184.40,0.5184,-1,-1,-1
206,28,604.18,324.71,55.82,167.00,0.4112,-1,-1,-1
206,32,758.50,299.22,58.04,195.83,0.3774,-1,-1,-1
206,34,75.21,656.33,98.27,234.81,0.7627,-1,-1,-1
206,35,1149.93,137.97,55.28,182.41,0.4033,-1,-1,-1
206,39,-8.40,600.92,79.37,238.32,0.4629,-1,-1,-1
207,1,422.96,205.10,79.79,207.33,0.4888,-1,-1,-1
207,2,98.10,543.81,60.74,147.26,0.4421,-1,-1,-1
207,3,964.27,913.18,62.30,164.93,0.7476,-1,-1,-1
207,4,1720.74,458.84,73.68,208.78,0.5735,-1,-1,-1
207,5,1357.44,570.55,80.11,213.67,0.4978,-1,-1,-1
207,6,221.89,526.59,62.53,201.57,0.6494,-1,-1,-1
207,8,510.91,319.55,75.66,217.00,0.5340,-1,-1,-1
207,17,396.44,596.40,87.02,246.85,0.7456,-1,-1,-1
207,19,890.92,154.62,71.38,189.60,0.5108,-1,-1,-1
207,28,604.09,325.21,56.03,167.66,0.4119,-1,-1,-1
207,32,759.11,298.36,58.19,195.47,0.3295,-1,-1,-1
207,34,79.78,659.11,104.40,236.11,0.7234,-1,-1,-1
207,35,1147.08,137.43,55.39,183.35,0.3709,-1,-1,-1
208,1,424.47,206.27,77.78,207.75,0.4770,-1,-1,-1
208,2,98.28,543.91,61.22,147.51,0.3912,-1,-1,-1
208,3,961.44,912.62,63.78,165.89,0.7408,-1,-1,-1
208,4,1721.53,458.84,73.06,209.75,0.5807,-1,-1,-1
208,5,1357.48,570.48,79.91,214.14,0.5151,-1,-1,-1
208,6,220.09,524.82,64.53,202.48,0.6129,-1,-1,-1
208,8,508.24,323.29,76.35,212.66,0.5138,-1,-1,-1
208,17,398.46,593.23,84.41,244.36,0.7482,-1,-1,-1
208,19,893.00,152.82,68.25,191.39,0.4737,-1,-1,-1
208,28,603.02,324.10,57.05,167.31,0.4062,-1,-1,-1
208,32,758.32,298.50,59.11,195.82,0.3509,-1,-1,-1
208,34,84.25,660.31,108.72,241.26,0.7345,-1,-1,-1
208,35,1144.49,136.87,56.16,183.88,0.3935,-1,-1,-1
208,39,-4.59,605.22,86.13,235.49,0.3637,-1,-1,-1
209,1,425.47,206.24,77.03,208.86,0.4398,-1,-1,-1
209,2,98.95,545.87,61.19,149.28,0.3752,-1,-1,-1
209,3,961.08,912.50,61.54,166.15,0.7305,-1,-1,-1
209,4,1721.63,457.54,72.83,210.53,0.5548,-1,-1,-1
209,5,1357.38,570.97,77.37,215.36,0.4956,-1,-1,-1
209,6,220.44,523.24,63.51,202.46,0.6256,-1,-1,-1
209,8,508.57,323.44,74.58,212.65,0.5572,-1,-1,-1
209,17,399.34,590.84,82.07,240.33,0.7519,-1,-1,-1
209,19,893.69,151.50,68.61,189.93,0.4535,-1,-1,-1
209,28,601.82,323.97,57.19,168.43,0.3730,-1,-1,-1
209,32,758.62,301.28,59.52,195.10,0.3531,-1,-1,-1
209,34,86.10,665.45,115.10,239.99,0.7617,-1,-1,-1
209,35,1142.05,137.61,57.17,182.28,0.3426,-1,-1,-1
209,39,0.05,606.13,84.26,236.35,0.5766,-1,-1,-1
210,1,425.45,205.54,76.30,209.99,0.4219,-1,-1,-1
210,2,99.97,543.52,60.68,151.33,0.3845,-1,-1,-1
210,3,957.87,912.15,63.38,167.05,0.7292,-1,-1,-1
210,4,1721.14,458.25,73.30,210.42,0.5698,-1,-1,-1
210,5,1356.96,571.01,78.52,215.14,0.5190,-1,-1,-1
210,6,219.04,522.54,65.30,203.70,0.6205,-1,-1,-1
210,8,508.45,323.73,73.40,213.28,0.5971,-1,-1,-1
210,17,400.77,590.08,80.51,237.66,0.7551,-1,-1,-1
210,19,894.19,151.04,67.55,189.50,0.4767,-1,-1,-1
210,28,602.35,323.88,56.85,176.75,0.3335,-1,-1,-1
210,32,759.87,304.59,61.00,195.96,0.3198,-1,-1,-1
210,34,85.19,667.00,120.56,240.53,0.7543,-1,-1,-1
210,35,1141.20,137.66,56.36,181.72,0.3409,-1,-1,-1
210,39,1.56,607.02,86.34,234.23,0.5913,-1,-1,-1
211,1,426.93,205.00,76.09,209.71,0.4367,-1,-1,-1
211,2,99.99,543.94,62.75,152.79,0.3776,-1,-1,-1
211,3,955.62,912.38,64.48,166.25,0.7376,-1,-1,-1
211,4,1720.78,459.09,73.73,208.03,0.5500,-1,-1,-1
211,5,1356.30,570.56,78.19,219.24,0.5124,-1,-1,-1
211,6,217.66,521.07,65.73,205.00,0.5994,-1,-1,-1
211,8,508.35,323.78,72.75,211.59,0.5998,-1,-1,-1
211,17,401.10,587.04,79.70,238.44,0.7515,-1,-1,-1
211,19,894.77,150.33,69.39,186.05,0.4973,-1,-1,-1
211,32,758.61,306.00,64.48,197.79,0.3100,-1,-1,-1
211,34,92.19,668.91,113.71,241.37,0.7521,-1,-1,-1
211,35,1138.78,137.67,56.56,182.50,0.3332,-1,-1,-1
211,39,1.63,612.10,89.27,229.29,0.5870,-1,-1,-1
212,1,425.99,203.33,77.35,210.10,0.4024,-1,-1,-1
212,2,101.35,544.36,62.87,157.58,0.4590,-1,-1,-1
212,3,954.00,910.91,64.71,169.02,0.7329,-1,-1,-1
212,4,1720.62,459.59,74.14,209.59,0.5753,-1,-1,-1
212,5,1356.42,571.12,78.20,219.67,0.5009,-1,-1,-1
212,6,216.53,519.72,66.03,206.01,0.6211,-1,-1,-1
212,8,507.53,325.50,72.34,210.47,0.5918,-1,-1,-1
212,17,399.93,585.28,81.69,239.25,0.7133,-1,-1,-1
212,19,898.21,147.62,67.89,183.71,0.4892,-1,-1,-1
212,34,98.14,669.96,108.21,244.66,0.7423,-1,-1,-1
212,39,11.79,609.94,82.95,233.98,0.5596,-1,-1,-1
213,1,425.73,201.85,77.35,210.19,0.4076,-1,-1,-1
213,2,102.01,545.21,62.98,171.14,0.4890,-1,-1,-1
213,3,951.71,909.89,65.12,170.10,0.7463,-1,-1,-1
213,4,1720.58,459.01,74.66,209.90,0.5666,-1,-1,-1
213,5,1355.90,570.61,78.73,221.25,0.5398,-1,-1,-1
213,6,215.80,519.26,65.71,204.49,0.6150,-1,-1,-1
213,8,507.79,325.97,70.83,211.41,0.6299,-1,-1,-1
213,17,400.16,582.83,82.23,242.44,0.7104,-1,-1,-1
213,19,899.28,145.00,67.18,183.70,0.5013,-1,-1,-1
213,28,600.75,328.08,60.02,186.38,0.3035,-1,-1,-1
213,34,100.87,669.06,106.27,249.86,0.7477,-1,-1,-1
213,39,20.98,609.98,76.66,234.41,0.5290,-1,-1,-1
213,41,808.46,321.16,71.77,188.24,0.3330,-1,-1,-1
214,1,425.61,201.28,75.93,210.40,0.3946,-1,-1,-1
214,2,101.35,547.09,66.11,173.76,0.4908,-1,-1,-1
214,3,951.46,908.66,64.01,171.32,0.7357,-1,-1,-1
214,4,1721.51,459.37,73.61,207.41,0.5645,-1,-1,-1
214,5,1355.13,571.09,78.87,218.09,0.5271,-1,-1,-1
214,6,215.84,518.88,65.95,203.28,0.5915,-1,-1,-1
214,8,508.79,324.36,71.68,211.36,0.7047,-1,-1,-1
214,17,398.91,580.08,85.65,244.86,0.6935,-1,-1,-1
214,19,901.09,141.97,66.02,185.56,0.4662,-1,-1,-1
214,28,600.99,331.87,58.68,193.74,0.3601,-1,-1,-1
214,34,106.18,665.77,101.85,254.48,0.7556,-1,-1,-1
214,39,32.23,613.65,67.14,232.79,0.5563,-1,-1,-1
214,41,819.21,324.88,62.14,187.17,0.3310,-1,-1,-1
215,1,427.03,200.57,74.88,209.47,0.3774,-1,-1,-1
215,2,101.43,547.81,68.76,171.69,0.4498,-1,-1,-1
215,3,949.93,909.11,63.07,170.92,0.7452,-1,-1,-1
215,4,1721.46,459.71,73.63,207.55,0.5782,-1,-1,-1
215,5,1356.30,571.53,78.57,215.10,0.5403,-1,-1,-1
215,6,216.12,517.87,65.15,203.76,0.5843,-1,-1,-1
215,8,509.20,325.25,70.75,214.03,0.6742,-1,-1,-1
215,17,398.40,578.97,87.64,245.69,0.7152,-1,-1,-1
215,19,901.65,141.98,66.31,185.69,0.4448,-1,-1,-1
215,28,600.87,333.33,61.24,198.97,0.3784,-1,-1,-1
215,32,759.14,312.29,70.54,192.03,0.3765,-1,-1,-1
215,34,111.42,664.50,96.16,257.47,0.7662,-1,-1,-1
215,39,37.71,612.57,71.11,235.47,0.5209,-1,-1,-1
215,41,811.65,323.49,70.98,187.54,0.3430,-1,-1,-1
216,1,426.62,201.19,74.41,204.54,0.3520,-1,-1,-1
216,2,102.03,547.89,70.20,172.98,0.4643,-1,-1,-1
216,3,949.88,909.20,62.22,170.82,0.7376,-1,-1,-1
216,4,1721.74,458.88,72.85,208.90,0.5417,-1,-1,-1
216,5,1355.88,571.23,79.74,217.81,0.5404,-1,-1,-1
216,6,214.86,516.83,65.26,201.48,0.5842,-1,-1,-1
216,8,508.32,327.40,70.43,216.50,0.6221,-1,-1,-1
216,17,399.42,578.71,87.65,246.41,0.7187,-1,-1,-1
216,19,901.44,140.97,66.30,186.49,0.5114,-1,-1,-1
216,28,599.41,333.10,63.53,200.35,0.3830,-1,-1,-1
216,32,755.87,313.65,73.41,192.10,0.3829,-1,-1,-1
216,34,115.13,662.69,92.20,259.72,0.7806,-1,-1,-1
216,35,1128.78,132.69,56.80,185.12,0.3453,-1,-1,-1
216,39,43.66,610.95,71.28,240.46,0.6183,-1,-1,-1
216,41,811.98,322.58,75.56,190.10,0.3305,-1,-1,-1
217,1,426.86,199.38,73.00,203.23,0.3484,-1,-1,-1
217,2,102.31,548.84,68.14,171.75,0.3979,-1,-1,-1
217,3,949.78,908.84,60.86,171.17,0.7374,-1,-1,-1
217,4,1721.08,459.05,73.62,209.00,0.5315,-1,-1,-1
217,5,1354.91,571.76,82.04,218.47,0.5258,-1,-1,-1
217,6,218.55,516.08,60.26,204.01,0.5800,-1,-1,-1
217,8,509.10,329.65,69.55,217.86,0.5991,-1,-1,-1
217,17,398.86,577.13,89.29,246.86,0.7099,-1,-1,-1
217,19,901.02,140.90,67.83,185.36,0.4604,-1,-1,-1
217,28,600.94,336.72,58.80,200.43,0.3870,-1,-1,-1
217,32,756.25,315.23,75.65,190.35,0.3677,-1,-1,-1
217,34,114.40,662.69,94.18,259.52,0.7908,-1,-1,-1
217,39,47.93,613.74,74.38,239.72,0.6280,-1,-1,-1
218,1,426.41,198.58,74.93,201.36,0.3752,-1,-1,-1
218,2,100.74,544.45,72.39,144.77,0.3216,-1,-1,-1
218,3,946.46,908.32,63.97,171.69,0.7344,-1,-1,-1
218,4,1721.52,459.38,73.06,209.53,0.5225,-1,-1,-1
218,5,1354.92,571.33,80.94,218.84,0.4938,-1,-1,-1
218,6,219.52,514.22,57.61,206.06,0.5482,-1,-1,-1
218,8,510.20,330.37,67.49,220.20,0.6173,-1,-1,-1
218,17,398.25,576.80,90.30,246.39,0.7189,-1,-1,-1
218,19,901.40,141.17,67.24,183.57,0.3776,-1,-1,-1
218,28,598.72,339.75,60.23,198.35,0.4311,-1,-1,-1
218,32,761.27,314.98,69.03,192.22,0.3127,-1,-1,-1
218,34,118.45,664.06,92.52,257.78,0.7803,-1,-1,-1
218,39,49.92,617.81,84.02,237.23,0.4969,-1,-1,-1
219,1,427.81,196.80,73.49,199.16,0.3551,-1,-1,-1
219,2,100.07,548.31,73.05,134.42,0.3710,-1,-1,-1
219,3,942.72,907.38,66.79,172.61,0.7538,-1,-1,-1
219,4,1721.29,458.82,73.20,210.03,0.5485,-1,-1,-1
219,5,1354.89,571.83,81.52,217.07,0.5037,-1,-1,-1
219,6,216.85,511.36,58.64,203.06,0.5354,-1,-1,-1
219,8,510.76,331.94,66.52,220.13,0.6280,-1,-1,-1
219,17,399.67,575.42,88.08,245.41,0.6946,-1,-1,-1
219,19,899.94,140.77,69.82,187.19,0.4737,-1,-1,-1
219,28,597.81,341.64,59.65,199.08,0.4980,-1,-1,-1
219,34,121.83,662.56,90.83,257.73,0.7718,-1,-1,-1
219,35,1125.29,128.32,56.21,189.38,0.3216,-1,-1,-1
219,39,55.33,625.61,83.41,225.14,0.5830,-1,-1,-1
220,1,428.26,196.60,71.98,198.50,0.3742,-1,-1,-1
220,2,95.07,550.03,77.98,134.06,0.3996,-1,-1,-1
220,3,941.01,905.49,68.13,174.47,0.7481,-1,-1,-1
220,4,1721.29,459.00,73.57,209.24,0.5642,-1,-1,-1
220,5,1354.55,570.86,83.17,218.50,0.5130,-1,-1,-1
220,6,214.31,507.09,59.07,201.89,0.5506,-1,-1,-1
220,8,510.47,334.48,65.36,217.57,0.6369,-1,-1,-1
220,17,398.14,572.05,88.40,247.33,0.7156,-1,-1,-1
220,19,898.52,141.40,72.76,187.82,0.5145,-1,-1,-1
220,28,598.20,341.98,58.25,200.22,0.5147,-1,-1,-1
220,32,758.47,317.35,75.68,189.40,0.3103,-1,-1,-1
220,34,122.59,665.94,96.65,250.13,0.7425,-1,-1,-1
220,39,57.73,631.06,87.11,221.22,0.6052,-1,-1,-1
221,1,429.05,195.26,71.49,199.35,0.3794,-1,-1,-1
221,2,90.13,551.24,84.14,137.09,0.4767,-1,-1,-1
221,3,937.73,904.80,69.37,175.20,0.7478,-1,-1,-1
221,4,1720.87,458.44,73.53,209.28,0.5864,-1,-1,-1
221,5,1354.47,571.49,82.90,218.07,0.5156,-1,-1,-1
221,6,212.56,504.05,60.64,201.32,0.5997,-1,-1,-1
221,8,510.47,336.72,66.98,218.51,0.6034,-1,-1,-1
221,17,399.68,569.13,85.60,248.45,0.6923,-1,-1,-1
221,19,901.12,141.54,69.89,188.20,0.5417,-1,-1,-1
221,28,597.71,344.11,58.01,200.09,0.5801,-1,-1,-1
221,32,762.05,314.65,70.72,191.81,0.3331,-1,-1,-1
221,34,126.52,667.78,98.05,251.47,0.7301,-1,-1,-1
221,35,1122.34,126.63,57.07,186.40,0.3121,-1,-1,-1
221,39,61.86,634.90,88.15,219.20,0.6305,-1,-1,-1
222,1,429.52,193.94,71.34,200.03,0.3578,-1,-1,-1
222,2,94.57,553.13,78.34,153.12,0.3797,-1,-1,-1
222,3,935.67,905.10,72.28,174.93,0.7533,-1,-1,-1
222,4,1721.49,458.50,73.68,208.82,0.5638,-1,-1,-1
222,5,1354.70,571.79,83.94,219.89,0.4860,-1,-1,-1
222,6,208.43,503.54,65.74,200.70,0.5618,-1,-1,-1
222,8,511.65,336.60,65.18,218.88,0.5869,-1,-1,-1
222,17,399.37,565.18,84.51,250.65,0.7094,-1,-1,-1
222,19,901.69,140.78,68.33,186.99,0.4980,-1,-1,-1
222,28,596.48,345.35,59.16,199.27,0.5701,-1,-1,-1
222,34,129.44,669.24,108.61,251.44,0.7160,-1,-1,-1
222,39,64.78,631.49,93.66,225.36,0.5137,-1,-1,-1
223,1,431.75,193.99,69.63,201.64,0.3377,-1,-1,-1
223,2,93.97,551.16,81.40,142.36,0.4595,-1,-1,-1
223,3,935.06,904.76,72.27,175.25,0.7456,-1,-1,-1
223,4,1722.35,457.80,72.03,209.29,0.5424,-1,-1,-1
223,5,1354.80,571.81,84.65,221.24,0.4526,-1,-1,-1
223,6,208.61,502.64,65.42,200.21,0.5643,-1,-1,-1
223,8,511.18,337.16,66.67,218.43,0.5835,-1,-1,-1
223,17,399.02,564.01,83.86,245.30,0.7257,-1,-1,-1
223,19,900.23,140.71,68.98,185.53,0.4489,-1,-1,-1
223,28,595.42,346.12,59.36,198.48,0.5594,-1,-1,-1
223,32,770.84,315.45,66.26,194.25,0.3005,-1,-1,-1
223,34,131.48,671.02,113.69,257.46,0.6903,-1,-1,-1
223,35,1119.24,128.13,54.48,179.56,0.3350,-1,-1,-1
223,39,69.33,633.73,89.27,225.58,0.5791,-1,-1,-1
224,1,432.69,193.60,69.90,202.33,0.3577,-1,-1,-1
224,2,96.19,552.68,78.62,142.60,0.3632,-1,-1,-1
224,3,935.27,904.45,71.12,175.56,0.7161,-1,-1,-1
224,4,1721.48,459.07,73.46,208.90,0.5487,-1,-1,-1
224,5,1355.01,572.19,88.19,227.94,0.4353,-1,-1,-1
224,6,212.76,501.01,58.20,201.85,0.5535,-1,-1,-1
224,8,511.57,337.99,67.99,218.13,0.5859,-1,-1,-1
224,17,398.50,560.26,82.31,239.41,0.7171,-1,-1,-1
224,19,902.54,137.63,70.87,186.35,0.4197,-1,-1,-1
224,28,594.65,346.44,59.76,198.10,0.5603,-1,-1,-1
224,34,133.65,676.02,119.00,259.68,0.7254,-1,-1,-1
224,35,1117.96,127.89,53.71,179.26,0.3189,-1,-1,-1
224,39,73.99,634.82,83.72,222.80,0.5422,-1,-1,-1
225,1,430.53,192.08,71.90,204.28,0.3693,-1,-1,-1
225,2,97.91,553.88,76.39,148.22,0.3705,-1,-1,-1
225,3,934.95,903.23,71.28,176.66,0.7277,-1,-1,-1
225,4,1721.08,458.79,74.15,209.59,0.5840,-1,-1,-1
225,5,1355.08,572.56,89.30,231.46,0.4103,-1,-1,-1
225,6,212.10,499.58,59.25,200.94,0.6084,-1,-1,-1
225,8,511.91,338.52,69.58,217.49,0.5865,-1,-1,-1
225,17,397.58,557.54,80.65,236.59,0.7170,-1,-1,-1
225,19,903.73,137.12,71.70,185.60,0.3902,-1,-1,-1
225,28,594.03,347.83,59.41,195.98,0.5705,-1,-1,-1
225,32,772.21,316.74,71.82,195.57,0.3959,-1,-1,-1
225,34,136.17,678.35,118.19,264.31,0.7732,-1,-1,-1
225,35,1115.19,127.29,55.38,179.29,0.3688,-1,-1,-1
225,39,80.43,639.13,76.86,226.82,0.5941,-1,-1,-1
226,1,431.27,190.36,71.92,205.33,0.3925,-1,-1,-1
226,2,98.99,554.93,77.75,153.20,0.4247,-1,-1,-1
226,3,932.43,902.08,73.89,177.90,0.7226,-1,-1,-1
226,4,1721.26,458.10,74.32,210.59,0.5769,-1,-1,-1
226,5,1354.62,573.43,91.88,225.98,0.4488,-1,-1,-1
226,6,206.13,499.73,67.10,201.77,0.6060,-1,-1,-1
226,8,509.00,339.46,73.33,217.05,0.6155,-1,-1,-1
226,17,392.49,555.48,85.83,238.19,0.7250,-1,-1,-1
226,19,906.72,135.37,66.31,184.76,0.3656,-1,-1,-1
226,28,592.03,347.42,60.78,196.25,0.5807,-1,-1,-1
226,32,776.48,316.31,67.41,197.64,0.3801,-1,-1,-1
226,34,138.73,680.82,116.53,265.09,0.7539,-1,-1,-1
226,35,1113.36,126.72,55.71,176.13,0.3614,-1,-1,-1
226,39,84.56,640.20,77.63,227.59,0.6079,-1,-1,-1
226,41,842.42,327.48,55.61,186.19,0.3173,-1,-1,-1
227,1,432.20,188.57,72.01,207.77,0.4145,-1,-1,-1
227,2,100.32,554.72,78.57,156.45,0.4687,-1,-1,-1
227,3,932.66,902.05,72.72,177.97,0.7081,-1,-1,-1
227,4,1721.48,458.22,73.49,209.96,0.5957,-1,-1,-1
227,5,1354.87,573.95,89.85,225.64,0.4627,-1,-1,-1
227,6,207.54,498.40,65.97,203.91,0.6048,-1,-1,-1
227,8,509.12,343.04,73.65,212.63,0.6181,-1,-1,-1
227,17,390.96,553.14,85.86,239.41,0.7344,-1,-1,-1
227,19,909.51,133.80,62.88,186.91,0.3490,-1,-1,-1
227,28,589.77,347.39,62.98,197.46,0.5905,-1,-1,-1
227,32,777.31,318.12,75.86,200.53,0.3027,-1,-1,-1
227,34,143.57,683.15,113.43,269.13,0.7643,-1,-1,-1
227,35,1112.43,125.53,55.20,178.06,0.3726,-1,-1,-1
227,39,91.87,638.35,75.45,228.56,0.5921,-1,-1,-1
228,1,433.01,188.32,71.94,207.73,0.4362,-1,-1,-1
228,2,100.68,553.98,80.10,147.23,0.4599,-1,-1,-1
228,3,932.83,901.03,72.34,178.93,0.6954,-1,-1,-1
228,4,1721.50,459.54,73.83,208.13,0.5956,-1,-1,-1
228,5,1354.64,576.11,95.51,229.77,0.4474,-1,-1,-1
228,6,208.07,497.07,66.18,203.94,0.6215,-1,-1,-1
228,8,509.46,341.43,71.26,213.80,0.6387,-1,-1,-1
228,17,386.47,552.31,89.93,239.99,0.7352,-1,-1,-1
228,19,909.91,132.61,66.54,181.58,0.3559,-1,-1,-1
228,28,588.78,348.87,63.36,195.50,0.5721,-1,-1,-1
228,32,777.74,319.16,74.15,204.33,0.3923,-1,-1,-1
228,34,148.59,687.63,103.79,265.83,0.7345,-1,-1,-1
228,35,1108.81,125.31,57.28,179.55,0.3302,-1,-1,-1
228,39,95.89,639.67,77.86,231.59,0.6010,-1,-1,-1
229,1,434.15,188.04,70.30,208.76,0.4224,-1,-1,-1
229,2,101.87,555.61,80.76,141.25,0.4673,-1,-1,-1
229,3,931.90,900.28,73.02,179.72,0.7155,-1,-1,-1
229,4,1720.67,459.42,74.34,208.90,0.6028,-1,-1,-1
229,5,1354.02,575.51,92.59,222.03,0.4909,-1,-1,-1
229,6,206.92,496.07,66.95,205.32,0.5912,-1,-1,-1
229,8,509.14,343.88,72.87,212.07,0.6495,-1,-1,-1
229,17,383.93,549.69,92.31,242.88,0.7255,-1,-1,-1
229,19,912.95,131.89,66.18,177.64,0.3882,-1,-1,-1
229,28,588.47,349.60,63.19,194.62,0.5615,-1,-1,-1
229,32,776.52,318.31,71.12,209.54,0.3436,-1,-1,-1
229,34,149.20,690.35,100.82,264.83,0.7290,-1,-1,-1
229,35,1103.95,125.02,61.09,180.27,0.3414,-1,-1,-1
229,39,102.84,642.85,75.48,225.05,0.5913,-1,-1,-1
230,1,435.38,187.51,70.11,206.14,0.4565,-1,-1,-1
230,2,101.62,555.56,83.97,130.76,0.4543,-1,-1,-1
230,3,932.60,899.68,72.19,180.32,0.7126,-1,-1,-1
230,4,1720.93,459.61,74.18,208.39,0.5841,-1,-1,-1
230,5,1354.64,575.52,96.07,228.17,0.4598,-1,-1,-1
230,6,205.56,494.62,68.35,204.69,0.5886,-1,-1,-1
230,8,509.81,344.37,72.35,213.57,0.6390,-1,-1,-1
230,17,382.20,546.43,94.00,247.68,0.7325,-1,-1,-1
230,19,916.20,130.40,65.67,174.61,0.3404,-1,-1,-1
230,28,587.54,351.28,64.29,193.55,0.5281,-1,-1,-1
230,32,779.60,319.10,73.05,211.63,0.3199,-1,-1,-1
230,34,147.36,693.60,107.35,263.73,0.7489,-1,-1,-1
230,35,1094.27,125.90,70.29,179.29,0.3479,-1,-1,-1
230,39,108.08,644.79,73.59,216.19,0.5594,-1,-1,-1
230,43,791.81,110.22,69.59,216.79,0.3006,-1,-1,-1
231,1,436.01,186.90,70.90,204.22,0.4376,-1,-1,-1
231,2,102.27,556.59,82.72,127.78,0.4820,-1,-1,-1
231,3,931.60,899.40,73.24,180.54,0.7279,-1,-1,-1
231,4,1721.38,458.50,73.96,209.89,0.6109,-1,-1,-1
231,5,1354.70,577.62,96.04,223.76,0.4701,-1,-1,-1
231,6,210.97,493.32,64.23,204.35,0.5610,-1,-1,-1
231,8,508.04,345.38,73.81,213.09,0.6584,-1,-1,-1
231,17,380.06,545.51,95.38,248.60,0.7377,-1,-1,-1
231,19,917.98,129.65,67.12,177.47,0.3072,-1,-1,-1
231,28,586.31,349.95,66.18,193.51,0.5485,-1,-1,-1
231,32,780.04,327.36,59.40,202.91,0.3281,-1,-1,-1
231,34,153.13,695.41,101.32,262.21,0.7687,-1,-1,-1
231,35,1093.36,126.19,69.76,178.57,0.3567,-1,-1,-1
231,39,110.77,638.71,75.63,158.48,0.4767,-1,-1,-1
231,41,844.86,335.14,56.73,191.29,0.3368,-1,-1,-1
232,1,437.56,186.66,69.93,205.35,0.4461,-1,-1,-1
232,2,103.36,557.40,81.09,128.94,0.4507,-1,-1,-1
232,3,931.77,899.53,73.24,180.50,0.7215,-1,-1,-1
232,4,1721.94,457.75,73.15,210.50,0.6170,-1,-1,-1
232,5,1356.28,579.03,96.10,228.92,0.4679,-1,-1,-1
232,6,216.40,492.26,59.73,203.16,0.5231,-1,-1,-1
232,8,508.34,345.81,71.20,215.98,0.6662,-1,-1,-1
232,17,376.45,545.36,97.99,248.38,0.7132,-1,-1,-1
232,19,919.02,127.02,68.11,180.26,0.3077,-1,-1,-1
232,28,587.61,351.95,64.12,190.75,0.5231,-1,-1,-1
232,34,162.62,697.67,93.42,258.99,0.7634,-1,-1,-1
232,35,1094.92,125.85,66.01,178.21,0.4092,-1,-1,-1
232,39,118.99,651.32,65.47,222.07,0.5335,-1,-1,-1
232,41,844.40,335.52,59.66,190.92,0.3275,-1,-1,-1
232,44,1176.37,125.75,59.13,161.86,0.3465,-1,-1,-1
233,1,439.20,184.57,69.16,207.50,0.4114,-1,-1,-1
233,2,104.53,558.47,81.10,132.65,0.4187,-1,-1,-1
233,3,933.00,899.10,71.53,180.90,0.7089,-1,-1,-1
233,4,1721.66,458.44,73.72,209.30,0.5951,-1,-1,-1
233,5,1355.91,577.77,98.50,234.89,0.4534,-1,-1,-1
233,6,212.14,490.58,65.91,203.58,0.5892,-1,-1,-1
233,8,507.78,346.91,71.51,219.51,0.6781,-1,-1,-1
233,17,375.15,544.95,97.83,246.47,0.6917,-1,-1,-1
233,28,587.53,353.85,63.75,190.87,0.5164,-1,-1,-1
233,34,166.55,699.83,91.65,256.74,0.7783,-1,-1,-1
233,35,1094.39,125.94,64.85,176.14,0.4655,-1,-1,-1
233,39,118.82,648.22,67.22,226.86,0.5440,-1,-1,-1
233,41,844.15,337.43,63.04,189.83,0.3757,-1,-1,-1
233,44,1173.85,124.04,59.76,162.63,0.3516,-1,-1,-1
234,1,440.36,183.50,69.79,208.62,0.4265,-1,-1,-1
234,2,111.55,568.38,68.33,211.82,0.3856,-1,-1,-1
234,3,935.51,900.44,68.17,179.63,0.6985,-1,-1,-1
234,4,1722.28,458.25,73.42,209.71,0.6140,-1,-1,-1
234,5,1354.77,575.62,101.64,239.42,0.5107,-1,-1,-1
234,6,215.12,488.15,63.32,199.24,0.5975,-1,-1,-1
234,8,507.14,347.79,70.46,221.17,0.6880,-1,-1,-1
234,17,373.92,542.87,98.25,244.24,0.7133,-1,-1,-1
234,19,921.06,123.70,68.22,181.48,0.3618,-1,-1,-1
234,28,587.32,354.63,63.75,193.85,0.5440,-1,-1,-1
234,34,167.79,700.85,92.00,256.70,0.7941,-1,-1,-1
234,35,1092.99,126.93,65.16,176.76,0.4582,-1,-1,-1
234,39,117.13,649.90,71.43,225.60,0.4359,-1,-1,-1
234,41,844.48,339.24,62.85,188.74,0.3161,-1,-1,-1
234,44,1171.55,123.87,61.17,161.11,0.3480,-1,-1,-1
235,1,442.45,182.22,68.92,207.44,0.4530,-1,-1,-1
235,2,100.81,551.43,91.24,154.62,0.4372,-1,-1,-1
235,3,935.21,900.81,67.10,179.22,0.6793,-1,-1,-1
235,4,1722.32,458.91,72.76,209.20,0.5925,-1,-1,-1
235,5,1356.39,576.17,103.31,238.37,0.4402,-1,-1,-1
235,6,216.68,485.64,61.50,197.81,0.5967,-1,-1,-1
235,8,506.51,350.70,70.19,220.93,0.6852,-1,-1,-1
235,17,373.50,541.87,96.22,245.23,0.7200,-1,-1,-1
235,19,922.76,123.21,66.39,185.63,0.3726,-1,-1,-1
235,28,588.25,356.83,62.83,192.60,0.5304,-1,-1,-1
235,32,781.28,338.21,64.88,199.25,0.3723,-1,-1,-1
235,34,172.64,702.21,87.05,253.37,0.7767,-1,-1,-1
235,35,1092.84,126.69,63.57,176.23,0.4523,-1,-1,-1
235,39,119.19,652.65,69.66,221.22,0.5006,-1,-1,-1
235,41,844.55,345.03,55.41,185.84,0.3318,-1,-1,-1
235,44,1170.08,122.95,61.63,162.16,0.3524,-1,-1,-1
236,1,443.88,182.45,68.20,203.13,0.4484,-1,-1,-1
236,2,105.79,559.08,84.14,144.22,0.5191,-1,-1,-1
236,3,936.04,900.52,66.09,179.48,0.6705,-1,-1,-1
236,4,1722.28,459.30,72.37,208.94,0.6041,-1,-1,-1
236,5,1358.21,576.48,103.09,238.50,0.4502,-1,-1,-1
236,6,216.43,483.60,63.20,196.65,0.5818,-1,-1,-1
236,8,506.25,353.40,68.86,218.11,0.6844,-1,-1,-1
236,17,373.57,541.24,95.00,243.76,0.7202,-1,-1,-1
236,19,923.11,122.14,68.31,187.00,0.3631,-1,-1,-1
236,28,587.58,358.68,61.46,187.82,0.5084,-1,-1,-1
236,32,782.51,339.39,62.32,197.55,0.4095,-1,-1,-1
236,34,176.03,702.42,85.55,253.82,0.7783,-1,-1,-1
236,35,1091.73,125.90,65.05,176.47,0.4149,-1,-1,-1
236,39,122.38,657.25,69.71,219.57,0.5671,-1,-1,-1
236,41,843.28,348.04,58.11,184.18,0.3304,-1,-1,-1
236,44,1167.43,122.91,62.23,161.01,0.3315,-1,-1,-1
237,1,443.11,181.43,69.93,200.78,0.3803,-1,-1,-1
237,2,107.19,559.78,82.35,143.79,0.5160,-1,-1,-1
237,3,936.63,900.49,64.78,179.51,0.6756,-1,-1,-1
237,4,1721.71,458.25,73.07,209.68,0.5917,-1,-1,-1
237,5,1361.79,577.61,101.93,238.57,0.4263,-1,-1,-1
237,6,217.90,482.52,62.67,196.34,0.5577,-1,-1,-1
237,8,503.94,356.02,70.19,216.52,0.6776,-1,-1,-1
237,17,374.87,537.50,92.44,245.09,0.7035,-1,-1,-1
237,19,925.65,122.93,66.07,186.80,0.3100,-1,-1,-1
237,28,587.56,361.25,61.40,188.74,0.5128,-1,-1,-1
237,32,783.44,338.44,62.77,198.56,0.4106,-1,-1,-1
237,34,178.20,703.16,85.80,250.97,0.7906,-1,-1,-1
237,35,1091.12,124.62,63.21,177.74,0.3747,-1,-1,-1
237,39,126.71,653.86,69.03,222.36,0.6008,-1,-1,-1
238,1,443.00,180.38,70.62,200.36,0.3879,-1,-1,-1
238,2,112.68,567.65,77.19,216.54,0.4703,-1,-1,-1
238,3,936.28,900.48,63.70,179.53,0.6801,-1,-1,-1
238,4,1721.37,459.93,73.16,207.92,0.6043,-1,-1,-1
238,5,1365.50,578.99,102.42,239.57,0.4166,-1,-1,-1
238,6,217.52,480.22,63.12,197.33,0.5441,-1,-1,-1
238,8,502.94,357.08,70.35,218.32,0.6982,-1,-1,-1
238,17,376.97,535.24,90.08,243.45,0.7075,-1,-1,-1
238,19,925.96,120.42,67.81,188.18,0.3607,-1,-1,-1
238,28,587.39,362.11,62.00,188.00,0.5444,-1,-1,-1
238,32,784.24,339.52,63.85,198.32,0.4495,-1,-1,-1
238,34,182.23,703.25,85.72,253.23,0.7751,-1,-1,-1
238,35,1090.79,124.43,57.85,181.01,0.4178,-1,-1,-1
238,39,134.88,657.93,64.68,215.92,0.4653,-1,-1,-1
239,1,443.75,178.99,71.57,200.38,0.4008,-1,-1,-1
239,2,111.42,562.84,81.01,237.05,0.4800,-1,-1,-1
239,3,936.53,900.16,62.51,179.83,0.7089,-1,-1,-1
239,4,1722.08,458.58,72.88,209.43,0.6240,-1,-1,-1
239,5,1357.69,576.56,111.56,240.51,0.4685,-1,-1,-1
239,6,218.32,480.00,62.92,197.85,0.5839,-1,-1,-1
239,8,501.31,357.71,71.00,216.07,0.6809,-1,-1,-1
239,17,381.13,530.44,85.37,239.36,0.7622,-1,-1,-1
239,19,925.70,120.42,67.68,183.36,0.4367,-1,-1,-1
239,28,587.76,362.24,62.99,187.76,0.5599,-1,-1,-1
239,32,783.24,339.68,64.64,198.48,0.4084,-1,-1,-1
239,34,185.31,705.61,86.31,251.14,0.7562,-1,-1,-1
239,35,1089.80,122.54,57.46,182.46,0.4246,-1,-1,-1
239,39,138.36,656.82,66.52,218.95,0.5325,-1,-1,-1
239,44,1160.19,120.46,63.28,165.67,0.3050,-1,-1,-1
240,1,443.30,177.45,73.84,201.40,0.3619,-1,-1,-1
240,2,104.28,554.52,95.40,165.53,0.4946,-1,-1,-1
240,3,936.98,900.41,61.54,179.03,0.7054,-1,-1,-1
240,4,1721.05,459.20,74.57,208.94,0.5960,-1,-1,-1
240,5,1357.39,576.07,113.47,240.09,0.4574,-1,-1,-1
240,6,218.03,478.52,63.44,199.79,0.5943,-1,-1,-1
240,8,498.85,358.39,73.58,218.38,0.6509,-1,-1,-1
240,17,385.51,528.11,80.72,235.28,0.7467,-1,-1,-1
240,19,924.83,118.93,66.23,185.02,0.4095,-1,-1,-1
240,28,589.31,363.84,57.98,184.99,0.5469,-1,-1,-1
240,32,783.77,340.04,65.75,197.57,0.4282,-1,-1,-1
240,34,186.64,707.11,95.09,255.17,0.7576,-1,-1,-1
240,35,1088.23,122.10,57.35,180.75,0.3917,-1,-1,-1
240,39,142.44,654.20,69.50,221.89,0.5604,-1,-1,-1
241,1,444.44,178.41,74.39,200.76,0.3664,-1,-1,-1
241,2,109.83,561.41,84.73,152.42,0.5324,-1,-1,-1
241,3,936.43,900.34,61.16,179.64,0.7162,-1,-1,-1
241,4,1721.93,458.63,72.73,208.88,0.6290,-1,-1,-1
241,5,1356.29,572.17,120.28,242.11,0.5078,-1,-1,-1
241,6,217.86,476.79,63.77,202.42,0.6210,-1,-1,-1
241,8,497.24,358.75,73.79,219.19,0.6603,-1,-1,-1
241,17,388.03,525.81,78.38,233.60,0.7304,-1,-1,-1
241,19,923.91,118.35,67.45,183.03,0.4465,-1,-1,-1
241,28,588.96,365.68,59.13,182.38,0.5622,-1,-1,-1
241,32,784.27,340.36,68.98,197.27,0.4428,-1,-1,-1
241,34,188.89,709.82,100.53,257.52,0.7769,-1,-1,-1
241,35,1085.96,121.36,57.85,178.03,0.4318,-1,-1,-1
241,39,145.08,643.71,74.76,157.88,0.4031,-1,-1,-1
241,45,783.89,147.05,70.96,176.53,0.3238,-1,-1,-1
242,1,446.36,177.31,72.22,203.10,0.3642,-1,-1,-1
242,2,111.55,564.85,82.60,175.97,0.4398,-1,-1,-1
242,3,936.34,900.86,62.08,179.16,0.7259,-1,-1,-1
242,4,1721.59,459.45,72.61,208.36,0.6144,-1,-1,-1
242,5,1356.56,569.94,121.27,243.80,0.5357,-1,-1,-1
242,6,217.90,475.13,63.86,202.03,0.5969,-1,-1,-1
242,8,495.45,360.94,74.20,217.56,0.6504,-1,-1,-1
242,17,387.40,522.77,79.59,233.92,0.6991,-1,-1,-1
242,19,930.65,120.97,61.18,180.58,0.4581,-1,-1,-1
242,28,587.60,365.41,61.12,188.19,0.5493,-1,-1,-1
242,32,785.28,342.37,68.08,196.64,0.4306,-1,-1,-1
242,34,194.35,712.21,98.19,256.59,0.7483,-1,-1,-1
242,35,1083.75,118.80,59.46,178.85,0.4118,-1,-1,-1
242,39,153.68,650.73,67.86,168.01,0.4305,-1,-1,-1
242,41,853.41,347.98,63.02,187.44,0.3627,-1,-1,-1
242,44,1155.85,119.24,62.41,160.42,0.3191,-1,-1,-1
242,45,782.96,151.14,72.27,171.67,0.3251,-1,-1,-1
243,1,448.17,176.41,70.44,204.50,0.3479,-1,-1,-1
243,2,113.87,563.47,79.89,226.18,0.5381,-1,-1,-1
243,3,935.74,900.40,61.37,179.58,0.7104,-1,-1,-1
243,4,1721.17,458.77,73.79,207.51,0.6317,-1,-1,-1
243,5,1356.90,568.00,118.99,246.38,0.5380,-1,-1,-1
243,6,217.50,474.72,64.66,202.61,0.6049,-1,-1,-1
243,8,493.93,360.57,73.37,218.45,0.6476,-1,-1,-1
243,17,389.08,520.03,77.74,236.18,0.6883,-1,-1,-1
243,19,931.60,119.98,60.95,179.13,0.5040,-1,-1,-1
243,28,587.23,365.50,62.01,194.30,0.5771,-1,-1,-1
243,32,786.19,341.34,67.80,197.94,0.4228,-1,-1,-1
243,34,197.55,717.80,99.90,255.65,0.6950,-1,-1,-1
243,35,1082.20,118.09,59.59,179.63,0.4664,-1,-1,-1
243,39,155.48,650.86,74.04,163.40,0.4760,-1,-1,-1
243,44,1155.37,118.21,63.87,158.65,0.3099,-1,-1,-1
243,45,787.80,152.18,65.61,168.94,0.3728,-1,-1,-1
244,1,446.70,175.91,75.57,204.50,0.3518,-1,-1,-1
244,2,113.59,562.81,83.15,244.92,0.5662,-1,-1,-1
244,3,935.42,901.35,62.61,178.66,0.7835,-1,-1,-1
244,4,1720.97,458.87,73.35,207.74,0.6061,-1,-1,-1
244,5,1356.69,570.02,118.00,244.11,0.5077,-1,-1,-1
244,6,216.99,472.39,64.32,199.27,0.5755,-1,-1,-1
244,8,492.07,361.43,72.95,215.46,0.6436,-1,-1,-1
244,17,389.20,518.14,78.40,237.52,0.6919,-1,-1,-1
244,19,932.82,118.18,60.00,179.03,0.4405,-1,-1,-1
244,28,585.87,367.11,60.88,197.97,0.5805,-1,-1,-1
244,32,789.68,342.38,63.06,196.76,0.3871,-1,-1,-1
244,34,199.52,728.66,98.99,248.86,0.7041,-1,-1,-1
244,35,1080.63,118.01,60.29,179.77,0.4479,-1,-1,-1
244,39,158.20,653.72,84.24,158.52,0.5560,-1,-1,-1
244,41,852.55,352.74,66.96,182.80,0.3908,-1,-1,-1
244,44,1155.14,114.60,57.20,159.36,0.3156,-1,-1,-1
244,45,786.90,152.41,68.87,169.82,0.3411,-1,-1,-1
245,1,447.49,175.86,74.28,203.83,0.3196,-1,-1,-1
245,2,116.10,565.67,82.11,247.21,0.6234,-1,-1,-1
245,3,934.92,902.86,63.71,177.16,0.7905,-1,-1,-1
245,4,1720.70,459.05,73.63,208.05,0.5892,-1,-1,-1
245,5,1360.28,570.14,114.98,244.26,0.4324,-1,-1,-1
245,6,216.94,471.49,64.16,201.06,0.5674,-1,-1,-1
245,8,491.84,361.80,72.44,219.26,0.6682,-1,-1,-1
245,17,388.85,518.63,79.68,237.99,0.6787,-1,-1,-1
245,19,934.60,116.28,58.81,178.92,0.4541,-1,-1,-1
245,28,586.02,369.59,59.84,199.47,0.5897,-1,-1,-1
245,32,790.11,343.48,63.90,196.67,0.3798,-1,-1,-1
245,34,197.66,729.62,99.90,250.59,0.7023,-1,-1,-1
245,35,1080.42,117.46,58.44,179.28,0.4497,-1,-1,-1
245,39,163.96,655.26,78.80,151.84,0.5935,-1,-1,-1
245,41,855.27,353.40,66.30,185.16,0.3902,-1,-1,-1
245,45,787.05,152.75,69.02,169.66,0.3184,-1,-1,-1
246,1,447.89,176.42,74.54,204.25,0.3246,-1,-1,-1
246,2,118.61,563.54,80.96,249.06,0.6373,-1,-1,-1
246,3,935.38,903.66,64.17,176.35,0.7800,-1,-1,-1
246,4,1720.92,458.38,74.01,209.93,0.6068,-1,-1,-1
246,5,1369.64,571.93,105.30,242.16,0.4674,-1,-1,-1
246,6,219.97,470.68,62.31,204.39,0.5838,-1,-1,-1
246,8,488.52,363.39,74.03,214.68,0.6925,-1,-1,-1
246,17,388.90,517.93,80.76,239.69,0.6971,-1,-1,-1
246,19,936.35,115.75,56.98,179.54,0.4114,-1,-1,-1
246,28,584.85,371.01,60.96,200.53,0.6292,-1,-1,-1
246,32,791.21,345.02,63.38,195.88,0.3963,-1,-1,-1
246,34,202.61,731.00,94.69,256.45,0.6849,-1,-1,-1
246,35,1079.70,117.74,59.02,178.52,0.4121,-1,-1,-1
246,39,171.73,655.32,75.12,152.33,0.6018,-1,-1,-1
246,41,861.26,352.21,63.37,187.25,0.3856,-1,-1,-1
246,45,784.32,152.88,72.13,169.91,0.3275,-1,-1,-1
247,1,447.87,175.70,76.73,204.76,0.3373,-1,-1,-1
247,2,119.33,562.78,84.64,252.52,0.6223,-1,-1,-1
247,3,935.93,903.90,63.62,176.10,0.7677,-1,-1,-1
247,4,1719.96,458.37,74.73,208.83,0.6209,-1,-1,-1
247,5,1371.36,567.87,105.66,248.39,0.5719,-1,-1,-1
247,6,219.39,469.06,62.39,205.96,0.5815,-1,-1,-1
247,8,487.47,364.42,73.93,214.82,0.7434,-1,-1,-1
247,17,389.30,517.68,81.01,240.84,0.7037,-1,-1,-1
247,19,936.52,114.33,57.55,177.41,0.4336,-1,-1,-1
247,28,584.30,372.59,61.95,204.35,0.6803,-1,-1,-1
247,32,788.83,345.36,65.60,195.77,0.4094,-1,-1,-1
247,34,204.24,732.94,95.71,256.80,0.6711,-1,-1,-1
247,35,1078.05,116.50,57.99,179.28,0.4382,-1,-1,-1
247,39,175.07,656.33,81.44,145.90,0.4376,-1,-1,-1
247,41,863.41,352.50,58.65,188.17,0.3747,-1,-1,-1
247,44,1150.77,113.01,56.28,162.53,0.3185,-1,-1,-1
247,45,787.69,152.99,68.77,168.77,0.3060,-1,-1,-1
248,1,448.50,173.80,76.90,209.55,0.3513,-1,-1,-1
248,2,123.09,562.79,83.11,249.16,0.6796,-1,-1,-1
248,3,936.14,905.27,64.79,174.65,0.7521,-1,-1,-1
248,4,1718.99,459.58,75.64,208.30,0.6282,-1,-1,-1
248,5,1375.19,569.83,102.75,245.92,0.5477,-1,-1,-1
248,6,220.79,467.47,60.00,203.37,0.5748,-1,-1,-1
248,8,487.42,366.04,72.08,214.92,0.7417,-1,-1,-1
248,17,389.32,517.17,81.16,240.73,0.6928,-1,-1,-1
248,19,938.36,113.58,57.03,175.89,0.4607,-1,-1,-1
248,28,584.39,374.85,60.22,206.65,0.6461,-1,-1,-1
248,32,791.57,345.87,65.07,199.66,0.4234,-1,-1,-1
248,34,203.66,734.63,94.40,257.86,0.5897,-1,-1,-1
248,35,1077.21,116.42,57.25,180.89,0.4956,-1,-1,-1
248,39,179.69,663.82,81.00,145.73,0.3692,-1,-1,-1
248,41,862.89,353.30,64.26,190.01,0.4156,-1,-1,-1
248,44,1149.97,113.36,56.46,164.27,0.3311,-1,-1,-1
249,1,449.27,171.87,77.08,210.75,0.3885,-1,-1,-1
249,2,125.69,563.80,80.71,250.98,0.6679,-1,-1,-1
249,3,936.34,905.37,65.68,174.62,0.7497,-1,-1,-1
249,4,1720.45,459.61,73.56,207.59,0.5910,-1,-1,-1
249,5,1382.31,570.38,92.84,247.34,0.5262,-1,-1,-1
249,6,220.67,466.54,59.61,195.14,0.5555,-1,-1,-1
249,8,486.84,367.37,72.02,216.07,0.7132,-1,-1,-1
249,17,388.22,516.18,83.55,240.28,0.6853,-1,-1,-1
249,19,939.35,111.11,58.27,179.04,0.5151,-1,-1,-1
249,28,583.56,378.67,59.90,204.80,0.6023,-1,-1,-1
249,32,790.58,345.60,64.45,195.09,0.3833,-1,-1,-1
249,34,206.07,741.34,89.23,251.80,0.4883,-1,-1,-1
249,35,1075.96,116.15,57.13,182.76,0.4615,-1,-1,-1
249,39,182.99,672.40,84.04,226.55,0.4981,-1,-1,-1
249,41,861.04,352.89,68.54,190.28,0.3774,-1,-1,-1
249,44,1148.91,111.52,56.33,166.19,0.3423,-1,-1,-1
250,1,449.62,170.19,76.44,211.45,0.3735,-1,-1,-1
250,2,128.06,565.75,81.40,247.07,0.6766,-1,-1,-1
250,3,936.46,905.77,66.91,174.23,0.7302,-1,-1,-1
250,4,1721.12,458.22,73.52,209.01,0.5973,-1,-1,-1
250,5,1386.21,569.64,88.59,246.39,0.5921,-1,-1,-1
250,6,222.16,464.89,59.30,195.21,0.5543,-1,-1,-1
250,8,486.81,369.27,72.14,218.77,0.6858,-1,-1,-1
250,17,388.47,516.10,84.54,238.87,0.6793,-1,-1,-1
250,19,937.29,109.68,60.62,180.61,0.4961,-1,-1,-1
250,28,582.21,381.30,60.59,202.50,0.6331,-1,-1,-1
250,32,792.15,348.33,66.23,194.62,0.3414,-1,-1,-1
250,34,210.47,746.10,90.27,244.62,0.4586,-1,-1,-1
250,35,1073.91,115.35,57.82,183.38,0.4139,-1,-1,-1
250,39,177.88,662.04,100.79,166.08,0.4681,-1,-1,-1
250,41,854.52,355.71,72.54,191.01,0.3943,-1,-1,-1
250,44,1147.52,110.76,56.98,166.21,0.3421,-1,-1,-1
251,1,450.27,168.28,74.24,211.48,0.3775,-1,-1,-1
251,2,131.64,564.97,80.92,249.90,0.7000,-1,-1,-1
251,3,938.18,907.68,66.32,172.36,0.7400,-1,-1,-1
251,4,1719.78,459.24,75.50,207.84,0.6042,-1,-1,-1
251,5,1387.76,568.62,88.91,247.18,0.6259,-1,-1,-1
251,6,222.22,461.25,59.44,197.04,0.5620,-1,-1,-1
251,8,490.52,369.30,68.18,226.00,0.6535,-1,-1,-1
251,17,388.19,512.57,85.24,239.75,0.6654,-1,-1,-1
251,19,935.34,110.16,65.00,180.89,0.4688,-1,-1,-1
251,28,581.69,383.19,60.28,203.10,0.6521,-1,-1,-1
251,32,791.65,351.13,66.10,191.92,0.3647,-1,-1,-1
251,34,211.51,744.24,88.92,247.88,0.5578,-1,-1,-1
251,35,1073.06,114.93,57.75,183.83,0.3954,-1,-1,-1
251,39,183.83,672.28,93.93,143.35,0.5093,-1,-1,-1
251,41,861.21,355.85,67.84,193.06,0.3471,-1,-1,-1
252,1,449.96,167.18,74.50,208.57,0.3792,-1,-1,-1
252,2,133.65,565.86,83.21,247.64,0.7027,-1,-1,-1
252,3,938.49,908.10,66.94,171.90,0.7127,-1,-1,-1
252,4,1720.58,459.66,74.06,207.22,0.5840,-1,-1,-1
252,5,1386.99,569.75,88.83,243.22,0.5677,-1,-1,-1
252,6,221.40,456.04,59.47,201.86,0.5736,-1,-1,-1
252,8,489.91,372.48,68.48,227.33,0.6547,-1,-1,-1
252,17,389.87,509.79,83.27,241.03,0.6639,-1,-1,-1
252,19,936.33,107.16,64.58,182.54,0.4819,-1,-1,-1
252,28,580.66,383.63,61.49,205.08,0.6667,-1,-1,-1
252,34,209.54,740.86,97.60,250.21,0.6631,-1,-1,-1
252,35,1072.16,114.34,57.83,184.16,0.3638,-1,-1,-1
252,39,185.97,675.81,91.63,140.80,0.4683,-1,-1,-1
252,41,863.65,359.43,61.14,189.91,0.3575,-1,-1,-1
252,44,1145.91,108.95,57.27,171.40,0.3290,-1,-1,-1
253,1,452.22,166.63,71.30,207.92,0.3854,-1,-1,-1
253,2,135.91,565.59,84.64,246.01,0.6960,-1,-1,-1
253,3,938.65,908.17,68.43,171.82,0.7335,-1,-1,-1
253,4,1721.37,458.06,73.53,209.14,0.5705,-1,-1,-1
253,5,1388.42,570.77,88.00,246.51,0.6154,-1,-1,-1
253,6,221.08,457.00,62.13,198.76,0.6017,-1,-1,-1
253,8,489.15,374.48,69.63,225.95,0.6621,-1,-1,-1
253,17,389.21,507.04,83.44,239.84,0.6689,-1,-1,-1
253,19,934.80,108.84,66.74,181.59,0.4965,-1,-1,-1
253,28,578.80,383.47,62.13,207.96,0.6810,-1,-1,-1
253,34,217.11,737.54,91.54,251.79,0.7348,-1,-1,-1
253,35,1069.55,114.46,59.38,182.80,0.3580,-1,-1,-1
253,39,194.36,676.74,80.72,136.49,0.4555,-1,-1,-1
253,44,1145.16,108.23,56.09,171.13,0.3577,-1,-1,-1
254,1,452.50,165.94,70.91,204.83,0.3664,-1,-1,-1
254,2,137.33,565.39,85.60,244.18,0.6677,-1,-1,-1
254,3,939.76,909.60,68.28,170.43,0.7320,-1,-1,-1
254,4,1720.65,458.78,73.67,208.73,0.5815,-1,-1,-1
254,5,1389.55,570.01,87.54,245.78,0.6186,-1,-1,-1
254,6,220.92,456.22,62.30,198.70,0.5801,-1,-1,-1
254,8,488.95,373.77,69.03,230.36,0.6529,-1,-1,-1
254,17,390.48,504.46,80.31,238.25,0.6362,-1,-1,-1
254,19,934.88,109.07,68.48,181.71,0.4886,-1,-1,-1
254,28,577.56,385.84,62.77,207.29,0.6923,-1,-1,-1
254,32,795.10,350.66,68.46,193.37,0.3483,-1,-1,-1
254,34,222.14,736.61,87.77,254.38,0.7766,-1,-1,-1
254,35,1069.29,114.15,56.45,183.15,0.3857,-1,-1,-1
254,39,194.17,677.95,82.39,137.11,0.4664,-1,-1,-1
254,41,866.67,361.65,59.53,190.31,0.3532,-1,-1,-1
254,44,1144.17,107.98,54.82,169.78,0.3485,-1,-1,-1
255,1,455.50,165.31,65.20,201.49,0.3485,-1,-1,-1
255,2,139.70,563.48,84.85,244.05,0.6900,-1,-1,-1
255,3,939.30,909.59,70.46,169.57,0.7317,-1,-1,-1
255,4,1721.19,459.29,72.73,207.50,0.6054,-1,-1,-1
255,5,1390.49,569.52,87.17,248.94,0.6545,-1,-1,-1
255,6,220.71,455.76,63.24,197.83,0.6188,-1,-1,-1
255,8,488.34,374.63,69.66,230.61,0.6682,-1,-1,-1
255,17,391.44,501.87,80.68,232.66,0.6715,-1,-1,-1
255,19,933.61,108.82,70.54,180.37,0.4828,-1,-1,-1
255,28,576.63,385.75,62.47,207.86,0.7296,-1,-1,-1
255,32,798.12,351.72,68.95,199.64,0.3302,-1,-1,-1
255,34,221.34,735.41,92.00,261.66,0.7280,-1,-1,-1
255,35,1067.00,113.33,57.01,183.44,0.4076,-1,-1,-1
255,39,198.28,680.13,81.95,136.74,0.4729,-1,-1,-1
255,41,865.65,360.16,70.37,193.52,0.3658,-1,-1,-1
255,44,1142.21,107.02,55.28,171.38,0.3294,-1,-1,-1
256,1,454.62,164.44,67.41,199.08,0.3199,-1,-1,-1
256,2,140.70,564.39,85.65,243.15,0.6533,-1,-1,-1
256,3,939.19,909.86,71.68,170.11,0.7425,-1,-1,-1
256,4,1720.05,459.09,74.25,208.59,0.5660,-1,-1,-1
256,5,1392.12,568.44,88.00,246.20,0.6370,-1,-1,-1
256,6,220.94,455.02,62.88,196.45,0.5989,-1,-1,-1
256,8,489.98,375.33,67.73,229.88,0.6657,-1,-1,-1
256,17,391.74,498.27,79.39,230.89,0.6527,-1,-1,-1
256,19,934.60,107.83,69.95,180.52,0.4858,-1,-1,-1
256,28,575.99,386.77,62.46,207.21,0.7454,-1,-1,-1
256,34,227.95,736.47,87.75,267.52,0.7174,-1,-1,-1
256,35,1066.27,113.16,56.39,183.18,0.3978,-1,-1,-1
256,39,202.91,678.19,88.56,146.76,0.5373,-1,-1,-1
256,41,869.97,362.35,64.67,192.44,0.3302,-1,-1,-1
256,44,1140.17,106.14,56.14,171.61,0.3385,-1,-1,-1
257,1,455.33,163.22,67.14,196.83,0.3063,-1,-1,-1
257,2,140.64,564.28,89.71,243.37,0.6210,-1,-1,-1
257,3,938.94,911.18,73.78,168.56,0.7509,-1,-1,-1
257,4,1719.96,459.94,73.84,207.29,0.5789,-1,-1,-1
257,5,1394.24,567.30,86.77,244.59,0.6262,-1,-1,-1
257,6,220.32,454.41,64.82,197.78,0.5734,-1,-1,-1
257,8,487.94,378.67,70.09,227.21,0.6771,-1,-1,-1
257,17,392.17,494.24,80.10,232.31,0.6817,-1,-1,-1
257,19,934.99,106.95,69.18,181.30,0.4313,-1,-1,-1
257,28,575.11,387.01,62.36,205.85,0.7588,-1,-1,-1
257,32,799.23,350.95,74.66,201.31,0.3213,-1,-1,-1
257,34,234.18,746.15,85.16,267.40,0.7338,-1,-1,-1
257,35,1063.91,112.60,57.06,184.14,0.3663,-1,-1,-1
257,39,203.99,678.59,88.28,153.04,0.5771,-1,-1,-1
257,41,870.07,363.29,57.27,186.96,0.3794,-1,-1,-1
257,44,1138.42,105.81,58.04,170.49,0.3210,-1,-1,-1
258,1,455.83,163.24,68.05,196.07,0.3235,-1,-1,-1
258,2,142.54,564.40,90.85,246.41,0.5900,-1,-1,-1
258,3,938.72,912.82,74.26,165.90,0.7498,-1,-1,-1
258,4,1720.53,459.42,73.80,207.61,0.5669,-1,-1,-1
258,5,1395.51,566.37,86.12,240.74,0.6219,-1,-1,-1
258,6,221.44,453.17,64.30,197.61,0.5340,-1,-1,-1
258,8,489.61,376.86,68.00,228.76,0.6611,-1,-1,-1
258,17,390.24,492.69,80.77,233.75,0.6806,-1,-1,-1
258,19,937.41,105.61,68.25,179.85,0.4246,-1,-1,-1
258,28,575.42,387.72,61.44,204.32,0.7465,-1,-1,-1
258,32,802.09,352.45,74.53,202.36,0.3331,-1,-1,-1
258,34,233.48,749.10,86.72,269.97,0.7663,-1,-1,-1
258,35,1064.49,112.79,58.69,182.32,0.3173,-1,-1,-1
258,39,212.25,679.86,81.50,156.54,0.5357,-1,-1,-1
258,41,871.84,363.03,55.33,185.46,0.3488,-1,-1,-1
259,1,459.17,162.56,67.48,197.29,0.3507,-1,-1,-1
259,2,144.03,565.68,93.45,244.45,0.6283,-1,-1,-1
259,3,938.63,914.21,76.44,164.39,0.7305,-1,-1,-1
259,4,1719.88,459.36,74.92,208.53,0.5631,-1,-1,-1
259,5,1400.73,566.41,81.74,237.17,0.5865,-1,-1,-1
259,6,222.86,452.35,62.38,196.57,0.5074,-1,-1,-1
259,8,486.85,381.59,70.27,223.87,0.6670,-1,-1,-1
259,17,388.00,491.93,83.02,233.89,0.6567,-1,-1,-1
259,19,939.69,103.47,64.79,179.20,0.4182,-1,-1,-1
259,28,574.23,389.65,62.95,202.01,0.7487,-1,-1,-1
259,32,803.53,353.01,71.58,202.54,0.4110,-1,-1,-1
259,34,234.24,754.68,87.37,263.79,0.7464,-1,-1,-1
259,35,1062.66,112.16,58.40,181.61,0.3247,-1,-1,-1
259,39,209.41,679.06,91.44,131.48,0.4737,-1,-1,-1
259,41,872.16,367.47,51.81,180.92,0.3343,-1,-1,-1
260,1,457.86,162.48,69.39,197.83,0.3750,-1,-1,-1
260,2,151.28,564.66,87.73,245.80,0.6318,-1,-1,-1
260,3,939.53,914.84,78.59,162.33,0.7217,-1,-1,-1
260,4,1719.63,459.34,74.54,208.55,0.5879,-1,-1,-1
260,5,1403.51,565.96,78.96,239.54,0.5573,-1,-1,-1
260,6,222.43,451.43,63.05,194.79,0.5083,-1,-1,-1
260,8,490.19,380.16,67.67,225.96,0.6626,-1,-1,-1
260,17,383.22,490.75,87.62,235.50,0.6631,-1,-1,-1
260,19,939.37,101.19,65.75,174.91,0.4327,-1,-1,-1
260,28,573.66,390.85,62.16,199.48,0.7529,-1,-1,-1
260,32,806.39,354.76,66.35,200.17,0.3902,-1,-1,-1
260,34,237.25,757.85,85.46,266.75,0.7298,-1,-1,-1
260,35,1061.14,110.84,56.05,183.81,0.3457,-1,-1,-1
260,39,215.48,682.09,86.79,124.52,0.5331,-1,-1,-1
261,1,452.08,161.18,76.95,201.59,0.3851,-1,-1,-1
261,2,159.23,564.96,80.01,247.72,0.6509,-1,-1,-1
261,3,939.40,915.04,80.69,163.52,0.7260,-1,-1,-1
261,4,1720.77,459.62,73.57,208.82,0.5983,-1,-1,-1
261,5,1409.58,565.82,74.26,239.90,0.5527,-1,-1,-1
261,6,222.29,450.14,63.00,193.87,0.4815,-1,-1,-1
261,8,487.02,384.03,69.85,220.85,0.6898,-1,-1,-1
261,17,377.78,488.44,92.45,237.89,0.6510,-1,-1,-1
261,19,938.92,99.01,65.54,173.69,0.4453,-1,-1,-1
261,28,573.74,392.78,61.53,196.85,0.7489,-1,-1,-1
261,32,804.04,354.19,71.65,202.23,0.3709,-1,-1,-1
261,34,239.58,763.54,83.24,257.24,0.6983,-1,-1,-1
261,39,217.72,684.67,86.03,126.55,0.6275,-1,-1,-1
262,1,458.64,161.91,69.31,199.12,0.3845,-1,-1,-1
262,2,162.33,565.43,82.98,250.39,0.6473,-1,-1,-1
262,3,937.45,917.39,83.04,159.70,0.7269,-1,-1,-1
262,4,1720.25,460.00,74.30,208.28,0.5945,-1,-1,-1
262,5,1410.16,563.69,77.76,240.33,0.5657,-1,-1,-1
262,6,222.21,448.92,63.24,193.16,0.5126,-1,-1,-1
262,8,488.04,384.73,68.62,220.17,0.7157,-1,-1,-1
262,17,376.25,487.34,93.63,237.84,0.6311,-1,-1,-1
262,19,937.51,98.06,66.64,171.40,0.4972,-1,-1,-1
262,28,573.27,395.40,61.41,196.33,0.7372,-1,-1,-1
262,32,806.31,355.29,67.92,201.84,0.4087,-1,-1,-1
262,34,241.28,764.57,85.87,264.14,0.6922,-1,-1,-1
262,35,1058.32,108.19,57.21,184.16,0.3759,-1,-1,-1
262,39,222.62,687.50,81.74,125.80,0.5634,-1,-1,-1
263,1,455.11,160.48,70.14,201.84,0.3654,-1,-1,-1
263,2,166.53,565.32,79.23,251.15,0.6833,-1,-1,-1
263,3,936.37,918.35,85.25,158.43,0.7392,-1,-1,-1
263,4,1719.81,460.02,74.98,208.12,0.5727,-1,-1,-1
263,5,1410.37,565.24,76.81,236.74,0.5933,-1,-1,-1
263,6,223.87,446.02,62.16,191.19,0.5247,-1,-1,-1
263,8,487.63,384.84,68.96,219.84,0.6995,-1,-1,-1
263,17,375.75,485.86,93.28,238.86,0.6100,-1,-1,-1
263,19,938.82,96.18,65.14,174.71,0.4814,-1,-1,-1
263,28,572.51,396.72,62.44,198.93,0.7084,-1,-1,-1
263,32,803.99,355.46,74.16,205.27,0.4034,-1,-1,-1
263,34,242.86,768.30,86.15,262.75,0.6713,-1,-1,-1
263,35,1056.77,106.92,57.96,184.51,0.3885,-1,-1,-1
263,39,224.31,688.79,84.00,124.63,0.4594,-1,-1,-1
264,1,459.22,160.46,66.50,200.12,0.3312,-1,-1,-1
264,2,169.74,564.30,77.73,252.61,0.6903,-1,-1,-1
264,3,937.24,919.74,84.72,156.26,0.7567,-1,-1,-1
264,4,1720.87,459.73,74.03,208.58,0.5835,-1,-1,-1
264,5,1410.58,565.47,80.55,236.93,0.6156,-1,-1,-1
264,6,225.89,447.82,60.89,187.23,0.5598,-1,-1,-1
264,8,486.14,385.00,70.58,218.14,0.6892,-1,-1,-1
264,17,374.26,485.28,94.10,238.40,0.6064,-1,-1,-1
264,19,937.75,94.35,66.39,177.45,0.4408,-1,-1,-1
264,28,570.75,397.33,62.63,200.28,0.6841,-1,-1,-1
264,32,802.20,358.07,69.75,204.98,0.3898,-1,-1,-1
264,34,245.87,772.00,86.89,260.43,0.7472,-1,-1,-1
264,35,1054.39,106.83,58.07,178.40,0.3527,-1,-1,-1
264,39,233.61,692.13,75.37,119.97,0.6105,-1,-1,-1
265,1,460.11,161.40,63.83,199.34,0.3728,-1,-1,-1
265,2,173.38,565.61,75.53,254.12,0.6907,-1,-1,-1
265,3,938.47,919.91,84.75,156.57,0.7554,-1,-1,-1
265,4,1720.66,460.07,73.94,208.28,0.6007,-1,-1,-1
265,5,1410.92,565.95,79.45,239.85,0.5871,-1,-1,-1
265,6,227.13,444.20,60.53,188.66,0.5294,-1,-1,-1
265,8,486.05,385.29,69.56,218.41,0.6718,-1,-1,-1
265,17,373.61,484.52,94.15,238.50,0.6553,-1,-1,-1
265,19,939.38,93.12,64.07,179.67,0.4708,-1,-1,-1
265,28,569.95,398.97,63.33,198.87,0.7247,-1,-1,-1
265,32,802.61,358.56,73.58,207.89,0.3663,-1,-1,-1
265,34,246.83,771.52,86.12,261.29,0.7680,-1,-1,-1
265,35,1054.17,106.10,56.42,176.07,0.3830,-1,-1,-1
265,39,239.27,695.45,69.97,120.11,0.5715,-1,-1,-1
265,44,1126.89,96.41,56.10,163.47,0.3309,-1,-1,-1
266,1,460.90,160.35,63.76,201.31,0.3284,-1,-1,-1
266,2,175.94,566.35,77.91,255.88,0.6934,-1,-1,-1
266,3,938.09,920.40,85.89,156.20,0.7624,-1,-1,-1
266,4,1720.36,460.42,74.14,208.07,0.5899,-1,-1,-1
266,5,1411.39,565.92,79.71,244.40,0.5707,-1,-1,-1
266,6,225.38,443.89,62.21,183.45,0.4924,-1,-1,-1
266,8,484.56,384.95,69.15,220.57,0.6286,-1,-1,-1
266,17,373.80,484.04,93.99,237.31,0.6407,-1,-1,-1
266,19,939.68,92.59,65.01,179.07,0.4589,-1,-1,-1
266,28,567.81,401.20,64.52,202.55,0.6708,-1,-1,-1
266,32,801.56,359.89,77.96,209.68,0.3991,-1,-1,-1
266,34,249.85,774.11,92.59,258.56,0.7715,-1,-1,-1
266,35,1053.72,105.06,56.24,177.99,0.4406,-1,-1,-1
266,39,246.85,698.80,64.85,117.93,0.5293,-1,-1,-1
266,44,1126.42,96.22,55.00,165.00,0.3526,-1,-1,-1
267,1,461.55,159.64,64.46,201.32,0.3720,-1,-1,-1
267,2,178.83,567.51,77.86,260.36,0.6873,-1,-1,-1
267,3,939.31,920.15,85.19,156.73,0.7636,-1,-1,-1
267,4,1720.19,459.95,75.20,208.19,0.5666,-1,-1,-1
267,5,1412.02,565.31,78.88,244.91,0.5651,-1,-1,-1
267,6,223.82,441.26,64.21,185.16,0.4865,-1,-1,-1
267,8,481.31,385.90,70.74,222.01,0.6257,-1,-1,-1
267,17,373.54,481.15,92.99,238.36,0.6064,-1,-1,-1
267,19,939.86,91.71,65.38,179.90,0.4571,-1,-1,-1
267,28,567.03,402.36,64.87,205.20,0.6510,-1,-1,-1
267,32,802.42,362.09,72.50,211.89,0.3821,-1,-1,-1
267,34,248.36,771.82,94.19,261.65,0.7581,-1,-1,-1
267,35,1051.08,104.25,58.38,179.12,0.4609,-1,-1,-1
267,39,248.85,701.77,67.17,114.52,0.5142,-1,-1,-1
267,44,1124.16,96.11,57.00,166.89,0.3902,-1,-1,-1
268,1,461.98,157.27,65.11,203.18,0.3731,-1,-1,-1
268,2,182.14,569.09,76.12,258.47,0.7073,-1,-1,-1
268,3,941.51,919.94,83.14,157.09,0.7583,-1,-1,-1
268,4,1720.45,459.99,73.81,208.14,0.5799,-1,-1,-1
268,5,1412.57,564.57,78.21,245.29,0.5938,-1,-1,-1
268,6,223.84,439.73,63.89,187.00,0.5369,-1,-1,-1
268,8,478.94,388.52,72.89,223.52,0.6267,-1,-1,-1
268,17,373.76,479.48,91.02,238.98,0.6349,-1,-1,-1
268,19,942.35,92.26,64.94,178.88,0.4517,-1,-1,-1
268,28,565.67,403.14,66.25,206.12,0.6221,-1,-1,-1
268,32,803.88,362.84,70.73,215.17,0.3771,-1,-1,-1
268,34,251.31,768.91,88.27,264.49,0.7429,-1,-1,-1
268,35,1049.85,104.96,59.21,178.04,0.4540,-1,-1,-1
268,39,253.72,704.26,65.69,112.64,0.5485,-1,-1,-1
268,44,1122.63,96.43,57.57,167.56,0.4121,-1,-1,-1
269,1,461.74,158.93,65.94,199.23,0.4035,-1,-1,-1
269,2,183.41,571.58,80.00,252.35,0.7132,-1,-1,-1
269,3,943.68,920.29,82.14,157.14,0.7533,-1,-1,-1
269,4,1720.73,460.62,73.87,206.89,0.5951,-1,-1,-1
269,5,1413.73,566.63,78.90,243.73,0.5817,-1,-1,-1
269,6,224.79,437.55,63.84,189.75,0.5009,-1,-1,-1
269,8,475.62,389.69,75.45,221.86,0.6336,-1,-1,-1
269,17,374.87,477.74,90.00,239.29,0.6510,-1,-1,-1
269,19,942.55,92.21,64.63,178.42,0.4962,-1,-1,-1
269,28,565.62,399.83,67.07,209.33,0.6021,-1,-1,-1
269,32,806.20,365.96,64.52,212.70,0.4108,-1,-1,-1
269,34,251.87,773.70,90.31,260.13,0.7193,-1,-1,-1
269,35,1048.61,104.69,59.18,175.99,0.4450,-1,-1,-1
269,39,256.77,705.77,67.06,113.33,0.5752,-1,-1,-1
269,44,1121.61,95.96,57.73,167.74,0.3738,-1,-1,-1
270,1,462.69,154.91,61.77,201.92,0.3787,-1,-1,-1
270,2,184.89,572.29,83.45,246.76,0.6871,-1,-1,-1
270,3,944.61,920.75,81.46,157.68,0.7538,-1,-1,-1
270,4,1720.62,461.13,73.97,206.51,0.5596,-1,-1,-1
270,5,1416.50,570.36,80.68,240.52,0.5699,-1,-1,-1
270,6,225.52,436.72,62.94,190.71,0.4791,-1,-1,-1
270,8,474.71,392.59,75.35,221.33,0.6353,-1,-1,-1
270,17,375.62,475.19,88.75,235.73,0.6327,-1,-1,-1
270,19,941.44,91.82,67.09,178.66,0.4809,-1,-1,-1
270,28,564.41,401.46,68.36,212.35,0.6105,-1,-1,-1
270,32,806.07,367.49,64.87,211.38,0.3770,-1,-1,-1
270,34,257.01,768.64,86.12,263.98,0.7716,-1,-1,-1
270,35,1046.93,104.22,59.00,176.84,0.4332,-1,-1,-1
270,39,258.93,705.90,70.38,108.86,0.5492,-1,-1,-1
270,44,1120.51,96.00,57.64,167.99,0.3589,-1,-1,-1
271,1,462.71,155.96,64.28,200.96,0.3588,-1,-1,-1
271,2,186.70,574.56,85.45,245.23,0.6547,-1,-1,-1
271,3,945.74,921.54,80.95,156.70,0.7319,-1,-1,-1
271,4,1719.74,460.25,75.06,208.35,0.5710,-1,-1,-1
271,5,1420.18,573.88,79.90,238.44,0.5320,-1,-1,-1
271,6,226.62,435.25,61.59,186.48,0.4749,-1,-1,-1
271,8,473.49,393.78,76.10,219.60,0.6234,-1,-1,-1
271,17,379.50,471.63,84.66,229.31,0.6257,-1,-1,-1
271,19,942.10,91.07,66.63,177.65,0.5078,-1,-1,-1
271,28,565.06,402.16,66.30,209.29,0.6058,-1,-1,-1
271,32,811.57,370.64,60.37,213.13,0.4078,-1,-1,-1
271,34,259.20,771.85,85.34,261.04,0.7423,-1,-1,-1
271,35,1044.94,103.83,59.80,178.37,0.4225,-1,-1,-1
271,39,262.11,708.25,71.58,113.59,0.4877,-1,-1,-1
271,41,879.38,379.26,53.17,186.80,0.3121,-1,-1,-1
271,44,1117.93,95.54,58.44,167.70,0.3163,-1,-1,-1
272,1,463.10,154.23,66.08,201.16,0.3685,-1,-1,-1
272,2,188.61,574.32,87.27,245.98,0.6721,-1,-1,-1
272,3,945.89,921.65,80.83,156.55,0.7196,-1,-1,-1
272,4,1720.01,460.10,74.38,207.18,0.5510,-1,-1,-1
272,5,1422.25,575.69,79.96,240.77,0.5202,-1,-1,-1
272,6,228.28,433.66,59.65,186.67,0.4508,-1,-1,-1
272,8,472.07,395.28,76.37,219.40,0.5954,-1,-1,-1
272,17,386.27,468.11,79.91,226.36,0.5986,-1,-1,-1
272,19,941.39,90.48,68.57,178.54,0.4844,-1,-1,-1
272,28,564.61,402.85,65.78,212.78,0.5543,-1,-1,-1
272,32,810.20,371.88,61.60,214.60,0.3818,-1,-1,-1
272,34,259.20,781.49,88.66,257.53,0.7314,-1,-1,-1
272,35,1042.03,103.58,60.92,178.89,0.3876,-1,-1,-1
272,39,268.30,708.13,71.54,118.54,0.5237,-1,-1,-1
272,41,877.64,380.02,60.07,186.27,0.3475,-1,-1,-1
272,44,1116.19,96.36,55.76,165.88,0.3192,-1,-1,-1
273,1,463.60,152.57,64.41,199.72,0.4018,-1,-1,-1
273,2,190.16,575.34,90.75,245.64,0.6831,-1,-1,-1
273,3,945.50,921.98,81.53,156.43,0.7230,-1,-1,-1
273,4,1720.00,460.57,73.87,207.34,0.5611,-1,-1,-1
273,5,1423.77,580.51,77.92,236.17,0.4939,-1,-1,-1
273,6,229.34,432.68,58.59,184.05,0.4703,-1,-1,-1
273,8,471.33,396.34,74.87,218.57,0.6026,-1,-1,-1
273,17,388.46,464.98,77.42,226.05,0.5863,-1,-1,-1
273,19,942.18,89.26,66.11,178.81,0.4868,-1,-1,-1
273,28,562.22,404.20,67.37,212.40,0.5500,-1,-1,-1
273,32,808.40,372.63,64.30,211.32,0.3547,-1,-1,-1
273,34,257.28,781.77,93.08,262.02,0.7240,-1,-1,-1
273,35,1039.46,102.61,63.16,178.16,0.3629,-1,-1,-1
273,39,273.54,708.42,73.41,126.78,0.5733,-1,-1,-1
273,41,882.54,379.17,55.86,189.82,0.3398,-1,-1,-1
273,44,1113.90,95.27,63.20,166.74,0.3025,-1,-1,-1
274,1,463.02,151.91,63.79,196.05,0.4003,-1,-1,-1
274,2,192.83,576.47,91.35,247.42,0.6954,-1,-1,-1
274,3,945.79,922.19,81.17,156.61,0.7052,-1,-1,-1
274,4,1720.60,460.29,73.53,207.60,0.5941,-1,-1,-1
274,5,1425.18,579.24,78.50,239.80,0.5281,-1,-1,-1
274,6,228.90,431.82,58.67,183.11,0.4639,-1,-1,-1
274,8,470.71,397.33,74.02,218.72,0.6236,-1,-1,-1
274,17,387.37,461.83,78.76,228.36,0.6227,-1,-1,-1
274,19,942.52,88.17,65.23,179.79,0.5138,-1,-1,-1
274,28,560.00,404.82,66.97,211.37,0.5339,-1,-1,-1
274,32,806.26,373.49,63.44,212.16,0.3452,-1,-1,-1
274,34,262.08,786.45,94.11,262.64,0.7130,-1,-1,-1
274,35,1034.96,102.17,68.17,178.52,0.3898,-1,-1,-1
274,39,276.59,708.84,75.00,141.19,0.6443,-1,-1,-1
274,41,884.30,382.27,54.84,188.92,0.3506,-1,-1,-1
274,44,1112.64,94.64,64.23,166.01,0.3419,-1,-1,-1
275,1,463.16,150.95,64.14,194.34,0.4032,-1,-1,-1
275,2,194.35,578.41,94.77,250.29,0.6725,-1,-1,-1
275,3,944.42,922.18,83.10,156.67,0.7234,-1,-1,-1
275,4,1720.47,460.04,73.58,207.60,0.5895,-1,-1,-1
275,5,1428.36,579.93,77.30,239.90,0.5103,-1,-1,-1
275,6,228.47,431.37,59.89,188.84,0.3371,-1,-1,-1
275,8,470.12,397.27,72.77,216.44,0.6620,-1,-1,-1
275,17,386.56,461.72,79.72,226.72,0.6139,-1,-1,-1
275,19,942.28,85.93,65.29,181.29,0.4998,-1,-1,-1
275,28,559.34,405.56,66.33,208.35,0.5952,-1,-1,-1
275,32,812.15,374.03,60.91,210.64,0.3944,-1,-1,-1
275,34,267.04,781.49,91.70,268.95,0.7037,-1,-1,-1
275,35,1031.87,102.51,69.97,179.09,0.3354,-1,-1,-1
275,39,276.31,711.69,84.25,142.07,0.4186,-1,-1,-1
275,41,886.30,380.38,54.33,191.54,0.3567,-1,-1,-1
275,44,1111.14,94.39,64.09,168.39,0.3063,-1,-1,-1
276,1,462.37,149.74,66.05,194.15,0.4030,-1,-1,-1
276,2,195.37,577.46,94.69,249.06,0.6740,-1,-1,-1
276,3,943.66,922.83,83.98,156.11,0.7484,-1,-1,-1
276,4,1719.45,460.50,74.62,206.79,0.5906,-1,-1,-1
276,5,1432.08,578.87,74.80,242.14,0.5310,-1,-1,-1
276,6,228.24,428.84,59.51,192.19,0.3359,-1,-1,-1
276,8,468.37,398.74,73.25,216.78,0.6650,-1,-1,-1
276,17,387.53,460.16,78.68,227.31,0.6325,-1,-1,-1
276,19,943.45,84.41,62.93,180.65,0.4536,-1,-1,-1
276,28,557.55,407.29,67.48,205.81,0.6338,-1,-1,-1
276,32,808.92,373.91,64.33,210.88,0.4044,-1,-1,-1
276,34,271.40,783.01,91.03,272.31,0.6299,-1,-1,-1
276,35,1031.61,102.68,68.38,179.81,0.3314,-1,-1,-1
276,39,279.19,715.21,86.45,142.39,0.3168,-1,-1,-1
276,41,886.13,382.02,56.60,190.95,0.3094,-1,-1,-1
277,1,463.40,147.39,66.04,195.60,0.3743,-1,-1,-1
277,2,196.58,576.66,89.87,249.75,0.6507,-1,-1,-1
277,3,943.49,923.52,84.35,154.81,0.7527,-1,-1,-1
277,4,1719.05,459.75,75.05,208.57,0.5905,-1,-1,-1
277,5,1434.72,579.85,73.82,242.89,0.4950,-1,-1,-1
277,6,228.67,425.68,58.76,185.59,0.3895,-1,-1,-1
277,8,466.62,401.20,72.15,216.35,0.6852,-1,-1,-1
277,17,388.62,459.58,78.70,228.13,0.6088,-1,-1,-1
277,19,943.77,83.83,59.57,175.18,0.4626,-1,-1,-1
277,28,557.22,409.92,66.19,203.50,0.6591,-1,-1,-1
277,32,809.12,374.90,65.35,210.13,0.3811,-1,-1,-1
277,34,273.08,783.72,87.56,278.20,0.6519,-1,-1,-1
277,35,1030.54,102.83,68.55,179.68,0.3398,-1,-1,-1
277,39,281.72,718.89,90.68,142.77,0.5265,-1,-1,-1
277,41,883.73,387.10,64.41,183.93,0.3402,-1,-1,-1
278,1,464.28,146.76,64.44,196.19,0.3478,-1,-1,-1
278,2,198.13,575.80,84.93,251.27,0.6512,-1,-1,-1
278,3,943.43,923.60,84.42,154.08,0.7646,-1,-1,-1
278,4,1719.38,459.39,75.27,209.30,0.5593,-1,-1,-1
278,5,1436.03,582.57,74.51,242.25,0.4393,-1,-1,-1
278,6,228.33,423.91,59.48,178.33,0.4276,-1,-1,-1
278,8,465.93,401.20,70.21,217.07,0.6676,-1,-1,-1
278,17,388.55,459.48,79.97,226.83,0.5992,-1,-1,-1
278,19,942.21,81.84,62.71,176.03,0.4516,-1,-1,-1
278,28,555.22,411.38,67.28,204.40,0.6520,-1,-1,-1
278,32,813.52,376.30,62.03,208.62,0.3481,-1,-1,-1
278,34,275.16,789.46,82.08,273.80,0.6252,-1,-1,-1
278,35,1032.10,101.93,62.95,178.16,0.3738,-1,-1,-1
278,39,283.27,721.78,98.87,144.23,0.6426,-1,-1,-1
278,41,884.23,388.29,63.90,183.49,0.3889,-1,-1,-1
279,1,463.85,146.78,64.89,196.75,0.3521,-1,-1,-1
279,2,202.30,577.21,77.38,250.54,0.5896,-1,-1,-1
279,3,942.64,923.92,85.17,154.10,0.7570,-1,-1,-1
279,4,1720.95,459.35,73.27,209.45,0.5667,-1,-1,-1
279,6,229.22,422.94,58.87,176.03,0.4414,-1,-1,-1
279,8,465.59,404.08,69.29,212.18,0.6848,-1,-1,-1
279,17,387.60,458.88,81.85,229.02,0.5898,-1,-1,-1
279,19,942.04,79.09,60.91,177.82,0.4324,-1,-1,-1
279,28,554.72,413.01,66.58,204.26,0.6604,-1,-1,-1
279,32,816.78,378.32,58.70,207.34,0.3967,-1,-1,-1
279,34,276.69,794.25,83.22,278.55,0.6414,-1,-1,-1
279,35,1031.21,101.54,62.21,176.92,0.3994,-1,-1,-1
279,39,285.68,726.08,105.44,142.13,0.6490,-1,-1,-1
279,41,884.36,390.76,61.61,185.58,0.3319,-1,-1,-1
279,47,748.35,333.36,54.96,188.73,0.4048,-1,-1,-1
280,1,463.46,144.94,66.53,199.19,0.3234,-1,-1,-1
280,2,209.34,582.72,65.79,243.59,0.5344,-1,-1,-1
280,3,941.73,924.42,86.60,153.24,0.7599,-1,-1,-1
280,4,1720.76,459.00,72.96,209.50,0.5722,-1,-1,-1
280,5,1437.07,588.09,72.95,238.74,0.3337,-1,-1,-1
280,6,229.52,421.25,58.39,178.69,0.4718,-1,-1,-1
280,8,466.08,405.06,66.71,212.83,0.7120,-1,-1,-1
280,17,388.60,457.84,80.57,230.78,0.6086,-1,-1,-1
280,19,941.87,78.44,61.23,178.22,0.4328,-1,-1,-1
280,28,554.22,415.39,66.13,206.98,0.6500,-1,-1,-1
280,32,818.14,379.50,57.11,205.07,0.3634,-1,-1,-1
280,34,277.01,797.17,83.27,278.59,0.6422,-1,-1,-1
280,35,1028.00,100.29,69.39,180.04,0.4261,-1,-1,-1
280,39,289.23,726.56,107.77,143.06,0.6615,-1,-1,-1
280,41,883.15,392.24,63.61,188.42,0.3277,-1,-1,-1
280,47,748.86,338.65,60.77,187.81,0.4455,-1,-1,-1
281,1,463.62,143.97,66.89,200.10,0.3407,-1,-1,-1
281,2,209.06,581.04,70.51,249.76,0.5730,-1,-1,-1
281,3,941.24,923.60,86.65,154.58,0.7632,-1,-1,-1
281,4,1719.71,459.80,74.43,208.90,0.5691,-1,-1,-1
281,5,1438.55,586.76,75.48,239.50,0.4650,-1,-1,-1
281,6,228.76,419.80,60.75,185.45,0.4025,-1,-1,-1
281,8,465.18,405.34,66.36,213.14,0.6512,-1,-1,-1
281,17,390.62,457.00,77.87,230.11,0.6385,-1,-1,-1
281,19,941.31,77.46,60.61,178.37,0.4340,-1,-1,-1
281,28,553.64,417.98,65.03,206.76,0.6400,-1,-1,-1
281,32,818.79,380.05,57.54,200.68,0.3211,-1,-1,-1
281,34,279.90,798.24,83.87,277.48,0.6532,-1,-1,-1
281,35,1028.04,100.54,62.41,176.17,0.4628,-1,-1,-1
281,39,293.16,730.01,106.69,141.26,0.6484,-1,-1,-1
281,41,886.41,394.88,63.33,185.56,0.3181,-1,-1,-1
281,44,1102.34,93.29,57.53,158.90,0.3382,-1,-1,-1
281,47,752.77,340.44,56.96,182.70,0.3421,-1,-1,-1
282,1,463.83,143.21,67.61,200.85,0.3178,-1,-1,-1
282,2,216.20,585.03,63.71,243.83,0.6071,-1,-1,-1
282,3,940.57,923.86,87.34,153.85,0.7612,-1,-1,-1
282,4,1719.76,460.51,73.67,209.05,0.6168,-1,-1,-1
282,5,1438.80,585.04,76.17,240.52,0.4946,-1,-1,-1
282,6,228.35,416.64,61.56,190.30,0.4559,-1,-1,-1
282,8,465.70,406.02,64.41,211.12,0.6620,-1,-1,-1
282,17,390.43,455.43,76.31,228.77,0.6571,-1,-1,-1
282,19,940.07,77.46,61.73,177.82,0.4612,-1,-1,-1
282,28,552.42,419.25,64.63,204.46,0.6606,-1,-1,-1
282,32,819.54,381.07,58.86,188.05,0.3030,-1,-1,-1
282,34,281.70,800.13,84.12,276.22,0.7255,-1,-1,-1
282,35,1025.84,99.70,62.57,174.98,0.4269,-1,-1,-1
282,39,298.66,733.97,106.34,144.96,0.6510,-1,-1,-1
282,44,1101.75,92.47,56.07,160.69,0.3526,-1,-1,-1
282,47,755.97,341.77,57.00,177.98,0.4132,-1,-1,-1
283,1,463.98,144.10,68.07,199.84,0.3090,-1,-1,-1
283,2,219.09,584.10,64.54,245.05,0.5963,-1,-1,-1
283,3,940.72,923.67,87.51,153.91,0.7738,-1,-1,-1
283,4,1720.72,459.46,73.37,209.47,0.6041,-1,-1,-1
283,5,1439.91,583.46,76.74,242.16,0.4685,-1,-1,-1
283,6,228.31,414.31,62.33,184.68,0.4088,-1,-1,-1
283,8,466.00,407.59,64.41,212.53,0.6540,-1,-1,-1
283,17,388.76,451.41,78.50,231.63,0.6525,-1,-1,-1
283,19,940.52,79.12,58.73,171.74,0.4838,-1,-1,-1
283,28,553.21,421.15,61.53,205.89,0.6496,-1,-1,-1
283,32,819.86,383.86,58.28,195.04,0.3062,-1,-1,-1
283,34,282.95,799.19,85.15,277.22,0.7057,-1,-1,-1
283,35,1023.41,98.62,63.01,175.23,0.4518,-1,-1,-1
283,39,302.64,736.09,106.07,138.49,0.5674,-1,-1,-1
283,44,1100.53,92.16,57.16,161.96,0.3741,-1,-1,-1
283,47,759.79,343.89,56.92,175.27,0.3830,-1,-1,-1
284,1,462.90,143.13,67.57,200.09,0.3430,-1,-1,-1
284,2,223.35,579.73,63.65,254.35,0.5659,-1,-1,-1
284,3,938.68,922.80,89.42,155.07,0.7676,-1,-1,-1
284,4,1720.19,460.15,74.12,208.89,0.5969,-1,-1,-1
284,5,1440.66,581.14,77.27,244.71,0.4534,-1,-1,-1
284,6,228.65,411.80,60.51,177.91,0.3737,-1,-1,-1
284,8,464.61,409.49,66.86,216.11,0.6215,-1,-1,-1
284,17,391.80,449.30,74.80,232.51,0.6483,-1,-1,-1
284,19,940.87,78.94,58.98,171.74,0.4619,-1,-1,-1
284,28,552.26,423.65,63.14,209.70,0.6629,-1,-1,-1
284,34,282.75,800.74,86.97,276.58,0.7167,-1,-1,-1
284,35,1021.20,97.16,63.02,177.47,0.4284,-1,-1,-1
284,39,307.62,738.53,102.20,137.48,0.5649,-1,-1,-1
284,44,1098.65,92.24,57.06,163.05,0.3392,-1,-1,-1
284,47,763.62,345.95,57.30,174.53,0.3533,-1,-1,-1
285,1,463.06,143.07,65.31,200.07,0.3239,-1,-1,-1
285,2,227.04,579.07,63.84,255.06,0.5491,-1,-1,-1
285,3,937.91,922.22,89.55,155.22,0.7723,-1,-1,-1
285,4,1720.51,460.35,74.25,208.20,0.5914,-1,-1,-1
285,5,1444.74,579.15,78.88,246.21,0.5650,-1,-1,-1
285,6,227.59,413.82,62.74,184.49,0.3838,-1,-1,-1
285,8,464.72,409.99,66.47,218.41,0.6051,-1,-1,-1
285,17,392.08,448.21,74.02,232.14,0.6452,-1,-1,-1
285,19,940.60,79.14,60.75,173.91,0.4665,-1,-1,-1
285,28,551.26,423.95,61.12,211.47,0.6517,-1,-1,-1
285,32,824.53,384.67,57.23,203.42,0.3094,-1,-1,-1
285,34,283.65,801.88,88.07,275.59,0.6994,-1,-1,-1
285,35,1019.66,97.07,66.70,176.55,0.4519,-1,-1,-1
285,39,306.99,740.78,104.13,137.77,0.5574,-1,-1,-1
285,44,1095.92,91.19,57.12,162.62,0.3303,-1,-1,-1
285,47,766.54,351.31,58.93,185.48,0.3533,-1,-1,-1
286,1,463.02,144.18,62.98,197.83,0.3005,-1,-1,-1
286,2,231.21,577.71,63.43,256.76,0.5470,-1,-1,-1
286,3,939.91,921.95,86.28,155.80,0.7622,-1,-1,-1
286,4,1721.03,459.97,72.83,208.51,0.6184,-1,-1,-1
286,5,1447.09,579.83,78.69,247.77,0.4795,-1,-1,-1
286,6,229.52,413.15,61.15,198.25,0.3329,-1,-1,-1
286,8,464.18,411.29,66.56,223.77,0.6053,-1,-1,-1
286,17,392.11,445.66,73.49,231.01,0.6347,-1,-1,-1
286,19,940.44,78.68,60.84,174.85,0.4634,-1,-1,-1
286,28,548.36,425.15,63.46,211.71,0.6244,-1,-1,-1
286,32,825.71,386.27,57.10,204.59,0.3702,-1,-1,-1
286,34,283.84,804.16,91.89,272.47,0.7233,-1,-1,-1
286,35,1018.52,97.19,59.16,178.37,0.4906,-1,-1,-1
286,39,307.30,742.57,103.58,137.52,0.5544,-1,-1,-1
286,41,893.98,398.60,65.66,196.17,0.3613,-1,-1,-1
286,44,1095.29,89.97,52.60,165.23,0.3440,-1,-1,-1
287,1,461.64,143.70,64.55,198.08,0.3315,-1,-1,-1
287,2,232.93,579.95,64.35,254.84,0.5447,-1,-1,-1
287,3,939.48,922.16,86.04,155.82,0.7800,-1,-1,-1
287,4,1720.48,459.67,73.25,209.09,0.6068,-1,-1,-1
287,5,1449.85,579.54,79.84,247.25,0.5470,-1,-1,-1
287,6,229.97,413.48,61.84,210.08,0.3092,-1,-1,-1
287,8,464.15,412.26,65.76,224.78,0.5960,-1,-1,-1
287,17,392.12,443.56,74.15,224.08,0.6042,-1,-1,-1
287,19,939.99,78.08,61.32,176.72,0.4507,-1,-1,-1
287,28,544.51,425.59,65.82,211.10,0.6319,-1,-1,-1
287,32,822.56,391.98,71.15,204.73,0.3712,-1,-1,-1
287,34,285.19,808.85,94.00,266.66,0.7517,-1,-1,-1
287,35,1018.05,96.89,59.82,178.13,0.4811,-1,-1,-1
287,39,309.69,741.68,101.55,139.36,0.5582,-1,-1,-1
287,41,893.13,399.09,63.44,196.00,0.3728,-1,-1,-1
287,44,1092.83,90.55,55.97,164.47,0.3661,-1,-1,-1
288,1,462.52,144.11,66.63,197.12,0.3234,-1,-1,-1
288,2,233.19,579.26,67.29,255.48,0.5792,-1,-1,-1
288,3,940.59,921.66,83.88,156.02,0.7600,-1,-1,-1
288,4,1720.58,460.10,73.04,208.47,0.6026,-1,-1,-1
288,5,1450.61,583.21,81.72,240.46,0.5275,-1,-1,-1
288,6,229.95,409.81,63.44,202.69,0.3249,-1,-1,-1
288,8,461.79,407.92,66.36,228.49,0.5782,-1,-1,-1
288,17,393.25,441.21,72.41,221.64,0.6231,-1,-1,-1
288,19,938.48,74.87,58.87,176.31,0.5023,-1,-1,-1
288,28,542.21,426.20,67.22,210.40,0.6145,-1,-1,-1
288,32,824.32,394.43,72.30,203.22,0.4151,-1,-1,-1
288,34,286.24,812.19,94.82,266.70,0.7661,-1,-1,-1
288,35,1017.67,95.92,59.71,176.61,0.5123,-1,-1,-1
288,39,309.73,742.58,96.71,138.69,0.5782,-1,-1,-1
288,41,893.83,400.03,63.82,195.83,0.3706,-1,-1,-1
288,44,1091.74,90.24,56.58,164.57,0.4101,-1,-1,-1
289,1,462.92,143.66,64.32,197.97,0.3106,-1,-1,-1
289,2,234.65,580.20,69.27,253.57,0.5509,-1,-1,-1
289,3,941.19,921.02,80.87,156.47,0.7492,-1,-1,-1
289,4,1719.82,459.07,74.25,210.69,0.5915,-1,-1,-1
289,5,1451.88,581.87,83.47,239.70,0.4919,-1,-1,-1
289,6,231.58,407.76,61.83,187.45,0.4105,-1,-1,-1
289,8,461.85,411.81,65.24,227.71,0.6396,-1,-1,-1
289,17,393.35,439.22,72.61,221.04,0.6236,-1,-1,-1
289,19,938.08,73.66,57.67,175.41,0.5159,-1,-1,-1
289,28,540.37,427.08,68.24,210.06,0.6193,-1,-1,-1
289,32,825.56,394.40,70.61,202.95,0.3776,-1,-1,-1
289,34,289.15,812.26,95.68,266.73,0.7543,-1,-1,-1
289,35,1016.35,94.86,62.30,177.53,0.4767,-1,-1,-1
289,39,309.54,743.10,97.56,143.08,0.5943,-1,-1,-1
289,41,895.97,400.11,64.99,194.77,0.3241,-1,-1,-1
289,44,1091.47,91.14,56.27,164.01,0.3941,-1,-1,-1
289,47,782.80,351.57,55.90,192.41,0.3081,-1,-1,-1
290,2,236.40,581.84,67.70,252.85,0.5761,-1,-1,-1
290,3,941.82,920.10,78.38,156.80,0.7535,-1,-1,-1
290,4,1720.23,459.42,74.02,209.41,0.5992,-1,-1,-1
290,5,1451.74,589.10,87.56,230.07,0.4023,-1,-1,-1
290,6,233.86,408.52,59.52,182.56,0.4551,-1,-1,-1
290,8,460.13,411.70,66.50,231.14,0.6796,-1,-1,-1
290,17,389.01,437.58,76.86,224.68,0.6009,-1,-1,-1
290,19,938.18,72.31,55.99,175.60,0.5210,-1,-1,-1
290,28,539.35,427.07,68.20,209.78,0.6300,-1,-1,-1
290,32,825.50,394.99,74.96,203.58,0.4387,-1,-1,-1
290,34,290.63,816.08,97.22,263.98,0.7199,-1,-1,-1
290,35,1015.54,93.85,61.31,177.92,0.4978,-1,-1,-1
290,39,312.38,744.09,90.96,144.70,0.6312,-1,-1,-1
290,41,897.34,401.92,63.30,194.08,0.3320,-1,-1,-1
290,44,1088.79,90.52,57.71,164.69,0.4081,-1,-1,-1
290,47,787.03,352.83,52.91,190.30,0.3684,-1,-1,-1
291,2,238.60,580.88,67.89,254.09,0.5583,-1,-1,-1
291,3,942.06,919.72,77.40,157.01,0.7535,-1,-1,-1
291,4,1721.62,459.90,73.17,208.82,0.5849,-1,-1,-1
291,5,1452.90,593.94,87.84,221.88,0.3740,-1,-1,-1
291,6,233.08,408.37,60.97,181.89,0.4341,-1,-1,-1
291,8,460.40,412.66,66.52,230.91,0.6569,-1,-1,-1
291,17,384.78,435.57,81.39,227.21,0.5969,-1,-1,-1
291,19,938.17,70.88,55.86,178.30,0.5073,-1,-1,-1
291,28,536.58,427.87,69.03,209.30,0.6354,-1,-1,-1
291,32,830.43,398.54,67.33,203.31,0.3208,-1,-1,-1
291,34,293.06,820.57,95.67,259.55,0.7040,-1,-1,-1
291,35,1014.91,92.94,61.09,177.85,0.4531,-1,-1,-1
291,39,312.58,746.15,90.22,143.89,0.6181,-1,-1,-1
291,41,896.38,402.22,63.25,193.12,0.3259,-1,-1,-1
291,44,1087.05,89.22,57.04,165.58,0.3653,-1,-1,-1
291,47,790.28,353.68,56.39,194.25,0.4370,-1,-1,-1
292,1,457.64,139.81,61.39,195.31,0.3082,-1,-1,-1
292,2,240.48,581.16,73.31,253.05,0.5465,-1,-1,-1
292,3,942.23,919.73,75.72,157.52,0.7396,-1,-1,-1
292,4,1719.88,460.68,74.66,208.47,0.5782,-1,-1,-1
292,5,1464.03,600.06,79.04,222.51,0.4207,-1,-1,-1
292,6,232.59,407.80,60.50,183.68,0.4539,-1,-1,-1
292,8,460.56,414.27,66.37,230.16,0.5968,-1,-1,-1
292,17,383.76,435.47,81.45,227.89,0.5705,-1,-1,-1
292,19,937.81,69.86,56.81,175.51,0.5262,-1,-1,-1
292,28,537.66,429.80,68.47,207.37,0.6525,-1,-1,-1
292,32,832.10,398.44,64.03,206.37,0.4409,-1,-1,-1
292,34,295.15,827.53,100.16,251.24,0.6388,-1,-1,-1
292,35,1013.86,92.73,61.45,177.51,0.4208,-1,-1,-1
292,39,315.63,749.18,86.75,141.49,0.5284,-1,-1,-1
292,41,897.34,407.80,60.26,186.61,0.3526,-1,-1,-1
292,44,1085.39,88.78,57.95,164.59,0.3721,-1,-1,-1
292,47,790.70,351.89,57.35,202.22,0.3079,-1,-1,-1
293,2,241.89,582.05,82.52,253.64,0.5522,-1,-1,-1
293,3,942.64,918.47,71.23,159.32,0.7357,-1,-1,-1
293,4,1720.85,460.82,73.32,207.82,0.5612,-1,-1,-1
293,5,1463.34,598.48,84.53,225.71,0.4391,-1,-1,-1
293,6,231.95,406.12,60.94,183.86,0.5320,-1,-1,-1
293,8,460.00,414.94,67.97,227.27,0.5789,-1,-1,-1
293,17,381.38,433.35,83.33,228.81,0.5399,-1,-1,-1
293,19,938.15,68.69,56.27,172.65,0.4574,-1,-1,-1
293,28,535.50,432.61,69.03,206.31,0.6788,-1,-1,-1
293,32,832.29,398.43,64.66,205.93,0.3864,-1,-1,-1
293,34,296.19,832.20,92.98,245.45,0.6655,-1,-1,-1
293,35,1012.70,92.05,61.75,178.65,0.3502,-1,-1,-1
293,39,315.06,751.49,87.02,137.25,0.4064,-1,-1,-1
293,41,896.42,412.42,62.53,182.77,0.3423,-1,-1,-1
293,44,1084.61,88.13,56.68,164.73,0.3250,-1,-1,-1
294,1,457.57,137.66,61.60,192.31,0.3339,-1,-1,-1
294,2,242.72,582.73,87.88,253.37,0.6085,-1,-1,-1
294,3,942.50,917.80,67.55,160.39,0.7533,-1,-1,-1
294,4,1720.16,459.61,74.44,209.92,0.5845,-1,-1,-1
294,5,1455.86,593.98,94.26,230.27,0.5253,-1,-1,-1
294,6,232.07,404.52,61.11,180.77,0.5104,-1,-1,-1
294,8,459.06,415.44,69.22,226.60,0.6217,-1,-1,-1
294,17,379.10,433.28,84.59,230.10,0.5556,-1,-1,-1
294,19,938.69,67.43,54.31,170.98,0.4327,-1,-1,-1
294,28,535.60,434.69,69.02,209.20,0.6737,-1,-1,-1
294,32,834.08,400.63,63.19,204.50,0.3705,-1,-1,-1
294,34,298.12,836.87,91.55,241.40,0.7191,-1,-1,-1
294,35,1011.93,91.51,59.26,177.64,0.3570,-1,-1,-1
294,39,326.08,755.64,75.81,135.99,0.4974,-1,-1,-1
294,41,896.77,413.57,62.33,181.63,0.3590,-1,-1,-1
294,44,1083.01,87.81,57.79,164.48,0.4089,-1,-1,-1
294,47,795.07,356.15,61.63,213.47,0.3098,-1,-1,-1
294,49,326.11,753.72,82.63,260.64,0.3935,-1,-1,-1
295,1,458.39,137.75,60.36,191.33,0.3081,-1,-1,-1
295,2,242.95,582.89,92.45,252.27,0.6484,-1,-1,-1
295,3,941.41,916.50,66.34,162.18,0.7396,-1,-1,-1
295,4,1719.73,460.27,74.67,209.33,0.5886,-1,-1,-1
295,5,1457.49,595.36,93.99,228.61,0.4853,-1,-1,-1
295,6,231.69,401.76,60.44,183.49,0.4393,-1,-1,-1
295,8,459.48,415.92,68.45,224.65,0.6009,-1,-1,-1
295,17,376.08,433.66,87.67,230.75,0.5365,-1,-1,-1
295,19,937.69,66.92,54.34,172.67,0.4049,-1,-1,-1
295,28,534.18,436.42,68.68,210.50,0.6699,-1,-1,-1
295,32,833.29,401.51,64.05,203.33,0.3745,-1,-1,-1
295,34,300.66,840.05,89.72,239.32,0.7003,-1,-1,-1
295,35,1011.10,91.63,58.23,178.51,0.3921,-1,-1,-1
295,39,328.69,760.21,75.26,138.10,0.5066,-1,-1,-1
295,41,896.64,411.80,61.97,184.93,0.3723,-1,-1,-1
295,44,1081.66,86.79,56.56,165.85,0.4010,-1,-1,-1
295,49,328.03,757.57,84.53,254.57,0.4057,-1,-1,-1
296,2,243.64,583.43,91.20,251.54,0.6710,-1,-1,-1
296,3,941.28,915.66,63.36,162.71,0.7561,-1,-1,-1
296,4,1720.27,460.01,73.70,209.16,0.5955,-1,-1,-1
296,5,1459.93,598.57,96.04,226.87,0.4934,-1,-1,-1
296,6,231.60,400.54,62.48,181.75,0.5077,-1,-1,-1
296,8,458.04,419.06,71.33,223.00,0.6248,-1,-1,-1
296,17,376.47,431.32,85.65,232.59,0.5342,-1,-1,-1
296,19,937.58,65.94,54.07,172.24,0.4515,-1,-1,-1
296,28,535.06,438.84,67.44,205.77,0.6740,-1,-1,-1
296,32,832.68,401.58,63.40,203.67,0.4096,-1,-1,-1
296,34,301.95,842.76,91.11,236.37,0.7255,-1,-1,-1
296,35,1010.36,90.90,57.26,179.31,0.4056,-1,-1,-1
296,39,329.11,762.00,77.95,139.04,0.4921,-1,-1,-1
296,41,896.55,412.22,62.44,190.78,0.4579,-1,-1,-1
296,44,1080.31,86.46,56.73,165.38,0.4088,-1,-1,-1
296,50,786.95,151.68,68.74,171.07,0.3209,-1,-1,-1
297,2,245.01,585.30,90.94,250.37,0.6618,-1,-1,-1
297,3,941.27,914.98,62.41,164.23,0.7560,-1,-1,-1
297,4,1719.63,460.43,73.77,208.88,0.5756,-1,-1,-1
297,5,1461.22,596.40,100.52,229.73,0.5440,-1,-1,-1
297,6,233.38,400.15,61.03,183.04,0.5714,-1,-1,-1
297,8,457.47,419.52,69.07,221.70,0.6301,-1,-1,-1
297,17,376.86,430.05,84.59,233.45,0.5012,-1,-1,-1
297,19,936.84,64.80,54.33,173.81,0.4155,-1,-1,-1
297,28,535.03,441.18,65.07,205.43,0.6665,-1,-1,-1
297,32,833.39,400.99,62.46,207.44,0.3726,-1,-1,-1
297,34,303.28,842.80,91.49,236.80,0.7409,-1,-1,-1
297,35,1009.30,90.41,57.64,179.81,0.3721,-1,-1,-1
297,39,331.65,765.52,77.32,139.77,0.5168,-1,-1,-1
297,41,895.12,413.07,64.21,195.29,0.4661,-1,-1,-1
297,44,1079.05,86.99,56.87,164.18,0.3425,-1,-1,-1
297,50,789.29,151.12,67.17,170.89,0.3281,-1,-1,-1
298,2,245.86,584.74,90.30,249.80,0.6280,-1,-1,-1
298,3,940.69,914.58,63.10,165.19,0.7687,-1,-1,-1
298,4,1721.17,460.96,73.19,208.05,0.5996,-1,-1,-1
298,5,1462.87,598.82,103.59,229.61,0.5540,-1,-1,-1
298,6,234.46,398.69,61.01,184.74,0.5572,-1,-1,-1
298,8,456.91,419.87,68.83,221.48,0.6303,-1,-1,-1
298,17,376.17,429.59,84.91,229.71,0.5243,-1,-1,-1
298,19,936.54,64.23,55.80,172.20,0.4242,-1,-1,-1
298,28,534.99,442.87,64.99,201.80,0.6479,-1,-1,-1
298,32,830.74,400.40,66.26,209.94,0.3240,-1,-1,-1
298,34,304.59,844.59,93.09,235.39,0.7523,-1,-1,-1
298,35,1010.24,92.04,57.90,174.81,0.3666,-1,-1,-1
298,39,334.04,767.79,78.76,144.09,0.5770,-1,-1,-1
298,41,894.86,414.64,65.10,197.58,0.4875,-1,-1,-1
298,44,1077.68,86.02,57.61,165.25,0.3685,-1,-1,-1
299,2,248.94,583.48,87.75,250.56,0.6829,-1,-1,-1
299,3,940.00,913.59,61.84,165.44,0.7748,-1,-1,-1
299,4,1720.50,461.59,73.43,207.49,0.5952,-1,-1,-1
299,5,1462.76,592.27,104.00,236.52,0.5895,-1,-1,-1
299,6,233.61,397.65,61.79,184.01,0.5951,-1,-1,-1
299,8,456.84,421.20,68.28,223.80,0.6464,-1,-1,-1
299,17,377.89,428.32,82.49,228.07,0.5592,-1,-1,-1
299,19,936.44,63.81,56.58,171.10,0.4305,-1,-1,-1
299,28,535.55,444.45,63.76,203.40,0.6516,-1,-1,-1
299,34,305.43,845.77,93.52,234.21,0.7641,-1,-1,-1
299,35,1009.85,88.82,56.52,182.40,0.3995,-1,-1,-1
299,39,339.47,770.76,77.71,144.69,0.6277,-1,-1,-1
299,41,894.75,415.57,64.78,197.24,0.5023,-1,-1,-1
299,44,1074.62,84.07,57.12,169.14,0.3209,-1,-1,-1
300,2,249.81,583.29,89.49,249.52,0.6895,-1,-1,-1
300,3,940.26,914.15,60.41,164.87,0.7696,-1,-1,-1
300,4,1721.93,460.67,72.01,208.40,0.5807,-1,-1,-1
300,5,1464.34,589.65,104.25,239.78,0.5963,-1,-1,-1
300,6,234.01,397.82,60.27,183.96,0.5750,-1,-1,-1
300,8,456.39,423.73,68.41,224.15,0.6617,-1,-1,-1
300,17,380.17,425.50,80.20,224.02,0.5439,-1,-1,-1
300,19,935.60,63.10,56.70,172.89,0.4551,-1,-1,-1
300,28,534.90,445.69,64.27,204.60,0.6557,-1,-1,-1
300,34,307.02,846.48,94.66,233.49,0.7498,-1,-1,-1
300,35,1008.72,86.55,56.41,185.12,0.4005,-1,-1,-1
300,39,344.57,772.63,75.56,146.55,0.6383,-1,-1,-1
300,41,895.84,416.45,62.93,198.01,0.4480,-1,-1,-1
