2,1,0.42,6.12,344.95,1064.55,0.9307,-1,-1,-1
2,2,869.92,148.62,234.32,629.15,0.8053,-1,-1,-1
2,3,542.38,266.32,95.56,322.56,0.8085,-1,-1,-1
2,4,397.46,274.24,111.16,321.42,0.8139,-1,-1,-1
2,6,1053.61,291.54,87.49,330.13,0.4811,-1,-1,-1
3,1,0.36,5.08,338.75,1062.29,0.9292,-1,-1,-1
3,2,864.87,152.61,225.78,627.21,0.8283,-1,-1,-1
3,3,536.27,265.86,97.30,327.47,0.8042,-1,-1,-1
3,4,390.29,274.50,108.39,322.69,0.8446,-1,-1,-1
3,6,1047.88,293.74,91.61,333.64,0.5739,-1,-1,-1
4,1,0.74,3.40,324.55,1061.43,0.9252,-1,-1,-1
4,2,870.54,153.17,216.99,629.06,0.8344,-1,-1,-1
4,3,531.72,264.81,95.94,328.94,0.8075,-1,-1,-1
4,4,381.05,270.62,112.38,328.17,0.8421,-1,-1,-1
4,6,1044.08,292.77,90.56,343.76,0.5789,-1,-1,-1
4,8,732.81,324.66,41.42,129.35,0.4028,-1,-1,-1
5,1,1.15,3.36,308.87,1062.92,0.9159,-1,-1,-1
5,2,880.11,151.43,204.89,638.24,0.8186,-1,-1,-1
5,3,526.10,262.10,97.56,334.79,0.8087,-1,-1,-1
5,4,376.59,264.10,111.31,332.37,0.8346,-1,-1,-1
5,6,1049.38,291.98,82.37,343.98,0.5786,-1,-1,-1
5,8,730.33,320.92,43.98,126.37,0.3937,-1,-1,-1
5,9,691.36,333.48,37.83,110.12,0.3967,-1,-1,-1
6,1,2.21,21.01,288.62,1053.39,0.8776,-1,-1,-1
6,2,885.30,150.94,197.32,625.09,0.8032,-1,-1,-1
6,3,519.68,262.31,102.17,335.33,0.7972,-1,-1,-1
6,4,372.54,261.78,110.82,334.83,0.8305,-1,-1,-1
6,6,1046.33,293.41,81.67,344.93,0.5863,-1,-1,-1
6,8,728.11,323.64,38.83,112.67,0.3996,-1,-1,-1
6,9,688.03,333.91,39.50,115.35,0.4196,-1,-1,-1
7,1,1.68,78.83,270.50,991.04,0.9035,-1,-1,-1
7,2,892.10,153.33,189.13,619.47,0.8162,-1,-1,-1
7,3,515.29,259.12,101.91,345.41,0.7800,-1,-1,-1
7,4,363.05,260.81,114.45,338.40,0.8224,-1,-1,-1
7,6,1040.58,296.82,84.96,346.34,0.6034,-1,-1,-1
7,8,726.33,322.22,38.96,122.55,0.4656,-1,-1,-1
7,9,684.92,332.30,41.62,120.32,0.4064,-1,-1,-1
7,10,864.11,254.61,80.27,307.32,0.5744,-1,-1,-1
7,11,784.98,315.13,40.91,127.03,0.3461,-1,-1,-1
8,1,0.88,89.36,257.84,981.53,0.8960,-1,-1,-1
8,2,889.57,152.50,191.29,628.48,0.7931,-1,-1,-1
8,3,511.31,263.25,101.34,345.33,0.8154,-1,-1,-1
8,4,352.66,260.17,119.50,342.38,0.8266,-1,-1,-1
8,6,1037.06,299.79,88.30,346.15,0.6753,-1,-1,-1
8,8,723.59,321.40,41.17,126.72,0.5083,-1,-1,-1
8,9,682.63,331.82,40.02,121.26,0.5018,-1,-1,-1
8,10,863.21,265.02,72.21,298.96,0.5858,-1,-1,-1
8,11,783.35,302.98,49.72,144.19,0.4131,-1,-1,-1
9,1,4.56,100.02,220.97,972.52,0.8638,-1,-1,-1
9,2,886.80,154.40,188.54,625.99,0.7894,-1,-1,-1
9,3,506.53,262.46,103.22,342.74,0.8364,-1,-1,-1
9,4,348.04,261.09,120.11,343.29,0.8186,-1,-1,-1
9,6,1036.74,303.82,84.20,348.26,0.6621,-1,-1,-1
9,8,721.45,321.44,38.58,131.35,0.5789,-1,-1,-1
9,9,679.58,333.69,37.27,121.01,0.4072,-1,-1,-1
9,10,862.45,263.93,72.61,300.42,0.5881,-1,-1,-1
9,11,782.57,304.78,41.94,143.11,0.3866,-1,-1,-1
10,1,3.94,106.27,204.14,962.03,0.7268,-1,-1,-1
10,2,879.64,157.50,190.81,622.93,0.8161,-1,-1,-1
10,3,499.54,264.91,107.42,347.14,0.8259,-1,-1,-1
10,4,346.21,259.44,116.48,347.02,0.8078,-1,-1,-1
10,6,1037.40,300.21,81.44,353.47,0.7003,-1,-1,-1
10,8,720.60,324.77,40.51,131.43,0.5862,-1,-1,-1
10,9,676.55,336.69,41.57,123.46,0.4889,-1,-1,-1
10,10,861.76,261.05,72.67,303.53,0.5662,-1,-1,-1
10,11,777.12,297.52,49.46,155.61,0.4913,-1,-1,-1
11,1,7.14,109.63,174.74,957.51,0.7332,-1,-1,-1
11,2,878.52,156.32,188.58,631.44,0.8167,-1,-1,-1
11,3,492.60,261.90,109.96,353.99,0.8231,-1,-1,-1
11,4,337.26,262.49,121.44,348.79,0.7889,-1,-1,-1
11,6,1039.31,295.94,73.54,360.53,0.6633,-1,-1,-1
11,8,719.18,326.39,38.81,129.55,0.5182,-1,-1,-1
11,9,676.25,340.84,41.24,117.39,0.4718,-1,-1,-1
11,10,862.02,276.99,67.42,290.56,0.5329,-1,-1,-1
11,11,776.58,318.13,47.91,136.85,0.5637,-1,-1,-1
12,1,2.31,121.82,162.37,686.24,0.7881,-1,-1,-1
12,2,868.55,158.47,190.70,633.25,0.8356,-1,-1,-1
12,3,490.35,257.91,110.34,358.94,0.7974,-1,-1,-1
12,4,324.48,265.40,129.46,351.66,0.8274,-1,-1,-1
12,6,1037.25,296.65,71.39,362.15,0.6770,-1,-1,-1
12,8,717.98,327.65,41.60,131.97,0.5499,-1,-1,-1
12,9,673.92,339.53,40.42,121.08,0.4348,-1,-1,-1
12,10,864.61,246.05,66.39,318.29,0.3897,-1,-1,-1
12,11,773.74,319.84,53.26,134.82,0.5494,-1,-1,-1
12,12,828.91,324.06,43.31,122.34,0.3621,-1,-1,-1
13,1,1.86,142.16,139.33,593.78,0.8200,-1,-1,-1
13,2,860.58,155.27,198.75,640.12,0.8253,-1,-1,-1
13,3,482.36,255.19,114.43,362.09,0.8271,-1,-1,-1
13,4,317.75,264.95,134.81,356.33,0.8302,-1,-1,-1
13,6,1035.45,300.08,73.90,352.33,0.6952,-1,-1,-1
13,8,717.10,328.06,40.34,133.10,0.4863,-1,-1,-1
13,9,672.79,340.62,39.22,122.96,0.4347,-1,-1,-1
13,11,772.17,321.44,52.18,133.88,0.5424,-1,-1,-1
13,12,829.62,326.68,43.70,120.64,0.4357,-1,-1,-1
14,1,1.81,180.46,116.74,581.03,0.8183,-1,-1,-1
14,2,852.31,152.98,203.86,644.93,0.7862,-1,-1,-1
14,3,478.95,254.93,115.09,364.28,0.8364,-1,-1,-1
14,4,313.57,266.83,135.80,359.02,0.8351,-1,-1,-1
14,6,1033.56,291.38,74.28,358.51,0.6842,-1,-1,-1
14,8,714.80,327.49,44.69,133.63,0.5337,-1,-1,-1
14,9,672.13,342.54,37.09,120.33,0.3725,-1,-1,-1
14,11,773.09,323.86,46.84,129.86,0.5625,-1,-1,-1
14,12,828.35,325.42,43.91,122.34,0.4667,-1,-1,-1
15,1,7.68,236.56,83.86,546.96,0.5546,-1,-1,-1
15,2,839.28,153.35,211.31,637.38,0.7979,-1,-1,-1
15,3,474.87,257.25,119.97,360.88,0.8390,-1,-1,-1
15,4,316.12,269.85,130.88,359.55,0.8286,-1,-1,-1
15,6,1029.00,282.63,79.15,370.74,0.6672,-1,-1,-1
15,8,713.61,330.33,46.68,130.45,0.5302,-1,-1,-1
15,9,671.61,345.09,34.34,112.34,0.4075,-1,-1,-1
15,11,772.58,322.58,47.21,129.66,0.5425,-1,-1,-1
15,12,827.69,328.99,43.73,120.35,0.4348,-1,-1,-1
16,2,836.08,153.45,215.03,640.22,0.8020,-1,-1,-1
16,3,472.83,256.51,123.02,366.25,0.8447,-1,-1,-1
16,4,310.34,269.76,134.66,366.36,0.8396,-1,-1,-1
16,6,1026.22,275.22,83.24,379.47,0.6328,-1,-1,-1
16,8,713.88,330.63,45.41,130.52,0.5304,-1,-1,-1
16,9,671.11,348.98,32.47,108.86,0.4414,-1,-1,-1
16,11,770.99,323.43,49.88,129.29,0.5743,-1,-1,-1
16,12,828.62,333.32,42.43,116.45,0.4191,-1,-1,-1
17,2,834.97,155.03,218.10,643.41,0.8270,-1,-1,-1
17,3,471.79,258.99,123.13,367.26,0.8425,-1,-1,-1
17,4,309.35,275.37,132.78,367.62,0.8504,-1,-1,-1
17,6,1022.57,275.28,89.19,378.20,0.6611,-1,-1,-1
17,8,713.27,330.06,46.64,135.73,0.5726,-1,-1,-1
17,9,671.40,347.26,32.72,117.72,0.4480,-1,-1,-1
17,11,770.25,325.67,52.30,129.57,0.5934,-1,-1,-1
17,12,829.36,338.68,41.11,116.22,0.4206,-1,-1,-1
18,2,838.43,158.39,213.47,655.46,0.8572,-1,-1,-1
18,3,469.02,259.36,126.88,374.38,0.8380,-1,-1,-1
18,4,311.21,278.68,131.42,369.38,0.8304,-1,-1,-1
18,6,1020.98,255.40,89.54,396.21,0.6970,-1,-1,-1
18,8,714.34,333.09,46.52,136.26,0.4783,-1,-1,-1
18,11,773.00,317.85,49.14,141.95,0.4270,-1,-1,-1
18,12,829.28,339.22,42.43,117.64,0.3606,-1,-1,-1
19,2,845.38,159.84,199.35,658.77,0.8586,-1,-1,-1
19,3,467.34,264.81,130.82,379.40,0.8214,-1,-1,-1
19,4,294.57,281.17,147.54,379.16,0.8303,-1,-1,-1
19,6,1013.90,255.16,96.08,398.94,0.7187,-1,-1,-1
19,8,715.98,338.60,45.34,138.45,0.4879,-1,-1,-1
19,11,772.54,333.33,51.50,131.23,0.5105,-1,-1,-1
19,12,830.37,347.61,45.77,112.48,0.3046,-1,-1,-1
20,2,847.75,168.12,194.24,654.58,0.8635,-1,-1,-1
20,3,469.16,273.03,129.46,379.12,0.8268,-1,-1,-1
20,4,297.72,287.42,145.74,378.96,0.8284,-1,-1,-1
20,6,1010.91,249.93,99.59,410.38,0.7665,-1,-1,-1
20,8,718.13,343.01,42.61,140.30,0.5284,-1,-1,-1
20,11,773.03,334.85,51.97,131.49,0.5669,-1,-1,-1
20,12,827.29,356.86,50.00,107.30,0.3492,-1,-1,-1
21,2,863.38,170.08,184.17,656.77,0.8511,-1,-1,-1
21,3,472.40,273.86,134.01,388.91,0.8124,-1,-1,-1
21,4,305.04,287.42,144.64,384.42,0.8442,-1,-1,-1
21,6,1016.88,249.87,107.76,415.01,0.8079,-1,-1,-1
21,11,772.82,335.32,59.70,131.67,0.3777,-1,-1,-1
22,2,881.80,168.52,187.57,660.21,0.8537,-1,-1,-1
22,3,496.30,276.46,127.46,390.73,0.8248,-1,-1,-1
22,4,324.18,288.34,143.45,386.31,0.8275,-1,-1,-1
22,6,1032.30,251.66,107.81,418.12,0.7957,-1,-1,-1
22,8,744.06,349.72,42.24,138.86,0.5240,-1,-1,-1
22,11,798.18,341.08,51.97,136.24,0.5636,-1,-1,-1
22,12,853.30,358.43,51.76,108.44,0.3251,-1,-1,-1
23,2,883.04,170.93,190.57,664.25,0.8619,-1,-1,-1
23,3,508.07,281.86,128.53,392.99,0.8267,-1,-1,-1
23,4,332.31,291.52,144.90,386.35,0.8289,-1,-1,-1
23,6,1040.17,255.05,113.76,421.12,0.8010,-1,-1,-1
23,8,753.23,350.09,47.79,133.30,0.3741,-1,-1,-1
23,9,705.49,366.44,40.30,126.78,0.4195,-1,-1,-1
24,2,879.40,173.37,203.50,662.93,0.8683,-1,-1,-1
24,3,517.20,285.36,130.96,396.35,0.8445,-1,-1,-1
24,4,342.70,293.25,146.48,391.12,0.8330,-1,-1,-1
24,6,1046.80,258.38,121.01,414.91,0.8175,-1,-1,-1
24,8,767.84,352.26,42.29,137.91,0.5112,-1,-1,-1
24,9,716.62,367.98,41.98,126.38,0.5326,-1,-1,-1
24,11,824.59,347.33,47.53,133.10,0.5156,-1,-1,-1
25,2,874.22,173.35,210.95,658.35,0.8634,-1,-1,-1
25,3,523.62,284.81,134.70,405.02,0.8443,-1,-1,-1
25,4,355.23,294.76,144.60,387.86,0.8319,-1,-1,-1
25,6,1057.66,259.44,123.60,417.58,0.8358,-1,-1,-1
25,8,777.68,352.09,48.10,139.86,0.4209,-1,-1,-1
25,9,731.96,368.41,39.15,129.61,0.4547,-1,-1,-1
26,2,879.20,174.42,217.61,653.56,0.8694,-1,-1,-1
26,3,540.55,294.59,130.52,404.15,0.7980,-1,-1,-1
26,4,365.35,295.39,150.90,395.80,0.8537,-1,-1,-1
26,6,1065.92,262.73,134.87,421.92,0.8313,-1,-1,-1
26,8,794.31,352.81,45.62,134.27,0.3051,-1,-1,-1
26,9,744.44,376.31,41.58,121.53,0.3271,-1,-1,-1
27,2,880.18,177.20,227.75,656.66,0.8630,-1,-1,-1
27,3,554.41,293.45,132.65,412.03,0.8309,-1,-1,-1
27,4,382.55,299.99,143.69,397.03,0.8406,-1,-1,-1
27,6,1081.92,268.10,138.68,416.79,0.8297,-1,-1,-1
27,8,806.90,355.31,50.51,136.81,0.3705,-1,-1,-1
27,9,763.37,378.45,36.64,125.89,0.3307,-1,-1,-1
27,11,868.24,340.16,52.33,148.94,0.3368,-1,-1,-1
27,13,1875.77,551.70,43.82,206.06,0.3686,-1,-1,-1
28,2,883.18,185.60,234.60,658.15,0.8748,-1,-1,-1
28,3,562.29,300.15,131.69,412.82,0.8469,-1,-1,-1
28,4,385.13,306.70,148.49,398.50,0.8611,-1,-1,-1
28,6,1087.18,275.40,139.08,415.80,0.8360,-1,-1,-1
28,8,818.03,364.33,41.83,132.13,0.4378,-1,-1,-1
28,9,768.99,382.77,39.42,126.48,0.4183,-1,-1,-1
29,2,883.72,192.26,224.19,659.63,0.8794,-1,-1,-1
29,3,564.51,299.85,133.94,417.21,0.8639,-1,-1,-1
29,4,392.54,309.99,141.37,405.31,0.8420,-1,-1,-1
29,6,1091.39,280.03,143.14,429.28,0.8128,-1,-1,-1
29,8,819.65,369.03,44.82,143.48,0.5042,-1,-1,-1
29,9,772.61,387.37,41.01,129.17,0.3731,-1,-1,-1
30,2,887.62,196.61,224.87,661.05,0.8922,-1,-1,-1
30,3,567.79,299.48,137.87,416.29,0.8519,-1,-1,-1
30,4,396.99,312.61,144.43,412.67,0.8394,-1,-1,-1
30,6,1097.74,282.11,150.99,432.59,0.8322,-1,-1,-1
30,8,826.45,370.78,49.38,141.69,0.4914,-1,-1,-1
31,2,888.23,202.04,227.66,665.24,0.8832,-1,-1,-1
31,3,572.90,301.70,136.44,419.45,0.8356,-1,-1,-1
31,4,400.23,318.64,145.15,418.59,0.8435,-1,-1,-1
31,6,1101.94,285.60,154.06,435.57,0.8545,-1,-1,-1
31,8,837.59,379.74,43.10,138.53,0.5141,-1,-1,-1
31,9,790.05,393.35,41.42,126.06,0.4837,-1,-1,-1
32,2,889.78,209.63,232.09,669.02,0.8843,-1,-1,-1
32,3,577.87,304.93,134.18,429.55,0.8523,-1,-1,-1
32,4,401.78,323.93,145.56,418.26,0.8573,-1,-1,-1
32,6,1103.27,290.77,155.43,430.60,0.8578,-1,-1,-1
32,8,841.29,380.63,42.49,146.47,0.5932,-1,-1,-1
32,9,793.03,400.00,46.15,127.58,0.3946,-1,-1,-1
33,2,894.11,213.38,232.96,669.84,0.8824,-1,-1,-1
33,3,580.44,307.46,139.39,431.12,0.8464,-1,-1,-1
33,4,403.68,329.51,148.99,417.97,0.8586,-1,-1,-1
33,6,1105.75,299.89,163.28,428.81,0.8557,-1,-1,-1
33,8,845.96,388.65,44.92,145.14,0.5306,-1,-1,-1
33,9,798.98,401.84,42.18,127.20,0.3542,-1,-1,-1
34,2,895.01,220.43,241.35,672.77,0.8748,-1,-1,-1
34,3,585.53,309.00,135.51,433.73,0.8412,-1,-1,-1
34,4,399.85,333.11,149.84,426.94,0.8418,-1,-1,-1
34,6,1107.93,303.00,163.30,421.94,0.8550,-1,-1,-1
34,8,847.49,392.70,48.35,147.32,0.5586,-1,-1,-1
34,9,800.07,407.98,48.15,130.02,0.3365,-1,-1,-1
35,2,902.31,227.95,235.15,676.99,0.8777,-1,-1,-1
35,3,589.19,313.96,135.41,439.70,0.8299,-1,-1,-1
35,4,397.27,336.64,151.73,435.47,0.8268,-1,-1,-1
35,6,1110.49,306.71,165.25,418.60,0.8461,-1,-1,-1
35,8,849.55,396.85,48.77,146.38,0.5384,-1,-1,-1
35,9,802.71,408.75,49.54,134.57,0.4807,-1,-1,-1
36,2,906.36,233.92,230.91,678.09,0.8840,-1,-1,-1
36,3,591.37,319.24,140.35,441.62,0.8214,-1,-1,-1
36,4,392.23,340.79,152.19,440.50,0.8543,-1,-1,-1
36,6,1113.75,311.60,161.87,418.38,0.8511,-1,-1,-1
36,9,804.89,413.28,50.20,134.62,0.4319,-1,-1,-1
37,2,905.68,242.80,231.97,676.45,0.8903,-1,-1,-1
37,3,593.35,323.06,134.21,446.69,0.8044,-1,-1,-1
37,4,388.57,343.01,148.69,447.15,0.8665,-1,-1,-1
37,6,1118.85,315.34,160.91,425.62,0.8438,-1,-1,-1
37,8,861.32,413.81,43.10,133.55,0.4535,-1,-1,-1
37,9,805.74,423.46,51.15,130.04,0.3624,-1,-1,-1
38,2,913.40,248.34,226.51,676.55,0.8889,-1,-1,-1
38,3,594.25,329.07,135.12,450.45,0.8259,-1,-1,-1
38,4,381.34,347.32,153.75,447.90,0.8690,-1,-1,-1
38,6,1118.62,321.46,162.93,420.69,0.8463,-1,-1,-1
38,8,865.50,417.10,40.02,136.35,0.6131,-1,-1,-1
38,9,808.19,432.88,53.85,129.40,0.3782,-1,-1,-1
39,2,923.38,254.81,218.92,679.13,0.8846,-1,-1,-1
39,3,591.12,333.26,139.03,461.66,0.8165,-1,-1,-1
39,4,375.97,350.63,157.36,453.14,0.8802,-1,-1,-1
39,6,1125.18,328.40,157.50,429.26,0.8541,-1,-1,-1
39,8,863.72,424.67,43.82,134.70,0.5074,-1,-1,-1
39,9,810.25,437.80,50.59,118.37,0.3247,-1,-1,-1
40,2,928.08,256.26,214.62,686.74,0.8765,-1,-1,-1
40,3,584.53,344.28,145.99,468.89,0.7965,-1,-1,-1
40,4,371.09,355.99,159.45,455.48,0.8740,-1,-1,-1
40,6,1128.15,335.55,157.09,432.60,0.8542,-1,-1,-1
40,8,863.01,427.66,48.08,146.58,0.5479,-1,-1,-1
41,2,927.23,258.67,211.66,682.36,0.8804,-1,-1,-1
41,3,581.51,342.69,145.60,474.89,0.8022,-1,-1,-1
41,4,355.96,355.39,169.34,458.14,0.8626,-1,-1,-1
41,6,1133.57,339.35,152.69,429.86,0.8500,-1,-1,-1
41,8,862.50,432.70,48.15,145.52,0.4787,-1,-1,-1
41,9,806.33,452.81,55.55,125.98,0.3320,-1,-1,-1
42,2,931.47,265.99,207.28,672.47,0.8822,-1,-1,-1
42,3,576.47,347.56,149.79,480.56,0.7102,-1,-1,-1
42,4,343.56,357.08,174.24,466.36,0.8716,-1,-1,-1
42,6,1134.70,348.19,149.23,427.57,0.8558,-1,-1,-1
42,8,863.22,435.77,46.03,146.97,0.4658,-1,-1,-1
42,9,808.03,460.04,53.45,127.25,0.3295,-1,-1,-1
43,2,933.22,273.25,200.62,659.88,0.8819,-1,-1,-1
43,3,572.42,352.49,142.43,481.31,0.8054,-1,-1,-1
43,4,331.06,363.58,177.88,470.39,0.8483,-1,-1,-1
43,6,1130.89,354.05,151.52,429.47,0.8571,-1,-1,-1
43,8,859.08,440.68,47.17,137.90,0.3506,-1,-1,-1
44,2,931.48,279.53,199.72,657.73,0.8857,-1,-1,-1
44,3,566.95,357.11,141.56,491.76,0.8117,-1,-1,-1
44,4,315.99,366.46,183.78,477.50,0.8581,-1,-1,-1
44,6,1127.99,363.05,152.15,423.66,0.8564,-1,-1,-1
44,8,855.79,443.22,45.31,146.27,0.3893,-1,-1,-1
45,2,929.68,284.57,198.43,660.54,0.8876,-1,-1,-1
45,3,561.53,361.82,138.95,502.00,0.8246,-1,-1,-1
45,4,302.94,371.92,189.27,489.51,0.8454,-1,-1,-1
45,6,1124.30,368.78,150.50,426.42,0.8408,-1,-1,-1
45,8,847.20,450.17,49.70,146.72,0.4301,-1,-1,-1
46,2,925.44,293.65,198.22,667.36,0.8866,-1,-1,-1
46,3,554.44,364.27,140.78,507.85,0.8213,-1,-1,-1
46,4,292.57,379.25,188.82,503.88,0.8413,-1,-1,-1
46,6,1121.60,376.94,150.04,433.93,0.8509,-1,-1,-1
46,8,845.53,457.19,50.34,147.64,0.4778,-1,-1,-1
47,2,921.49,303.22,194.85,670.36,0.8781,-1,-1,-1
47,3,545.93,370.12,145.14,513.74,0.8248,-1,-1,-1
47,4,270.19,383.57,202.45,522.10,0.8436,-1,-1,-1
47,6,1117.40,382.26,146.40,434.69,0.8357,-1,-1,-1
47,8,842.10,469.73,50.52,137.22,0.3350,-1,-1,-1
48,2,915.67,309.96,196.52,680.48,0.8774,-1,-1,-1
48,3,531.86,372.11,151.80,525.07,0.8578,-1,-1,-1
48,4,256.50,393.26,206.56,529.41,0.8569,-1,-1,-1
48,6,1113.63,390.10,138.37,435.61,0.8321,-1,-1,-1
48,8,838.45,467.42,47.11,152.93,0.6837,-1,-1,-1
48,9,780.98,485.22,44.26,116.98,0.3229,-1,-1,-1
49,2,908.65,319.87,194.53,685.03,0.8784,-1,-1,-1
49,3,524.33,376.62,154.17,532.26,0.8508,-1,-1,-1
49,4,239.69,399.64,212.05,534.44,0.8719,-1,-1,-1
49,6,1104.73,395.46,147.16,434.35,0.8530,-1,-1,-1
49,8,831.75,472.28,50.30,151.87,0.4995,-1,-1,-1
50,2,903.87,328.37,193.32,684.27,0.8773,-1,-1,-1
50,3,520.11,383.39,154.99,537.66,0.8387,-1,-1,-1
50,4,223.75,406.75,219.47,521.92,0.8353,-1,-1,-1
50,6,1099.78,399.62,142.68,440.02,0.8538,-1,-1,-1
50,8,821.95,476.59,51.55,154.56,0.5770,-1,-1,-1
50,9,767.11,493.35,47.23,139.30,0.3133,-1,-1,-1
51,2,898.65,335.72,190.29,685.67,0.8694,-1,-1,-1
51,3,510.07,385.72,157.09,544.85,0.8470,-1,-1,-1
51,4,207.56,413.20,223.12,517.19,0.8440,-1,-1,-1
51,6,1094.96,403.16,145.28,439.70,0.8680,-1,-1,-1
51,8,815.85,480.02,56.27,156.24,0.5905,-1,-1,-1
52,2,893.39,342.48,189.42,684.38,0.8759,-1,-1,-1
52,3,501.30,388.02,160.25,545.75,0.8376,-1,-1,-1
52,4,195.54,417.25,225.57,558.61,0.8293,-1,-1,-1
52,6,1091.95,404.22,146.30,442.99,0.8645,-1,-1,-1
52,8,810.96,489.91,56.19,146.35,0.3282,-1,-1,-1
52,9,755.90,498.10,49.80,135.97,0.3138,-1,-1,-1
53,2,888.07,348.10,190.26,681.24,0.8783,-1,-1,-1
53,3,494.02,396.16,162.56,549.18,0.8404,-1,-1,-1
53,4,186.26,419.72,220.47,567.22,0.8704,-1,-1,-1
53,6,1083.33,408.35,154.80,443.20,0.8652,-1,-1,-1
53,8,810.83,491.94,52.89,146.87,0.6582,-1,-1,-1
53,9,753.97,502.08,52.03,138.68,0.3277,-1,-1,-1
54,2,881.91,350.44,193.92,678.71,0.8833,-1,-1,-1
54,3,483.17,395.72,170.89,558.30,0.8509,-1,-1,-1
54,4,175.02,420.69,224.58,574.71,0.8822,-1,-1,-1
54,6,1077.28,409.20,160.24,446.07,0.8712,-1,-1,-1
54,8,811.26,492.63,50.96,139.26,0.5952,-1,-1,-1
55,2,872.32,349.04,198.09,679.60,0.8837,-1,-1,-1
55,3,475.30,396.68,179.13,565.81,0.8581,-1,-1,-1
55,4,167.01,418.76,223.41,583.60,0.8952,-1,-1,-1
55,6,1073.76,410.33,162.96,445.15,0.8756,-1,-1,-1
55,8,807.54,492.82,52.65,142.82,0.4668,-1,-1,-1
55,9,747.39,508.26,51.14,140.18,0.5135,-1,-1,-1
56,2,868.74,348.09,197.40,683.43,0.8792,-1,-1,-1
56,3,470.50,398.94,185.08,578.85,0.8728,-1,-1,-1
56,4,159.15,417.63,221.89,594.35,0.8826,-1,-1,-1
56,6,1076.21,412.06,162.15,439.65,0.8744,-1,-1,-1
56,8,806.14,493.85,52.57,152.29,0.4625,-1,-1,-1
57,2,861.43,347.74,200.68,687.55,0.8752,-1,-1,-1
57,3,463.51,402.60,191.97,592.94,0.8758,-1,-1,-1
57,4,146.53,418.46,225.71,600.66,0.8887,-1,-1,-1
57,6,1074.29,414.27,164.93,437.54,0.8674,-1,-1,-1
57,8,806.10,498.68,52.75,154.52,0.3711,-1,-1,-1
57,9,744.94,524.32,46.97,127.32,0.3011,-1,-1,-1
58,2,856.28,347.22,204.64,676.75,0.8683,-1,-1,-1
58,3,458.48,398.49,196.49,609.63,0.8814,-1,-1,-1
58,4,138.49,417.17,228.39,611.77,0.8760,-1,-1,-1
58,6,1070.10,411.70,168.12,445.39,0.8718,-1,-1,-1
59,2,843.01,343.96,209.71,667.57,0.8827,-1,-1,-1
59,3,453.90,393.07,193.41,624.56,0.8830,-1,-1,-1
59,4,126.72,416.58,234.45,616.83,0.8969,-1,-1,-1
59,6,1069.18,414.56,169.35,440.43,0.8702,-1,-1,-1
59,8,801.61,502.00,52.60,147.05,0.3329,-1,-1,-1
59,9,745.35,514.40,39.99,121.49,0.3152,-1,-1,-1
60,2,835.95,345.20,211.30,664.88,0.8873,-1,-1,-1
60,3,452.70,397.46,190.62,623.97,0.8773,-1,-1,-1
60,4,114.41,415.88,239.28,622.28,0.9068,-1,-1,-1
60,6,1065.89,415.01,173.85,442.66,0.8682,-1,-1,-1
60,8,798.32,497.61,54.09,141.58,0.3746,-1,-1,-1
61,2,821.95,346.10,222.82,668.22,0.8888,-1,-1,-1
61,3,445.44,399.45,193.54,637.29,0.8643,-1,-1,-1
61,4,105.18,415.50,242.11,632.54,0.9052,-1,-1,-1
61,6,1063.43,416.34,177.25,443.09,0.8656,-1,-1,-1
61,8,797.72,497.99,53.50,139.96,0.4130,-1,-1,-1
62,2,818.80,345.81,227.27,668.37,0.8800,-1,-1,-1
62,3,445.74,397.91,193.19,643.54,0.8512,-1,-1,-1
62,4,99.52,411.73,243.46,657.76,0.9003,-1,-1,-1
62,6,1065.16,415.32,179.53,442.45,0.8628,-1,-1,-1
62,8,796.81,495.74,52.31,142.10,0.3431,-1,-1,-1
63,2,818.78,341.84,225.17,675.08,0.8811,-1,-1,-1
63,3,442.46,393.00,198.59,651.06,0.8613,-1,-1,-1
63,4,98.69,406.03,236.06,671.79,0.8924,-1,-1,-1
63,6,1066.84,414.13,184.05,442.73,0.8705,-1,-1,-1
63,19,1018.38,430.82,67.70,322.07,0.7148,-1,-1,-1
64,2,820.01,340.79,221.58,677.84,0.8784,-1,-1,-1
64,3,448.85,386.18,197.89,660.26,0.8709,-1,-1,-1
64,4,93.01,402.80,236.16,674.79,0.8872,-1,-1,-1
64,6,1068.32,414.34,186.09,442.97,0.8700,-1,-1,-1
64,8,802.68,494.53,46.37,148.74,0.3707,-1,-1,-1
64,9,739.65,509.00,52.98,143.38,0.3746,-1,-1,-1
64,19,1020.02,435.11,68.38,314.97,0.7914,-1,-1,-1
65,2,815.92,339.27,227.80,680.79,0.8890,-1,-1,-1
65,3,446.51,379.70,203.62,667.80,0.8722,-1,-1,-1
65,4,82.71,404.14,240.08,674.34,0.8834,-1,-1,-1
65,6,1072.11,411.61,186.43,444.70,0.8626,-1,-1,-1
65,8,803.34,490.57,45.48,155.99,0.4018,-1,-1,-1
65,9,740.46,508.54,59.49,143.25,0.5812,-1,-1,-1
65,19,1021.31,435.95,70.96,312.18,0.7868,-1,-1,-1
66,2,819.11,337.57,225.34,682.86,0.8875,-1,-1,-1
66,3,443.90,372.49,211.08,676.18,0.8764,-1,-1,-1
66,4,73.92,402.19,244.80,673.41,0.8885,-1,-1,-1
66,6,1081.81,405.20,187.74,452.81,0.8392,-1,-1,-1
66,8,808.58,487.43,39.69,151.74,0.3335,-1,-1,-1
66,9,743.39,503.62,58.54,146.52,0.4667,-1,-1,-1
66,19,1022.54,434.61,74.30,311.85,0.7797,-1,-1,-1
67,2,819.60,337.65,226.89,683.38,0.8931,-1,-1,-1
67,3,443.61,366.33,215.15,682.72,0.8733,-1,-1,-1
67,4,63.72,396.82,246.55,680.38,0.8880,-1,-1,-1
67,6,1085.39,402.08,190.91,457.68,0.8461,-1,-1,-1
67,9,745.49,496.04,59.92,150.43,0.6051,-1,-1,-1
67,19,1023.19,431.03,77.47,308.96,0.7461,-1,-1,-1
68,2,822.38,336.14,227.13,684.73,0.8934,-1,-1,-1
68,3,441.57,355.54,221.83,691.75,0.8708,-1,-1,-1
68,4,48.70,394.56,253.90,676.02,0.8889,-1,-1,-1
68,6,1091.89,399.41,180.41,454.21,0.8456,-1,-1,-1
68,9,747.33,497.44,60.50,146.17,0.5304,-1,-1,-1
68,19,1026.78,423.04,79.12,315.12,0.7259,-1,-1,-1
69,2,830.54,330.81,222.62,685.58,0.8878,-1,-1,-1
69,3,441.98,347.16,225.34,700.27,0.8775,-1,-1,-1
69,4,34.69,383.11,263.51,684.26,0.8998,-1,-1,-1
69,6,1094.71,395.16,181.43,456.25,0.8726,-1,-1,-1
69,9,750.87,490.90,59.34,149.46,0.6034,-1,-1,-1
69,19,1030.90,419.32,77.93,315.74,0.7208,-1,-1,-1
70,2,829.83,328.23,225.88,682.20,0.8967,-1,-1,-1
70,3,436.94,341.22,232.75,707.69,0.8913,-1,-1,-1
70,4,16.34,375.21,274.09,695.94,0.9135,-1,-1,-1
70,6,1097.30,390.90,182.31,456.48,0.8721,-1,-1,-1
70,8,817.87,469.06,46.67,163.25,0.3136,-1,-1,-1
70,9,753.09,486.99,58.95,151.36,0.5373,-1,-1,-1
70,19,1032.64,415.80,78.88,315.51,0.7091,-1,-1,-1
70,21,1544.45,449.68,57.29,64.15,0.3554,-1,-1,-1
71,2,833.39,325.60,224.13,681.26,0.8904,-1,-1,-1
71,3,432.01,334.02,236.62,721.71,0.8901,-1,-1,-1
71,4,3.66,368.04,267.61,703.60,0.9096,-1,-1,-1
71,6,1100.53,386.40,179.65,453.61,0.8643,-1,-1,-1
71,9,753.02,484.84,60.22,151.38,0.5789,-1,-1,-1
71,19,1033.04,412.35,80.18,316.19,0.7217,-1,-1,-1
71,21,1541.81,447.34,61.17,62.45,0.4409,-1,-1,-1
72,2,832.66,319.28,226.45,682.27,0.8906,-1,-1,-1
72,3,426.97,323.96,239.94,747.82,0.8916,-1,-1,-1
72,4,-0.22,360.51,257.27,711.68,0.9195,-1,-1,-1
72,6,1103.01,384.62,178.67,450.65,0.8592,-1,-1,-1
72,9,754.27,484.59,60.31,150.43,0.5615,-1,-1,-1
72,19,1034.59,410.91,78.75,314.90,0.7227,-1,-1,-1
72,21,1553.12,445.41,50.73,61.92,0.4067,-1,-1,-1
73,2,834.40,313.20,224.58,678.68,0.8855,-1,-1,-1
73,3,420.70,314.31,243.64,762.23,0.8933,-1,-1,-1
73,4,-0.68,347.36,241.97,725.00,0.9111,-1,-1,-1
73,6,1104.56,381.35,177.00,444.36,0.8556,-1,-1,-1
73,9,753.26,476.75,56.17,152.85,0.4691,-1,-1,-1
73,19,1035.85,410.61,77.66,312.52,0.6758,-1,-1,-1
73,21,1544.91,442.18,60.25,61.41,0.4260,-1,-1,-1
74,2,833.36,308.32,224.97,664.26,0.8805,-1,-1,-1
74,3,412.39,310.69,247.08,763.56,0.8907,-1,-1,-1
74,4,-0.44,342.80,223.98,733.25,0.9065,-1,-1,-1
74,6,1106.03,377.79,172.77,441.69,0.8565,-1,-1,-1
74,9,750.03,475.09,59.79,152.70,0.5560,-1,-1,-1
74,19,1035.19,410.23,79.36,310.91,0.6848,-1,-1,-1
74,21,1547.21,440.90,62.56,61.59,0.4308,-1,-1,-1
75,2,837.17,304.39,219.30,661.93,0.8721,-1,-1,-1
75,3,401.89,302.73,250.02,771.47,0.8954,-1,-1,-1
75,4,-0.38,329.86,207.59,746.44,0.8958,-1,-1,-1
75,6,1105.34,375.35,173.41,440.50,0.8616,-1,-1,-1
75,8,817.19,456.13,45.04,160.13,0.3709,-1,-1,-1
75,9,748.84,471.70,58.06,153.48,0.5618,-1,-1,-1
75,19,1035.13,424.49,75.78,294.21,0.6642,-1,-1,-1
75,21,1546.59,438.47,64.66,61.83,0.4430,-1,-1,-1
76,2,842.47,300.57,215.27,661.33,0.8691,-1,-1,-1
76,3,391.40,296.56,254.77,774.23,0.8894,-1,-1,-1
76,4,-0.32,322.77,192.04,749.86,0.8883,-1,-1,-1
76,6,1109.40,373.41,166.87,439.92,0.8559,-1,-1,-1
76,8,817.25,452.48,44.23,163.09,0.3975,-1,-1,-1
76,9,746.82,471.94,63.44,148.02,0.5169,-1,-1,-1
76,19,1035.79,436.92,76.20,277.35,0.7228,-1,-1,-1
76,21,1543.38,438.04,69.62,61.91,0.4525,-1,-1,-1
77,2,847.36,298.41,207.32,664.63,0.8786,-1,-1,-1
77,3,381.87,294.44,257.60,772.20,0.8913,-1,-1,-1
77,4,-0.21,317.47,176.38,758.05,0.8802,-1,-1,-1
77,6,1109.36,371.96,167.03,442.97,0.8657,-1,-1,-1
77,8,817.27,450.31,44.75,160.61,0.4081,-1,-1,-1
77,9,745.69,471.36,65.80,148.62,0.5040,-1,-1,-1
77,19,1034.16,436.66,77.26,277.66,0.6324,-1,-1,-1
77,21,1540.55,437.65,72.39,61.06,0.4086,-1,-1,-1
78,2,852.20,295.85,197.92,667.53,0.8637,-1,-1,-1
78,3,366.64,289.94,265.08,781.05,0.8972,-1,-1,-1
78,4,-0.67,311.80,157.84,760.17,0.8673,-1,-1,-1
78,6,1108.81,370.80,166.60,444.07,0.8640,-1,-1,-1
78,8,814.73,451.46,45.89,162.18,0.6321,-1,-1,-1
78,9,743.75,464.98,65.54,156.49,0.5499,-1,-1,-1
78,19,1029.79,418.01,78.12,298.63,0.7076,-1,-1,-1
78,21,1544.50,437.25,67.80,61.57,0.4210,-1,-1,-1
79,2,852.94,292.13,197.73,673.24,0.8592,-1,-1,-1
79,3,350.53,284.91,266.96,786.53,0.9003,-1,-1,-1
79,4,-2.62,310.65,143.56,762.72,0.8291,-1,-1,-1
79,6,1108.42,367.77,165.66,445.51,0.8600,-1,-1,-1
79,8,811.27,449.58,47.06,166.10,0.6450,-1,-1,-1
79,9,742.62,470.35,51.12,151.74,0.4962,-1,-1,-1
79,19,1024.54,401.27,80.17,313.81,0.7189,-1,-1,-1
79,21,1540.46,435.54,67.17,61.72,0.3016,-1,-1,-1
80,2,851.63,289.62,192.41,677.15,0.8566,-1,-1,-1
80,3,331.67,275.42,276.23,795.00,0.8965,-1,-1,-1
80,4,-12.83,410.61,138.63,433.91,0.5093,-1,-1,-1
80,6,1105.93,363.97,162.14,448.59,0.8433,-1,-1,-1
80,8,801.25,445.91,57.58,171.85,0.6151,-1,-1,-1
80,9,738.52,470.30,51.30,153.51,0.5411,-1,-1,-1
80,19,1023.11,398.18,74.56,317.60,0.7097,-1,-1,-1
81,2,849.76,293.58,190.12,675.87,0.8514,-1,-1,-1
81,3,314.95,266.23,279.41,803.22,0.9018,-1,-1,-1
81,4,-1.27,437.52,92.37,433.75,0.6418,-1,-1,-1
81,6,1103.88,364.29,156.73,445.85,0.8567,-1,-1,-1
81,8,796.86,444.21,56.42,168.71,0.6196,-1,-1,-1
81,9,732.17,462.81,52.75,154.62,0.5612,-1,-1,-1
81,19,1017.26,405.50,74.10,308.77,0.6937,-1,-1,-1
81,21,1534.77,431.11,69.26,63.29,0.3117,-1,-1,-1
81,22,1872.22,882.26,46.95,197.04,0.3592,-1,-1,-1
82,2,846.50,294.47,186.11,674.73,0.8529,-1,-1,-1
82,3,291.48,252.09,297.54,820.16,0.8974,-1,-1,-1
82,4,-0.89,443.81,71.34,356.79,0.7815,-1,-1,-1
82,6,1098.65,359.56,154.78,448.04,0.8627,-1,-1,-1
82,8,793.50,440.89,56.10,169.04,0.6749,-1,-1,-1
82,9,725.35,455.72,54.05,159.39,0.6341,-1,-1,-1
82,19,1014.91,391.48,74.35,315.67,0.6466,-1,-1,-1
83,2,845.30,292.55,178.84,673.55,0.8514,-1,-1,-1
83,3,268.58,239.50,303.59,830.94,0.8896,-1,-1,-1
83,6,1095.73,358.38,151.95,452.61,0.8518,-1,-1,-1
83,8,791.92,436.25,52.85,165.23,0.5785,-1,-1,-1
83,9,720.66,451.45,60.84,156.83,0.3876,-1,-1,-1
83,19,1002.15,382.28,82.40,323.88,0.5449,-1,-1,-1
84,2,835.77,292.32,178.17,675.23,0.8476,-1,-1,-1
84,3,239.44,228.08,304.64,844.87,0.9033,-1,-1,-1
84,6,1086.47,354.40,155.12,457.52,0.8586,-1,-1,-1
84,8,783.89,434.98,51.75,166.06,0.5587,-1,-1,-1
84,9,712.35,450.01,55.35,154.96,0.5917,-1,-1,-1
84,19,995.13,376.08,80.98,321.33,0.7452,-1,-1,-1
84,22,1875.42,872.17,44.17,179.86,0.3651,-1,-1,-1
85,2,824.44,290.41,178.20,671.29,0.8275,-1,-1,-1
85,3,205.71,215.95,333.17,858.25,0.9170,-1,-1,-1
85,6,1079.48,354.38,149.19,453.01,0.8485,-1,-1,-1
85,8,772.16,426.05,55.09,171.37,0.5998,-1,-1,-1
85,9,706.82,451.60,53.20,151.48,0.4575,-1,-1,-1
85,19,984.31,373.89,82.21,317.43,0.7616,-1,-1,-1
86,2,809.62,283.66,183.73,671.83,0.8417,-1,-1,-1
86,3,185.22,202.51,323.26,872.16,0.9056,-1,-1,-1
86,6,1071.54,348.85,151.37,454.14,0.8318,-1,-1,-1
86,8,770.32,420.07,46.38,176.53,0.5159,-1,-1,-1
86,9,695.52,444.49,58.09,155.12,0.5367,-1,-1,-1
86,19,970.92,369.44,90.52,319.93,0.8069,-1,-1,-1
86,24,480.57,412.20,79.88,286.34,0.7152,-1,-1,-1
87,2,796.23,277.85,190.68,676.80,0.8524,-1,-1,-1
87,3,152.92,187.60,332.36,887.58,0.9104,-1,-1,-1
87,6,1062.39,346.96,153.58,451.95,0.8509,-1,-1,-1
87,8,760.56,413.28,48.07,181.41,0.6884,-1,-1,-1
87,9,688.93,447.78,60.21,151.22,0.4641,-1,-1,-1
87,19,962.66,366.89,91.50,319.97,0.7796,-1,-1,-1
87,21,1529.00,420.81,39.96,55.89,0.3009,-1,-1,-1
87,24,472.93,410.84,76.48,285.63,0.7296,-1,-1,-1
88,2,779.81,274.31,201.43,670.04,0.8571,-1,-1,-1
88,3,129.08,180.04,338.51,896.53,0.9155,-1,-1,-1
88,6,1052.46,339.66,152.32,454.54,0.8485,-1,-1,-1
88,8,747.45,409.41,50.88,177.26,0.4646,-1,-1,-1
88,9,680.55,439.88,56.35,155.11,0.6147,-1,-1,-1
88,19,949.08,358.48,96.36,325.01,0.7449,-1,-1,-1
88,21,1521.97,416.73,37.82,56.71,0.3523,-1,-1,-1
88,24,445.79,408.12,95.04,286.76,0.7607,-1,-1,-1
89,2,765.29,267.84,203.78,668.77,0.8477,-1,-1,-1
89,3,100.50,167.78,353.06,907.00,0.9201,-1,-1,-1
89,6,1042.43,333.63,161.03,454.47,0.8534,-1,-1,-1
89,8,743.81,409.00,41.11,180.66,0.3303,-1,-1,-1
89,9,672.21,436.45,59.14,157.30,0.5573,-1,-1,-1
89,19,941.08,359.44,99.16,316.98,0.8162,-1,-1,-1
89,24,429.06,396.78,105.44,301.07,0.7739,-1,-1,-1
90,2,747.72,260.13,218.59,656.04,0.8689,-1,-1,-1
90,3,70.50,151.83,375.02,922.72,0.9241,-1,-1,-1
90,6,1037.04,328.13,159.38,460.50,0.8482,-1,-1,-1
90,9,666.40,432.98,62.84,156.19,0.4318,-1,-1,-1
90,19,937.82,355.03,95.89,314.91,0.7823,-1,-1,-1
90,24,421.19,388.88,104.81,303.52,0.7799,-1,-1,-1
91,2,734.95,257.02,224.63,647.75,0.8808,-1,-1,-1
91,3,49.22,141.58,384.33,930.52,0.9224,-1,-1,-1
91,6,1030.58,324.49,164.63,455.87,0.8681,-1,-1,-1
91,9,659.00,425.52,53.85,156.78,0.4526,-1,-1,-1
91,19,930.08,350.16,100.54,318.41,0.7997,-1,-1,-1
91,21,1506.82,397.26,39.87,62.04,0.3419,-1,-1,-1
91,24,413.70,386.79,103.56,305.14,0.7615,-1,-1,-1
92,2,723.00,250.67,227.82,651.93,0.8787,-1,-1,-1
92,3,20.28,125.74,405.46,946.48,0.9221,-1,-1,-1
92,6,1024.60,317.47,167.72,453.81,0.8636,-1,-1,-1
92,9,654.06,423.15,59.86,158.28,0.5489,-1,-1,-1
92,19,923.88,349.56,96.58,316.68,0.7895,-1,-1,-1
92,21,1505.70,396.11,37.28,60.40,0.4943,-1,-1,-1
92,24,404.01,385.03,106.84,307.13,0.8223,-1,-1,-1
93,2,714.79,244.62,235.81,656.39,0.8891,-1,-1,-1
93,3,0.33,116.35,413.01,956.27,0.9244,-1,-1,-1
93,6,1017.44,313.75,172.26,454.28,0.8705,-1,-1,-1
93,9,653.24,420.67,55.05,157.60,0.3373,-1,-1,-1
93,19,922.46,347.75,97.79,316.83,0.7763,-1,-1,-1
93,21,1497.07,390.12,43.15,62.22,0.4659,-1,-1,-1
93,24,397.32,379.11,107.67,312.22,0.8071,-1,-1,-1
93,27,1845.28,839.92,74.08,194.38,0.3963,-1,-1,-1
94,2,708.19,241.23,229.60,660.38,0.8729,-1,-1,-1
94,3,-0.78,106.82,403.56,969.19,0.9323,-1,-1,-1
94,6,1012.87,312.85,175.68,453.74,0.8726,-1,-1,-1
94,19,918.76,346.50,99.89,319.22,0.8026,-1,-1,-1
94,21,1495.45,390.30,42.17,59.30,0.4162,-1,-1,-1
94,24,389.44,378.71,110.97,308.38,0.8026,-1,-1,-1
94,28,1725.76,854.16,94.17,220.13,0.3618,-1,-1,-1
95,2,701.83,240.05,230.95,667.13,0.8860,-1,-1,-1
95,3,-0.87,96.69,401.78,978.88,0.9307,-1,-1,-1
95,6,1007.21,311.67,179.44,453.55,0.8644,-1,-1,-1
95,19,917.02,344.09,98.60,320.47,0.7805,-1,-1,-1
95,21,1493.80,391.02,40.96,58.13,0.3194,-1,-1,-1
95,24,384.26,375.04,111.78,314.75,0.8174,-1,-1,-1
95,28,1724.31,855.50,95.19,219.28,0.3667,-1,-1,-1
96,2,693.35,243.15,231.75,665.47,0.9045,-1,-1,-1
96,3,0.37,85.05,379.66,990.28,0.9349,-1,-1,-1
96,6,1003.60,311.22,183.87,456.53,0.8598,-1,-1,-1
96,9,633.61,427.83,67.32,154.90,0.3024,-1,-1,-1
96,19,912.18,345.33,102.47,320.01,0.7540,-1,-1,-1
96,21,1490.59,392.29,41.33,57.33,0.3033,-1,-1,-1
96,24,379.82,374.68,110.68,321.72,0.8098,-1,-1,-1
96,28,1723.65,856.22,97.67,220.57,0.4038,-1,-1,-1
97,2,695.49,241.63,227.48,672.98,0.8996,-1,-1,-1
97,3,0.14,75.28,368.58,999.76,0.9338,-1,-1,-1
97,6,1001.86,311.25,187.34,456.53,0.8618,-1,-1,-1
97,9,632.82,418.68,61.06,161.77,0.5593,-1,-1,-1
97,19,903.72,342.78,108.67,319.23,0.7328,-1,-1,-1
97,24,377.67,370.34,112.36,327.04,0.8189,-1,-1,-1
97,27,1849.35,834.80,70.09,185.40,0.3590,-1,-1,-1
97,28,1727.32,855.67,96.99,221.22,0.4493,-1,-1,-1
98,2,694.17,243.90,226.28,676.59,0.8996,-1,-1,-1
98,3,0.07,56.16,358.47,1015.01,0.9344,-1,-1,-1
98,6,1001.12,310.81,192.20,459.40,0.8591,-1,-1,-1
98,9,632.20,415.75,59.26,166.82,0.6311,-1,-1,-1
98,19,907.45,343.49,104.53,320.92,0.7306,-1,-1,-1
98,24,377.03,368.54,112.56,330.42,0.8255,-1,-1,-1
98,28,1731.82,857.46,97.65,220.54,0.4000,-1,-1,-1
99,2,693.48,248.17,226.57,677.70,0.8985,-1,-1,-1
99,3,0.57,46.57,347.38,1025.58,0.9272,-1,-1,-1
99,6,1002.52,311.50,197.49,461.14,0.8700,-1,-1,-1
99,9,633.25,416.29,54.39,165.38,0.6340,-1,-1,-1
99,19,908.78,343.59,104.28,320.99,0.7370,-1,-1,-1
99,21,1497.74,383.68,39.48,66.16,0.3077,-1,-1,-1
99,24,375.57,366.59,113.60,334.01,0.8214,-1,-1,-1
100,2,695.22,251.03,222.55,675.11,0.8988,-1,-1,-1
100,3,1.01,35.58,333.51,1035.00,0.9225,-1,-1,-1
100,6,1005.49,313.22,199.07,460.57,0.8763,-1,-1,-1
100,9,630.88,415.12,59.41,166.22,0.6493,-1,-1,-1
100,19,911.08,349.55,105.67,316.93,0.7435,-1,-1,-1
100,21,1496.16,380.62,43.60,67.30,0.4183,-1,-1,-1
100,24,373.05,368.96,115.19,332.75,0.8323,-1,-1,-1
101,2,702.04,250.84,215.50,675.58,0.8890,-1,-1,-1
101,3,1.58,16.39,315.81,1059.15,0.9144,-1,-1,-1
101,6,1007.28,312.18,201.22,463.70,0.8568,-1,-1,-1
101,9,633.60,413.93,59.25,164.99,0.7018,-1,-1,-1
101,19,913.82,348.35,104.79,317.24,0.7682,-1,-1,-1
101,24,375.04,365.89,114.70,337.52,0.8239,-1,-1,-1
102,2,703.75,251.47,220.32,668.47,0.8948,-1,-1,-1
102,3,2.06,13.78,295.53,1058.91,0.9190,-1,-1,-1
102,6,1015.47,312.93,197.89,465.27,0.8308,-1,-1,-1
102,9,637.51,414.28,59.75,165.55,0.5224,-1,-1,-1
102,19,920.73,347.11,102.46,319.60,0.7923,-1,-1,-1
102,24,375.51,365.07,116.66,341.41,0.8319,-1,-1,-1
103,2,716.41,251.04,221.62,665.94,0.8881,-1,-1,-1
103,3,3.01,9.87,278.55,1061.71,0.9092,-1,-1,-1
103,6,1023.19,315.99,201.95,465.79,0.8433,-1,-1,-1
103,9,643.37,408.89,61.10,166.37,0.5544,-1,-1,-1
103,19,931.66,340.84,100.40,322.95,0.7443,-1,-1,-1
103,24,386.12,366.86,113.55,336.21,0.8037,-1,-1,-1
104,2,726.07,246.67,222.28,668.70,0.8919,-1,-1,-1
104,3,8.33,13.82,259.86,1046.09,0.8316,-1,-1,-1
104,6,1042.51,308.11,202.56,470.03,0.8582,-1,-1,-1
104,9,658.85,407.30,56.35,169.01,0.6639,-1,-1,-1
104,19,941.67,338.27,107.15,322.62,0.7345,-1,-1,-1
104,21,1534.33,377.25,43.56,66.31,0.5237,-1,-1,-1
104,24,396.22,371.00,112.97,333.48,0.8112,-1,-1,-1
104,28,1787.46,859.61,107.97,220.38,0.3975,-1,-1,-1
105,2,739.56,245.25,220.28,663.52,0.8861,-1,-1,-1
105,3,10.20,230.92,238.38,826.78,0.7801,-1,-1,-1
105,6,1053.01,308.92,200.30,469.35,0.8547,-1,-1,-1
105,9,663.72,408.79,60.47,166.90,0.3739,-1,-1,-1
105,19,953.17,333.51,103.68,328.69,0.7371,-1,-1,-1
105,21,1546.16,374.33,46.86,67.66,0.4179,-1,-1,-1
105,24,404.56,365.86,111.37,337.67,0.8087,-1,-1,-1
105,28,1804.90,861.29,107.79,218.50,0.4947,-1,-1,-1
106,2,748.66,242.33,213.35,649.22,0.8781,-1,-1,-1
106,3,35.20,252.16,137.51,674.48,0.6228,-1,-1,-1
106,6,1066.20,303.38,205.24,477.87,0.8421,-1,-1,-1
106,9,668.32,405.52,62.77,167.66,0.6820,-1,-1,-1
106,19,958.94,332.47,104.09,329.51,0.7895,-1,-1,-1
106,21,1557.32,372.94,44.37,67.61,0.4629,-1,-1,-1
106,24,411.42,365.33,111.56,335.64,0.8015,-1,-1,-1
106,28,1818.03,857.41,100.93,222.40,0.6350,-1,-1,-1
107,2,757.07,236.01,211.74,644.33,0.8783,-1,-1,-1
107,3,15.13,247.23,103.08,787.75,0.7251,-1,-1,-1
107,6,1072.93,303.22,195.51,474.34,0.8424,-1,-1,-1
107,9,669.74,404.31,67.22,169.42,0.6755,-1,-1,-1
107,19,963.64,330.63,107.22,326.80,0.7449,-1,-1,-1
107,21,1568.14,371.85,44.44,66.99,0.3619,-1,-1,-1
107,24,414.65,361.67,112.68,338.74,0.7888,-1,-1,-1
107,28,1831.68,855.34,87.81,222.25,0.4784,-1,-1,-1
108,2,761.95,233.25,209.17,645.19,0.8828,-1,-1,-1
108,6,1081.12,301.61,173.80,471.33,0.8386,-1,-1,-1
108,9,672.73,403.66,67.91,170.17,0.7286,-1,-1,-1
108,19,968.02,328.43,106.39,329.21,0.7282,-1,-1,-1
108,21,1575.09,370.00,43.36,65.60,0.4637,-1,-1,-1
108,24,416.76,360.62,112.91,345.59,0.7966,-1,-1,-1
109,2,771.89,232.26,201.58,645.83,0.8753,-1,-1,-1
109,6,1085.07,297.59,170.67,468.62,0.8704,-1,-1,-1
109,9,678.02,400.84,64.01,170.83,0.6812,-1,-1,-1
109,19,972.03,326.97,96.08,326.21,0.5493,-1,-1,-1
109,21,1583.63,373.52,42.95,62.51,0.6009,-1,-1,-1
109,24,414.32,358.05,116.18,350.38,0.8082,-1,-1,-1
110,2,772.33,230.65,203.12,648.23,0.8753,-1,-1,-1
110,6,1089.28,294.53,171.36,464.86,0.8721,-1,-1,-1
110,9,679.55,397.56,67.17,171.04,0.6261,-1,-1,-1
110,19,976.55,324.04,103.48,327.27,0.6669,-1,-1,-1
110,21,1587.86,367.46,39.79,64.98,0.4036,-1,-1,-1
110,24,411.31,353.47,118.30,357.55,0.7983,-1,-1,-1
111,2,776.70,229.84,198.52,651.34,0.8721,-1,-1,-1
111,6,1093.10,291.44,169.19,461.57,0.8667,-1,-1,-1
111,9,682.82,394.60,65.52,173.79,0.6588,-1,-1,-1
111,19,974.81,324.13,105.81,324.77,0.6149,-1,-1,-1
111,21,1599.94,371.41,38.75,62.84,0.4412,-1,-1,-1
111,24,409.82,352.67,120.52,354.73,0.8059,-1,-1,-1
112,2,777.30,229.47,197.52,650.31,0.8674,-1,-1,-1
112,6,1098.33,288.66,169.46,459.97,0.8549,-1,-1,-1
112,9,685.09,395.29,67.40,174.36,0.6441,-1,-1,-1
112,19,974.20,324.01,110.09,326.27,0.6338,-1,-1,-1
112,24,412.90,349.08,117.07,359.27,0.7482,-1,-1,-1
113,2,779.73,229.04,194.86,651.02,0.8648,-1,-1,-1
113,6,1104.39,286.16,165.89,463.81,0.8511,-1,-1,-1
113,9,686.75,390.72,68.08,180.45,0.7009,-1,-1,-1
113,19,980.04,323.50,108.44,325.54,0.6026,-1,-1,-1
113,24,411.22,347.89,117.97,363.32,0.7392,-1,-1,-1
114,2,786.24,231.35,190.58,652.05,0.8545,-1,-1,-1
114,6,1110.11,285.11,162.86,467.51,0.8578,-1,-1,-1
114,9,690.59,393.66,67.01,175.66,0.6295,-1,-1,-1
114,19,987.32,320.99,102.63,320.45,0.5927,-1,-1,-1
114,21,1612.63,374.81,39.51,52.95,0.3496,-1,-1,-1
114,24,412.55,344.93,116.91,366.03,0.7352,-1,-1,-1
115,2,791.79,232.91,191.58,651.93,0.8444,-1,-1,-1
115,6,1112.19,286.60,163.72,466.22,0.8679,-1,-1,-1
115,9,695.13,391.03,65.57,179.14,0.5955,-1,-1,-1
115,19,997.20,321.03,99.32,322.97,0.7349,-1,-1,-1
115,21,1623.69,365.90,34.64,60.36,0.3317,-1,-1,-1
115,24,410.62,344.14,120.59,368.21,0.7379,-1,-1,-1
116,2,792.49,233.39,192.50,652.54,0.8509,-1,-1,-1
116,6,1113.99,286.30,165.09,464.14,0.8630,-1,-1,-1
116,9,693.37,393.17,69.12,179.33,0.5573,-1,-1,-1
116,19,992.93,322.95,109.17,319.74,0.7067,-1,-1,-1
116,21,1625.47,363.81,38.41,63.11,0.3823,-1,-1,-1
116,24,403.71,342.65,127.36,369.97,0.7733,-1,-1,-1
117,2,791.16,233.82,190.02,652.60,0.8521,-1,-1,-1
117,6,1116.87,284.94,165.09,467.61,0.8591,-1,-1,-1
117,9,689.30,389.26,75.24,179.46,0.6245,-1,-1,-1
117,19,993.43,321.17,107.73,321.34,0.6699,-1,-1,-1
117,24,401.25,343.57,129.53,368.73,0.7213,-1,-1,-1
118,2,783.88,235.70,190.20,648.97,0.8566,-1,-1,-1
118,6,1118.56,285.86,166.26,470.98,0.8564,-1,-1,-1
118,9,688.04,392.25,75.38,179.25,0.6155,-1,-1,-1
118,19,981.83,322.68,119.93,321.92,0.7296,-1,-1,-1
118,24,395.36,338.90,131.97,375.48,0.7031,-1,-1,-1
119,2,781.80,234.86,189.41,649.72,0.8667,-1,-1,-1
119,6,1122.95,287.80,162.20,473.42,0.8511,-1,-1,-1
119,9,690.90,393.17,72.78,179.12,0.5529,-1,-1,-1
119,19,978.09,324.53,124.43,322.35,0.7557,-1,-1,-1
119,24,390.57,338.23,132.75,376.80,0.8252,-1,-1,-1
120,2,775.18,232.25,194.47,649.41,0.8782,-1,-1,-1
120,6,1122.28,288.36,162.16,474.59,0.8532,-1,-1,-1
120,9,686.13,392.24,77.04,178.64,0.5289,-1,-1,-1
120,19,972.92,324.87,126.92,323.57,0.7074,-1,-1,-1
120,24,386.51,333.57,132.61,384.42,0.8358,-1,-1,-1
121,2,768.92,227.79,197.20,644.26,0.8741,-1,-1,-1
121,6,1119.67,290.52,163.58,475.73,0.8470,-1,-1,-1
121,9,683.53,394.57,80.72,182.52,0.4325,-1,-1,-1
121,19,968.82,326.07,130.29,322.36,0.6075,-1,-1,-1
121,24,380.14,333.64,134.30,386.39,0.8384,-1,-1,-1
122,2,760.83,227.59,196.57,634.44,0.8656,-1,-1,-1
122,6,1117.33,291.40,163.29,477.43,0.8405,-1,-1,-1
122,19,968.78,325.39,130.94,322.69,0.6372,-1,-1,-1
122,21,1638.35,372.48,44.85,59.81,0.3643,-1,-1,-1
122,24,369.25,333.37,139.37,395.00,0.8261,-1,-1,-1
123,2,748.64,226.10,203.25,635.69,0.8671,-1,-1,-1
123,6,1115.09,290.70,161.51,478.18,0.8582,-1,-1,-1
123,19,957.14,326.32,138.29,324.15,0.6224,-1,-1,-1
123,21,1634.02,372.13,48.23,60.13,0.4418,-1,-1,-1
123,24,363.69,332.18,137.05,402.84,0.8542,-1,-1,-1
124,2,739.56,227.04,206.76,637.64,0.8720,-1,-1,-1
124,6,1111.20,289.12,159.09,484.67,0.8491,-1,-1,-1
124,19,956.46,327.61,122.22,325.37,0.6116,-1,-1,-1
124,21,1632.48,372.57,48.03,62.23,0.4495,-1,-1,-1
124,24,355.25,332.64,139.93,404.77,0.8591,-1,-1,-1
125,2,731.43,228.13,210.27,641.81,0.8767,-1,-1,-1
125,6,1106.86,289.53,160.77,480.07,0.8453,-1,-1,-1
125,9,676.54,393.29,67.56,192.93,0.4485,-1,-1,-1
125,19,951.97,324.34,125.71,331.12,0.6953,-1,-1,-1
125,21,1628.61,372.40,47.07,63.74,0.3825,-1,-1,-1
125,24,346.37,339.39,141.25,402.28,0.8451,-1,-1,-1
126,2,711.58,228.89,225.42,646.52,0.8684,-1,-1,-1
126,6,1100.61,290.32,161.30,475.98,0.8445,-1,-1,-1
126,9,668.97,393.45,68.82,189.52,0.3808,-1,-1,-1
126,19,952.65,320.78,126.11,333.93,0.5801,-1,-1,-1
126,21,1626.54,370.57,45.82,65.11,0.4171,-1,-1,-1
126,24,333.20,336.94,143.83,407.86,0.8397,-1,-1,-1
127,2,708.88,231.68,224.90,647.19,0.8698,-1,-1,-1
127,6,1093.86,290.92,166.39,481.70,0.8566,-1,-1,-1
127,19,942.42,320.30,138.64,336.81,0.7700,-1,-1,-1
127,21,1622.92,372.05,44.03,64.97,0.4368,-1,-1,-1
127,24,327.13,343.42,142.29,408.01,0.8475,-1,-1,-1
128,2,706.76,231.41,225.40,651.92,0.8799,-1,-1,-1
128,6,1087.75,288.91,170.64,482.46,0.8706,-1,-1,-1
128,9,659.99,389.74,74.67,192.81,0.3734,-1,-1,-1
128,19,932.20,323.31,145.12,334.67,0.6102,-1,-1,-1
128,21,1620.54,371.04,41.55,66.11,0.3540,-1,-1,-1
128,24,318.45,341.33,144.90,411.61,0.8530,-1,-1,-1
129,2,710.50,235.85,219.13,648.11,0.8803,-1,-1,-1
129,6,1082.73,286.37,175.77,483.29,0.8741,-1,-1,-1
129,9,660.44,389.19,65.56,193.04,0.5347,-1,-1,-1
129,19,935.57,321.83,107.20,334.92,0.6498,-1,-1,-1
129,21,1616.72,368.09,44.70,69.08,0.3771,-1,-1,-1
129,24,313.66,337.03,146.90,423.60,0.8338,-1,-1,-1
130,2,708.02,237.02,221.52,649.11,0.8819,-1,-1,-1
130,6,1081.55,286.76,174.86,482.71,0.8673,-1,-1,-1
130,9,659.70,389.10,62.27,193.03,0.5535,-1,-1,-1
130,19,934.52,320.26,105.17,334.79,0.7349,-1,-1,-1
130,21,1618.38,367.41,42.07,69.90,0.4036,-1,-1,-1
130,24,310.80,333.13,148.63,432.29,0.8405,-1,-1,-1
131,2,708.58,238.89,222.71,649.35,0.8799,-1,-1,-1
131,6,1080.21,283.94,176.74,482.45,0.8665,-1,-1,-1
131,9,657.19,389.44,63.84,193.30,0.5875,-1,-1,-1
131,19,927.96,318.79,110.96,332.97,0.7373,-1,-1,-1
131,21,1619.28,365.82,43.03,69.53,0.3856,-1,-1,-1
131,24,309.45,331.23,145.51,435.98,0.8388,-1,-1,-1
131,31,1012.05,370.55,70.02,222.81,0.5431,-1,-1,-1
132,2,710.33,238.65,220.94,649.57,0.8754,-1,-1,-1
132,6,1080.34,282.49,174.85,481.43,0.8634,-1,-1,-1
132,9,657.06,388.92,64.33,194.90,0.5692,-1,-1,-1
132,19,925.15,317.42,111.55,333.62,0.7335,-1,-1,-1
132,21,1619.21,364.90,41.95,69.27,0.4077,-1,-1,-1
132,24,309.79,332.63,141.92,435.88,0.8290,-1,-1,-1
132,31,1013.30,366.61,69.54,227.20,0.5586,-1,-1,-1
133,2,713.89,238.97,220.70,646.88,0.8755,-1,-1,-1
133,6,1076.54,282.34,179.68,481.90,0.8685,-1,-1,-1
133,9,657.42,389.41,62.67,195.16,0.4432,-1,-1,-1
133,19,926.30,316.22,107.52,336.38,0.7468,-1,-1,-1
133,21,1621.25,364.37,41.58,70.61,0.3852,-1,-1,-1
133,24,294.21,329.91,156.27,441.29,0.8195,-1,-1,-1
133,31,1012.57,367.84,72.67,225.43,0.5763,-1,-1,-1
134,2,715.78,238.39,215.81,649.75,0.8765,-1,-1,-1
134,6,1074.67,284.16,183.85,486.06,0.8678,-1,-1,-1
134,9,655.81,392.14,68.65,194.86,0.5317,-1,-1,-1
134,19,928.82,318.50,100.97,337.79,0.7328,-1,-1,-1
134,21,1622.68,364.62,41.79,71.63,0.3579,-1,-1,-1
134,24,288.99,324.57,156.14,455.14,0.8404,-1,-1,-1
134,31,1011.35,367.53,73.83,223.48,0.6110,-1,-1,-1
135,2,717.91,239.91,213.86,648.12,0.8799,-1,-1,-1
135,6,1073.34,285.16,184.40,489.03,0.8648,-1,-1,-1
135,9,651.48,393.74,72.90,195.47,0.5442,-1,-1,-1
135,19,927.29,318.20,98.82,341.57,0.7097,-1,-1,-1
135,24,287.37,330.27,153.66,452.93,0.8316,-1,-1,-1
135,31,1010.41,370.20,76.28,219.22,0.6537,-1,-1,-1
136,2,723.21,240.17,210.55,641.65,0.8737,-1,-1,-1
136,6,1071.82,287.93,188.11,490.14,0.8665,-1,-1,-1
136,9,644.45,395.02,81.33,196.93,0.6849,-1,-1,-1
136,19,926.23,320.48,99.83,339.40,0.7318,-1,-1,-1
136,24,281.89,327.45,158.04,459.50,0.8387,-1,-1,-1
136,31,1011.08,364.40,76.99,230.64,0.7067,-1,-1,-1
137,2,723.92,240.65,211.87,624.49,0.8833,-1,-1,-1
137,6,1070.49,291.04,193.63,492.38,0.8635,-1,-1,-1
137,9,649.06,395.24,77.02,201.39,0.6352,-1,-1,-1
137,19,928.07,319.55,97.17,341.55,0.7313,-1,-1,-1
137,21,1632.01,368.38,44.37,69.00,0.4985,-1,-1,-1
137,24,284.39,323.64,154.12,465.72,0.8409,-1,-1,-1
137,31,1014.02,369.78,76.90,225.39,0.7447,-1,-1,-1
138,2,722.40,242.40,217.93,622.24,0.8864,-1,-1,-1
138,6,1078.02,295.16,192.30,490.73,0.8618,-1,-1,-1
138,9,651.59,397.13,71.42,200.71,0.5942,-1,-1,-1
138,19,928.36,321.42,96.93,342.12,0.7456,-1,-1,-1
138,21,1637.89,371.69,45.70,69.23,0.3217,-1,-1,-1
138,24,279.60,323.00,157.55,469.17,0.8038,-1,-1,-1
138,31,1018.25,368.28,75.53,229.27,0.7447,-1,-1,-1
139,2,729.63,242.38,212.47,622.49,0.8851,-1,-1,-1
139,6,1082.43,295.70,193.25,490.92,0.8479,-1,-1,-1
139,9,651.95,395.64,70.90,204.50,0.5823,-1,-1,-1
139,19,930.39,320.93,97.15,343.73,0.7266,-1,-1,-1
139,24,270.05,320.17,164.31,475.32,0.8146,-1,-1,-1
139,31,1021.26,364.23,75.55,230.58,0.7169,-1,-1,-1
140,2,743.80,241.32,200.16,629.08,0.8780,-1,-1,-1
140,6,1089.68,296.81,188.60,489.15,0.8453,-1,-1,-1
140,9,648.68,396.88,76.17,205.03,0.6319,-1,-1,-1
140,19,938.12,320.05,92.47,345.41,0.7149,-1,-1,-1
140,21,1646.86,367.83,47.42,68.63,0.3396,-1,-1,-1
140,24,268.69,318.59,166.18,486.56,0.8302,-1,-1,-1
140,31,1022.85,368.88,76.61,226.67,0.7775,-1,-1,-1
141,2,749.28,246.00,195.35,631.22,0.8735,-1,-1,-1
141,6,1093.69,295.79,188.67,496.53,0.8582,-1,-1,-1
141,9,647.10,395.15,80.06,206.84,0.7632,-1,-1,-1
141,19,934.71,322.28,97.40,344.14,0.7389,-1,-1,-1
141,21,1650.18,368.08,48.72,70.03,0.3900,-1,-1,-1
141,24,272.17,319.93,164.13,497.72,0.8246,-1,-1,-1
141,31,1024.38,366.90,80.31,228.01,0.6852,-1,-1,-1
142,2,754.71,251.96,192.39,628.86,0.8694,-1,-1,-1
142,6,1101.11,296.61,186.14,499.83,0.8516,-1,-1,-1
142,9,648.21,400.11,86.52,202.40,0.6909,-1,-1,-1
142,19,935.27,325.60,97.54,340.49,0.7639,-1,-1,-1
142,24,271.38,323.20,167.35,500.54,0.8492,-1,-1,-1
142,31,1029.72,372.54,78.97,226.04,0.7247,-1,-1,-1
143,2,768.73,253.88,185.83,634.36,0.8787,-1,-1,-1
143,6,1107.99,296.78,186.68,502.72,0.8675,-1,-1,-1
143,9,654.93,400.45,83.33,204.20,0.6631,-1,-1,-1
143,19,953.17,325.83,86.05,340.68,0.7232,-1,-1,-1
143,21,1670.67,375.48,44.11,62.32,0.3949,-1,-1,-1
143,24,269.28,326.35,171.38,502.57,0.8474,-1,-1,-1
143,31,1038.21,372.39,72.75,225.89,0.7463,-1,-1,-1
144,2,771.81,256.07,186.47,633.72,0.8729,-1,-1,-1
144,6,1112.45,296.76,186.70,501.01,0.8615,-1,-1,-1
144,9,663.00,397.03,75.41,207.86,0.7032,-1,-1,-1
144,19,959.27,331.45,83.11,332.46,0.8004,-1,-1,-1
144,21,1672.18,370.02,51.19,67.76,0.4201,-1,-1,-1
144,24,267.20,325.51,175.23,511.07,0.8580,-1,-1,-1
144,31,1040.29,372.57,78.29,227.41,0.7546,-1,-1,-1
145,2,779.17,258.36,185.04,634.83,0.8604,-1,-1,-1
145,6,1121.79,296.60,186.93,500.47,0.8608,-1,-1,-1
145,9,664.34,396.47,80.27,210.38,0.7018,-1,-1,-1
145,19,961.94,329.19,83.47,337.95,0.7497,-1,-1,-1
145,21,1681.37,370.82,49.90,70.07,0.4226,-1,-1,-1
145,24,264.93,324.70,178.83,513.23,0.8532,-1,-1,-1
145,31,1041.88,375.93,79.39,222.72,0.7400,-1,-1,-1
146,2,780.50,262.66,189.25,636.55,0.8638,-1,-1,-1
146,6,1129.18,301.40,183.35,491.98,0.8740,-1,-1,-1
146,9,669.86,397.67,80.30,210.01,0.6982,-1,-1,-1
146,19,969.13,332.05,86.64,337.46,0.6867,-1,-1,-1
146,21,1694.38,378.88,45.87,63.34,0.3286,-1,-1,-1
146,24,268.32,324.64,177.86,524.50,0.8772,-1,-1,-1
146,31,1048.40,378.34,78.01,219.39,0.6476,-1,-1,-1
147,2,781.64,265.46,190.36,637.59,0.8650,-1,-1,-1
147,6,1134.08,298.31,187.65,490.39,0.8670,-1,-1,-1
147,9,670.13,396.14,80.35,216.07,0.7260,-1,-1,-1
147,19,964.45,330.93,91.98,341.04,0.7115,-1,-1,-1
147,21,1699.95,375.75,46.54,67.66,0.4336,-1,-1,-1
147,24,262.46,326.11,182.54,528.79,0.8601,-1,-1,-1
147,31,1049.97,382.16,80.32,220.48,0.6330,-1,-1,-1
148,2,789.97,265.73,184.97,635.57,0.8554,-1,-1,-1
148,6,1140.63,297.44,181.92,490.99,0.8671,-1,-1,-1
148,9,673.65,395.07,75.46,218.73,0.7258,-1,-1,-1
148,19,968.98,331.16,91.30,341.16,0.7303,-1,-1,-1
148,21,1699.65,375.03,51.84,68.73,0.3775,-1,-1,-1
148,24,257.94,325.77,186.28,541.90,0.8684,-1,-1,-1
148,31,1053.95,376.92,77.29,227.82,0.6768,-1,-1,-1
149,2,793.71,266.17,183.88,638.13,0.8616,-1,-1,-1
149,6,1148.22,298.51,178.49,487.89,0.8619,-1,-1,-1
149,9,675.30,401.26,76.41,217.44,0.6009,-1,-1,-1
149,19,973.26,336.42,86.96,337.98,0.7344,-1,-1,-1
149,21,1706.83,381.33,50.06,65.68,0.3492,-1,-1,-1
149,24,251.79,322.94,182.51,550.08,0.8649,-1,-1,-1
149,31,1055.80,378.45,77.39,229.31,0.6365,-1,-1,-1
150,2,793.04,266.55,185.33,637.33,0.8498,-1,-1,-1
150,6,1151.32,300.05,178.55,490.51,0.8644,-1,-1,-1
150,9,673.48,406.02,79.50,215.77,0.6131,-1,-1,-1
150,19,975.69,340.01,89.29,338.92,0.7367,-1,-1,-1
150,21,1711.47,381.42,51.68,67.00,0.4523,-1,-1,-1
150,24,246.77,318.13,179.36,559.27,0.8501,-1,-1,-1
150,31,1056.72,369.31,76.15,239.02,0.6722,-1,-1,-1
151,2,792.42,266.52,189.00,633.03,0.8409,-1,-1,-1
151,6,1152.36,299.41,180.14,501.73,0.8714,-1,-1,-1
151,9,675.32,409.81,77.63,213.16,0.6688,-1,-1,-1
151,19,981.02,340.82,84.41,342.08,0.7332,-1,-1,-1
151,21,1711.98,379.93,54.07,69.68,0.4878,-1,-1,-1
151,24,233.57,317.50,185.31,568.91,0.8507,-1,-1,-1
151,31,1056.41,369.35,77.11,241.60,0.5983,-1,-1,-1
152,2,789.03,265.10,192.85,624.39,0.8417,-1,-1,-1
152,6,1153.32,300.29,181.59,499.37,0.8801,-1,-1,-1
152,9,675.22,409.77,81.15,215.64,0.7133,-1,-1,-1
152,19,978.00,341.43,86.86,341.35,0.7104,-1,-1,-1
152,21,1716.02,378.63,54.66,70.93,0.5259,-1,-1,-1
152,24,225.55,313.65,188.39,578.06,0.8509,-1,-1,-1
152,31,1054.13,372.68,79.74,237.66,0.6059,-1,-1,-1
153,2,782.88,262.66,202.86,617.47,0.8418,-1,-1,-1
153,6,1158.18,302.69,179.41,498.32,0.8824,-1,-1,-1
153,9,675.40,410.16,83.96,219.40,0.7124,-1,-1,-1
153,19,983.60,341.41,82.43,345.84,0.7248,-1,-1,-1
153,21,1719.36,385.91,50.63,67.12,0.4315,-1,-1,-1
153,24,213.10,311.10,196.13,582.65,0.8585,-1,-1,-1
153,31,1055.55,372.50,79.22,239.05,0.6199,-1,-1,-1
154,2,776.36,260.99,211.01,618.20,0.8594,-1,-1,-1
154,6,1158.89,303.01,178.70,496.15,0.8731,-1,-1,-1
154,9,676.01,411.14,86.95,220.88,0.7176,-1,-1,-1
154,19,980.24,341.15,84.58,344.59,0.7265,-1,-1,-1
154,21,1723.26,385.34,50.46,68.19,0.4097,-1,-1,-1
154,24,201.17,308.95,203.23,588.38,0.8723,-1,-1,-1
154,31,1053.76,374.10,80.80,238.62,0.6567,-1,-1,-1
155,2,769.11,258.52,218.19,619.84,0.8684,-1,-1,-1
155,6,1160.64,302.58,177.35,500.07,0.8790,-1,-1,-1
155,9,671.61,406.62,99.97,224.30,0.7297,-1,-1,-1
155,19,983.95,339.96,80.50,342.45,0.7272,-1,-1,-1
155,21,1721.36,378.20,51.47,72.28,0.3247,-1,-1,-1
155,24,190.73,306.40,208.19,592.01,0.8712,-1,-1,-1
155,31,1053.90,372.56,80.25,238.93,0.7016,-1,-1,-1
156,2,764.67,257.49,225.85,623.59,0.8702,-1,-1,-1
156,6,1158.89,306.59,180.43,507.05,0.8774,-1,-1,-1
156,9,672.22,405.04,99.59,226.56,0.7665,-1,-1,-1
156,19,981.41,339.64,83.55,344.03,0.7022,-1,-1,-1
156,21,1720.28,381.64,53.22,71.84,0.3494,-1,-1,-1
156,24,180.91,301.94,207.19,598.91,0.8714,-1,-1,-1
156,31,1052.37,370.29,80.27,242.94,0.6923,-1,-1,-1
157,2,758.95,260.14,231.21,625.93,0.8774,-1,-1,-1
157,6,1155.27,308.15,178.03,508.25,0.8730,-1,-1,-1
157,9,667.35,407.13,99.92,225.97,0.7038,-1,-1,-1
157,19,971.35,341.23,93.59,346.78,0.6965,-1,-1,-1
157,21,1721.51,380.72,53.22,74.70,0.4142,-1,-1,-1
157,24,170.31,300.73,211.66,604.34,0.8634,-1,-1,-1
157,31,1049.37,370.12,82.63,244.12,0.6787,-1,-1,-1
158,2,760.32,257.13,225.32,630.71,0.8731,-1,-1,-1
158,6,1149.76,304.76,177.22,507.45,0.8647,-1,-1,-1
158,9,661.86,405.71,79.23,228.08,0.6732,-1,-1,-1
158,19,967.02,341.43,90.96,344.47,0.7418,-1,-1,-1
158,21,1715.61,383.45,56.24,70.85,0.4162,-1,-1,-1
158,24,156.03,297.07,214.56,611.31,0.8608,-1,-1,-1
158,31,1044.30,371.02,85.55,243.51,0.7391,-1,-1,-1
159,2,766.10,262.99,216.99,629.02,0.8666,-1,-1,-1
159,6,1146.46,306.89,174.97,503.56,0.8761,-1,-1,-1
159,9,658.73,401.04,85.23,230.74,0.6600,-1,-1,-1
159,19,965.88,341.67,86.49,339.84,0.6546,-1,-1,-1
159,21,1710.28,377.46,58.76,75.05,0.5084,-1,-1,-1
159,24,138.27,294.57,218.12,622.40,0.8558,-1,-1,-1
159,31,1040.21,377.66,85.92,237.11,0.7010,-1,-1,-1
160,2,768.98,265.11,211.18,630.82,0.8642,-1,-1,-1
160,6,1141.60,305.95,173.68,506.87,0.8769,-1,-1,-1
160,9,649.84,401.62,96.16,229.81,0.6724,-1,-1,-1
160,19,961.67,338.92,91.33,340.06,0.7255,-1,-1,-1
160,21,1706.76,374.61,57.48,77.75,0.3370,-1,-1,-1
160,24,126.66,290.85,221.77,642.02,0.8640,-1,-1,-1
160,31,1037.54,378.73,83.14,234.56,0.6979,-1,-1,-1
160,33,748.80,355.32,69.99,277.82,0.5033,-1,-1,-1
161,2,770.94,271.41,209.31,628.21,0.8709,-1,-1,-1
161,6,1138.25,306.22,172.36,506.06,0.8782,-1,-1,-1
161,9,645.88,397.90,91.05,236.58,0.6919,-1,-1,-1
161,19,955.71,338.74,88.55,341.45,0.6698,-1,-1,-1
161,21,1706.47,372.90,55.29,80.65,0.3376,-1,-1,-1
161,24,112.48,290.57,225.45,659.25,0.8549,-1,-1,-1
161,31,1032.80,385.07,85.10,227.18,0.7512,-1,-1,-1
161,33,735.43,362.80,72.46,273.64,0.4955,-1,-1,-1
162,2,774.09,271.50,204.66,626.75,0.8824,-1,-1,-1
162,6,1132.99,299.01,171.49,513.87,0.8733,-1,-1,-1
162,9,637.71,395.21,77.90,239.59,0.7041,-1,-1,-1
162,19,950.48,336.13,81.63,348.30,0.6473,-1,-1,-1
162,21,1699.45,380.95,57.37,75.49,0.4564,-1,-1,-1
162,24,94.81,283.45,230.50,660.40,0.8687,-1,-1,-1
162,31,1025.71,386.57,83.29,224.87,0.7441,-1,-1,-1
162,33,730.64,360.71,78.28,278.93,0.6036,-1,-1,-1
163,2,774.06,270.20,200.43,629.11,0.8929,-1,-1,-1
163,6,1122.38,299.65,176.38,512.31,0.8682,-1,-1,-1
163,9,629.52,394.42,83.29,240.62,0.7249,-1,-1,-1
163,19,946.65,331.56,85.55,352.16,0.6175,-1,-1,-1
163,21,1693.92,382.20,55.32,74.83,0.4453,-1,-1,-1
163,24,82.63,284.55,221.71,678.64,0.8466,-1,-1,-1
163,31,1020.07,387.26,84.46,224.17,0.6823,-1,-1,-1
163,33,725.75,357.64,76.44,280.89,0.6666,-1,-1,-1
164,2,767.26,267.79,203.81,624.35,0.8909,-1,-1,-1
164,6,1112.82,297.40,183.92,510.12,0.8672,-1,-1,-1
164,9,619.03,392.48,87.27,243.92,0.7237,-1,-1,-1
164,19,943.18,333.27,82.68,350.33,0.6623,-1,-1,-1
164,24,55.99,282.59,246.41,697.46,0.8834,-1,-1,-1
164,31,1018.65,390.49,78.61,219.25,0.7023,-1,-1,-1
164,33,713.21,362.51,79.13,278.35,0.6744,-1,-1,-1
165,2,763.79,262.82,198.14,627.99,0.8865,-1,-1,-1
165,6,1106.87,299.20,181.82,505.49,0.8747,-1,-1,-1
165,9,610.05,392.97,85.28,243.98,0.6888,-1,-1,-1
165,19,942.01,332.79,81.92,347.22,0.6922,-1,-1,-1
165,21,1682.59,377.50,56.48,74.99,0.3299,-1,-1,-1
165,24,37.58,280.33,249.87,715.94,0.8713,-1,-1,-1
165,31,1014.53,391.12,78.61,215.19,0.6871,-1,-1,-1
165,33,707.63,364.04,79.03,277.31,0.7069,-1,-1,-1
166,2,766.15,258.69,194.68,631.64,0.8856,-1,-1,-1
166,6,1100.27,297.21,186.36,500.65,0.8768,-1,-1,-1
166,9,605.64,391.10,88.86,246.77,0.7174,-1,-1,-1
166,19,933.09,326.07,85.24,352.67,0.6957,-1,-1,-1
166,21,1677.98,375.45,53.66,75.32,0.3933,-1,-1,-1
166,24,19.09,278.59,262.20,726.54,0.8876,-1,-1,-1
166,31,1008.64,390.05,79.72,214.01,0.6685,-1,-1,-1
166,33,704.26,365.09,80.04,277.89,0.7309,-1,-1,-1
167,2,767.12,256.07,192.65,631.03,0.8746,-1,-1,-1
167,6,1094.00,292.00,192.13,505.75,0.8659,-1,-1,-1
167,9,601.13,389.75,86.51,248.95,0.7259,-1,-1,-1
167,19,934.04,324.95,84.04,349.78,0.6918,-1,-1,-1
167,21,1679.19,374.49,55.36,74.70,0.3863,-1,-1,-1
167,24,6.60,273.74,255.53,737.38,0.8650,-1,-1,-1
167,31,1008.73,397.41,77.43,208.48,0.5622,-1,-1,-1
167,33,697.68,361.87,87.68,282.05,0.7083,-1,-1,-1
168,2,773.93,253.38,184.59,619.61,0.8656,-1,-1,-1
168,6,1090.87,291.58,191.49,504.09,0.8647,-1,-1,-1
168,9,596.58,389.46,88.28,248.93,0.6911,-1,-1,-1
168,19,930.38,329.41,86.53,348.86,0.6991,-1,-1,-1
168,21,1672.92,371.57,59.80,77.77,0.3809,-1,-1,-1
168,24,-0.83,263.98,256.91,752.02,0.8876,-1,-1,-1
168,31,1008.07,376.39,77.15,231.35,0.6034,-1,-1,-1
168,33,682.58,356.89,97.70,287.14,0.7777,-1,-1,-1
169,2,777.57,248.93,184.06,611.55,0.8632,-1,-1,-1
169,6,1086.88,291.45,193.84,502.61,0.8698,-1,-1,-1
169,9,590.78,387.41,91.17,252.16,0.7353,-1,-1,-1
169,19,930.44,329.23,82.87,342.75,0.6958,-1,-1,-1
169,21,1672.80,370.81,58.15,77.87,0.4163,-1,-1,-1
169,24,-0.68,256.82,241.48,763.86,0.9024,-1,-1,-1
169,31,1004.07,374.82,80.70,229.23,0.6366,-1,-1,-1
169,33,680.24,356.01,96.38,281.84,0.7693,-1,-1,-1
170,2,778.66,247.88,181.01,610.44,0.8545,-1,-1,-1
170,6,1081.21,290.89,198.51,506.01,0.8706,-1,-1,-1
170,9,588.91,386.68,81.12,251.58,0.6201,-1,-1,-1
170,19,928.15,329.61,81.56,342.61,0.6886,-1,-1,-1
170,21,1676.56,368.75,52.41,77.50,0.3145,-1,-1,-1
170,24,-0.80,250.36,228.92,776.84,0.9022,-1,-1,-1
170,31,1004.25,371.26,80.74,232.42,0.6332,-1,-1,-1
170,33,672.55,352.33,104.46,288.02,0.7918,-1,-1,-1
171,2,777.58,245.97,180.27,614.28,0.8563,-1,-1,-1
171,6,1078.89,290.61,201.03,509.99,0.8685,-1,-1,-1
171,9,581.10,382.37,90.40,259.58,0.6402,-1,-1,-1
171,19,927.66,328.65,83.47,347.83,0.7115,-1,-1,-1
171,24,-0.77,245.75,217.68,789.80,0.9018,-1,-1,-1
171,31,1005.87,366.55,77.26,230.80,0.6707,-1,-1,-1
171,33,664.08,352.49,112.56,292.59,0.8041,-1,-1,-1
172,2,775.37,247.30,184.19,618.85,0.8505,-1,-1,-1
172,6,1075.54,290.23,204.35,509.32,0.8735,-1,-1,-1
172,9,573.48,384.66,99.40,261.02,0.6855,-1,-1,-1
172,19,928.17,338.18,80.76,333.72,0.6798,-1,-1,-1
172,24,-0.51,241.00,204.61,799.69,0.8958,-1,-1,-1
172,31,1002.23,367.06,78.66,229.92,0.6558,-1,-1,-1
172,33,659.13,350.69,117.59,295.85,0.8317,-1,-1,-1
173,2,777.30,245.38,180.18,621.67,0.8552,-1,-1,-1
173,6,1074.41,288.93,202.84,511.50,0.8676,-1,-1,-1
173,9,565.47,385.87,103.33,261.45,0.7057,-1,-1,-1
173,19,926.74,336.62,78.03,335.21,0.6678,-1,-1,-1
173,21,1674.76,363.83,53.24,76.59,0.4416,-1,-1,-1
173,24,-0.96,235.83,194.35,816.45,0.8878,-1,-1,-1
173,31,1002.25,372.53,78.86,221.47,0.6627,-1,-1,-1
173,33,656.74,347.60,122.87,299.16,0.8321,-1,-1,-1
174,2,775.96,246.22,182.78,623.28,0.8592,-1,-1,-1
174,6,1076.91,288.83,204.49,516.12,0.8719,-1,-1,-1
174,9,562.77,380.45,94.69,269.84,0.6958,-1,-1,-1
174,19,928.20,335.46,77.62,336.77,0.6463,-1,-1,-1
174,21,1675.98,362.62,54.71,75.48,0.4160,-1,-1,-1
174,24,-0.84,231.97,186.84,828.15,0.8844,-1,-1,-1
174,31,1003.01,367.73,76.59,227.85,0.6675,-1,-1,-1
174,33,655.48,345.42,125.58,301.27,0.8182,-1,-1,-1
175,2,780.13,247.53,178.30,628.18,0.8637,-1,-1,-1
175,6,1080.53,289.00,203.76,520.32,0.8729,-1,-1,-1
175,9,559.90,379.21,95.91,272.94,0.6820,-1,-1,-1
175,19,930.30,329.69,77.84,342.54,0.6395,-1,-1,-1
175,21,1680.01,363.21,56.63,75.88,0.4673,-1,-1,-1
175,24,-0.46,226.56,179.02,837.01,0.8854,-1,-1,-1
175,31,1004.09,367.82,76.20,230.79,0.6663,-1,-1,-1
175,33,653.83,345.07,128.70,304.08,0.8186,-1,-1,-1
176,2,785.19,254.23,175.67,628.37,0.8478,-1,-1,-1
176,6,1084.18,289.79,203.03,520.15,0.8721,-1,-1,-1
176,9,555.38,378.62,100.82,276.43,0.7237,-1,-1,-1
176,19,932.93,325.60,74.33,347.29,0.6373,-1,-1,-1
176,21,1686.11,363.93,50.40,72.34,0.3565,-1,-1,-1
176,24,0.03,226.93,172.63,844.13,0.8836,-1,-1,-1
176,31,1008.38,365.80,74.64,231.88,0.6799,-1,-1,-1
176,33,654.42,345.46,126.80,310.57,0.8107,-1,-1,-1
177,2,786.77,258.47,176.62,626.75,0.8483,-1,-1,-1
177,6,1087.05,290.78,202.51,517.36,0.8748,-1,-1,-1
177,9,554.22,379.82,102.10,274.66,0.7126,-1,-1,-1
177,19,935.01,323.89,64.53,349.26,0.5903,-1,-1,-1
177,21,1683.93,359.03,58.21,74.36,0.3952,-1,-1,-1
177,24,0.83,225.14,162.27,850.67,0.8760,-1,-1,-1
177,31,1009.15,368.18,75.12,229.11,0.6887,-1,-1,-1
177,33,654.34,345.97,127.15,311.25,0.8152,-1,-1,-1
178,2,790.30,262.48,177.80,625.39,0.8574,-1,-1,-1
178,6,1090.93,290.19,205.82,524.26,0.8788,-1,-1,-1
178,9,554.70,379.76,100.15,277.32,0.7328,-1,-1,-1
178,19,940.67,328.00,57.87,352.02,0.4079,-1,-1,-1
178,21,1690.94,360.07,56.96,74.90,0.3317,-1,-1,-1
178,24,0.75,222.39,155.24,854.05,0.8740,-1,-1,-1
178,31,1014.35,370.98,74.44,228.48,0.6444,-1,-1,-1
178,33,653.84,348.74,133.02,314.37,0.8253,-1,-1,-1
179,2,792.19,263.54,177.26,624.22,0.8564,-1,-1,-1
179,6,1099.40,287.57,200.89,527.39,0.8803,-1,-1,-1
179,9,553.28,379.60,102.22,279.96,0.7101,-1,-1,-1
179,19,931.66,302.66,71.83,370.72,0.5756,-1,-1,-1
179,21,1686.34,356.93,68.99,79.19,0.4426,-1,-1,-1
179,24,1.71,227.28,143.78,849.37,0.8739,-1,-1,-1
179,31,1015.67,374.99,75.38,222.74,0.6751,-1,-1,-1
179,33,651.02,349.80,140.78,314.64,0.8254,-1,-1,-1
180,2,795.62,267.06,180.74,616.59,0.8630,-1,-1,-1
180,6,1104.45,290.64,201.80,523.14,0.8717,-1,-1,-1
180,9,553.09,378.79,104.49,283.85,0.7641,-1,-1,-1
180,19,943.13,316.72,59.69,358.20,0.3246,-1,-1,-1
180,21,1696.55,357.87,65.72,76.93,0.4638,-1,-1,-1
180,24,2.52,231.32,133.54,846.30,0.8652,-1,-1,-1
180,31,1018.83,384.12,74.39,215.75,0.6105,-1,-1,-1
180,33,653.70,351.36,135.03,315.52,0.7987,-1,-1,-1
181,2,796.40,265.72,183.83,618.28,0.8678,-1,-1,-1
181,6,1114.28,284.68,196.56,527.54,0.8748,-1,-1,-1
181,9,554.30,382.36,103.33,283.44,0.7259,-1,-1,-1
181,19,942.85,311.98,59.92,359.94,0.3641,-1,-1,-1
181,21,1713.13,355.58,51.65,77.20,0.4132,-1,-1,-1
181,24,2.28,260.85,127.34,816.66,0.8625,-1,-1,-1
181,31,1019.26,371.79,77.05,227.44,0.6325,-1,-1,-1
181,33,654.45,351.31,137.43,320.51,0.8163,-1,-1,-1
182,2,796.53,264.97,185.05,617.54,0.8722,-1,-1,-1
182,6,1120.92,286.09,196.59,526.39,0.8726,-1,-1,-1
182,9,555.25,383.36,107.05,286.57,0.7499,-1,-1,-1
182,19,944.73,313.34,63.25,360.73,0.4416,-1,-1,-1
182,21,1713.89,355.28,59.50,77.43,0.5690,-1,-1,-1
182,24,2.47,288.02,118.31,790.22,0.8565,-1,-1,-1
182,31,1022.09,378.13,80.63,220.30,0.7335,-1,-1,-1
182,33,654.60,351.42,137.26,323.62,0.8205,-1,-1,-1
183,2,799.40,263.22,191.92,610.37,0.8732,-1,-1,-1
183,6,1131.90,282.48,191.22,519.12,0.8705,-1,-1,-1
183,9,555.03,386.89,107.42,286.47,0.7397,-1,-1,-1
183,19,947.31,314.17,64.49,356.37,0.3319,-1,-1,-1
183,21,1715.46,353.79,60.63,78.06,0.4129,-1,-1,-1
183,24,3.95,312.99,105.36,764.02,0.8433,-1,-1,-1
183,31,1024.75,384.46,80.57,215.15,0.6706,-1,-1,-1
183,33,654.64,348.82,143.71,324.76,0.8300,-1,-1,-1
184,2,801.96,264.86,193.27,596.93,0.8759,-1,-1,-1
184,6,1133.57,282.56,193.04,515.18,0.8755,-1,-1,-1
184,9,555.56,389.59,110.88,283.64,0.7550,-1,-1,-1
184,19,951.45,306.65,66.89,367.92,0.4225,-1,-1,-1
184,21,1726.79,353.69,61.15,77.71,0.4384,-1,-1,-1
184,24,4.06,382.39,93.24,693.43,0.8429,-1,-1,-1
184,31,1031.48,381.54,80.61,221.78,0.6438,-1,-1,-1
184,33,660.62,347.39,143.98,327.56,0.8309,-1,-1,-1
185,2,802.04,262.05,194.40,598.50,0.8585,-1,-1,-1
185,6,1139.90,283.34,192.56,512.14,0.8707,-1,-1,-1
185,9,557.58,390.73,116.67,285.55,0.7165,-1,-1,-1
185,19,958.06,312.38,70.56,363.30,0.6058,-1,-1,-1
185,21,1727.60,350.72,64.63,79.46,0.4079,-1,-1,-1
185,24,3.11,390.59,85.54,684.95,0.8066,-1,-1,-1
185,31,1037.32,384.59,77.03,217.20,0.6756,-1,-1,-1
185,33,670.17,328.86,136.65,349.95,0.8513,-1,-1,-1
186,2,803.87,257.25,192.83,605.64,0.8641,-1,-1,-1
186,6,1149.92,284.71,185.41,514.56,0.8792,-1,-1,-1
186,9,558.24,390.81,119.13,287.94,0.7527,-1,-1,-1
186,19,962.44,318.21,67.08,359.12,0.5453,-1,-1,-1
186,21,1738.87,352.19,62.03,78.89,0.4772,-1,-1,-1
186,24,0.23,397.17,84.18,678.55,0.7608,-1,-1,-1
186,31,1037.35,383.71,82.62,218.43,0.6856,-1,-1,-1
186,33,669.82,324.45,138.49,357.02,0.8471,-1,-1,-1
187,2,805.96,253.62,195.16,605.00,0.8674,-1,-1,-1
187,6,1153.87,279.44,189.58,521.64,0.8826,-1,-1,-1
187,9,557.81,385.58,124.33,294.57,0.7652,-1,-1,-1
187,19,970.45,343.35,60.63,334.68,0.3711,-1,-1,-1
187,21,1755.56,354.00,55.27,77.00,0.3293,-1,-1,-1
187,24,5.58,415.17,63.48,659.70,0.4279,-1,-1,-1
187,31,1042.75,377.93,79.64,220.93,0.7038,-1,-1,-1
187,33,671.06,328.54,138.25,351.10,0.8511,-1,-1,-1
188,2,800.67,252.40,203.52,607.53,0.8690,-1,-1,-1
188,6,1154.80,279.06,189.69,520.63,0.8860,-1,-1,-1
188,9,557.00,385.12,125.82,294.24,0.7757,-1,-1,-1
188,21,1762.29,353.94,50.76,73.85,0.4171,-1,-1,-1
188,31,1037.20,376.68,85.33,223.66,0.7109,-1,-1,-1
188,33,668.80,325.66,139.07,352.15,0.8549,-1,-1,-1
189,2,798.99,252.81,203.92,611.05,0.8673,-1,-1,-1
189,6,1159.90,275.94,182.22,523.90,0.8822,-1,-1,-1
189,9,554.07,381.60,131.12,298.56,0.7088,-1,-1,-1
189,21,1760.41,351.74,57.00,74.84,0.4733,-1,-1,-1
189,31,1037.45,375.09,85.40,224.29,0.7259,-1,-1,-1
189,33,666.73,325.06,141.79,355.50,0.8495,-1,-1,-1
190,2,803.58,251.50,199.60,613.84,0.8584,-1,-1,-1
190,6,1159.87,275.32,185.66,527.33,0.8806,-1,-1,-1
190,9,547.95,379.80,141.26,301.78,0.7273,-1,-1,-1
190,21,1757.07,353.30,61.67,76.52,0.4658,-1,-1,-1
190,31,1031.60,376.18,91.55,221.54,0.7129,-1,-1,-1
190,33,671.99,323.05,136.26,360.05,0.8446,-1,-1,-1
191,2,805.43,253.16,197.81,618.65,0.8553,-1,-1,-1
191,6,1161.26,278.41,185.68,529.23,0.8796,-1,-1,-1
191,9,546.12,378.19,136.54,305.72,0.6629,-1,-1,-1
191,19,978.15,329.28,56.33,353.89,0.3142,-1,-1,-1
191,21,1758.80,355.38,60.35,78.60,0.4879,-1,-1,-1
191,31,1034.19,374.08,89.61,225.75,0.6989,-1,-1,-1
191,33,671.46,324.74,135.59,361.24,0.8073,-1,-1,-1
192,2,811.54,260.67,191.52,618.20,0.8579,-1,-1,-1
192,6,1160.40,285.71,183.74,527.89,0.8861,-1,-1,-1
192,9,541.46,377.64,101.17,307.32,0.7031,-1,-1,-1
192,21,1756.93,360.41,64.05,77.66,0.4314,-1,-1,-1
192,31,1031.88,378.64,89.79,222.79,0.7029,-1,-1,-1
192,33,666.37,325.68,140.24,361.56,0.8327,-1,-1,-1
193,2,810.06,264.80,194.48,617.38,0.8681,-1,-1,-1
193,6,1160.31,285.23,179.31,531.14,0.8836,-1,-1,-1
193,9,535.35,377.12,130.76,308.73,0.6637,-1,-1,-1
193,21,1754.20,361.04,69.66,77.52,0.4426,-1,-1,-1
193,31,1030.60,376.22,88.86,227.12,0.6982,-1,-1,-1
193,33,657.03,330.74,148.88,359.98,0.7862,-1,-1,-1
194,2,806.41,268.58,198.60,613.74,0.8654,-1,-1,-1
194,6,1158.83,288.13,177.56,534.88,0.8792,-1,-1,-1
194,9,530.63,377.68,132.76,313.24,0.7530,-1,-1,-1
194,21,1756.49,362.93,67.51,79.69,0.4234,-1,-1,-1
194,31,1034.86,378.37,84.78,227.25,0.7260,-1,-1,-1
194,33,656.24,332.33,145.80,365.19,0.8255,-1,-1,-1
195,2,802.13,274.58,205.61,609.63,0.8796,-1,-1,-1
195,6,1155.07,291.43,175.84,534.27,0.8688,-1,-1,-1
195,9,521.64,380.73,112.73,316.48,0.7483,-1,-1,-1
195,21,1757.64,367.62,64.95,79.58,0.5028,-1,-1,-1
195,31,1026.47,381.15,90.63,225.31,0.7374,-1,-1,-1
195,33,645.35,337.63,153.12,367.32,0.8444,-1,-1,-1
196,2,798.32,270.69,206.72,615.59,0.8865,-1,-1,-1
196,6,1148.63,294.61,176.45,536.91,0.8562,-1,-1,-1
196,9,514.72,379.83,115.21,323.41,0.7627,-1,-1,-1
196,21,1761.33,369.29,59.21,79.25,0.3740,-1,-1,-1
196,31,1021.09,384.05,93.33,223.18,0.7186,-1,-1,-1
196,33,643.87,342.82,151.21,365.60,0.8285,-1,-1,-1
197,2,796.19,271.34,208.95,615.26,0.8946,-1,-1,-1
197,6,1144.33,294.98,173.93,536.35,0.8556,-1,-1,-1
197,9,506.58,383.35,114.97,323.86,0.7714,-1,-1,-1
197,21,1757.55,375.88,62.91,74.21,0.3221,-1,-1,-1
197,31,1018.60,388.45,93.28,221.71,0.7606,-1,-1,-1
197,33,634.10,342.39,154.00,369.80,0.8226,-1,-1,-1
198,2,797.83,273.07,207.34,615.83,0.8890,-1,-1,-1
198,6,1137.83,297.26,177.99,526.50,0.8549,-1,-1,-1
198,9,495.22,385.89,118.85,330.83,0.7919,-1,-1,-1
198,31,1015.40,391.15,91.70,220.75,0.7204,-1,-1,-1
198,33,619.19,343.55,159.24,375.64,0.8376,-1,-1,-1
199,2,806.50,276.46,195.61,593.63,0.8820,-1,-1,-1
199,6,1133.21,297.96,180.27,544.18,0.8627,-1,-1,-1
199,9,488.33,388.79,122.34,332.48,0.8202,-1,-1,-1
199,31,1009.97,397.90,91.33,214.75,0.7434,-1,-1,-1
199,33,604.27,348.50,164.77,383.21,0.8336,-1,-1,-1
200,2,801.05,281.31,201.41,584.63,0.8845,-1,-1,-1
200,6,1124.95,299.66,183.83,541.74,0.8619,-1,-1,-1
200,9,478.39,393.69,132.38,335.97,0.7002,-1,-1,-1
200,21,1734.61,381.20,72.01,79.79,0.5505,-1,-1,-1
200,31,1009.55,406.72,87.66,208.99,0.6664,-1,-1,-1
200,33,609.15,349.43,150.91,383.67,0.8438,-1,-1,-1
201,2,801.21,281.17,195.03,588.61,0.8868,-1,-1,-1
201,6,1116.18,304.28,188.35,529.90,0.8699,-1,-1,-1
201,9,467.53,396.14,115.36,333.89,0.7716,-1,-1,-1
201,21,1731.97,384.44,72.87,79.36,0.4134,-1,-1,-1
201,31,1009.41,393.93,80.84,222.94,0.7350,-1,-1,-1
201,33,581.67,347.31,166.33,383.77,0.7975,-1,-1,-1
202,2,796.25,281.25,194.18,593.60,0.8919,-1,-1,-1
202,6,1110.67,304.23,190.46,531.54,0.8721,-1,-1,-1
202,9,457.46,399.96,129.89,334.34,0.8075,-1,-1,-1
202,21,1725.67,383.92,75.08,81.50,0.4240,-1,-1,-1
202,31,1005.73,405.28,79.96,214.64,0.6839,-1,-1,-1
202,33,584.81,346.11,152.92,389.72,0.8090,-1,-1,-1
203,2,800.14,281.96,186.62,595.79,0.8817,-1,-1,-1
203,6,1106.45,304.50,193.26,531.85,0.8731,-1,-1,-1
203,9,444.51,396.90,107.90,344.46,0.6158,-1,-1,-1
203,21,1728.97,384.46,67.61,82.32,0.4239,-1,-1,-1
203,31,1001.12,409.09,82.06,215.03,0.7236,-1,-1,-1
203,33,578.69,344.10,155.86,397.36,0.8280,-1,-1,-1
203,38,761.29,397.76,63.74,241.18,0.4422,-1,-1,-1
204,2,807.65,284.96,175.86,596.74,0.8649,-1,-1,-1
204,6,1104.28,303.47,191.35,530.70,0.8712,-1,-1,-1
204,9,434.04,398.88,142.91,346.62,0.7255,-1,-1,-1
204,21,1730.55,384.88,64.46,82.00,0.3563,-1,-1,-1
204,31,1004.33,413.16,77.11,217.07,0.7367,-1,-1,-1
204,33,572.82,344.45,156.49,397.38,0.8171,-1,-1,-1
204,38,758.42,400.14,68.38,240.80,0.6658,-1,-1,-1
205,2,807.85,286.33,174.49,598.36,0.8644,-1,-1,-1
205,6,1102.99,303.67,192.90,529.47,0.8741,-1,-1,-1
205,9,425.23,399.04,146.07,348.77,0.7800,-1,-1,-1
205,21,1722.58,382.62,70.17,84.33,0.4830,-1,-1,-1
205,31,1002.56,413.90,76.40,214.52,0.7010,-1,-1,-1
205,33,564.62,343.46,152.44,400.00,0.8010,-1,-1,-1
205,38,758.87,397.20,68.36,244.96,0.6578,-1,-1,-1
206,2,808.15,287.91,172.53,599.92,0.8670,-1,-1,-1
206,6,1099.62,307.18,199.66,531.68,0.8667,-1,-1,-1
206,9,418.52,396.72,150.64,352.75,0.7962,-1,-1,-1
206,21,1730.75,381.92,62.30,84.37,0.4236,-1,-1,-1
206,31,999.77,415.52,79.08,211.17,0.6888,-1,-1,-1
206,33,558.91,342.52,155.61,404.97,0.8320,-1,-1,-1
206,38,756.03,396.47,69.38,249.23,0.6906,-1,-1,-1
207,2,808.33,289.32,171.12,598.55,0.8645,-1,-1,-1
207,6,1096.03,307.83,204.57,533.90,0.8681,-1,-1,-1
207,9,412.36,395.00,148.14,356.43,0.8315,-1,-1,-1
207,21,1735.56,382.18,58.04,84.22,0.3862,-1,-1,-1
207,31,1000.08,414.14,78.11,214.38,0.6986,-1,-1,-1
207,33,551.32,344.24,161.99,406.60,0.8532,-1,-1,-1
207,38,753.57,395.90,71.88,248.69,0.6905,-1,-1,-1
208,2,809.07,290.01,169.19,598.06,0.8560,-1,-1,-1
208,6,1094.18,304.08,207.93,540.21,0.8680,-1,-1,-1
208,9,404.44,394.73,143.47,358.17,0.8411,-1,-1,-1
208,21,1741.44,383.39,53.35,82.72,0.3024,-1,-1,-1
208,31,1003.23,409.09,75.13,211.89,0.7247,-1,-1,-1
208,33,546.15,335.41,161.58,414.65,0.8587,-1,-1,-1
208,38,753.75,393.75,71.49,250.57,0.6877,-1,-1,-1
209,2,807.54,291.49,170.02,598.29,0.8554,-1,-1,-1
209,6,1095.17,305.15,209.33,542.06,0.8675,-1,-1,-1
209,9,399.52,391.09,147.49,362.52,0.8272,-1,-1,-1
209,21,1746.22,383.41,51.03,80.72,0.3860,-1,-1,-1
209,31,1002.28,402.99,75.96,217.07,0.7160,-1,-1,-1
209,33,536.76,335.41,174.29,420.61,0.8638,-1,-1,-1
209,38,754.58,394.20,67.42,251.91,0.6307,-1,-1,-1
210,2,804.46,294.87,173.13,597.39,0.8648,-1,-1,-1
210,6,1096.40,308.87,210.81,539.84,0.8719,-1,-1,-1
210,9,392.37,389.24,146.84,365.98,0.8246,-1,-1,-1
210,21,1724.57,383.03,71.30,83.88,0.4027,-1,-1,-1
210,31,1001.76,403.95,78.04,216.67,0.5573,-1,-1,-1
210,33,532.03,339.93,177.64,422.42,0.8501,-1,-1,-1
210,38,748.13,392.95,71.80,254.83,0.6420,-1,-1,-1
211,2,803.29,293.88,175.01,601.22,0.8701,-1,-1,-1
211,6,1096.99,310.20,210.28,545.20,0.8726,-1,-1,-1
211,9,384.60,389.35,147.89,367.12,0.8250,-1,-1,-1
211,21,1747.48,382.27,50.58,83.31,0.4628,-1,-1,-1
211,31,1003.79,418.65,74.39,202.94,0.5491,-1,-1,-1
211,33,519.92,328.63,186.55,442.59,0.8324,-1,-1,-1
211,38,745.44,394.25,72.06,257.92,0.6483,-1,-1,-1
212,2,796.95,291.97,184.17,600.52,0.8608,-1,-1,-1
212,6,1095.59,314.98,213.61,540.64,0.8651,-1,-1,-1
212,9,376.96,389.50,143.30,376.39,0.8260,-1,-1,-1
212,31,999.29,404.82,78.80,218.34,0.6687,-1,-1,-1
212,33,503.36,331.05,200.71,448.80,0.8214,-1,-1,-1
212,38,742.33,395.33,75.04,258.96,0.6523,-1,-1,-1
213,2,793.39,293.43,183.34,600.26,0.8643,-1,-1,-1
213,6,1095.54,310.94,212.53,546.71,0.8610,-1,-1,-1
213,9,368.24,390.89,150.81,387.20,0.8420,-1,-1,-1
213,31,995.64,402.36,82.16,222.45,0.7168,-1,-1,-1
213,33,507.64,340.99,191.97,443.27,0.8368,-1,-1,-1
213,38,740.12,396.87,70.01,263.29,0.6698,-1,-1,-1
214,2,790.88,299.22,184.96,589.44,0.8605,-1,-1,-1
214,6,1096.51,319.31,212.79,545.08,0.8704,-1,-1,-1
214,9,364.53,397.61,150.65,391.25,0.8434,-1,-1,-1
214,31,995.05,411.48,83.74,219.15,0.7440,-1,-1,-1
214,33,505.91,344.40,191.23,448.00,0.8454,-1,-1,-1
214,38,738.96,403.19,69.20,259.99,0.6716,-1,-1,-1
215,2,788.11,293.35,188.78,582.34,0.8647,-1,-1,-1
215,6,1101.62,312.85,208.84,555.72,0.8721,-1,-1,-1
215,9,360.42,396.79,150.10,396.84,0.8483,-1,-1,-1
215,31,994.54,406.48,86.13,222.64,0.7162,-1,-1,-1
215,33,503.52,341.40,193.59,455.91,0.8642,-1,-1,-1
215,38,738.50,401.21,68.16,260.00,0.6939,-1,-1,-1
216,2,786.10,291.41,192.88,588.34,0.8661,-1,-1,-1
216,6,1112.41,310.30,199.84,559.96,0.8832,-1,-1,-1
216,9,358.00,397.07,149.65,402.59,0.8468,-1,-1,-1
216,21,1763.30,397.01,49.60,76.56,0.3596,-1,-1,-1
216,31,1004.12,414.04,79.51,215.78,0.7528,-1,-1,-1
216,33,501.42,336.92,192.00,467.35,0.8712,-1,-1,-1
216,38,741.24,400.40,67.21,259.09,0.6173,-1,-1,-1
217,2,785.95,290.29,194.96,589.52,0.8724,-1,-1,-1
217,6,1116.69,308.72,201.42,559.58,0.8829,-1,-1,-1
217,9,356.36,397.80,149.49,401.95,0.8455,-1,-1,-1
217,21,1769.75,393.91,45.29,78.30,0.3736,-1,-1,-1
217,31,1007.43,417.77,80.92,213.64,0.7733,-1,-1,-1
217,33,501.41,333.22,191.44,474.73,0.8698,-1,-1,-1
217,38,743.29,398.50,67.56,267.15,0.6353,-1,-1,-1
218,2,790.85,289.92,194.03,592.27,0.8777,-1,-1,-1
218,6,1125.27,312.96,196.04,551.28,0.8742,-1,-1,-1
218,9,354.06,397.20,157.94,409.62,0.8515,-1,-1,-1
218,31,1011.17,424.29,79.99,207.12,0.7528,-1,-1,-1
218,33,503.78,325.67,188.01,485.52,0.8720,-1,-1,-1
218,38,748.12,397.28,65.12,270.75,0.6781,-1,-1,-1
218,40,663.49,400.36,54.97,197.91,0.4525,-1,-1,-1
219,2,795.21,290.85,194.93,592.71,0.8762,-1,-1,-1
219,6,1131.53,313.61,196.36,546.21,0.8746,-1,-1,-1
219,9,353.24,396.75,166.08,414.71,0.8510,-1,-1,-1
219,21,1783.81,395.25,51.01,81.39,0.3228,-1,-1,-1
219,31,1016.50,419.78,81.40,216.82,0.7159,-1,-1,-1
219,33,507.54,323.73,188.39,488.39,0.8773,-1,-1,-1
219,38,750.38,398.01,67.00,273.14,0.6841,-1,-1,-1
219,40,666.24,406.77,56.52,185.12,0.3872,-1,-1,-1
220,2,794.16,296.12,198.27,593.22,0.8704,-1,-1,-1
220,6,1136.53,314.38,196.84,545.35,0.8721,-1,-1,-1
220,9,353.46,395.01,168.08,416.92,0.8581,-1,-1,-1
220,21,1793.60,394.08,48.87,81.87,0.4108,-1,-1,-1
220,31,1020.39,419.23,81.23,216.86,0.7220,-1,-1,-1
220,33,510.39,322.77,187.97,491.21,0.8668,-1,-1,-1
220,38,750.28,398.66,72.54,272.83,0.6722,-1,-1,-1
220,40,665.19,404.87,60.61,179.08,0.5582,-1,-1,-1
221,2,802.11,298.33,199.15,595.95,0.8588,-1,-1,-1
221,6,1145.72,314.76,199.42,545.63,0.8733,-1,-1,-1
221,9,352.16,389.55,171.28,423.78,0.8507,-1,-1,-1
221,21,1798.14,394.75,52.93,85.39,0.4935,-1,-1,-1
221,31,1026.01,423.10,80.80,214.51,0.7112,-1,-1,-1
221,33,510.70,318.22,188.23,496.99,0.8653,-1,-1,-1
221,38,753.79,396.55,75.54,276.89,0.7016,-1,-1,-1
221,40,665.20,404.79,64.60,184.28,0.5404,-1,-1,-1
222,2,807.97,300.20,195.67,598.50,0.8566,-1,-1,-1
222,6,1155.70,318.46,192.71,545.72,0.8892,-1,-1,-1
222,9,350.96,386.45,172.69,428.33,0.8545,-1,-1,-1
222,21,1812.15,399.36,49.96,81.39,0.4911,-1,-1,-1
222,31,1023.12,423.65,88.09,216.75,0.7122,-1,-1,-1
222,33,511.29,315.39,189.01,502.95,0.8747,-1,-1,-1
222,38,757.08,397.08,78.14,277.94,0.7172,-1,-1,-1
222,40,667.82,407.02,68.63,187.57,0.5041,-1,-1,-1
223,2,817.60,302.93,191.71,596.17,0.8708,-1,-1,-1
223,6,1163.29,317.44,190.20,548.09,0.8806,-1,-1,-1
223,9,347.90,385.59,175.63,430.23,0.8504,-1,-1,-1
223,21,1816.06,396.12,52.88,85.35,0.4958,-1,-1,-1
223,31,1035.14,420.53,77.81,219.48,0.7051,-1,-1,-1
223,33,511.16,312.66,192.23,501.78,0.8739,-1,-1,-1
223,38,759.69,395.73,79.72,279.42,0.7202,-1,-1,-1
223,40,668.95,407.13,70.07,190.29,0.5440,-1,-1,-1
223,42,1431.82,528.12,156.40,330.45,0.3556,-1,-1,-1
224,2,823.12,305.28,193.77,593.35,0.8797,-1,-1,-1
224,6,1169.10,311.35,189.15,556.21,0.8861,-1,-1,-1
224,9,347.50,384.96,173.38,431.02,0.8485,-1,-1,-1
224,21,1822.13,394.63,56.94,88.11,0.4425,-1,-1,-1
224,31,1038.44,418.51,80.81,219.22,0.7568,-1,-1,-1
224,33,508.92,304.85,196.52,513.71,0.8765,-1,-1,-1
224,38,760.61,392.75,83.17,285.91,0.8185,-1,-1,-1
224,40,671.63,406.80,69.16,195.00,0.4122,-1,-1,-1
224,42,1444.64,532.65,144.78,324.86,0.4133,-1,-1,-1
225,2,826.64,303.90,200.38,593.62,0.8805,-1,-1,-1
225,6,1175.96,313.82,188.98,555.12,0.8826,-1,-1,-1
225,9,347.84,384.36,167.64,434.76,0.8530,-1,-1,-1
225,21,1834.62,397.89,54.03,84.20,0.4401,-1,-1,-1
225,31,1038.79,421.02,82.02,215.67,0.7665,-1,-1,-1
225,33,506.72,300.19,201.44,525.93,0.8707,-1,-1,-1
225,38,760.32,393.29,89.06,286.56,0.8125,-1,-1,-1
225,40,672.81,404.60,68.57,201.35,0.5329,-1,-1,-1
226,2,837.28,301.76,195.34,586.96,0.8722,-1,-1,-1
226,6,1179.28,313.53,187.30,558.08,0.8712,-1,-1,-1
226,9,340.54,381.83,170.45,438.15,0.8617,-1,-1,-1
226,21,1835.23,395.01,59.73,87.29,0.6333,-1,-1,-1
226,31,1038.29,422.83,82.95,212.95,0.7551,-1,-1,-1
226,33,498.69,300.64,208.56,533.31,0.8716,-1,-1,-1
226,38,759.77,393.86,95.05,287.68,0.7940,-1,-1,-1
226,40,672.30,405.82,71.70,214.02,0.6472,-1,-1,-1
227,2,837.79,301.31,197.46,578.77,0.8734,-1,-1,-1
227,6,1182.45,314.74,188.58,558.33,0.8638,-1,-1,-1
227,9,334.04,378.70,171.03,449.21,0.8501,-1,-1,-1
227,21,1837.56,397.99,65.11,85.79,0.4282,-1,-1,-1
227,31,1041.06,426.90,86.04,207.91,0.7622,-1,-1,-1
227,33,492.23,296.29,212.79,546.87,0.8763,-1,-1,-1
227,38,754.73,393.59,101.90,290.27,0.7859,-1,-1,-1
227,40,671.77,403.22,73.24,218.02,0.6699,-1,-1,-1
228,2,841.20,298.51,195.13,597.56,0.8665,-1,-1,-1
228,6,1184.37,315.46,187.25,564.02,0.8641,-1,-1,-1
228,9,330.52,371.48,162.20,463.91,0.8496,-1,-1,-1
228,21,1840.80,397.76,66.56,85.38,0.3610,-1,-1,-1
228,31,1043.31,419.98,85.41,214.00,0.7658,-1,-1,-1
228,33,472.16,291.71,231.97,554.13,0.8746,-1,-1,-1
228,38,754.53,393.24,104.96,293.19,0.7976,-1,-1,-1
228,40,667.09,400.91,78.77,226.24,0.6484,-1,-1,-1
229,2,848.63,296.41,188.96,592.93,0.8580,-1,-1,-1
229,6,1184.06,316.69,187.18,565.46,0.8665,-1,-1,-1
229,9,321.12,368.76,162.23,474.42,0.8458,-1,-1,-1
229,21,1847.62,396.85,61.13,88.45,0.4352,-1,-1,-1
229,31,1046.71,420.56,82.79,213.17,0.7604,-1,-1,-1
229,33,471.50,291.00,227.11,554.96,0.8691,-1,-1,-1
229,38,754.66,393.79,103.08,296.19,0.8026,-1,-1,-1
229,40,662.97,400.97,81.16,226.87,0.6377,-1,-1,-1
230,2,855.19,297.35,186.54,582.24,0.8512,-1,-1,-1
230,6,1185.27,316.80,186.71,564.91,0.8679,-1,-1,-1
230,9,307.92,371.64,175.31,482.55,0.8696,-1,-1,-1
230,21,1849.06,398.91,65.52,89.15,0.4773,-1,-1,-1
230,31,1048.52,419.12,80.24,216.17,0.7609,-1,-1,-1
230,33,451.36,291.07,243.77,567.41,0.8506,-1,-1,-1
230,38,755.23,396.14,101.95,297.32,0.8083,-1,-1,-1
230,40,658.32,398.01,86.06,231.82,0.6842,-1,-1,-1
231,2,862.25,298.67,180.81,574.66,0.8567,-1,-1,-1
231,6,1184.57,315.84,187.07,567.47,0.8617,-1,-1,-1
231,9,293.65,376.76,177.81,480.75,0.8452,-1,-1,-1
231,21,1850.00,401.60,66.62,89.26,0.5354,-1,-1,-1
231,31,1047.71,416.75,80.63,219.10,0.7491,-1,-1,-1
231,33,444.17,288.79,248.50,581.85,0.8316,-1,-1,-1
231,38,755.17,395.76,102.06,300.32,0.8188,-1,-1,-1
231,40,653.14,398.11,91.31,245.00,0.6946,-1,-1,-1
232,2,863.02,298.66,179.62,574.17,0.8496,-1,-1,-1
232,6,1182.76,316.41,186.80,570.82,0.8625,-1,-1,-1
232,9,275.56,373.00,178.09,494.46,0.8270,-1,-1,-1
232,21,1851.47,402.87,65.18,90.99,0.5292,-1,-1,-1
232,31,1045.04,422.10,79.56,214.85,0.7542,-1,-1,-1
232,33,438.12,287.61,243.51,589.50,0.8571,-1,-1,-1
232,38,749.80,400.60,102.64,300.08,0.8368,-1,-1,-1
232,40,646.48,399.00,93.00,266.97,0.7757,-1,-1,-1
232,42,1470.08,477.92,148.03,410.94,0.3151,-1,-1,-1
233,2,855.93,301.79,183.90,583.61,0.8623,-1,-1,-1
233,6,1178.75,318.34,190.33,577.34,0.8611,-1,-1,-1
233,9,252.74,370.42,194.10,510.96,0.8721,-1,-1,-1
233,21,1848.97,408.14,67.31,88.71,0.5331,-1,-1,-1
233,31,1042.25,422.19,79.91,219.88,0.7542,-1,-1,-1
233,33,425.99,284.68,245.86,606.33,0.8819,-1,-1,-1
233,38,734.48,394.94,112.37,307.21,0.8272,-1,-1,-1
233,40,636.68,406.25,95.41,279.33,0.7755,-1,-1,-1
234,2,856.44,303.17,184.37,585.32,0.8706,-1,-1,-1
234,6,1173.09,322.00,194.19,574.85,0.8715,-1,-1,-1
234,9,247.53,367.81,189.57,522.63,0.8781,-1,-1,-1
234,21,1847.86,412.33,67.27,85.54,0.4891,-1,-1,-1
234,31,1036.35,426.64,81.30,218.12,0.7213,-1,-1,-1
234,33,410.79,280.44,242.87,616.83,0.8917,-1,-1,-1
234,38,735.11,391.09,107.56,312.73,0.8215,-1,-1,-1
234,40,630.71,403.76,96.96,287.37,0.7805,-1,-1,-1
235,2,855.45,304.29,185.16,588.84,0.8744,-1,-1,-1
235,6,1162.87,320.97,199.44,577.31,0.8778,-1,-1,-1
235,9,231.98,363.72,190.32,534.20,0.8850,-1,-1,-1
235,21,1850.34,413.75,64.37,86.16,0.4453,-1,-1,-1
235,31,1037.25,426.65,78.85,217.24,0.7092,-1,-1,-1
235,33,394.84,272.58,248.29,626.59,0.8765,-1,-1,-1
235,38,722.11,391.40,111.49,314.41,0.8083,-1,-1,-1
235,40,624.44,404.72,94.71,290.13,0.7867,-1,-1,-1
236,2,856.96,307.39,181.22,589.94,0.8761,-1,-1,-1
236,6,1156.67,323.41,204.51,576.47,0.8717,-1,-1,-1
236,9,218.20,362.83,194.46,536.32,0.8437,-1,-1,-1
236,21,1850.12,415.83,65.67,85.69,0.5014,-1,-1,-1
236,31,1032.18,428.80,82.29,213.87,0.6683,-1,-1,-1
236,33,386.22,269.36,241.82,635.66,0.8691,-1,-1,-1
236,38,721.77,392.32,108.80,319.14,0.7960,-1,-1,-1
236,40,612.74,405.94,100.82,302.68,0.8305,-1,-1,-1
237,2,858.57,312.06,177.24,588.95,0.8785,-1,-1,-1
237,6,1153.29,325.08,208.44,570.10,0.8788,-1,-1,-1
237,9,203.62,360.86,198.61,542.85,0.8654,-1,-1,-1
237,21,1849.32,416.44,66.62,87.89,0.5012,-1,-1,-1
237,31,1035.39,427.89,76.58,219.41,0.6896,-1,-1,-1
237,33,375.59,265.79,242.22,642.50,0.8657,-1,-1,-1
237,38,708.85,393.46,118.73,322.21,0.7992,-1,-1,-1
237,40,607.09,406.40,98.69,304.96,0.7909,-1,-1,-1
238,2,857.90,312.92,174.12,592.81,0.8762,-1,-1,-1
238,6,1148.11,329.36,213.46,563.01,0.8780,-1,-1,-1
238,9,190.23,351.26,197.84,557.51,0.8589,-1,-1,-1
238,21,1846.61,416.37,68.73,91.39,0.5427,-1,-1,-1
238,31,1036.82,427.24,74.24,221.98,0.5363,-1,-1,-1
238,33,360.24,260.14,239.83,658.02,0.8688,-1,-1,-1
238,38,713.79,388.26,112.41,327.11,0.8140,-1,-1,-1
238,40,598.84,406.27,102.95,306.32,0.7959,-1,-1,-1
239,2,856.23,318.59,173.44,590.71,0.8674,-1,-1,-1
239,6,1145.95,327.79,212.43,564.00,0.8812,-1,-1,-1
239,9,176.20,349.81,192.68,565.50,0.8871,-1,-1,-1
239,21,1847.18,418.53,66.06,91.36,0.5648,-1,-1,-1
239,31,1031.92,427.08,71.35,225.36,0.5558,-1,-1,-1
239,33,337.16,257.71,256.22,661.79,0.8638,-1,-1,-1
239,38,702.01,387.65,118.85,331.14,0.8319,-1,-1,-1
239,40,593.04,404.99,101.04,312.44,0.7616,-1,-1,-1
240,2,850.47,322.87,169.84,589.46,0.8587,-1,-1,-1
240,6,1135.84,327.32,218.70,568.20,0.8883,-1,-1,-1
240,9,152.15,345.68,205.17,575.20,0.8435,-1,-1,-1
240,21,1841.25,420.96,68.53,92.44,0.5892,-1,-1,-1
240,31,1030.49,433.76,73.87,228.08,0.5879,-1,-1,-1
240,33,307.56,252.68,282.93,670.55,0.8766,-1,-1,-1
240,38,697.49,388.09,119.14,334.59,0.8188,-1,-1,-1
240,40,588.48,407.13,101.00,313.67,0.7664,-1,-1,-1
241,2,844.02,323.36,168.30,589.36,0.8660,-1,-1,-1
241,6,1132.37,326.38,216.95,571.42,0.8764,-1,-1,-1
241,9,136.15,347.62,207.29,572.66,0.8463,-1,-1,-1
241,21,1840.39,423.77,68.73,89.26,0.4500,-1,-1,-1
241,31,1018.90,426.93,80.85,226.56,0.4998,-1,-1,-1
241,33,305.46,250.47,264.13,677.01,0.8830,-1,-1,-1
241,38,691.98,389.88,120.98,334.64,0.8160,-1,-1,-1
241,40,578.41,407.12,102.29,323.00,0.8254,-1,-1,-1
242,2,833.76,324.11,169.75,588.46,0.8503,-1,-1,-1
242,6,1130.04,328.44,215.51,570.30,0.8684,-1,-1,-1
242,9,99.45,340.10,232.12,590.61,0.8461,-1,-1,-1
242,21,1829.23,421.87,76.25,93.38,0.4364,-1,-1,-1
242,31,1012.57,424.40,78.22,232.64,0.5242,-1,-1,-1
242,33,282.30,245.61,280.12,695.95,0.8867,-1,-1,-1
242,38,682.75,389.82,121.94,338.08,0.8128,-1,-1,-1
242,40,569.33,403.87,103.17,328.19,0.8342,-1,-1,-1
243,2,824.80,318.76,174.55,592.02,0.8415,-1,-1,-1
243,6,1124.60,329.48,213.75,571.79,0.8706,-1,-1,-1
243,9,81.78,338.48,231.93,597.56,0.8168,-1,-1,-1
243,21,1825.84,420.70,71.20,94.26,0.5534,-1,-1,-1
243,31,1007.88,426.69,77.98,241.58,0.5489,-1,-1,-1
243,33,247.45,241.23,305.90,720.20,0.8871,-1,-1,-1
243,38,681.31,389.64,115.33,343.20,0.8159,-1,-1,-1
243,40,553.67,402.70,113.24,330.58,0.8132,-1,-1,-1
243,42,1441.82,473.07,160.39,426.36,0.4276,-1,-1,-1
244,2,815.21,317.20,178.87,591.94,0.8400,-1,-1,-1
244,6,1117.78,332.53,215.62,571.11,0.8609,-1,-1,-1
244,9,64.31,336.17,231.70,628.82,0.8239,-1,-1,-1
244,21,1823.51,421.35,70.94,92.45,0.5685,-1,-1,-1
244,31,1005.21,425.81,78.85,234.99,0.6817,-1,-1,-1
244,33,214.92,236.68,327.58,760.86,0.8653,-1,-1,-1
244,38,675.65,392.80,113.42,342.10,0.8387,-1,-1,-1
244,40,543.52,400.27,114.08,338.33,0.7690,-1,-1,-1
245,2,802.11,316.76,185.20,586.01,0.8471,-1,-1,-1
245,6,1114.55,333.04,214.97,571.31,0.8653,-1,-1,-1
245,9,23.57,336.04,256.38,635.62,0.8574,-1,-1,-1
245,21,1821.59,422.00,68.14,92.52,0.5657,-1,-1,-1
245,31,1003.74,412.63,75.75,241.67,0.5797,-1,-1,-1
245,33,202.33,236.79,328.44,747.46,0.8578,-1,-1,-1
245,38,666.02,393.57,118.20,345.57,0.8310,-1,-1,-1
245,40,531.80,398.80,114.78,345.47,0.7877,-1,-1,-1
246,2,792.92,316.57,193.07,577.22,0.8483,-1,-1,-1
246,6,1109.78,333.35,217.73,573.53,0.8730,-1,-1,-1
246,9,13.33,334.34,243.74,643.28,0.8508,-1,-1,-1
246,21,1817.98,422.01,67.82,92.02,0.5318,-1,-1,-1
246,31,998.60,418.15,75.22,232.42,0.6104,-1,-1,-1
246,33,183.18,232.99,339.77,801.83,0.8850,-1,-1,-1
246,38,653.05,392.20,123.19,353.47,0.8207,-1,-1,-1
246,40,520.51,397.39,121.73,350.38,0.8030,-1,-1,-1
247,2,788.97,316.76,195.46,576.22,0.8436,-1,-1,-1
247,6,1105.24,335.59,220.55,573.54,0.8730,-1,-1,-1
247,9,-1.27,336.32,245.41,657.23,0.8650,-1,-1,-1
247,21,1810.38,420.42,70.23,92.62,0.5252,-1,-1,-1
247,31,994.82,430.80,74.98,222.20,0.5127,-1,-1,-1
247,33,146.95,230.37,363.37,814.50,0.8750,-1,-1,-1
247,38,646.50,393.38,126.96,355.64,0.8231,-1,-1,-1
247,40,514.09,398.63,117.27,359.23,0.7666,-1,-1,-1
247,45,952.09,393.41,58.98,337.89,0.3252,-1,-1,-1
248,2,783.47,320.20,203.44,577.18,0.8275,-1,-1,-1
248,6,1100.36,335.80,221.49,583.85,0.8771,-1,-1,-1
248,9,-3.47,335.88,233.04,679.25,0.8501,-1,-1,-1
248,21,1817.82,425.59,57.89,91.98,0.3505,-1,-1,-1
248,31,992.78,426.66,71.57,236.42,0.4317,-1,-1,-1
248,33,110.62,230.20,386.78,810.52,0.8776,-1,-1,-1
248,38,640.38,397.53,125.10,358.23,0.7830,-1,-1,-1
248,40,505.77,400.13,115.37,366.80,0.8087,-1,-1,-1
248,45,946.29,386.40,61.04,357.60,0.4082,-1,-1,-1
249,2,779.50,323.01,194.20,578.87,0.8299,-1,-1,-1
249,6,1101.89,338.68,218.32,586.92,0.8771,-1,-1,-1
249,9,-0.88,354.55,202.68,686.08,0.8293,-1,-1,-1
249,21,1804.38,425.25,71.11,91.27,0.4912,-1,-1,-1
249,31,988.64,439.82,71.74,242.72,0.3219,-1,-1,-1
249,33,95.37,225.68,382.61,837.44,0.8827,-1,-1,-1
249,38,631.76,395.63,131.46,367.86,0.7800,-1,-1,-1
249,40,497.27,403.58,122.62,377.15,0.7966,-1,-1,-1
249,42,1409.46,480.17,170.37,438.03,0.3770,-1,-1,-1
249,45,940.68,367.23,67.04,381.28,0.5871,-1,-1,-1
250,2,775.47,321.67,196.21,584.00,0.8366,-1,-1,-1
250,6,1102.05,339.47,217.76,589.12,0.8789,-1,-1,-1
250,9,-0.91,343.14,184.79,723.52,0.8306,-1,-1,-1
250,21,1811.22,426.72,66.00,90.55,0.3874,-1,-1,-1
250,33,81.26,220.97,382.23,848.90,0.8587,-1,-1,-1
250,38,628.85,396.14,131.54,373.08,0.8157,-1,-1,-1
250,40,493.58,406.88,120.33,380.03,0.7876,-1,-1,-1
250,45,937.74,371.99,71.90,379.91,0.5598,-1,-1,-1
251,2,774.82,326.93,195.05,586.45,0.8484,-1,-1,-1
251,6,1103.49,338.53,216.61,592.40,0.8795,-1,-1,-1
251,9,-2.46,338.88,174.08,731.07,0.8394,-1,-1,-1
251,21,1809.02,428.89,70.93,88.01,0.3562,-1,-1,-1
251,33,73.51,216.81,372.91,856.96,0.8853,-1,-1,-1
251,38,625.66,398.52,133.75,376.05,0.8166,-1,-1,-1
251,40,486.63,412.78,127.10,380.88,0.8384,-1,-1,-1
251,45,939.42,371.15,67.58,383.91,0.4813,-1,-1,-1
252,2,774.47,329.31,190.23,591.82,0.8512,-1,-1,-1
252,6,1104.27,341.50,216.42,591.67,0.8808,-1,-1,-1
252,9,-1.58,338.36,156.75,732.89,0.8276,-1,-1,-1
252,21,1806.74,430.39,78.23,88.06,0.3158,-1,-1,-1
252,33,68.39,210.95,364.24,863.21,0.8886,-1,-1,-1
252,38,610.66,399.87,146.26,379.97,0.8205,-1,-1,-1
252,40,478.26,414.50,132.47,382.58,0.8333,-1,-1,-1
252,45,937.13,361.57,75.96,395.88,0.4311,-1,-1,-1
253,2,773.98,330.18,190.94,597.55,0.8523,-1,-1,-1
253,6,1109.80,340.72,214.11,595.53,0.8716,-1,-1,-1
253,9,-0.26,335.55,138.42,738.94,0.8348,-1,-1,-1
253,21,1813.66,427.26,71.71,88.82,0.3173,-1,-1,-1
253,33,69.86,201.95,349.54,865.51,0.9057,-1,-1,-1
253,38,602.16,397.22,153.23,378.51,0.8347,-1,-1,-1
253,40,473.14,412.79,136.10,389.91,0.8361,-1,-1,-1
253,45,933.05,369.90,79.68,387.08,0.4849,-1,-1,-1
254,2,775.03,334.42,194.31,595.71,0.8485,-1,-1,-1
254,6,1112.64,339.60,211.18,591.92,0.8703,-1,-1,-1
254,9,0.88,336.80,123.68,735.88,0.8302,-1,-1,-1
254,21,1817.73,424.36,71.43,83.02,0.3260,-1,-1,-1
254,33,51.11,197.08,352.64,871.92,0.9119,-1,-1,-1
254,38,603.33,399.02,152.99,380.33,0.8475,-1,-1,-1
254,40,470.71,416.64,134.04,395.73,0.8382,-1,-1,-1
254,45,943.43,389.55,111.42,375.17,0.6339,-1,-1,-1
255,2,777.52,339.38,200.09,593.03,0.8591,-1,-1,-1
255,6,1116.11,338.00,213.84,589.87,0.8780,-1,-1,-1
255,9,2.99,333.41,105.78,740.83,0.7595,-1,-1,-1
255,21,1822.13,423.90,74.43,89.99,0.4643,-1,-1,-1
255,33,32.06,188.08,364.46,884.13,0.9113,-1,-1,-1
255,38,601.16,399.54,156.25,384.13,0.8397,-1,-1,-1
255,40,469.48,416.35,133.87,400.32,0.8348,-1,-1,-1
255,45,945.67,396.56,120.14,370.20,0.6908,-1,-1,-1
256,2,786.30,346.95,192.20,588.21,0.8654,-1,-1,-1
256,6,1121.25,341.56,215.85,583.22,0.8771,-1,-1,-1
256,9,3.31,334.20,93.15,737.78,0.7023,-1,-1,-1
256,21,1822.67,424.73,84.35,92.56,0.5408,-1,-1,-1
256,33,14.54,178.22,375.28,896.72,0.9073,-1,-1,-1
256,38,596.86,402.09,163.13,388.37,0.8377,-1,-1,-1
256,40,466.60,415.63,139.78,407.32,0.8295,-1,-1,-1
256,45,949.11,396.56,127.27,372.47,0.6646,-1,-1,-1
257,2,791.20,352.26,193.97,581.97,0.8738,-1,-1,-1
257,6,1128.38,341.86,213.32,578.76,0.8827,-1,-1,-1
257,9,3.00,415.11,83.03,651.29,0.5348,-1,-1,-1
257,21,1832.28,425.89,76.81,92.87,0.3610,-1,-1,-1
257,33,7.18,180.22,372.73,887.67,0.9080,-1,-1,-1
257,38,595.87,400.86,162.20,397.42,0.8299,-1,-1,-1
257,40,464.85,415.67,140.41,411.85,0.8237,-1,-1,-1
257,45,954.20,420.36,128.90,352.02,0.5346,-1,-1,-1
258,2,797.62,349.95,190.25,584.64,0.8659,-1,-1,-1
258,6,1134.62,340.48,211.10,580.94,0.8779,-1,-1,-1
258,21,1826.67,421.20,87.24,95.90,0.4481,-1,-1,-1
258,33,1.15,174.08,373.41,893.59,0.9188,-1,-1,-1
258,38,593.48,400.79,164.17,405.81,0.8384,-1,-1,-1
258,40,464.13,412.74,137.17,414.37,0.8268,-1,-1,-1
258,45,960.64,439.53,126.88,331.71,0.5035,-1,-1,-1
259,2,800.38,350.39,191.07,587.30,0.8702,-1,-1,-1
259,6,1139.11,340.51,208.81,581.30,0.8936,-1,-1,-1
259,21,1849.22,421.42,69.42,94.20,0.4239,-1,-1,-1
259,33,-0.69,168.53,371.61,899.48,0.9223,-1,-1,-1
259,38,586.66,405.01,170.73,401.62,0.8511,-1,-1,-1
259,40,458.60,409.60,137.13,413.95,0.8326,-1,-1,-1
259,45,963.44,427.38,125.20,343.78,0.5845,-1,-1,-1
260,2,804.81,347.44,192.14,588.71,0.8502,-1,-1,-1
260,6,1145.65,339.91,205.34,588.36,0.8958,-1,-1,-1
260,21,1852.39,423.42,67.08,93.60,0.3695,-1,-1,-1
260,33,-0.58,159.14,366.40,910.66,0.9303,-1,-1,-1
260,38,583.49,409.77,174.37,401.13,0.8414,-1,-1,-1
260,40,452.21,407.29,142.70,421.36,0.8239,-1,-1,-1
260,45,979.71,431.48,114.01,337.40,0.5952,-1,-1,-1
261,2,817.54,343.28,183.13,574.27,0.8507,-1,-1,-1
261,6,1148.27,340.27,204.23,589.56,0.9040,-1,-1,-1
261,21,1853.43,424.22,65.91,94.44,0.3948,-1,-1,-1
261,33,-0.41,150.32,359.03,921.78,0.9334,-1,-1,-1
261,38,585.98,411.03,169.14,405.64,0.8246,-1,-1,-1
261,40,449.44,403.81,143.95,424.89,0.8192,-1,-1,-1
261,45,976.47,430.94,119.64,341.33,0.6731,-1,-1,-1
261,48,784.40,454.52,56.57,205.35,0.5749,-1,-1,-1
262,2,822.37,341.32,181.00,567.93,0.8614,-1,-1,-1
262,6,1151.59,339.47,203.69,591.31,0.9056,-1,-1,-1
262,21,1860.88,423.11,58.46,95.13,0.4682,-1,-1,-1
262,33,-0.22,142.52,348.72,930.43,0.9328,-1,-1,-1
262,38,592.71,411.05,157.06,409.11,0.7842,-1,-1,-1
262,40,445.28,403.62,143.63,433.17,0.8476,-1,-1,-1
262,45,977.14,428.76,123.22,343.97,0.6616,-1,-1,-1
262,48,783.93,455.25,58.48,207.90,0.5735,-1,-1,-1
263,2,826.85,340.97,175.43,564.94,0.8498,-1,-1,-1
263,6,1156.18,336.90,202.53,594.58,0.9056,-1,-1,-1
263,21,1864.09,423.31,55.40,94.07,0.3664,-1,-1,-1
263,33,-0.03,129.04,336.37,943.02,0.9311,-1,-1,-1
263,38,589.48,407.64,153.38,419.55,0.7176,-1,-1,-1
263,40,439.50,400.40,144.01,440.71,0.8473,-1,-1,-1
263,45,984.54,426.29,121.42,346.25,0.6632,-1,-1,-1
263,48,784.33,451.29,60.84,212.22,0.5929,-1,-1,-1
264,2,825.76,339.76,176.63,564.21,0.8389,-1,-1,-1
264,6,1158.28,335.68,203.05,595.98,0.8981,-1,-1,-1
264,21,1865.06,419.94,46.07,93.72,0.3383,-1,-1,-1
264,33,0.28,122.67,322.43,947.03,0.9193,-1,-1,-1
264,38,585.58,403.26,152.40,425.86,0.7754,-1,-1,-1
264,40,425.10,394.53,158.49,456.45,0.8482,-1,-1,-1
264,45,983.84,420.70,131.60,352.85,0.6286,-1,-1,-1
264,48,787.16,448.53,58.77,216.69,0.6359,-1,-1,-1
265,2,829.90,329.09,169.54,569.59,0.8412,-1,-1,-1
265,6,1159.27,333.81,203.62,598.42,0.8976,-1,-1,-1
265,21,1868.87,420.13,50.41,94.89,0.3794,-1,-1,-1
265,33,0.84,114.06,303.70,953.44,0.8963,-1,-1,-1
265,38,583.41,395.91,146.45,423.55,0.7812,-1,-1,-1
265,40,413.37,394.86,164.76,455.48,0.8464,-1,-1,-1
265,45,997.29,413.24,125.29,357.22,0.7844,-1,-1,-1
265,48,786.65,445.00,62.00,228.87,0.6921,-1,-1,-1
266,2,832.44,323.73,168.78,578.12,0.8497,-1,-1,-1
266,6,1160.51,331.41,203.23,601.73,0.8978,-1,-1,-1
266,21,1877.45,419.49,41.98,95.34,0.4603,-1,-1,-1
266,33,2.39,119.49,280.06,940.86,0.8295,-1,-1,-1
266,38,574.26,389.18,151.92,427.89,0.7627,-1,-1,-1
266,40,405.57,397.48,159.49,454.87,0.8254,-1,-1,-1
266,45,997.25,408.20,139.65,359.69,0.7645,-1,-1,-1
266,48,785.78,443.64,65.58,229.75,0.7491,-1,-1,-1
267,2,837.02,323.38,164.95,579.21,0.8438,-1,-1,-1
267,6,1162.65,330.34,203.21,603.45,0.8954,-1,-1,-1
267,21,1882.29,418.55,37.18,94.91,0.4990,-1,-1,-1
267,33,3.19,235.08,251.80,817.64,0.8200,-1,-1,-1
267,38,544.99,379.01,179.05,445.96,0.8280,-1,-1,-1
267,40,404.23,389.80,152.74,465.63,0.8342,-1,-1,-1
267,45,1008.00,405.49,131.52,359.48,0.7736,-1,-1,-1
267,48,786.30,442.65,67.96,234.88,0.7602,-1,-1,-1
267,49,722.04,467.33,41.21,141.53,0.3074,-1,-1,-1
268,2,843.58,324.24,155.98,580.33,0.8447,-1,-1,-1
268,6,1163.02,327.67,203.43,604.71,0.8972,-1,-1,-1
268,21,1883.75,416.19,35.62,95.71,0.4883,-1,-1,-1
268,33,4.63,239.67,209.24,751.60,0.8357,-1,-1,-1
268,38,552.22,373.82,168.23,452.99,0.8387,-1,-1,-1
268,40,401.93,389.76,153.22,469.33,0.8424,-1,-1,-1
268,45,1011.23,403.65,130.09,362.83,0.8020,-1,-1,-1
268,48,785.25,441.24,71.72,236.22,0.7922,-1,-1,-1
268,49,721.27,466.95,40.85,140.54,0.3101,-1,-1,-1
269,2,847.33,325.07,151.05,579.61,0.8459,-1,-1,-1
269,6,1162.43,324.39,204.46,612.51,0.8879,-1,-1,-1
269,21,1885.16,412.71,34.13,98.90,0.4548,-1,-1,-1
269,33,2.39,223.03,182.13,819.66,0.8226,-1,-1,-1
269,38,548.27,362.27,167.06,464.23,0.8324,-1,-1,-1
269,40,393.88,379.31,156.24,482.88,0.8692,-1,-1,-1
269,45,1002.72,400.79,142.67,371.46,0.7270,-1,-1,-1
269,48,784.56,438.35,70.94,235.07,0.7774,-1,-1,-1
270,2,831.07,319.67,168.25,582.90,0.8153,-1,-1,-1
270,6,1161.17,317.45,203.60,615.57,0.8820,-1,-1,-1
270,21,1888.04,410.09,31.29,100.65,0.3745,-1,-1,-1
270,33,-1.88,231.24,162.22,549.02,0.5937,-1,-1,-1
270,38,543.11,350.49,171.79,473.94,0.8409,-1,-1,-1
270,40,384.40,369.57,164.31,489.86,0.8760,-1,-1,-1
270,45,1002.61,396.51,147.18,373.41,0.6428,-1,-1,-1
270,48,782.73,434.13,71.23,232.22,0.7537,-1,-1,-1
271,2,832.28,320.65,164.65,578.88,0.7983,-1,-1,-1
271,6,1160.82,316.03,202.61,610.89,0.8906,-1,-1,-1
271,21,1891.24,404.80,28.08,103.94,0.3268,-1,-1,-1
271,33,2.09,221.01,125.79,575.44,0.3991,-1,-1,-1
271,38,536.16,347.81,175.59,474.54,0.8422,-1,-1,-1
271,40,374.33,364.18,170.92,495.04,0.8749,-1,-1,-1
271,45,1010.43,396.29,137.99,374.04,0.7599,-1,-1,-1
271,48,780.66,430.12,71.61,231.74,0.7619,-1,-1,-1
272,2,839.62,318.26,148.18,576.25,0.8418,-1,-1,-1
272,6,1159.12,309.22,200.38,610.08,0.8949,-1,-1,-1
272,21,1887.20,403.36,32.14,102.05,0.3497,-1,-1,-1
272,33,-0.32,239.13,98.90,567.87,0.3162,-1,-1,-1
272,38,530.20,344.64,174.75,477.23,0.8574,-1,-1,-1
272,40,356.05,351.01,171.27,508.03,0.8721,-1,-1,-1
272,45,1009.77,393.74,137.96,372.42,0.7888,-1,-1,-1
272,48,776.07,425.28,71.86,227.80,0.7917,-1,-1,-1
272,49,710.54,458.64,40.93,134.31,0.3521,-1,-1,-1
273,2,830.38,317.33,154.49,570.94,0.8372,-1,-1,-1
273,6,1154.69,304.80,201.08,609.04,0.8988,-1,-1,-1
273,21,1881.88,396.98,37.36,103.90,0.4526,-1,-1,-1
273,38,524.34,339.97,171.74,478.38,0.8676,-1,-1,-1
273,40,341.32,343.12,169.77,512.75,0.8806,-1,-1,-1
273,45,1007.48,391.60,138.22,374.74,0.7886,-1,-1,-1
273,48,768.08,418.86,74.42,227.82,0.7439,-1,-1,-1
273,49,703.20,449.28,44.45,138.76,0.3989,-1,-1,-1
273,51,961.44,359.76,66.63,397.60,0.3727,-1,-1,-1
274,2,825.59,306.48,155.22,577.69,0.8516,-1,-1,-1
274,6,1149.84,301.44,204.15,604.13,0.8962,-1,-1,-1
274,21,1879.95,390.12,39.29,108.04,0.4729,-1,-1,-1
274,38,518.42,334.77,181.67,489.74,0.8622,-1,-1,-1
274,40,330.98,333.42,166.26,517.73,0.8700,-1,-1,-1
274,45,998.07,387.27,146.44,378.27,0.7956,-1,-1,-1
274,48,765.76,413.19,71.14,241.48,0.7058,-1,-1,-1
274,49,699.87,444.08,42.02,139.19,0.4363,-1,-1,-1
275,2,812.01,300.99,169.06,575.41,0.8568,-1,-1,-1
275,6,1138.78,293.95,212.66,599.35,0.8891,-1,-1,-1
275,21,1872.26,393.50,47.33,102.98,0.4513,-1,-1,-1
275,38,506.82,325.90,187.36,496.91,0.8633,-1,-1,-1
275,40,316.13,321.51,177.45,524.80,0.8608,-1,-1,-1
275,45,987.42,380.40,154.48,382.23,0.8150,-1,-1,-1
275,48,758.43,403.45,71.23,250.69,0.6670,-1,-1,-1
275,52,2.93,660.46,193.20,419.08,0.5319,-1,-1,-1
276,2,804.44,288.21,165.23,582.65,0.8376,-1,-1,-1
276,6,1135.50,288.65,213.88,594.49,0.8892,-1,-1,-1
276,21,1871.13,391.13,48.24,101.14,0.3667,-1,-1,-1
276,38,498.35,317.99,187.78,507.36,0.8690,-1,-1,-1
276,40,299.31,316.72,183.08,531.56,0.8738,-1,-1,-1
276,45,981.96,372.84,154.78,387.82,0.8268,-1,-1,-1
276,48,752.36,398.45,69.09,252.86,0.6718,-1,-1,-1
276,51,941.42,325.29,61.47,414.71,0.4663,-1,-1,-1
277,2,796.96,282.27,165.07,567.16,0.8437,-1,-1,-1
277,6,1130.21,280.52,216.14,595.29,0.8845,-1,-1,-1
277,21,1869.22,385.18,50.33,98.54,0.3428,-1,-1,-1
277,38,488.77,304.63,188.14,508.62,0.8566,-1,-1,-1
277,40,288.68,302.67,176.40,548.70,0.8822,-1,-1,-1
277,45,993.59,366.34,139.42,394.69,0.7620,-1,-1,-1
277,48,743.76,391.86,68.36,248.40,0.6602,-1,-1,-1
277,51,939.85,326.10,66.80,412.74,0.4947,-1,-1,-1
278,2,785.87,277.93,168.80,561.19,0.8565,-1,-1,-1
278,6,1124.81,274.83,215.04,596.59,0.8731,-1,-1,-1
278,21,1864.57,379.79,54.84,97.95,0.3423,-1,-1,-1
278,38,481.09,298.20,182.89,527.07,0.8625,-1,-1,-1
278,40,273.77,301.25,176.44,554.45,0.8597,-1,-1,-1
278,45,977.56,354.44,153.63,399.96,0.7672,-1,-1,-1
278,48,740.61,387.45,63.74,239.13,0.6231,-1,-1,-1
278,49,672.93,420.60,44.11,134.64,0.3245,-1,-1,-1
278,51,936.84,343.03,90.58,385.27,0.4707,-1,-1,-1
279,2,775.53,268.76,176.74,563.61,0.8402,-1,-1,-1
279,6,1121.76,266.30,217.53,597.49,0.8720,-1,-1,-1
279,21,1862.56,374.87,56.77,98.27,0.4471,-1,-1,-1
279,38,473.18,294.57,183.70,531.18,0.8795,-1,-1,-1
279,40,257.53,293.77,188.13,569.28,0.8748,-1,-1,-1
279,45,976.45,345.23,153.62,402.81,0.7963,-1,-1,-1
279,48,733.05,376.48,66.37,242.12,0.6374,-1,-1,-1
279,51,926.32,306.78,72.56,406.08,0.6059,-1,-1,-1
280,2,773.68,259.90,172.94,562.30,0.8442,-1,-1,-1
280,6,1117.74,256.64,220.14,602.16,0.8696,-1,-1,-1
280,21,1862.68,370.37,56.81,96.40,0.4226,-1,-1,-1
280,38,469.59,281.36,183.30,545.36,0.8746,-1,-1,-1
280,40,246.18,278.08,188.20,581.91,0.8669,-1,-1,-1
280,45,981.43,334.35,148.27,407.62,0.7760,-1,-1,-1
280,48,730.17,370.69,65.84,246.73,0.6923,-1,-1,-1
280,51,925.85,299.09,75.52,409.11,0.4325,-1,-1,-1
281,2,776.50,250.64,173.14,555.76,0.8473,-1,-1,-1
281,6,1120.48,250.40,217.93,600.82,0.8828,-1,-1,-1
281,21,1866.27,363.18,53.14,96.02,0.4036,-1,-1,-1
281,38,463.98,271.34,187.90,554.39,0.8881,-1,-1,-1
281,40,234.07,270.74,200.03,590.49,0.8721,-1,-1,-1
281,45,983.10,319.57,148.00,419.85,0.7970,-1,-1,-1
281,48,729.02,366.01,61.55,235.99,0.6351,-1,-1,-1
281,51,922.96,279.22,82.66,420.23,0.6057,-1,-1,-1
282,2,762.37,236.86,187.34,570.84,0.8555,-1,-1,-1
282,6,1117.05,239.74,219.88,606.42,0.8779,-1,-1,-1
282,21,1870.39,353.88,48.82,99.26,0.3748,-1,-1,-1
282,38,458.97,245.17,193.23,572.99,0.8818,-1,-1,-1
282,40,225.48,250.53,205.82,600.28,0.8828,-1,-1,-1
282,45,986.15,306.72,144.40,422.61,0.7747,-1,-1,-1
282,48,727.68,355.16,62.44,246.44,0.6158,-1,-1,-1
282,49,661.94,385.18,40.89,149.95,0.3102,-1,-1,-1
282,51,919.62,270.06,78.00,413.94,0.4657,-1,-1,-1
283,2,762.15,230.54,188.31,569.36,0.8245,-1,-1,-1
283,6,1118.95,228.42,221.78,608.42,0.8831,-1,-1,-1
283,21,1870.53,344.53,48.74,101.94,0.4122,-1,-1,-1
283,38,452.54,228.70,199.15,576.66,0.8750,-1,-1,-1
283,40,211.92,237.93,214.69,610.74,0.8723,-1,-1,-1
283,45,984.49,298.28,147.99,429.51,0.7853,-1,-1,-1
283,48,726.12,345.73,62.43,252.12,0.6340,-1,-1,-1
283,49,662.99,377.29,38.12,142.88,0.3452,-1,-1,-1
283,51,919.92,261.93,73.93,414.66,0.5167,-1,-1,-1
284,2,764.31,222.96,188.71,569.13,0.8240,-1,-1,-1
284,6,1120.95,220.45,222.91,616.07,0.8842,-1,-1,-1
284,38,442.36,220.65,210.52,573.34,0.8763,-1,-1,-1
284,40,204.43,225.72,216.86,630.06,0.8726,-1,-1,-1
284,45,976.73,288.65,161.97,435.80,0.7919,-1,-1,-1
284,48,724.65,341.48,64.57,245.19,0.6227,-1,-1,-1
284,51,918.96,254.32,73.53,418.64,0.5821,-1,-1,-1
285,2,767.98,215.28,184.70,573.85,0.8502,-1,-1,-1
285,6,1122.33,212.78,225.33,619.92,0.8894,-1,-1,-1
285,21,1878.27,318.25,40.91,111.75,0.3140,-1,-1,-1
285,38,435.52,207.40,218.65,590.90,0.8819,-1,-1,-1
285,40,194.12,212.87,222.98,635.63,0.8813,-1,-1,-1
285,45,980.73,282.39,162.06,439.61,0.7200,-1,-1,-1
285,48,725.76,332.99,65.47,251.09,0.6385,-1,-1,-1
285,49,664.73,364.27,37.97,139.64,0.4339,-1,-1,-1
285,51,922.15,247.31,71.63,420.73,0.3604,-1,-1,-1
286,2,772.64,210.49,182.04,573.75,0.8569,-1,-1,-1
286,6,1124.96,206.36,225.24,623.84,0.8912,-1,-1,-1
286,38,434.87,191.21,219.43,596.80,0.8973,-1,-1,-1
286,40,180.92,200.21,226.20,645.63,0.8713,-1,-1,-1
286,45,972.71,273.18,179.07,456.58,0.7824,-1,-1,-1
286,48,724.58,323.49,69.39,254.02,0.6690,-1,-1,-1
286,49,666.44,361.03,37.51,144.22,0.4432,-1,-1,-1
286,51,920.95,236.78,74.92,425.29,0.4858,-1,-1,-1
287,2,779.54,203.62,175.36,574.01,0.8645,-1,-1,-1
287,6,1125.12,201.85,233.41,619.31,0.8860,-1,-1,-1
287,38,432.62,178.16,221.80,607.24,0.9020,-1,-1,-1
287,40,172.96,186.59,227.91,653.89,0.8782,-1,-1,-1
287,45,973.77,261.49,185.66,458.85,0.7522,-1,-1,-1
287,48,726.13,313.00,72.90,260.60,0.7310,-1,-1,-1
287,49,671.19,349.41,34.48,148.55,0.3275,-1,-1,-1
287,51,922.34,231.85,80.09,422.22,0.5895,-1,-1,-1
288,2,778.62,200.36,180.78,569.56,0.8553,-1,-1,-1
288,6,1140.99,191.99,226.42,624.58,0.8755,-1,-1,-1
288,38,430.92,166.47,222.97,619.66,0.8978,-1,-1,-1
288,40,168.11,177.62,226.56,660.30,0.8819,-1,-1,-1
288,45,986.93,258.03,181.02,462.56,0.6565,-1,-1,-1
288,48,730.99,304.37,70.24,260.93,0.7738,-1,-1,-1
288,49,672.62,340.27,40.34,151.80,0.4636,-1,-1,-1
288,51,919.80,226.71,83.71,414.30,0.4549,-1,-1,-1
289,2,782.26,189.92,187.01,568.93,0.8407,-1,-1,-1
289,6,1147.70,184.62,229.76,627.47,0.8709,-1,-1,-1
289,38,419.60,161.71,236.91,635.73,0.9002,-1,-1,-1
289,40,153.70,161.71,233.82,674.83,0.8979,-1,-1,-1
289,45,1006.76,255.10,165.09,467.10,0.6330,-1,-1,-1
289,48,731.90,298.23,73.89,268.76,0.7492,-1,-1,-1
289,49,678.75,333.87,39.58,152.62,0.3445,-1,-1,-1
289,51,928.44,224.23,74.54,402.74,0.5344,-1,-1,-1
290,2,789.33,189.14,191.13,570.20,0.8398,-1,-1,-1
290,6,1160.57,183.23,222.31,623.32,0.8728,-1,-1,-1
290,38,414.87,154.45,243.02,654.47,0.9080,-1,-1,-1
290,40,148.78,148.81,231.56,687.27,0.9037,-1,-1,-1
290,45,1025.49,246.21,155.04,480.91,0.7886,-1,-1,-1
290,48,734.86,295.78,74.16,266.28,0.7407,-1,-1,-1
290,49,685.00,332.70,40.89,153.47,0.4234,-1,-1,-1
290,51,939.65,225.78,98.01,407.59,0.4262,-1,-1,-1
291,2,798.47,184.88,182.58,565.41,0.8223,-1,-1,-1
291,6,1175.00,179.50,214.39,621.24,0.8647,-1,-1,-1
291,38,408.64,151.77,251.44,659.33,0.9072,-1,-1,-1
291,40,136.51,140.75,239.45,696.22,0.9061,-1,-1,-1
291,45,1029.60,239.02,160.65,490.75,0.7919,-1,-1,-1
291,48,738.60,288.42,76.77,268.43,0.7280,-1,-1,-1
291,51,944.33,216.15,90.46,411.34,0.3618,-1,-1,-1
292,2,797.86,181.17,188.91,559.38,0.8275,-1,-1,-1
292,6,1183.12,172.50,216.34,616.36,0.8790,-1,-1,-1
292,38,404.68,150.89,257.39,671.99,0.9081,-1,-1,-1
292,40,129.76,135.36,234.09,711.41,0.9045,-1,-1,-1
292,45,1032.95,232.84,167.18,490.75,0.8051,-1,-1,-1
292,48,740.12,282.84,81.25,272.41,0.7387,-1,-1,-1
292,51,948.40,207.79,83.94,415.17,0.3778,-1,-1,-1
293,2,810.27,175.42,182.22,552.73,0.8413,-1,-1,-1
293,6,1192.10,170.62,213.46,608.43,0.8885,-1,-1,-1
293,38,399.57,146.65,259.25,689.76,0.9056,-1,-1,-1
293,40,109.76,134.60,247.81,735.95,0.8796,-1,-1,-1
293,45,1036.80,230.27,179.61,495.78,0.8317,-1,-1,-1
293,48,744.79,278.47,84.01,274.03,0.7462,-1,-1,-1
293,51,961.44,201.19,92.34,415.13,0.6720,-1,-1,-1
294,2,820.15,172.77,177.29,553.04,0.8254,-1,-1,-1
294,6,1209.39,170.48,207.20,610.90,0.8750,-1,-1,-1
294,38,397.60,145.32,259.87,702.00,0.9051,-1,-1,-1
294,40,77.73,134.35,275.05,757.19,0.8919,-1,-1,-1
294,45,1045.70,226.58,180.23,499.47,0.8480,-1,-1,-1
294,48,750.66,279.15,88.02,273.55,0.7554,-1,-1,-1
294,51,965.01,200.47,97.92,430.65,0.7163,-1,-1,-1
295,2,828.38,182.50,179.16,549.99,0.8325,-1,-1,-1
295,6,1225.02,171.63,199.15,614.56,0.8756,-1,-1,-1
295,38,393.51,142.11,264.71,732.66,0.9053,-1,-1,-1
295,40,53.83,131.28,292.44,770.05,0.8917,-1,-1,-1
295,45,1052.90,220.51,184.16,512.77,0.8542,-1,-1,-1
295,48,757.34,279.01,89.26,276.98,0.7888,-1,-1,-1
295,51,971.79,201.71,87.35,431.74,0.6422,-1,-1,-1
296,2,838.81,176.24,172.10,555.84,0.8425,-1,-1,-1
296,6,1236.27,173.12,195.71,617.68,0.8677,-1,-1,-1
296,38,387.87,136.48,273.22,748.82,0.9053,-1,-1,-1
296,40,33.06,131.89,304.31,780.71,0.8953,-1,-1,-1
296,45,1061.57,209.68,183.45,536.21,0.8659,-1,-1,-1
296,48,759.99,277.21,92.86,279.13,0.7958,-1,-1,-1
296,51,973.41,200.46,96.97,429.32,0.6068,-1,-1,-1
297,2,851.63,177.96,160.86,556.71,0.8252,-1,-1,-1
297,6,1250.73,172.24,192.06,627.09,0.8732,-1,-1,-1
297,38,379.64,129.88,278.01,760.03,0.9120,-1,-1,-1
297,40,28.07,127.50,302.78,802.23,0.8992,-1,-1,-1
297,45,1070.65,207.26,194.08,539.99,0.8557,-1,-1,-1
297,48,768.58,276.46,88.81,278.28,0.7940,-1,-1,-1
297,51,979.03,207.68,115.11,412.39,0.6991,-1,-1,-1
298,2,856.98,180.11,163.85,556.56,0.8207,-1,-1,-1
298,6,1261.65,171.81,188.36,631.54,0.8681,-1,-1,-1
298,38,374.18,117.75,281.27,778.10,0.9057,-1,-1,-1
298,40,27.22,124.34,297.28,817.72,0.9006,-1,-1,-1
298,45,1077.37,204.36,196.08,547.02,0.8600,-1,-1,-1
298,48,773.33,278.75,89.13,273.48,0.8058,-1,-1,-1
298,51,986.07,215.04,102.75,417.92,0.6981,-1,-1,-1
299,2,866.52,181.41,155.97,555.71,0.8375,-1,-1,-1
299,6,1263.24,168.77,191.08,636.89,0.8652,-1,-1,-1
299,38,366.10,105.14,284.63,796.39,0.9076,-1,-1,-1
299,40,19.95,112.35,301.22,848.08,0.8969,-1,-1,-1
299,45,1077.26,204.44,208.32,552.57,0.8726,-1,-1,-1
299,48,778.40,277.75,91.17,279.29,0.7901,-1,-1,-1
299,51,991.83,203.00,97.94,428.61,0.6974,-1,-1,-1
300,2,867.55,184.51,156.47,559.30,0.8303,-1,-1,-1
300,6,1256.40,168.65,205.03,640.90,0.8556,-1,-1,-1
300,38,351.50,95.02,298.68,811.92,0.9086,-1,-1,-1
300,40,8.67,105.54,309.28,876.64,0.8934,-1,-1,-1
300,45,1084.86,201.74,214.41,570.74,0.8651,-1,-1,-1
300,48,781.48,277.04,94.66,279.44,0.7573,-1,-1,-1
300,51,998.43,201.63,96.12,426.40,0.7376,-1,-1,-1
