1,1,371.74,408.30,79.69,239.71,0.7909,-1,-1,-1
1,2,104.37,546.39,73.25,245.35,0.7260,-1,-1,-1
1,3,1095.29,980.85,73.73,99.15,0.6920,-1,-1,-1
1,4,1732.44,452.89,73.78,221.06,0.6220,-1,-1,-1
1,5,1355.87,569.75,82.08,221.03,0.5500,-1,-1,-1
1,6,0.22,880.53,41.50,199.47,0.5315,-1,-1,-1
1,7,1103.64,210.05,56.21,179.71,0.5269,-1,-1,-1
1,8,546.15,146.37,57.89,183.43,0.5198,-1,-1,-1
1,9,225.79,399.57,64.29,198.91,0.5118,-1,-1,-1
2,1,372.39,408.15,79.73,239.81,0.7973,-1,-1,-1
2,2,104.13,546.53,73.32,245.60,0.7255,-1,-1,-1
2,3,1099.40,981.16,73.46,98.84,0.6895,-1,-1,-1
2,4,1732.18,454.79,72.19,216.11,0.6073,-1,-1,-1
2,5,1356.33,570.09,80.91,217.82,0.5680,-1,-1,-1
2,6,-0.67,878.31,41.82,201.22,0.3839,-1,-1,-1
2,7,1099.93,211.60,55.88,178.50,0.4729,-1,-1,-1
2,8,545.44,146.79,58.05,183.99,0.5070,-1,-1,-1
2,9,225.58,398.31,64.43,199.29,0.4910,-1,-1,-1
3,1,372.74,407.86,80.11,241.07,0.7819,-1,-1,-1
3,2,104.43,546.18,73.61,246.61,0.7315,-1,-1,-1
3,3,1103.64,980.94,73.58,99.06,0.6963,-1,-1,-1
3,4,1731.40,453.32,73.20,219.11,0.6000,-1,-1,-1
3,5,1356.70,570.04,80.56,216.83,0.5666,-1,-1,-1
3,6,-0.84,877.57,41.83,201.54,0.3544,-1,-1,-1
3,7,1096.08,213.37,55.74,177.42,0.5645,-1,-1,-1
3,8,545.06,147.39,57.97,183.68,0.4875,-1,-1,-1
3,9,224.47,396.91,65.26,201.66,0.4723,-1,-1,-1
4,1,372.68,407.36,80.13,241.15,0.7959,-1,-1,-1
4,2,104.00,545.82,73.75,247.16,0.7230,-1,-1,-1
4,3,1106.71,979.25,74.72,100.75,0.6950,-1,-1,-1
4,4,1730.38,452.71,72.67,217.34,0.6199,-1,-1,-1
4,5,1357.10,570.20,80.71,217.03,0.5754,-1,-1,-1
4,6,0.52,876.33,42.19,203.02,0.5373,-1,-1,-1
4,7,1091.38,211.66,56.70,179.61,0.5528,-1,-1,-1
4,8,545.31,145.75,57.90,183.72,0.4674,-1,-1,-1
4,9,223.69,396.71,65.67,202.41,0.4799,-1,-1,-1
5,1,373.77,406.86,80.12,241.28,0.7978,-1,-1,-1
5,2,103.66,545.84,73.69,247.13,0.7243,-1,-1,-1
5,3,1110.10,976.61,76.46,103.39,0.6964,-1,-1,-1
5,4,1729.30,452.22,73.02,218.24,0.6542,-1,-1,-1
5,5,1357.21,570.13,79.88,214.46,0.6076,-1,-1,-1
5,6,1.40,874.50,42.64,204.62,0.5592,-1,-1,-1
5,7,1084.41,210.75,57.50,178.90,0.5394,-1,-1,-1
5,8,544.81,145.14,58.50,185.98,0.5050,-1,-1,-1
5,9,224.02,396.75,65.53,200.97,0.3747,-1,-1,-1
6,1,374.67,406.10,79.80,240.36,0.7852,-1,-1,-1
6,2,103.83,546.01,73.56,246.87,0.7309,-1,-1,-1
6,3,1112.58,975.72,76.90,104.28,0.6912,-1,-1,-1
6,4,1728.30,454.13,72.56,216.39,0.6514,-1,-1,-1
6,5,1357.69,570.14,79.59,213.41,0.6186,-1,-1,-1
6,6,1.74,872.27,43.29,207.03,0.6048,-1,-1,-1
6,7,1078.21,209.43,59.33,179.53,0.5797,-1,-1,-1
6,8,544.01,147.13,58.43,186.27,0.5159,-1,-1,-1
6,9,223.25,393.53,66.74,203.28,0.3017,-1,-1,-1
7,1,375.84,404.97,79.76,240.11,0.7800,-1,-1,-1
7,2,103.81,545.98,73.33,246.20,0.7311,-1,-1,-1
7,3,1113.84,974.15,77.63,105.85,0.7056,-1,-1,-1
7,4,1727.88,454.34,71.76,213.41,0.6315,-1,-1,-1
7,5,1357.70,570.31,79.50,212.73,0.6334,-1,-1,-1
7,6,2.02,870.95,43.79,208.44,0.5963,-1,-1,-1
7,7,1072.69,208.32,62.04,180.84,0.5515,-1,-1,-1
7,8,542.60,148.29,58.37,186.92,0.5409,-1,-1,-1
7,11,788.55,145.40,65.04,177.99,0.5154,-1,-1,-1
8,1,376.87,402.77,79.51,239.21,0.7696,-1,-1,-1
8,2,104.36,546.08,73.40,246.54,0.7358,-1,-1,-1
8,3,1115.71,973.28,77.76,106.72,0.7071,-1,-1,-1
8,4,1726.84,454.70,70.90,209.76,0.6454,-1,-1,-1
8,5,1357.38,570.05,80.02,213.92,0.6125,-1,-1,-1
8,6,1.86,871.06,43.83,207.75,0.5826,-1,-1,-1
8,7,1070.50,210.55,63.78,178.36,0.5409,-1,-1,-1
8,8,541.99,147.22,58.47,188.47,0.5501,-1,-1,-1
8,11,788.51,145.89,64.70,177.00,0.5034,-1,-1,-1
9,1,377.90,401.80,79.19,237.70,0.7678,-1,-1,-1
9,2,104.64,546.07,73.48,246.78,0.7443,-1,-1,-1
9,3,1119.45,973.24,77.10,106.76,0.6692,-1,-1,-1
9,4,1725.79,454.50,71.22,209.86,0.6349,-1,-1,-1
9,5,1357.29,570.35,80.10,213.96,0.6143,-1,-1,-1
9,6,1.60,869.73,44.31,209.24,0.5596,-1,-1,-1
9,7,1068.14,210.65,65.94,176.10,0.5086,-1,-1,-1
9,8,541.54,147.69,58.29,189.48,0.4971,-1,-1,-1
9,11,788.52,145.81,64.30,175.81,0.4782,-1,-1,-1
10,1,378.59,400.48,78.97,236.45,0.7579,-1,-1,-1
10,2,104.97,545.92,73.51,246.72,0.7400,-1,-1,-1
10,3,1122.96,973.00,76.54,107.00,0.6880,-1,-1,-1
10,4,1725.50,454.67,71.37,209.62,0.6104,-1,-1,-1
10,5,1357.01,569.69,80.76,215.43,0.6147,-1,-1,-1
10,6,1.28,865.75,45.20,212.90,0.5661,-1,-1,-1
10,7,1065.26,211.34,68.17,173.64,0.4661,-1,-1,-1
10,8,540.50,148.49,58.39,191.47,0.4782,-1,-1,-1
10,11,788.33,145.83,64.66,176.77,0.4860,-1,-1,-1
11,1,379.67,398.44,78.52,234.48,0.7550,-1,-1,-1
11,2,104.87,546.10,73.57,246.77,0.7417,-1,-1,-1
11,3,1126.36,973.40,75.64,106.60,0.6688,-1,-1,-1
11,4,1725.67,458.08,70.69,206.49,0.6067,-1,-1,-1
11,5,1357.01,569.70,80.99,215.75,0.6406,-1,-1,-1
11,6,0.71,862.75,45.80,215.68,0.5584,-1,-1,-1
11,7,1060.70,210.19,70.92,174.03,0.4522,-1,-1,-1
11,8,539.46,148.70,58.31,192.77,0.4813,-1,-1,-1
11,11,788.33,145.73,64.83,177.15,0.4864,-1,-1,-1
12,1,379.90,396.87,78.58,233.88,0.7530,-1,-1,-1
12,2,104.89,546.12,73.76,247.04,0.7371,-1,-1,-1
12,3,1129.82,973.21,75.11,106.79,0.6720,-1,-1,-1
12,4,1725.54,459.32,70.69,205.36,0.6362,-1,-1,-1
12,5,1356.93,569.61,80.81,215.38,0.6329,-1,-1,-1
12,6,0.55,857.21,46.81,220.52,0.5764,-1,-1,-1
12,7,1056.77,208.23,73.46,175.77,0.3598,-1,-1,-1
12,8,539.37,149.19,57.76,192.23,0.5006,-1,-1,-1
12,11,788.21,145.83,65.00,177.58,0.4828,-1,-1,-1
13,1,380.28,395.42,78.42,232.42,0.7610,-1,-1,-1
13,2,104.97,545.97,74.09,247.67,0.7420,-1,-1,-1
13,3,1132.11,972.85,74.62,107.15,0.6339,-1,-1,-1
13,4,1725.32,458.50,71.27,206.50,0.6621,-1,-1,-1
13,5,1357.06,569.97,80.37,213.94,0.6359,-1,-1,-1
13,6,-0.23,852.19,47.62,225.14,0.5896,-1,-1,-1
13,8,538.72,149.56,57.61,192.26,0.5203,-1,-1,-1
13,11,788.33,146.25,64.97,177.48,0.5103,-1,-1,-1
14,1,380.74,394.61,78.33,231.36,0.7606,-1,-1,-1
14,2,104.86,545.92,74.41,248.27,0.7475,-1,-1,-1
14,3,1134.63,972.58,73.92,107.42,0.6305,-1,-1,-1
14,4,1725.08,459.44,71.64,206.35,0.6575,-1,-1,-1
14,5,1357.21,569.94,80.46,214.23,0.6135,-1,-1,-1
14,6,-0.37,849.36,48.14,228.18,0.6077,-1,-1,-1
14,8,537.80,150.66,57.36,191.86,0.5044,-1,-1,-1
14,11,788.28,146.20,64.93,177.51,0.5246,-1,-1,-1
15,1,381.20,393.54,78.56,231.33,0.7611,-1,-1,-1
15,2,104.96,545.98,74.49,248.16,0.7549,-1,-1,-1
15,3,1136.93,972.92,72.68,106.71,0.5995,-1,-1,-1
15,4,1724.70,456.46,72.85,209.66,0.6507,-1,-1,-1
15,5,1357.12,570.40,80.11,213.16,0.6056,-1,-1,-1
15,6,-0.30,848.45,48.40,229.86,0.5862,-1,-1,-1
15,8,536.69,151.73,57.20,191.77,0.5038,-1,-1,-1
15,11,788.41,146.79,64.51,176.12,0.5364,-1,-1,-1
16,1,381.28,392.83,78.90,231.89,0.7659,-1,-1,-1
16,2,105.02,546.21,74.35,247.35,0.7503,-1,-1,-1
16,3,1140.48,972.78,71.63,106.37,0.5672,-1,-1,-1
16,4,1724.83,455.56,73.00,210.13,0.6556,-1,-1,-1
16,5,1356.86,570.27,80.22,213.48,0.6194,-1,-1,-1
16,6,0.14,848.34,48.51,230.16,0.5054,-1,-1,-1
16,8,535.06,153.34,56.63,189.48,0.5244,-1,-1,-1
16,11,788.77,146.98,64.33,175.63,0.5039,-1,-1,-1
17,1,381.51,391.68,79.63,233.65,0.7511,-1,-1,-1
17,2,105.24,546.69,74.31,246.35,0.7453,-1,-1,-1
17,3,1143.36,972.88,70.83,106.80,0.5345,-1,-1,-1
17,4,1724.61,457.62,73.00,209.13,0.6399,-1,-1,-1
17,5,1356.98,570.06,80.69,214.49,0.6041,-1,-1,-1
17,6,0.82,847.73,49.03,231.74,0.5549,-1,-1,-1
17,8,534.19,155.57,56.44,188.09,0.6085,-1,-1,-1
17,11,788.88,147.13,64.07,174.84,0.4923,-1,-1,-1
18,1,381.37,390.08,80.56,236.13,0.7520,-1,-1,-1
18,2,105.23,546.60,74.40,245.99,0.7479,-1,-1,-1
18,3,1146.12,973.04,69.65,106.85,0.5305,-1,-1,-1
18,4,1724.68,457.96,73.11,208.59,0.6457,-1,-1,-1
18,5,1356.82,569.95,80.69,214.46,0.6182,-1,-1,-1
18,6,1.35,847.14,49.49,232.63,0.5066,-1,-1,-1
18,8,532.65,156.14,56.29,187.11,0.6042,-1,-1,-1
18,11,789.13,147.27,63.93,174.44,0.5330,-1,-1,-1
19,1,381.52,388.66,81.28,237.87,0.7551,-1,-1,-1
19,2,105.18,546.60,74.58,246.10,0.7459,-1,-1,-1
19,3,1148.69,972.75,68.78,107.21,0.5198,-1,-1,-1
19,4,1724.21,456.01,73.81,210.37,0.6467,-1,-1,-1
19,5,1356.75,569.97,80.74,214.77,0.6405,-1,-1,-1
19,6,1.44,845.63,50.08,234.25,0.5326,-1,-1,-1
19,8,531.48,158.64,55.72,184.27,0.5466,-1,-1,-1
19,11,789.05,147.04,63.90,174.40,0.4808,-1,-1,-1
20,1,381.31,387.22,81.91,239.52,0.7480,-1,-1,-1
20,2,105.02,546.60,74.66,245.97,0.7456,-1,-1,-1
20,3,1151.40,972.78,67.58,107.21,0.5105,-1,-1,-1
20,4,1724.68,457.92,73.31,208.11,0.6295,-1,-1,-1
20,5,1356.85,570.44,80.50,214.24,0.6494,-1,-1,-1
20,6,1.39,845.24,50.41,234.75,0.4771,-1,-1,-1
20,8,530.41,158.94,55.59,183.97,0.5439,-1,-1,-1
20,11,789.26,147.64,63.79,173.99,0.4956,-1,-1,-1
21,1,381.21,386.23,82.23,240.17,0.7588,-1,-1,-1
21,2,104.87,546.48,74.85,246.26,0.7433,-1,-1,-1
21,3,1153.44,973.21,66.41,106.79,0.5021,-1,-1,-1
21,4,1724.53,458.13,73.56,208.20,0.6341,-1,-1,-1
21,5,1356.84,570.43,80.80,215.55,0.6137,-1,-1,-1
21,6,1.41,840.56,51.31,237.93,0.5228,-1,-1,-1
21,8,529.93,159.14,55.39,183.71,0.5888,-1,-1,-1
21,11,789.11,147.69,63.93,174.19,0.4867,-1,-1,-1
22,1,381.38,385.93,82.20,239.79,0.7578,-1,-1,-1
22,2,104.83,546.75,74.83,245.71,0.7385,-1,-1,-1
22,3,1154.28,974.20,65.18,105.80,0.5591,-1,-1,-1
22,4,1724.59,458.44,73.46,207.58,0.6682,-1,-1,-1
22,5,1356.93,570.22,80.56,215.15,0.6385,-1,-1,-1
22,6,1.30,841.00,51.62,238.46,0.5434,-1,-1,-1
22,8,528.33,156.97,55.94,186.20,0.5037,-1,-1,-1
22,11,789.28,147.77,64.18,174.86,0.4618,-1,-1,-1
23,1,381.74,385.28,81.91,238.94,0.7569,-1,-1,-1
23,2,104.79,546.58,74.90,245.62,0.7394,-1,-1,-1
23,3,1156.54,973.94,64.96,106.07,0.5504,-1,-1,-1
23,4,1724.67,457.81,73.52,207.63,0.6392,-1,-1,-1
23,5,1356.89,570.03,80.59,215.18,0.6141,-1,-1,-1
23,6,1.30,841.69,51.59,237.32,0.5669,-1,-1,-1
23,8,526.47,157.52,55.70,186.72,0.4697,-1,-1,-1
23,11,789.32,148.38,63.75,174.35,0.4303,-1,-1,-1
24,1,381.77,384.86,81.62,238.08,0.7574,-1,-1,-1
24,2,104.86,546.57,75.04,245.66,0.7382,-1,-1,-1
24,3,1158.21,974.60,64.28,105.40,0.5497,-1,-1,-1
24,4,1724.03,456.09,74.31,209.98,0.6434,-1,-1,-1
24,5,1356.52,569.80,81.18,216.91,0.5891,-1,-1,-1
24,6,1.57,839.90,51.80,236.92,0.5361,-1,-1,-1
24,8,524.64,157.45,55.84,187.45,0.4250,-1,-1,-1
24,11,789.73,148.40,63.65,173.80,0.4291,-1,-1,-1
25,1,381.63,384.08,81.30,237.28,0.7571,-1,-1,-1
25,2,104.69,546.80,75.26,245.88,0.7384,-1,-1,-1
25,3,1159.39,974.74,64.00,105.26,0.5631,-1,-1,-1
25,4,1723.52,457.46,74.25,209.21,0.6544,-1,-1,-1
25,5,1356.79,570.16,80.09,214.12,0.6125,-1,-1,-1
25,6,1.59,836.37,52.43,238.58,0.5031,-1,-1,-1
25,8,524.21,158.80,55.19,185.43,0.4365,-1,-1,-1
25,11,789.61,147.79,64.06,174.76,0.4319,-1,-1,-1
26,1,381.73,382.99,81.13,237.23,0.7684,-1,-1,-1
26,2,104.30,546.36,75.73,246.92,0.7375,-1,-1,-1
26,3,1160.76,975.01,63.67,104.99,0.5967,-1,-1,-1
26,4,1722.66,454.70,75.26,212.64,0.6365,-1,-1,-1
26,5,1357.01,570.47,79.91,213.44,0.6084,-1,-1,-1
26,6,2.17,834.00,51.96,234.30,0.5684,-1,-1,-1
26,8,524.26,160.43,54.58,183.94,0.4214,-1,-1,-1
26,11,789.57,147.90,64.38,175.13,0.4471,-1,-1,-1
27,1,381.66,381.48,81.16,237.37,0.7790,-1,-1,-1
27,2,103.98,546.19,75.90,247.15,0.7377,-1,-1,-1
27,3,1162.55,975.06,63.54,104.94,0.6073,-1,-1,-1
27,4,1723.07,457.70,74.09,208.91,0.6521,-1,-1,-1
27,5,1356.71,570.17,80.23,214.30,0.5868,-1,-1,-1
27,6,2.35,830.71,52.56,235.01,0.6075,-1,-1,-1
27,8,524.31,160.90,54.55,184.83,0.3655,-1,-1,-1
27,11,789.81,147.93,64.34,174.88,0.4484,-1,-1,-1
28,1,382.07,379.67,81.42,237.85,0.7725,-1,-1,-1
28,2,103.80,546.62,75.82,246.38,0.7386,-1,-1,-1
28,3,1164.49,975.61,63.22,104.39,0.6165,-1,-1,-1
28,4,1722.74,456.21,74.59,210.66,0.6400,-1,-1,-1
28,5,1356.68,569.64,80.73,215.68,0.5881,-1,-1,-1
28,6,2.85,828.01,52.89,233.60,0.6340,-1,-1,-1
28,11,789.37,148.50,63.64,173.92,0.4501,-1,-1,-1
29,1,382.74,378.00,81.51,238.02,0.7810,-1,-1,-1
29,2,103.60,546.41,76.01,246.48,0.7455,-1,-1,-1
29,3,1166.19,975.82,63.31,104.18,0.6355,-1,-1,-1
29,4,1723.06,457.06,74.13,209.25,0.6502,-1,-1,-1
29,5,1356.86,569.75,80.70,215.40,0.6246,-1,-1,-1
29,6,3.46,826.13,52.86,230.10,0.6978,-1,-1,-1
29,11,789.27,148.61,63.32,174.16,0.4573,-1,-1,-1
30,1,383.77,376.48,81.49,237.20,0.7847,-1,-1,-1
30,2,103.76,546.96,75.94,245.69,0.7384,-1,-1,-1
30,3,1168.18,976.67,63.02,103.29,0.6211,-1,-1,-1
30,4,1723.39,457.37,74.06,208.71,0.6633,-1,-1,-1
30,5,1356.56,569.83,80.70,215.65,0.6171,-1,-1,-1
30,6,3.48,823.31,53.31,228.88,0.6767,-1,-1,-1
30,11,789.07,148.44,62.99,174.26,0.4582,-1,-1,-1
31,1,385.92,374.91,81.19,234.36,0.7516,-1,-1,-1
31,2,103.49,546.89,76.14,246.15,0.7404,-1,-1,-1
31,3,1169.83,977.20,63.04,102.79,0.6157,-1,-1,-1
31,4,1722.72,455.84,74.73,211.12,0.6545,-1,-1,-1
31,5,1356.72,569.76,80.28,214.43,0.5914,-1,-1,-1
31,6,2.65,818.53,55.22,235.49,0.6491,-1,-1,-1
31,11,789.04,148.24,63.00,175.13,0.4282,-1,-1,-1
32,1,387.74,373.34,81.69,232.85,0.7457,-1,-1,-1
32,2,103.26,546.76,76.22,246.38,0.7472,-1,-1,-1
32,3,1171.20,977.97,62.98,102.03,0.6746,-1,-1,-1
32,4,1723.01,456.89,74.39,209.80,0.6534,-1,-1,-1
32,5,1356.51,569.77,80.22,214.34,0.6039,-1,-1,-1
32,6,2.03,815.51,56.80,241.15,0.6162,-1,-1,-1
32,11,789.65,148.68,62.55,174.90,0.4570,-1,-1,-1
33,1,388.88,371.22,82.71,232.68,0.7501,-1,-1,-1
33,2,103.41,546.76,76.44,246.52,0.7486,-1,-1,-1
33,3,1172.94,978.88,62.87,101.12,0.6781,-1,-1,-1
33,4,1722.71,457.20,74.56,210.14,0.6571,-1,-1,-1
33,5,1356.19,569.49,81.05,216.60,0.6021,-1,-1,-1
33,6,1.64,813.35,58.29,246.60,0.6217,-1,-1,-1
33,11,789.63,149.00,62.10,174.34,0.4375,-1,-1,-1
34,1,389.44,370.26,83.35,231.80,0.7515,-1,-1,-1
34,2,103.32,546.82,76.57,246.54,0.7391,-1,-1,-1
34,3,1175.64,980.58,62.29,99.42,0.6763,-1,-1,-1
34,4,1722.81,457.95,74.06,208.63,0.6499,-1,-1,-1
34,5,1356.60,569.34,81.07,216.67,0.5996,-1,-1,-1
34,6,1.55,811.36,59.05,248.86,0.6135,-1,-1,-1
34,11,789.27,148.76,62.02,174.96,0.4324,-1,-1,-1
35,1,389.32,369.31,84.47,232.43,0.7410,-1,-1,-1
35,2,103.27,546.86,76.85,246.92,0.7346,-1,-1,-1
35,3,1178.58,982.06,61.66,97.94,0.6624,-1,-1,-1
35,4,1722.53,457.67,74.03,208.60,0.6606,-1,-1,-1
35,5,1356.41,569.38,80.93,216.00,0.6011,-1,-1,-1
35,6,1.78,810.32,60.18,252.36,0.5751,-1,-1,-1
35,11,789.60,148.64,61.77,175.09,0.4427,-1,-1,-1
36,1,388.97,368.70,85.29,232.81,0.7009,-1,-1,-1
36,2,103.19,547.05,76.80,246.55,0.7385,-1,-1,-1
36,3,1181.31,983.80,60.96,96.20,0.6412,-1,-1,-1
36,4,1722.89,458.46,73.85,207.96,0.6161,-1,-1,-1
36,5,1356.39,569.40,81.23,216.54,0.5767,-1,-1,-1
36,6,2.11,809.55,60.10,250.42,0.5426,-1,-1,-1
36,11,789.83,149.03,61.27,174.30,0.4402,-1,-1,-1
37,1,388.24,367.72,85.86,233.55,0.6902,-1,-1,-1
37,2,103.10,547.21,76.61,245.90,0.7344,-1,-1,-1
37,3,1184.09,984.51,60.91,95.49,0.6850,-1,-1,-1
37,4,1722.87,457.78,74.16,208.95,0.6401,-1,-1,-1
37,5,1356.26,569.16,81.90,218.37,0.5677,-1,-1,-1
37,6,2.80,808.56,60.45,249.52,0.6285,-1,-1,-1
37,11,789.66,148.86,61.28,174.74,0.4360,-1,-1,-1
37,12,1021.55,157.86,62.29,183.31,0.5344,-1,-1,-1
38,1,387.54,366.61,86.17,234.73,0.6937,-1,-1,-1
38,2,102.86,547.01,76.50,245.55,0.7328,-1,-1,-1
38,3,1186.59,984.58,61.43,95.42,0.6922,-1,-1,-1
38,4,1722.98,458.25,73.86,207.84,0.6428,-1,-1,-1
38,5,1356.44,569.33,80.93,215.36,0.6049,-1,-1,-1
38,6,3.28,808.08,60.51,247.14,0.6404,-1,-1,-1
38,11,789.87,149.06,61.15,175.05,0.4243,-1,-1,-1
38,12,1022.36,158.45,62.51,184.08,0.5451,-1,-1,-1
38,13,384.40,993.03,93.25,86.97,0.5469,-1,-1,-1
39,1,386.95,365.39,86.50,236.32,0.6891,-1,-1,-1
39,2,102.87,547.19,76.47,245.05,0.7308,-1,-1,-1
39,3,1189.48,984.09,62.37,95.91,0.6789,-1,-1,-1
39,4,1722.35,457.27,74.24,209.22,0.6227,-1,-1,-1
39,5,1356.64,568.34,81.45,216.96,0.5814,-1,-1,-1
39,6,3.28,807.11,60.70,245.56,0.6523,-1,-1,-1
39,11,789.88,148.90,60.95,175.12,0.4153,-1,-1,-1
39,12,1022.23,158.82,62.20,183.18,0.5211,-1,-1,-1
39,13,383.78,991.89,94.43,88.11,0.5276,-1,-1,-1
40,1,387.85,366.09,86.26,235.49,0.6972,-1,-1,-1
40,2,102.72,547.08,76.52,244.89,0.7335,-1,-1,-1
40,3,1193.08,983.98,63.07,96.02,0.6545,-1,-1,-1
40,4,1722.16,456.55,74.55,210.47,0.6273,-1,-1,-1
40,5,1357.38,569.22,80.28,213.75,0.6151,-1,-1,-1
40,6,3.33,806.15,60.70,243.29,0.6072,-1,-1,-1
40,11,789.77,148.97,60.90,175.84,0.4046,-1,-1,-1
40,12,1022.12,159.10,62.01,182.56,0.5093,-1,-1,-1
40,13,383.37,990.20,96.13,89.80,0.5279,-1,-1,-1
40,14,919.66,197.86,88.40,175.81,0.5105,-1,-1,-1
41,1,388.83,365.81,86.14,235.43,0.6909,-1,-1,-1
41,2,102.69,546.81,76.78,245.44,0.7313,-1,-1,-1
41,3,1195.49,984.81,63.01,95.19,0.6802,-1,-1,-1
41,4,1722.08,456.05,74.63,210.93,0.6395,-1,-1,-1
41,5,1357.00,568.82,80.79,215.12,0.6073,-1,-1,-1
41,6,3.21,805.11,61.24,243.18,0.6001,-1,-1,-1
41,11,789.88,149.14,60.39,175.28,0.4079,-1,-1,-1
41,12,1022.05,159.18,61.62,181.22,0.4771,-1,-1,-1
41,13,383.33,989.24,97.03,90.76,0.4924,-1,-1,-1
41,14,918.96,202.11,86.36,171.18,0.5440,-1,-1,-1
42,1,389.68,364.67,86.05,235.50,0.7104,-1,-1,-1
42,2,102.81,546.74,76.98,245.63,0.7402,-1,-1,-1
42,3,1198.21,984.96,63.49,95.04,0.6923,-1,-1,-1
42,4,1721.73,455.26,74.71,211.37,0.6461,-1,-1,-1
42,5,1356.92,569.20,80.55,214.52,0.6145,-1,-1,-1
42,6,2.93,802.92,61.75,243.11,0.6312,-1,-1,-1
42,11,789.62,148.89,60.53,176.69,0.4202,-1,-1,-1
42,12,1021.68,159.45,61.85,181.78,0.4734,-1,-1,-1
42,13,382.53,987.88,98.29,92.12,0.5331,-1,-1,-1
42,14,916.33,200.89,87.54,172.66,0.5451,-1,-1,-1
43,1,390.87,364.67,85.47,233.95,0.7374,-1,-1,-1
43,2,102.53,546.80,77.17,245.80,0.7338,-1,-1,-1
43,3,1201.36,985.18,64.04,94.82,0.6623,-1,-1,-1
43,4,1721.69,454.79,74.80,212.01,0.6162,-1,-1,-1
43,5,1356.82,569.14,80.53,214.47,0.6090,-1,-1,-1
43,6,3.49,799.07,60.63,235.66,0.6608,-1,-1,-1
43,11,789.72,149.22,60.25,176.26,0.4042,-1,-1,-1
43,12,1021.42,159.75,62.23,182.94,0.4672,-1,-1,-1
43,13,381.88,987.49,98.55,92.51,0.5402,-1,-1,-1
43,14,912.42,197.23,89.74,175.88,0.4978,-1,-1,-1
44,1,391.91,364.44,84.98,232.23,0.7343,-1,-1,-1
44,2,102.39,547.07,77.15,245.49,0.7334,-1,-1,-1
44,3,1202.92,985.45,64.60,94.54,0.6688,-1,-1,-1
44,4,1721.62,456.69,74.26,210.07,0.6474,-1,-1,-1
44,5,1356.73,568.97,81.11,216.07,0.6236,-1,-1,-1
44,6,3.79,795.49,60.26,231.09,0.6726,-1,-1,-1
44,11,789.92,149.16,60.03,176.20,0.4005,-1,-1,-1
44,12,1021.05,160.14,62.52,184.08,0.4379,-1,-1,-1
44,13,380.66,985.65,100.22,94.35,0.5968,-1,-1,-1
44,14,907.88,194.03,91.87,179.27,0.3167,-1,-1,-1
45,1,392.95,362.40,84.97,232.20,0.7371,-1,-1,-1
45,2,102.01,546.85,77.23,245.70,0.7425,-1,-1,-1
45,3,1204.33,985.77,65.16,94.23,0.6709,-1,-1,-1
45,4,1721.88,458.11,73.76,208.39,0.6321,-1,-1,-1
45,5,1356.43,568.85,81.15,216.24,0.6345,-1,-1,-1
45,6,3.78,792.86,60.55,229.37,0.6685,-1,-1,-1
45,11,789.99,149.18,59.81,175.82,0.4243,-1,-1,-1
45,12,1021.07,161.41,62.34,182.79,0.3991,-1,-1,-1
45,13,379.15,984.76,100.83,95.24,0.5952,-1,-1,-1
46,1,394.03,360.92,84.64,231.89,0.7422,-1,-1,-1
46,2,101.90,546.51,77.40,246.09,0.7447,-1,-1,-1
46,3,1204.66,986.20,65.52,93.80,0.6854,-1,-1,-1
46,4,1721.67,458.92,73.47,207.06,0.6155,-1,-1,-1
46,5,1356.53,569.21,81.44,216.75,0.6039,-1,-1,-1
46,6,3.86,790.55,61.23,229.24,0.6718,-1,-1,-1
46,11,790.07,149.29,59.49,175.27,0.3893,-1,-1,-1
46,12,1020.78,161.93,62.45,182.36,0.4088,-1,-1,-1
46,13,376.03,979.89,105.25,100.11,0.6033,-1,-1,-1
47,1,394.88,358.87,84.56,231.99,0.7461,-1,-1,-1
47,2,101.73,546.36,77.49,246.20,0.7292,-1,-1,-1
47,3,1205.45,986.33,66.15,93.67,0.6670,-1,-1,-1
47,4,1721.68,458.96,73.80,207.74,0.6306,-1,-1,-1
47,5,1356.69,569.44,81.22,216.06,0.5933,-1,-1,-1
47,6,3.83,788.98,62.37,231.05,0.6183,-1,-1,-1
47,11,790.26,149.38,59.47,174.92,0.4296,-1,-1,-1
47,12,1019.75,162.68,62.86,183.40,0.3951,-1,-1,-1
47,13,373.42,974.12,110.17,105.88,0.5909,-1,-1,-1
48,1,396.07,357.22,83.95,230.35,0.7647,-1,-1,-1
48,2,101.68,546.15,77.67,246.74,0.7353,-1,-1,-1
48,3,1207.31,985.18,67.81,94.78,0.6326,-1,-1,-1
48,4,1721.87,459.49,73.45,206.47,0.6357,-1,-1,-1
48,5,1356.95,569.15,81.60,216.74,0.6132,-1,-1,-1
48,6,4.05,788.20,63.64,233.31,0.5857,-1,-1,-1
48,11,790.49,149.46,59.67,175.48,0.4552,-1,-1,-1
48,12,1019.10,163.14,62.77,183.03,0.3309,-1,-1,-1
48,13,370.42,967.31,115.72,112.69,0.6089,-1,-1,-1
49,1,397.02,356.32,83.15,227.62,0.7608,-1,-1,-1
49,2,101.60,546.08,77.73,246.92,0.7393,-1,-1,-1
49,3,1207.91,984.06,69.44,95.93,0.6518,-1,-1,-1
49,4,1721.48,459.02,73.76,207.08,0.6575,-1,-1,-1
49,5,1356.78,569.39,82.01,217.70,0.6018,-1,-1,-1
49,6,3.45,785.43,66.67,242.67,0.6188,-1,-1,-1
49,11,790.58,149.26,59.87,175.93,0.4317,-1,-1,-1
49,12,1018.00,164.43,62.96,182.95,0.3711,-1,-1,-1
49,13,369.45,964.09,117.47,115.91,0.5888,-1,-1,-1
50,1,397.44,355.07,82.98,226.30,0.7546,-1,-1,-1
50,2,101.68,546.09,77.68,246.66,0.7482,-1,-1,-1
50,3,1208.02,983.18,70.85,96.81,0.6281,-1,-1,-1
50,4,1721.38,459.15,73.70,206.73,0.6391,-1,-1,-1
50,5,1357.12,569.74,81.44,216.14,0.6122,-1,-1,-1
50,6,3.57,784.57,68.44,247.18,0.6055,-1,-1,-1
50,11,790.28,149.06,60.12,176.84,0.4070,-1,-1,-1
50,12,1017.60,164.94,61.35,178.03,0.3841,-1,-1,-1
50,13,370.29,961.43,117.57,117.76,0.5867,-1,-1,-1
51,1,398.06,354.23,82.57,223.93,0.7538,-1,-1,-1
51,2,101.67,545.67,77.81,247.17,0.7505,-1,-1,-1
51,3,1208.16,982.06,72.32,97.94,0.6111,-1,-1,-1
51,4,1721.27,459.93,73.43,205.54,0.6227,-1,-1,-1
51,5,1357.24,569.41,81.12,215.17,0.6198,-1,-1,-1
51,6,3.64,783.11,69.04,247.49,0.6422,-1,-1,-1
51,11,790.24,148.76,60.29,177.55,0.4134,-1,-1,-1
51,12,1017.44,166.46,60.49,175.10,0.4440,-1,-1,-1
51,13,369.60,957.36,119.97,122.27,0.5503,-1,-1,-1
52,1,398.70,353.11,82.90,223.81,0.7677,-1,-1,-1
52,2,101.74,545.48,77.70,247.09,0.7519,-1,-1,-1
52,3,1207.79,981.78,73.16,98.22,0.6304,-1,-1,-1
52,4,1721.23,457.20,74.47,209.03,0.6266,-1,-1,-1
52,5,1357.04,569.22,81.20,215.37,0.6233,-1,-1,-1
52,6,4.65,782.02,69.19,245.83,0.6113,-1,-1,-1
52,11,789.92,149.02,60.48,178.05,0.3952,-1,-1,-1
52,12,1016.70,167.81,61.75,178.48,0.4711,-1,-1,-1
52,13,369.66,953.20,122.00,126.66,0.5450,-1,-1,-1
53,1,399.24,351.59,83.51,225.12,0.7697,-1,-1,-1
53,2,101.64,545.23,77.59,247.41,0.7453,-1,-1,-1
53,3,1207.03,980.50,74.55,99.50,0.6525,-1,-1,-1
53,4,1721.51,456.39,74.43,209.24,0.6261,-1,-1,-1
53,5,1357.47,569.47,80.82,214.07,0.6401,-1,-1,-1
53,6,5.34,780.84,68.89,243.24,0.6510,-1,-1,-1
53,11,789.74,148.60,60.55,177.92,0.4121,-1,-1,-1
53,12,1015.94,168.83,62.54,180.84,0.4505,-1,-1,-1
53,13,370.57,950.09,122.74,129.57,0.6933,-1,-1,-1
54,1,399.43,350.76,83.97,225.98,0.7711,-1,-1,-1
54,2,101.60,544.95,77.56,247.96,0.7479,-1,-1,-1
54,3,1206.29,979.93,75.49,100.07,0.6571,-1,-1,-1
54,4,1721.49,456.09,74.51,209.76,0.6240,-1,-1,-1
54,5,1357.52,569.23,80.93,214.03,0.6411,-1,-1,-1
54,6,7.22,778.65,68.01,239.05,0.6455,-1,-1,-1
54,11,790.04,148.80,60.43,177.18,0.3981,-1,-1,-1
54,12,1014.24,170.81,62.69,181.44,0.4274,-1,-1,-1
54,13,372.88,948.30,121.81,130.39,0.7180,-1,-1,-1
55,1,399.67,349.66,84.57,227.64,0.7785,-1,-1,-1
55,2,101.61,545.04,77.52,248.44,0.7363,-1,-1,-1
55,3,1205.91,979.20,76.47,100.80,0.6651,-1,-1,-1
55,4,1721.76,456.57,74.71,210.51,0.6376,-1,-1,-1
55,5,1357.44,569.04,81.26,215.04,0.6082,-1,-1,-1
55,6,8.70,775.11,67.89,237.96,0.6805,-1,-1,-1
55,11,790.24,148.95,60.40,176.91,0.4251,-1,-1,-1
55,12,1012.79,172.99,62.74,181.54,0.4561,-1,-1,-1
55,13,374.55,946.59,121.97,132.16,0.6929,-1,-1,-1
56,1,399.83,349.07,84.98,229.05,0.7878,-1,-1,-1
56,2,101.68,544.56,77.55,249.10,0.7376,-1,-1,-1
56,3,1205.09,977.80,77.82,102.20,0.6744,-1,-1,-1
56,4,1721.52,456.02,74.63,210.64,0.6445,-1,-1,-1
56,5,1356.91,569.13,81.50,215.95,0.6102,-1,-1,-1
56,6,9.47,772.40,67.61,235.92,0.6943,-1,-1,-1
56,11,790.34,148.78,60.72,177.64,0.4100,-1,-1,-1
56,12,1012.85,174.78,62.18,180.50,0.4680,-1,-1,-1
56,13,375.77,945.74,121.74,133.56,0.6985,-1,-1,-1
57,1,399.61,348.09,85.25,230.26,0.7938,-1,-1,-1
57,2,101.64,544.75,77.51,249.44,0.7329,-1,-1,-1
57,3,1204.14,976.55,79.02,103.45,0.6850,-1,-1,-1
57,4,1721.72,457.85,73.77,208.19,0.6509,-1,-1,-1
57,5,1357.22,569.19,80.91,214.10,0.6174,-1,-1,-1
57,6,8.85,770.87,67.09,232.13,0.7197,-1,-1,-1
57,11,790.28,148.68,61.13,178.56,0.4009,-1,-1,-1
57,12,1011.41,176.32,61.90,179.89,0.4636,-1,-1,-1
57,13,377.54,945.00,120.93,134.30,0.7176,-1,-1,-1
58,1,399.55,347.15,85.47,231.15,0.7873,-1,-1,-1
58,2,101.79,545.09,77.27,249.27,0.7288,-1,-1,-1
58,3,1203.57,976.19,79.67,103.82,0.6688,-1,-1,-1
58,4,1721.58,456.26,74.04,209.37,0.6400,-1,-1,-1
58,5,1357.14,569.34,81.12,214.68,0.6247,-1,-1,-1
58,6,10.20,767.85,67.18,229.80,0.7118,-1,-1,-1
58,11,790.39,148.92,61.17,178.55,0.3946,-1,-1,-1
58,12,1010.49,178.82,61.50,179.21,0.4566,-1,-1,-1
58,13,378.90,944.08,120.49,135.62,0.6723,-1,-1,-1
59,1,400.08,345.76,85.77,232.65,0.7851,-1,-1,-1
59,2,101.79,545.09,77.13,249.47,0.7327,-1,-1,-1
59,3,1202.42,975.70,80.54,104.30,0.6719,-1,-1,-1
59,4,1722.03,456.01,74.28,210.47,0.6377,-1,-1,-1
59,5,1357.32,568.92,80.77,213.53,0.6413,-1,-1,-1
59,6,10.82,765.47,67.08,226.14,0.7217,-1,-1,-1
59,11,789.72,148.87,61.13,178.55,0.3894,-1,-1,-1
59,12,1009.74,180.31,61.21,178.49,0.3744,-1,-1,-1
59,13,379.90,942.98,119.76,136.67,0.7142,-1,-1,-1
60,1,400.64,345.58,85.22,231.99,0.7925,-1,-1,-1
60,2,101.56,545.12,77.23,250.28,0.7259,-1,-1,-1
60,3,1201.39,974.86,81.55,105.14,0.6700,-1,-1,-1
60,4,1722.16,457.90,73.55,208.30,0.6275,-1,-1,-1
60,5,1356.93,568.92,81.23,214.80,0.6262,-1,-1,-1
60,6,11.06,761.26,67.12,225.20,0.7345,-1,-1,-1
60,11,789.13,148.55,62.54,183.11,0.4231,-1,-1,-1
60,12,1008.10,181.38,61.26,178.05,0.3406,-1,-1,-1
60,13,380.38,940.51,120.06,138.73,0.7101,-1,-1,-1
61,1,400.82,344.44,84.76,231.36,0.7977,-1,-1,-1
61,2,101.87,545.97,76.47,248.53,0.7279,-1,-1,-1
61,3,1198.89,972.78,83.40,107.22,0.6306,-1,-1,-1
61,4,1722.18,457.77,73.26,207.81,0.6112,-1,-1,-1
61,5,1357.17,569.19,81.02,214.25,0.6299,-1,-1,-1
61,6,11.03,758.32,67.29,225.25,0.7307,-1,-1,-1
61,11,788.49,148.45,63.63,186.63,0.3661,-1,-1,-1
61,12,1007.53,182.18,60.97,176.93,0.3029,-1,-1,-1
61,13,380.68,938.74,120.43,140.66,0.6141,-1,-1,-1
62,1,401.00,343.18,84.40,231.10,0.7907,-1,-1,-1
62,2,102.09,546.57,76.07,247.82,0.7287,-1,-1,-1
62,3,1197.66,972.31,84.04,107.69,0.6220,-1,-1,-1
62,4,1722.24,456.86,73.58,208.84,0.6000,-1,-1,-1
62,5,1357.30,569.22,81.06,214.58,0.6174,-1,-1,-1
62,6,11.68,756.21,67.45,225.36,0.7302,-1,-1,-1
62,11,788.88,148.27,63.44,186.85,0.3199,-1,-1,-1
62,12,1007.88,183.95,60.45,175.33,0.3032,-1,-1,-1
62,13,380.15,936.65,120.54,142.21,0.5694,-1,-1,-1
63,1,401.09,341.39,84.43,231.86,0.7965,-1,-1,-1
63,2,102.24,546.69,75.78,247.52,0.7298,-1,-1,-1
63,3,1196.22,971.83,84.71,108.17,0.6573,-1,-1,-1
63,4,1722.13,458.09,73.34,207.82,0.5906,-1,-1,-1
63,5,1357.22,569.03,80.83,213.81,0.6020,-1,-1,-1
63,6,11.79,754.84,68.51,228.07,0.7189,-1,-1,-1
63,13,379.44,934.59,120.86,144.30,0.6604,-1,-1,-1
64,1,401.39,339.06,84.32,232.12,0.7907,-1,-1,-1
64,2,101.96,546.52,75.90,248.32,0.7195,-1,-1,-1
64,3,1194.90,972.67,84.38,107.33,0.6856,-1,-1,-1
64,4,1721.94,456.90,73.77,209.11,0.6059,-1,-1,-1
64,5,1356.44,569.28,81.40,215.32,0.5977,-1,-1,-1
64,6,12.01,753.32,68.98,229.06,0.7204,-1,-1,-1
64,13,378.51,931.18,122.51,148.02,0.6716,-1,-1,-1
65,1,401.45,337.15,84.21,232.23,0.7933,-1,-1,-1
65,2,102.23,546.96,75.51,247.31,0.7280,-1,-1,-1
65,3,1193.39,973.00,84.24,107.00,0.6846,-1,-1,-1
65,4,1721.71,458.85,73.37,207.31,0.6133,-1,-1,-1
65,5,1356.74,569.23,81.29,214.54,0.6283,-1,-1,-1
65,6,11.51,752.17,69.86,231.71,0.7136,-1,-1,-1
65,13,376.62,925.15,125.77,154.42,0.5634,-1,-1,-1
66,1,401.81,335.23,84.08,232.09,0.7929,-1,-1,-1
66,2,102.57,546.56,75.64,247.75,0.7208,-1,-1,-1
66,3,1190.87,971.97,85.01,108.03,0.7063,-1,-1,-1
66,4,1721.04,459.19,73.71,207.64,0.6260,-1,-1,-1
66,5,1356.50,568.73,81.91,215.83,0.6046,-1,-1,-1
66,6,11.24,750.90,70.46,233.48,0.7134,-1,-1,-1
66,13,375.29,919.00,128.37,160.85,0.5605,-1,-1,-1
66,16,494.38,190.80,72.40,195.93,0.5281,-1,-1,-1
67,1,402.59,333.94,83.50,230.01,0.7944,-1,-1,-1
67,2,102.79,546.74,75.60,247.57,0.7250,-1,-1,-1
67,3,1189.50,971.69,85.36,108.31,0.6942,-1,-1,-1
67,4,1721.16,459.12,73.62,206.99,0.5965,-1,-1,-1
67,5,1356.85,569.03,81.49,214.67,0.5982,-1,-1,-1
67,6,10.57,749.05,71.27,236.14,0.7028,-1,-1,-1
67,13,374.47,914.40,128.82,164.49,0.6553,-1,-1,-1
67,16,493.61,190.81,73.49,199.08,0.5657,-1,-1,-1
68,1,403.51,333.27,82.86,227.77,0.7902,-1,-1,-1
68,2,102.77,546.68,75.68,247.75,0.7294,-1,-1,-1
68,3,1186.14,970.25,86.42,109.75,0.6957,-1,-1,-1
68,4,1721.53,459.40,73.65,206.95,0.6081,-1,-1,-1
68,5,1356.68,568.36,81.93,215.76,0.5953,-1,-1,-1
68,6,10.13,746.78,72.28,239.72,0.7077,-1,-1,-1
68,13,374.38,911.76,128.17,166.50,0.7051,-1,-1,-1
68,16,493.46,192.17,72.90,197.76,0.5750,-1,-1,-1
69,1,404.02,332.19,82.65,226.27,0.7834,-1,-1,-1
69,2,102.62,546.65,75.73,248.08,0.7309,-1,-1,-1
69,3,1184.01,969.67,86.78,110.30,0.6797,-1,-1,-1
69,4,1721.91,457.74,74.94,210.86,0.5947,-1,-1,-1
69,5,1356.54,568.55,82.27,216.85,0.5962,-1,-1,-1
69,6,10.09,744.81,72.70,241.43,0.7102,-1,-1,-1
69,13,374.40,909.90,127.67,168.63,0.6853,-1,-1,-1
69,16,493.60,193.27,72.36,196.00,0.5869,-1,-1,-1
69,12,1001.22,187.92,61.23,177.18,0.5338,-1,-1,-1
70,1,404.49,331.30,82.43,224.56,0.7903,-1,-1,-1
70,2,102.66,546.42,75.69,248.33,0.7319,-1,-1,-1
70,3,1182.12,969.17,87.05,110.82,0.6649,-1,-1,-1
70,4,1722.27,456.12,75.24,212.04,0.6157,-1,-1,-1
70,5,1356.51,568.42,82.57,217.49,0.6087,-1,-1,-1
70,6,10.76,743.16,72.01,239.06,0.7152,-1,-1,-1
70,13,373.91,907.22,128.02,172.00,0.6793,-1,-1,-1
70,16,493.54,195.11,71.92,193.97,0.5919,-1,-1,-1
70,12,1000.32,187.94,61.46,177.91,0.5581,-1,-1,-1
71,1,404.65,329.99,82.47,223.81,0.7909,-1,-1,-1
71,2,102.28,545.52,76.12,249.82,0.7292,-1,-1,-1
71,3,1180.63,968.34,87.53,111.65,0.6676,-1,-1,-1
71,4,1722.32,456.42,75.02,211.42,0.6225,-1,-1,-1
71,5,1356.56,568.68,82.83,218.40,0.5627,-1,-1,-1
71,6,12.13,741.49,70.64,233.60,0.7212,-1,-1,-1
71,13,372.56,904.87,128.34,174.85,0.7093,-1,-1,-1
71,16,494.26,193.94,72.67,195.29,0.6135,-1,-1,-1
71,12,998.46,188.26,61.38,178.19,0.5614,-1,-1,-1
72,1,404.64,328.48,83.10,224.90,0.7885,-1,-1,-1
72,2,102.06,544.81,76.29,250.51,0.7259,-1,-1,-1
72,3,1178.64,966.43,88.62,113.57,0.5933,-1,-1,-1
72,4,1722.36,456.83,74.75,210.72,0.6192,-1,-1,-1
72,5,1356.86,568.99,82.74,218.30,0.6062,-1,-1,-1
72,6,12.59,738.31,70.00,230.03,0.7274,-1,-1,-1
72,13,371.89,903.16,128.02,176.76,0.7213,-1,-1,-1
72,16,493.00,193.65,73.56,195.94,0.5970,-1,-1,-1
72,12,997.08,188.58,61.19,178.80,0.5725,-1,-1,-1
73,1,404.92,327.61,83.71,226.34,0.7872,-1,-1,-1
73,2,101.95,545.02,76.23,250.24,0.7321,-1,-1,-1
73,3,1177.60,965.32,89.17,114.68,0.6094,-1,-1,-1
73,4,1722.36,456.29,75.29,212.54,0.6133,-1,-1,-1
73,5,1357.22,569.35,82.27,216.73,0.6160,-1,-1,-1
73,6,12.69,734.93,70.22,229.32,0.7478,-1,-1,-1
73,13,371.41,902.03,127.38,177.97,0.7151,-1,-1,-1
73,16,491.88,193.35,74.67,196.51,0.5927,-1,-1,-1
73,12,995.51,189.45,60.80,178.97,0.5500,-1,-1,-1
74,1,405.40,327.32,83.72,226.26,0.7842,-1,-1,-1
74,2,102.07,545.38,75.88,249.22,0.7220,-1,-1,-1
74,3,1176.94,964.88,89.31,115.12,0.6237,-1,-1,-1
74,4,1722.41,458.91,74.02,208.65,0.5958,-1,-1,-1
74,5,1357.13,569.53,81.94,215.53,0.6195,-1,-1,-1
74,6,13.22,732.37,69.91,226.51,0.7514,-1,-1,-1
74,13,371.29,900.30,127.07,179.72,0.6885,-1,-1,-1
74,16,491.49,194.60,75.23,195.27,0.5599,-1,-1,-1
74,12,994.93,190.04,60.60,180.61,0.5586,-1,-1,-1
75,1,405.45,326.69,83.90,226.67,0.7785,-1,-1,-1
75,2,101.71,545.16,75.91,249.48,0.7284,-1,-1,-1
75,3,1176.23,964.42,89.58,115.58,0.6363,-1,-1,-1
75,4,1722.02,457.63,74.79,211.07,0.6187,-1,-1,-1
75,5,1357.50,569.90,81.14,212.95,0.6548,-1,-1,-1
75,6,12.84,730.86,70.48,226.99,0.7486,-1,-1,-1
75,13,371.33,898.13,126.93,181.90,0.6778,-1,-1,-1
75,16,490.12,196.13,75.83,194.00,0.5708,-1,-1,-1
75,12,993.17,189.52,61.02,183.12,0.6141,-1,-1,-1
76,1,406.04,326.29,84.01,227.28,0.7724,-1,-1,-1
76,2,101.48,544.44,76.00,250.22,0.7220,-1,-1,-1
76,3,1175.82,963.87,89.88,116.13,0.6886,-1,-1,-1
76,4,1721.87,459.04,73.82,207.90,0.6303,-1,-1,-1
76,5,1357.26,570.39,81.20,212.55,0.6477,-1,-1,-1
76,6,12.27,729.15,71.50,229.55,0.7470,-1,-1,-1
76,13,371.49,895.33,126.91,184.70,0.6904,-1,-1,-1
76,16,491.12,199.22,75.89,191.80,0.5540,-1,-1,-1
76,12,992.52,189.38,60.51,182.54,0.5748,-1,-1,-1
77,1,406.42,325.24,84.43,228.79,0.7668,-1,-1,-1
77,2,101.28,544.28,75.83,250.35,0.7224,-1,-1,-1
77,3,1175.57,963.69,89.87,116.31,0.6972,-1,-1,-1
77,4,1721.83,458.92,73.54,206.71,0.6226,-1,-1,-1
77,5,1357.08,570.02,82.08,214.18,0.6321,-1,-1,-1
77,6,12.11,727.70,72.02,230.59,0.7515,-1,-1,-1
77,13,372.26,893.08,126.34,186.94,0.7466,-1,-1,-1
77,16,494.20,201.28,75.13,189.29,0.5687,-1,-1,-1
77,12,992.28,190.07,59.94,181.26,0.5922,-1,-1,-1
78,1,406.46,324.61,84.50,229.28,0.7694,-1,-1,-1
78,2,101.02,544.21,75.56,250.09,0.7233,-1,-1,-1
78,3,1175.15,963.08,90.15,116.92,0.7207,-1,-1,-1
78,4,1721.82,459.61,73.46,205.90,0.6372,-1,-1,-1
78,5,1356.86,571.08,82.44,214.35,0.6380,-1,-1,-1
78,6,12.08,726.51,73.00,232.87,0.7458,-1,-1,-1
78,13,372.49,890.74,125.74,189.29,0.7540,-1,-1,-1
78,16,493.26,204.35,74.56,186.92,0.6007,-1,-1,-1
78,12,992.31,189.35,59.61,181.34,0.5644,-1,-1,-1
79,1,406.89,324.28,84.55,230.12,0.7798,-1,-1,-1
79,2,101.21,544.93,75.05,248.90,0.7258,-1,-1,-1
79,3,1174.98,962.94,90.06,117.06,0.7240,-1,-1,-1
79,4,1721.48,458.92,73.74,206.45,0.6468,-1,-1,-1
79,5,1356.69,572.10,82.49,213.70,0.6071,-1,-1,-1
79,6,12.80,725.99,73.30,232.97,0.7472,-1,-1,-1
79,13,373.55,887.52,125.37,192.51,0.7680,-1,-1,-1
79,16,492.06,203.39,76.38,190.62,0.5841,-1,-1,-1
79,12,991.80,190.28,58.94,179.40,0.5754,-1,-1,-1
80,1,407.85,324.07,84.06,229.68,0.7780,-1,-1,-1
80,2,101.33,545.39,74.73,248.42,0.7273,-1,-1,-1
80,3,1174.29,962.40,90.28,117.60,0.7371,-1,-1,-1
80,4,1721.63,459.68,73.76,206.08,0.6344,-1,-1,-1
80,5,1357.08,572.22,83.54,215.94,0.5754,-1,-1,-1
80,6,13.70,725.03,73.85,233.73,0.7277,-1,-1,-1
80,13,374.09,883.01,125.59,197.01,0.7885,-1,-1,-1
80,16,492.20,203.75,77.53,193.18,0.5726,-1,-1,-1
80,12,990.24,190.50,59.86,182.82,0.6078,-1,-1,-1
81,1,408.67,323.61,83.23,228.16,0.7615,-1,-1,-1
81,2,101.44,545.00,74.49,248.48,0.7278,-1,-1,-1
81,3,1174.38,961.88,90.27,118.12,0.7442,-1,-1,-1
81,4,1721.86,459.39,73.91,206.29,0.6201,-1,-1,-1
81,5,1356.61,571.93,84.19,217.19,0.5507,-1,-1,-1
81,6,13.87,724.39,73.99,233.74,0.7207,-1,-1,-1
81,13,374.90,879.39,125.19,200.63,0.7855,-1,-1,-1
81,16,492.09,204.33,78.46,195.59,0.5467,-1,-1,-1
81,12,989.24,191.14,59.74,182.90,0.6100,-1,-1,-1
82,1,410.55,323.36,82.51,226.94,0.7528,-1,-1,-1
82,2,101.55,545.64,73.96,247.26,0.7279,-1,-1,-1
82,3,1173.85,961.38,90.15,118.62,0.7317,-1,-1,-1
82,4,1721.73,459.41,74.04,206.52,0.6201,-1,-1,-1
82,5,1356.52,572.00,84.45,217.53,0.5451,-1,-1,-1
82,6,14.52,722.13,74.84,235.72,0.7266,-1,-1,-1
82,13,375.22,875.81,124.97,204.20,0.7833,-1,-1,-1
82,16,493.44,206.64,78.10,195.04,0.5545,-1,-1,-1
82,12,987.89,191.15,59.63,183.26,0.6095,-1,-1,-1
83,1,411.44,322.10,82.24,226.37,0.7641,-1,-1,-1
83,2,101.23,545.77,73.84,247.35,0.7278,-1,-1,-1
83,3,1173.24,961.54,89.54,118.46,0.7057,-1,-1,-1
83,4,1722.08,459.63,73.62,205.31,0.6159,-1,-1,-1
83,5,1356.51,571.53,84.95,218.65,0.5500,-1,-1,-1
83,6,15.04,720.48,75.34,237.27,0.7177,-1,-1,-1
83,13,376.43,873.24,124.18,206.77,0.7796,-1,-1,-1
83,16,494.26,207.32,78.13,194.99,0.5793,-1,-1,-1
83,12,986.50,191.54,59.32,182.78,0.5994,-1,-1,-1
84,1,412.48,320.45,81.90,226.02,0.7627,-1,-1,-1
84,2,101.44,545.91,73.71,247.36,0.7183,-1,-1,-1
84,3,1172.57,961.38,89.19,118.62,0.7224,-1,-1,-1
84,4,1721.96,459.57,73.82,205.69,0.5940,-1,-1,-1
84,5,1356.74,571.95,84.52,217.25,0.5437,-1,-1,-1
84,6,14.55,718.70,75.87,239.14,0.7199,-1,-1,-1
84,13,377.53,870.88,123.42,209.14,0.7700,-1,-1,-1
84,16,495.06,208.36,78.45,196.17,0.5983,-1,-1,-1
84,12,985.29,191.88,59.06,182.48,0.6085,-1,-1,-1
85,1,413.51,318.82,81.55,224.88,0.7575,-1,-1,-1
85,2,101.29,545.27,73.98,248.66,0.7187,-1,-1,-1
85,3,1172.18,961.34,88.72,118.66,0.7154,-1,-1,-1
85,4,1721.73,460.28,73.94,205.67,0.5994,-1,-1,-1
85,5,1356.63,572.63,85.78,220.56,0.4904,-1,-1,-1
85,6,15.91,717.58,76.22,240.14,0.7212,-1,-1,-1
85,13,378.63,868.86,122.55,211.16,0.7789,-1,-1,-1
85,16,495.70,209.31,78.09,195.37,0.5914,-1,-1,-1
85,12,983.32,191.01,59.65,184.40,0.5486,-1,-1,-1
86,1,414.80,317.55,80.77,222.38,0.7630,-1,-1,-1
86,2,101.72,545.83,73.69,247.71,0.7209,-1,-1,-1
86,3,1171.19,961.09,88.59,118.91,0.7081,-1,-1,-1
86,4,1721.80,458.32,74.94,208.57,0.6081,-1,-1,-1
86,5,1357.73,573.62,84.14,215.87,0.5336,-1,-1,-1
86,6,17.49,716.02,75.28,236.84,0.7461,-1,-1,-1
86,13,379.68,866.40,121.97,213.61,0.7884,-1,-1,-1
86,16,495.95,209.37,78.75,197.18,0.6102,-1,-1,-1
86,12,981.35,191.36,59.91,184.94,0.4825,-1,-1,-1
87,1,415.69,316.65,80.59,220.81,0.7753,-1,-1,-1
87,2,101.92,545.73,73.58,247.33,0.7339,-1,-1,-1
87,3,1170.79,960.69,88.35,119.31,0.7056,-1,-1,-1
87,4,1721.49,459.69,74.47,207.18,0.6337,-1,-1,-1
87,5,1357.39,573.75,83.97,215.38,0.5166,-1,-1,-1
87,6,19.51,713.98,73.02,228.93,0.7605,-1,-1,-1
87,13,380.82,864.39,121.30,215.62,0.7884,-1,-1,-1
87,16,496.60,210.04,78.60,196.24,0.6204,-1,-1,-1
87,12,980.24,191.80,59.41,182.25,0.4578,-1,-1,-1
88,1,415.99,315.50,80.79,220.11,0.7855,-1,-1,-1
88,2,102.04,546.13,73.39,246.58,0.7177,-1,-1,-1
88,3,1169.30,960.28,88.23,119.72,0.7422,-1,-1,-1
88,4,1721.16,460.06,74.32,206.57,0.6468,-1,-1,-1
88,5,1357.30,573.14,84.15,215.87,0.5495,-1,-1,-1
88,6,19.79,710.84,72.62,226.77,0.7287,-1,-1,-1
88,13,382.11,862.11,120.98,217.90,0.8054,-1,-1,-1
88,16,497.72,209.84,79.28,197.47,0.6166,-1,-1,-1
88,12,978.10,191.32,60.71,185.48,0.4209,-1,-1,-1
89,1,416.01,314.02,81.09,219.91,0.7766,-1,-1,-1
89,2,102.11,546.31,73.21,245.81,0.7233,-1,-1,-1
89,3,1168.27,959.83,87.84,120.11,0.7522,-1,-1,-1
89,4,1720.52,459.34,74.57,207.19,0.6361,-1,-1,-1
89,5,1357.07,573.63,84.69,217.39,0.5392,-1,-1,-1
89,6,19.85,706.58,73.14,227.23,0.7358,-1,-1,-1
89,13,383.37,860.96,119.95,219.05,0.8131,-1,-1,-1
89,16,498.58,208.89,80.18,198.99,0.6147,-1,-1,-1
89,12,976.96,192.92,60.95,185.20,0.4931,-1,-1,-1
90,1,416.39,312.61,81.44,220.12,0.7463,-1,-1,-1
90,2,102.09,546.59,73.13,245.31,0.7134,-1,-1,-1
90,3,1167.25,958.83,87.85,121.15,0.7640,-1,-1,-1
90,4,1720.43,459.42,74.45,206.84,0.6227,-1,-1,-1
90,5,1356.53,573.32,84.31,216.74,0.5371,-1,-1,-1
90,6,20.72,704.11,73.31,227.51,0.7339,-1,-1,-1
90,13,384.43,859.64,119.00,220.37,0.8173,-1,-1,-1
90,16,500.25,208.00,80.58,199.05,0.5991,-1,-1,-1
90,12,975.92,194.75,61.25,184.89,0.4124,-1,-1,-1
91,1,416.46,311.18,82.09,222.00,0.7441,-1,-1,-1
91,2,102.33,546.86,73.04,244.80,0.7042,-1,-1,-1
91,3,1165.97,957.64,87.94,122.35,0.7737,-1,-1,-1
91,4,1720.31,460.03,74.41,206.66,0.6289,-1,-1,-1
91,5,1356.17,572.42,85.04,219.06,0.5257,-1,-1,-1
91,6,21.55,701.17,73.19,226.93,0.7229,-1,-1,-1
91,13,384.92,857.64,118.59,222.37,0.8023,-1,-1,-1
91,16,501.07,208.50,80.48,199.24,0.5637,-1,-1,-1
91,12,974.90,193.94,61.24,184.26,0.3692,-1,-1,-1
92,1,416.75,310.63,82.52,223.24,0.7394,-1,-1,-1
92,2,102.33,546.77,73.10,244.91,0.7011,-1,-1,-1
92,3,1164.99,956.98,87.52,123.01,0.7608,-1,-1,-1
92,4,1720.62,460.02,74.45,206.78,0.6310,-1,-1,-1
92,5,1356.64,572.36,84.15,216.97,0.5328,-1,-1,-1
92,6,21.77,697.41,73.55,228.62,0.7176,-1,-1,-1
92,13,384.99,854.59,118.51,225.42,0.7953,-1,-1,-1
92,16,500.91,211.26,79.49,196.60,0.5911,-1,-1,-1
92,12,973.48,195.37,61.16,183.38,0.3984,-1,-1,-1
93,1,416.98,309.71,82.88,224.41,0.7306,-1,-1,-1
93,2,102.22,546.99,73.03,244.73,0.6920,-1,-1,-1
93,3,1164.04,956.62,86.88,123.38,0.7792,-1,-1,-1
93,4,1720.78,460.03,74.39,206.50,0.6208,-1,-1,-1
93,5,1356.47,572.06,83.91,216.64,0.5182,-1,-1,-1
93,6,22.80,697.23,72.68,226.31,0.7093,-1,-1,-1
93,13,385.75,851.35,118.53,228.65,0.8024,-1,-1,-1
93,16,501.15,209.98,79.93,198.04,0.5532,-1,-1,-1
93,12,972.65,195.45,61.87,185.62,0.3527,-1,-1,-1
94,1,417.05,309.02,82.97,224.82,0.7310,-1,-1,-1
94,2,102.37,547.13,73.04,244.56,0.6883,-1,-1,-1
94,3,1162.72,955.70,86.50,124.30,0.7913,-1,-1,-1
94,4,1721.27,460.16,74.51,206.88,0.6233,-1,-1,-1
94,5,1356.56,572.30,84.02,217.09,0.4741,-1,-1,-1
94,6,23.16,696.61,72.15,225.05,0.7143,-1,-1,-1
94,13,386.50,848.97,118.14,231.04,0.7916,-1,-1,-1
94,16,500.67,210.86,79.99,198.85,0.5256,-1,-1,-1
94,12,971.79,196.76,62.00,186.04,0.3334,-1,-1,-1
95,1,416.55,307.97,83.42,226.26,0.7427,-1,-1,-1
95,2,102.31,547.16,73.05,244.33,0.6853,-1,-1,-1
95,3,1161.27,954.15,86.61,125.85,0.7874,-1,-1,-1
95,4,1721.26,460.09,74.40,206.93,0.6117,-1,-1,-1
95,5,1356.65,573.30,83.77,216.49,0.4456,-1,-1,-1
95,6,23.88,695.79,72.03,225.73,0.7151,-1,-1,-1
95,13,386.60,844.62,118.48,235.38,0.7974,-1,-1,-1
95,16,501.57,212.67,79.76,199.22,0.4969,-1,-1,-1
95,12,970.56,197.32,62.49,187.85,0.3203,-1,-1,-1
96,1,417.55,307.18,83.68,226.88,0.7600,-1,-1,-1
96,2,102.15,547.01,73.01,243.98,0.6778,-1,-1,-1
96,3,1159.99,953.28,86.13,126.72,0.7955,-1,-1,-1
96,4,1721.24,459.36,74.37,207.04,0.6219,-1,-1,-1
96,5,1356.49,573.37,84.98,219.89,0.4978,-1,-1,-1
96,6,24.17,694.01,72.33,228.14,0.7193,-1,-1,-1
96,13,386.71,841.59,118.15,238.42,0.8076,-1,-1,-1
96,16,504.94,212.24,80.88,202.77,0.5504,-1,-1,-1
96,12,968.17,199.09,62.87,189.61,0.4080,-1,-1,-1
97,1,417.49,306.59,83.78,227.32,0.7582,-1,-1,-1
97,2,102.07,547.02,73.20,244.58,0.6833,-1,-1,-1
97,3,1158.21,951.85,85.91,128.15,0.7830,-1,-1,-1
97,4,1721.46,459.42,74.51,207.55,0.6386,-1,-1,-1
97,5,1355.99,572.75,85.26,221.07,0.5215,-1,-1,-1
97,6,24.21,692.87,72.14,228.54,0.7185,-1,-1,-1
97,13,386.74,840.47,116.78,239.53,0.8020,-1,-1,-1
97,16,506.62,213.26,80.77,204.10,0.5288,-1,-1,-1
97,12,965.97,199.49,63.02,190.70,0.3787,-1,-1,-1
98,1,417.66,305.29,84.11,228.70,0.7627,-1,-1,-1
98,2,101.93,546.86,73.24,244.65,0.6731,-1,-1,-1
98,3,1156.33,949.87,86.16,130.13,0.7766,-1,-1,-1
98,4,1721.21,456.87,75.33,210.40,0.6372,-1,-1,-1
98,5,1356.09,573.07,84.29,219.13,0.5183,-1,-1,-1
98,6,24.49,692.25,71.97,229.03,0.7197,-1,-1,-1
98,13,386.41,838.69,115.71,241.31,0.8025,-1,-1,-1
98,16,507.68,214.18,80.24,204.64,0.5613,-1,-1,-1
98,12,964.34,199.86,62.92,190.56,0.4792,-1,-1,-1
99,1,418.19,304.84,84.10,228.86,0.7623,-1,-1,-1
99,2,101.80,546.58,73.36,245.01,0.6740,-1,-1,-1
99,3,1154.66,947.24,86.80,132.76,0.7661,-1,-1,-1
99,4,1721.60,458.49,74.73,208.98,0.6248,-1,-1,-1
99,5,1356.74,573.45,82.71,215.02,0.5439,-1,-1,-1
99,6,25.22,691.61,71.70,228.99,0.7220,-1,-1,-1
99,13,385.86,834.73,115.62,245.27,0.8040,-1,-1,-1
99,16,508.66,214.61,79.38,204.72,0.5247,-1,-1,-1
99,12,962.50,200.43,62.67,190.12,0.4278,-1,-1,-1
100,1,419.00,303.44,84.14,229.32,0.7518,-1,-1,-1
100,2,101.47,545.57,73.95,247.44,0.6635,-1,-1,-1
100,3,1153.30,946.14,86.30,133.86,0.7549,-1,-1,-1
100,4,1721.61,459.14,74.43,208.29,0.6092,-1,-1,-1
100,5,1356.77,573.98,82.49,214.48,0.5219,-1,-1,-1
100,6,25.83,690.06,71.75,229.66,0.7321,-1,-1,-1
100,13,385.18,831.94,115.05,248.06,0.7951,-1,-1,-1
100,16,507.89,214.20,79.15,206.50,0.4418,-1,-1,-1
100,12,960.89,201.40,62.14,188.94,0.4511,-1,-1,-1
101,1,419.54,302.31,84.17,229.58,0.7660,-1,-1,-1
101,2,101.56,545.17,74.09,248.29,0.6691,-1,-1,-1
101,3,1152.02,945.38,85.40,134.16,0.7602,-1,-1,-1
101,4,1721.67,459.55,74.33,208.04,0.6193,-1,-1,-1
101,5,1356.79,574.38,82.49,214.51,0.5131,-1,-1,-1
101,6,27.37,688.00,70.93,227.33,0.7360,-1,-1,-1
101,13,384.26,830.02,114.24,249.98,0.7904,-1,-1,-1
101,16,508.50,216.22,78.76,207.38,0.5113,-1,-1,-1
101,12,959.97,202.05,60.92,185.28,0.4394,-1,-1,-1
102,1,419.99,300.39,84.09,229.81,0.7644,-1,-1,-1
102,2,101.84,544.79,74.12,248.66,0.6745,-1,-1,-1
102,3,1150.61,944.13,84.59,134.80,0.7409,-1,-1,-1
102,4,1721.71,459.93,74.04,207.37,0.6224,-1,-1,-1
102,5,1356.57,574.36,83.12,216.41,0.5021,-1,-1,-1
102,6,28.24,685.51,70.18,224.79,0.7533,-1,-1,-1
102,13,383.39,827.25,113.97,252.75,0.7981,-1,-1,-1
102,16,509.31,217.25,78.23,207.59,0.5148,-1,-1,-1
102,12,957.82,203.22,60.54,183.98,0.4930,-1,-1,-1
103,1,420.21,299.15,83.56,228.54,0.7478,-1,-1,-1
103,2,101.86,544.69,74.15,249.15,0.6718,-1,-1,-1
103,3,1148.60,941.72,84.61,136.99,0.7410,-1,-1,-1
103,4,1721.50,459.93,73.91,206.80,0.6110,-1,-1,-1
103,5,1356.84,574.02,83.56,217.78,0.4881,-1,-1,-1
103,6,30.37,684.16,69.02,220.92,0.7641,-1,-1,-1
103,13,382.59,825.36,113.53,254.64,0.7944,-1,-1,-1
103,16,509.33,216.99,78.54,209.64,0.5130,-1,-1,-1
103,12,954.98,201.54,60.81,184.74,0.4965,-1,-1,-1
104,1,420.76,298.92,82.45,225.66,0.7410,-1,-1,-1
104,2,102.01,544.15,74.25,249.98,0.6567,-1,-1,-1
104,3,1146.37,941.28,83.57,137.41,0.7273,-1,-1,-1
104,4,1721.36,459.41,73.82,206.80,0.6162,-1,-1,-1
104,5,1356.88,574.27,83.84,218.71,0.4486,-1,-1,-1
104,6,32.00,682.18,68.68,220.02,0.7643,-1,-1,-1
104,13,381.60,822.78,113.48,257.22,0.8052,-1,-1,-1
104,16,511.15,216.86,78.51,209.97,0.5278,-1,-1,-1
104,12,952.90,201.65,60.84,184.83,0.4648,-1,-1,-1
105,1,421.49,298.14,80.99,220.99,0.7366,-1,-1,-1
105,2,102.24,544.28,74.12,249.85,0.6829,-1,-1,-1
105,3,1144.76,940.48,82.44,137.78,0.7222,-1,-1,-1
105,4,1721.42,458.97,73.95,206.95,0.6148,-1,-1,-1
105,5,1356.59,574.26,85.75,224.01,0.4627,-1,-1,-1
105,6,34.14,680.91,68.93,221.26,0.7763,-1,-1,-1
105,13,381.26,821.03,113.12,258.97,0.8103,-1,-1,-1
105,16,512.76,220.25,76.88,206.38,0.5061,-1,-1,-1
105,12,950.49,201.25,61.30,186.56,0.4982,-1,-1,-1
106,1,422.33,297.02,79.80,217.04,0.7385,-1,-1,-1
106,2,102.61,545.36,73.80,248.92,0.6617,-1,-1,-1
106,3,1143.43,939.71,81.70,138.82,0.7098,-1,-1,-1
106,4,1721.35,459.55,73.89,206.77,0.6220,-1,-1,-1
106,5,1356.53,574.41,84.29,220.58,0.4964,-1,-1,-1
106,6,36.07,679.68,69.37,222.17,0.7827,-1,-1,-1
106,13,380.51,819.04,112.90,260.96,0.8043,-1,-1,-1
106,16,512.90,220.14,76.42,205.91,0.4992,-1,-1,-1
106,12,948.52,201.44,61.09,186.36,0.5160,-1,-1,-1
107,1,422.19,295.77,79.57,215.79,0.7489,-1,-1,-1
107,2,102.88,545.95,73.78,249.01,0.6631,-1,-1,-1
107,3,1142.07,938.39,81.43,140.29,0.7247,-1,-1,-1
107,4,1721.22,459.60,73.94,206.78,0.6308,-1,-1,-1
107,5,1356.59,574.39,85.09,222.77,0.4665,-1,-1,-1
107,6,38.50,678.81,70.09,222.23,0.7871,-1,-1,-1
107,13,380.09,817.60,112.35,262.40,0.8076,-1,-1,-1
107,16,513.20,223.00,75.09,202.96,0.5120,-1,-1,-1
107,12,947.73,203.76,60.88,186.53,0.5247,-1,-1,-1
108,1,422.00,294.42,79.86,216.04,0.7383,-1,-1,-1
108,2,102.87,545.92,74.09,250.20,0.6416,-1,-1,-1
108,3,1140.82,937.83,80.62,140.59,0.7298,-1,-1,-1
108,4,1721.03,459.26,74.06,207.04,0.6401,-1,-1,-1
108,5,1356.98,574.99,84.88,221.99,0.4991,-1,-1,-1
108,6,40.82,677.02,71.65,224.10,0.8082,-1,-1,-1
108,13,380.02,816.02,111.83,263.98,0.8065,-1,-1,-1
108,16,512.88,223.88,74.18,202.33,0.4524,-1,-1,-1
108,12,945.66,205.15,61.44,188.65,0.5481,-1,-1,-1
109,1,421.49,293.79,80.24,216.05,0.7413,-1,-1,-1
109,2,102.62,545.63,74.32,251.34,0.6548,-1,-1,-1
109,3,1139.12,937.00,80.42,141.94,0.7533,-1,-1,-1
109,4,1721.32,458.84,73.78,206.52,0.6151,-1,-1,-1
109,5,1356.74,575.48,83.42,218.14,0.5245,-1,-1,-1
109,6,41.39,676.01,72.57,225.08,0.8145,-1,-1,-1
109,13,379.44,811.95,112.20,268.05,0.8131,-1,-1,-1
109,16,513.14,225.17,73.14,201.15,0.4467,-1,-1,-1
109,12,944.39,204.97,61.16,188.41,0.6071,-1,-1,-1
110,1,421.10,291.82,81.22,217.83,0.7467,-1,-1,-1
110,2,102.37,545.12,74.90,253.85,0.6552,-1,-1,-1
110,3,1137.10,936.59,80.17,142.87,0.7566,-1,-1,-1
110,4,1721.23,459.25,74.07,207.48,0.6224,-1,-1,-1
110,5,1357.00,576.07,83.50,218.10,0.5024,-1,-1,-1
110,6,44.81,673.83,74.39,225.98,0.7994,-1,-1,-1
110,13,378.98,806.87,112.73,273.13,0.8169,-1,-1,-1
110,16,511.62,227.16,71.58,198.88,0.4354,-1,-1,-1
110,12,943.23,205.85,60.48,187.25,0.6181,-1,-1,-1
111,1,420.99,289.43,82.52,220.83,0.7341,-1,-1,-1
111,2,102.03,544.83,75.07,255.06,0.6583,-1,-1,-1
111,3,1135.09,935.90,80.04,143.93,0.7606,-1,-1,-1
111,4,1721.20,457.13,74.68,209.67,0.5936,-1,-1,-1
111,5,1356.95,575.99,82.12,214.46,0.5081,-1,-1,-1
111,6,47.74,671.72,76.00,226.16,0.7702,-1,-1,-1
111,13,379.51,802.33,112.91,277.67,0.8207,-1,-1,-1
111,16,515.38,227.80,71.83,199.07,0.5173,-1,-1,-1
111,12,941.97,206.84,60.34,187.12,0.6484,-1,-1,-1
112,1,420.31,287.95,83.22,222.32,0.7348,-1,-1,-1
112,2,102.07,544.74,74.86,255.15,0.6414,-1,-1,-1
112,3,1134.04,934.81,79.92,145.16,0.7561,-1,-1,-1
112,4,1721.35,456.62,74.84,210.45,0.6127,-1,-1,-1
112,5,1357.24,575.38,81.36,212.45,0.5605,-1,-1,-1
112,6,49.77,670.29,77.29,226.05,0.7174,-1,-1,-1
112,13,380.70,799.73,111.30,277.52,0.8148,-1,-1,-1
112,16,517.70,230.46,71.76,198.21,0.5553,-1,-1,-1
112,12,940.54,208.92,59.88,185.76,0.6367,-1,-1,-1
113,1,420.64,287.00,83.80,223.56,0.7437,-1,-1,-1
113,2,102.63,545.32,74.05,252.98,0.6696,-1,-1,-1
113,3,1132.22,934.24,79.66,145.77,0.7561,-1,-1,-1
113,4,1721.80,459.03,73.74,207.13,0.6321,-1,-1,-1
113,5,1357.04,575.41,82.49,215.24,0.5355,-1,-1,-1
113,6,48.81,669.82,77.32,225.36,0.6615,-1,-1,-1
113,13,381.89,797.41,108.81,274.42,0.8059,-1,-1,-1
113,16,518.65,232.88,71.88,198.11,0.5480,-1,-1,-1
113,12,939.39,209.99,59.59,185.38,0.6518,-1,-1,-1
114,1,421.04,286.06,84.08,223.38,0.7351,-1,-1,-1
114,2,102.90,545.42,73.60,251.90,0.6596,-1,-1,-1
114,3,1130.24,933.43,79.47,146.60,0.7547,-1,-1,-1
114,4,1721.39,457.19,74.48,209.59,0.6197,-1,-1,-1
114,5,1356.84,575.36,82.41,215.18,0.5363,-1,-1,-1
114,6,50.40,668.10,77.94,225.95,0.6566,-1,-1,-1
114,13,383.25,794.28,106.95,272.52,0.8079,-1,-1,-1
114,16,519.92,234.92,72.74,200.17,0.5681,-1,-1,-1
114,12,937.01,209.91,59.54,185.54,0.6028,-1,-1,-1
115,1,421.43,286.19,84.16,222.78,0.7587,-1,-1,-1
115,2,102.84,545.36,73.62,252.84,0.6313,-1,-1,-1
115,3,1127.76,933.47,79.12,146.56,0.7633,-1,-1,-1
115,4,1721.38,456.87,74.76,210.48,0.6517,-1,-1,-1
115,5,1357.22,575.05,82.17,214.30,0.5490,-1,-1,-1
115,6,53.95,666.10,78.57,226.94,0.6841,-1,-1,-1
115,13,384.91,790.93,105.66,271.10,0.8049,-1,-1,-1
115,16,521.81,236.39,73.22,201.03,0.6077,-1,-1,-1
115,12,936.11,210.56,58.97,184.33,0.6124,-1,-1,-1
116,1,420.92,285.47,84.66,223.43,0.7554,-1,-1,-1
116,2,102.85,546.10,72.42,249.11,0.5932,-1,-1,-1
116,3,1125.35,933.80,78.60,146.19,0.7660,-1,-1,-1
116,4,1721.71,459.33,73.85,207.78,0.6297,-1,-1,-1
116,5,1356.78,574.97,83.18,216.87,0.5442,-1,-1,-1
116,6,58.22,664.72,77.13,222.88,0.6925,-1,-1,-1
116,13,386.53,788.22,105.48,272.48,0.8108,-1,-1,-1
116,16,521.08,236.10,73.79,202.46,0.5904,-1,-1,-1
116,12,934.88,211.11,58.54,182.92,0.5616,-1,-1,-1
117,1,420.81,285.01,84.99,223.80,0.7546,-1,-1,-1
117,2,103.02,545.98,71.53,246.17,0.5549,-1,-1,-1
117,3,1123.35,933.91,78.13,145.68,0.7593,-1,-1,-1
117,4,1721.64,459.56,73.65,207.01,0.6431,-1,-1,-1
117,5,1356.24,575.66,84.40,220.08,0.5567,-1,-1,-1
117,6,64.99,664.32,75.43,218.35,0.7182,-1,-1,-1
117,13,387.44,786.55,105.05,272.66,0.8087,-1,-1,-1
117,16,520.79,236.50,74.08,203.29,0.5523,-1,-1,-1
117,12,933.62,211.14,57.84,181.18,0.5329,-1,-1,-1
118,1,421.02,284.64,85.05,223.83,0.7446,-1,-1,-1
118,2,101.24,545.36,71.96,246.43,0.5335,-1,-1,-1
118,3,1121.03,933.89,78.19,145.82,0.7776,-1,-1,-1
118,4,1721.68,459.81,73.55,206.62,0.6523,-1,-1,-1
118,5,1356.92,575.97,83.00,216.02,0.5140,-1,-1,-1
118,6,70.09,665.49,73.47,213.28,0.6107,-1,-1,-1
118,13,387.90,784.82,105.61,275.31,0.7998,-1,-1,-1
118,16,520.12,235.97,75.02,206.18,0.5837,-1,-1,-1
118,12,930.89,211.43,58.41,182.77,0.5609,-1,-1,-1
119,1,420.94,284.35,85.06,223.78,0.7466,-1,-1,-1
119,2,99.91,546.03,73.87,252.78,0.5138,-1,-1,-1
119,3,1118.17,933.94,78.28,145.97,0.7949,-1,-1,-1
119,4,1721.42,459.68,73.75,206.76,0.6540,-1,-1,-1
119,5,1356.77,575.83,83.41,217.20,0.4828,-1,-1,-1
119,6,75.91,667.82,72.24,209.58,0.5400,-1,-1,-1
119,13,389.52,783.48,105.10,275.22,0.8012,-1,-1,-1
119,16,519.46,237.13,75.07,207.07,0.6031,-1,-1,-1
119,12,929.31,210.95,58.78,184.97,0.5357,-1,-1,-1
120,1,420.87,283.84,85.22,224.34,0.7468,-1,-1,-1
120,2,99.31,545.64,74.76,255.87,0.5082,-1,-1,-1
120,3,1114.82,933.52,78.57,146.46,0.7978,-1,-1,-1
120,4,1721.41,459.85,73.90,206.86,0.6276,-1,-1,-1
120,5,1357.04,576.99,82.17,213.51,0.4812,-1,-1,-1
120,6,80.22,666.54,71.37,207.76,0.5924,-1,-1,-1
120,13,390.43,782.27,104.73,275.35,0.8033,-1,-1,-1
120,16,520.02,239.89,73.73,203.96,0.5786,-1,-1,-1
120,12,927.99,211.22,58.90,186.11,0.5363,-1,-1,-1
121,1,420.62,282.24,85.32,225.02,0.7512,-1,-1,-1
121,2,100.59,544.93,72.99,248.95,0.4923,-1,-1,-1
121,3,1111.30,932.85,79.04,147.16,0.7761,-1,-1,-1
121,4,1721.19,457.08,74.84,209.92,0.6353,-1,-1,-1
121,5,1356.89,576.32,82.04,213.00,0.5522,-1,-1,-1
121,6,81.80,664.45,72.18,210.10,0.6927,-1,-1,-1
121,13,390.90,780.19,104.81,276.63,0.8022,-1,-1,-1
121,16,520.15,242.34,72.16,200.83,0.5770,-1,-1,-1
121,12,926.22,211.41,58.95,186.71,0.4909,-1,-1,-1
122,1,420.95,281.25,84.86,223.94,0.7521,-1,-1,-1
122,2,104.53,546.04,65.94,221.54,0.4591,-1,-1,-1
122,3,1107.56,932.38,79.42,147.63,0.7837,-1,-1,-1
122,4,1721.12,458.80,74.34,208.00,0.6479,-1,-1,-1
122,5,1356.94,576.19,83.09,215.55,0.4780,-1,-1,-1
122,6,85.07,661.83,73.31,212.53,0.6641,-1,-1,-1
122,13,391.19,779.26,104.71,277.10,0.7995,-1,-1,-1
122,16,519.29,242.77,71.33,199.92,0.5996,-1,-1,-1
122,12,924.68,211.43,58.74,187.03,0.4256,-1,-1,-1
123,1,421.66,280.30,83.94,221.70,0.7330,-1,-1,-1
123,2,106.03,546.21,63.52,210.55,0.4804,-1,-1,-1
123,3,1104.69,931.63,79.63,148.08,0.7825,-1,-1,-1
123,4,1721.33,458.89,74.43,207.91,0.6469,-1,-1,-1
123,5,1357.27,576.42,82.48,213.45,0.5540,-1,-1,-1
123,6,86.48,659.50,74.07,213.97,0.6610,-1,-1,-1
123,13,391.25,778.01,104.53,277.24,0.7933,-1,-1,-1
123,16,519.82,244.46,70.10,197.48,0.5735,-1,-1,-1
123,12,923.81,210.32,58.88,188.49,0.4608,-1,-1,-1
124,1,422.18,279.13,82.83,218.72,0.7284,-1,-1,-1
124,2,105.33,545.37,64.63,212.26,0.3543,-1,-1,-1
124,3,1101.14,930.29,80.17,149.22,0.7832,-1,-1,-1
124,4,1721.32,459.38,74.27,207.12,0.6137,-1,-1,-1
124,5,1357.15,576.38,82.83,214.22,0.5143,-1,-1,-1
124,6,89.96,657.20,74.40,216.15,0.5096,-1,-1,-1
124,13,392.60,777.41,103.69,275.12,0.7934,-1,-1,-1
124,16,521.50,245.02,70.04,197.53,0.5242,-1,-1,-1
124,12,921.99,210.16,58.75,188.64,0.4639,-1,-1,-1
125,1,422.92,278.29,81.49,214.96,0.7079,-1,-1,-1
125,2,105.39,545.24,64.53,209.89,0.3387,-1,-1,-1
125,3,1097.51,929.73,80.54,150.01,0.7885,-1,-1,-1
125,4,1721.00,458.45,74.67,208.29,0.6329,-1,-1,-1
125,5,1357.09,576.01,83.01,214.71,0.4869,-1,-1,-1
125,6,92.68,654.05,74.45,219.36,0.4099,-1,-1,-1
125,13,392.49,775.18,103.84,276.11,0.7895,-1,-1,-1
125,16,522.38,247.10,68.29,192.68,0.5251,-1,-1,-1
125,12,920.02,210.45,58.56,188.82,0.4718,-1,-1,-1
126,1,422.61,277.40,81.19,213.79,0.7058,-1,-1,-1
126,2,109.33,544.04,56.60,177.40,0.3044,-1,-1,-1
126,3,1094.13,929.11,80.82,150.49,0.8040,-1,-1,-1
126,4,1720.61,458.49,74.82,208.70,0.6346,-1,-1,-1
126,5,1357.41,575.97,82.39,213.13,0.5259,-1,-1,-1
126,13,391.47,771.11,104.09,278.33,0.8007,-1,-1,-1
126,16,522.95,248.57,68.02,191.99,0.5492,-1,-1,-1
126,12,917.92,210.93,58.16,189.13,0.4829,-1,-1,-1
127,1,422.62,276.82,80.96,213.33,0.6877,-1,-1,-1
127,3,1091.22,928.89,81.22,150.97,0.8076,-1,-1,-1
127,4,1720.96,458.87,74.57,207.88,0.6575,-1,-1,-1
127,5,1357.55,576.47,82.51,213.41,0.5202,-1,-1,-1
127,13,391.30,766.65,103.04,277.39,0.7937,-1,-1,-1
127,16,523.83,251.32,67.12,189.36,0.5626,-1,-1,-1
127,12,916.48,210.93,57.75,189.22,0.4226,-1,-1,-1
128,1,422.34,276.28,80.74,212.95,0.6688,-1,-1,-1
128,3,1087.88,928.19,81.50,151.52,0.7922,-1,-1,-1
128,4,1721.27,459.12,74.47,207.30,0.6282,-1,-1,-1
128,5,1357.32,576.66,82.87,214.39,0.5055,-1,-1,-1
128,13,391.41,762.02,102.36,276.76,0.7918,-1,-1,-1
128,16,524.26,253.92,66.67,188.45,0.5367,-1,-1,-1
128,12,913.79,211.98,57.62,189.62,0.4353,-1,-1,-1
129,1,419.86,275.61,81.50,215.24,0.6899,-1,-1,-1
129,3,1085.32,927.64,81.61,151.87,0.7887,-1,-1,-1
129,4,1721.16,458.59,74.33,206.71,0.6354,-1,-1,-1
129,5,1360.29,576.06,83.96,219.06,0.4777,-1,-1,-1
129,13,392.82,757.33,100.43,272.92,0.7937,-1,-1,-1
129,16,524.07,255.27,67.10,190.74,0.5923,-1,-1,-1
129,12,911.59,212.91,57.13,188.11,0.4731,-1,-1,-1
130,1,418.69,274.20,82.15,217.36,0.7042,-1,-1,-1
130,3,1082.22,926.95,81.86,152.30,0.7803,-1,-1,-1
130,4,1721.24,458.43,74.57,207.45,0.6125,-1,-1,-1
130,5,1359.38,575.70,83.64,218.27,0.4890,-1,-1,-1
130,13,394.54,754.36,97.99,267.37,0.7504,-1,-1,-1
130,16,524.48,257.35,66.99,192.22,0.5550,-1,-1,-1
130,12,907.98,214.06,57.45,187.07,0.4832,-1,-1,-1
130,2,100.90,543.11,75.27,238.27,0.5555,-1,-1,-1
131,1,418.83,273.02,82.29,218.50,0.6626,-1,-1,-1
131,3,1080.11,926.72,81.48,151.74,0.7587,-1,-1,-1
131,4,1721.24,458.87,74.44,207.16,0.6176,-1,-1,-1
131,5,1360.08,576.44,82.57,215.67,0.5041,-1,-1,-1
131,13,394.67,752.09,96.58,264.41,0.7422,-1,-1,-1
131,16,524.45,257.81,68.00,197.54,0.5050,-1,-1,-1
131,12,904.60,214.27,58.00,186.63,0.4995,-1,-1,-1
131,2,100.36,542.32,76.78,245.06,0.6451,-1,-1,-1
132,1,418.57,272.76,82.37,219.10,0.6495,-1,-1,-1
132,3,1078.94,927.13,81.17,151.19,0.7711,-1,-1,-1
132,4,1721.28,459.16,74.39,207.04,0.6174,-1,-1,-1
132,5,1359.46,576.27,82.37,215.34,0.5141,-1,-1,-1
132,13,393.18,749.84,96.58,265.14,0.7529,-1,-1,-1
132,16,525.59,254.68,69.12,203.07,0.5009,-1,-1,-1
132,12,903.42,213.51,59.09,187.43,0.4835,-1,-1,-1
132,2,100.41,542.86,77.50,248.61,0.5842,-1,-1,-1
133,1,418.14,271.96,82.45,219.61,0.6420,-1,-1,-1
133,3,1077.46,927.34,81.10,151.10,0.7793,-1,-1,-1
133,4,1721.13,458.89,74.33,206.75,0.6036,-1,-1,-1
133,5,1358.91,576.63,82.18,214.33,0.4921,-1,-1,-1
133,13,391.48,748.38,96.73,265.17,0.7542,-1,-1,-1
133,16,526.32,253.77,69.20,206.12,0.5161,-1,-1,-1
133,12,902.54,211.58,60.73,190.54,0.4768,-1,-1,-1
133,2,100.69,543.32,77.54,249.45,0.5375,-1,-1,-1
134,1,417.84,272.38,82.13,218.92,0.6426,-1,-1,-1
134,3,1075.21,927.09,80.80,150.92,0.7850,-1,-1,-1
134,4,1721.03,459.40,74.34,206.87,0.5937,-1,-1,-1
134,5,1358.82,575.99,82.90,216.11,0.4819,-1,-1,-1
134,13,390.18,747.35,97.03,265.52,0.7698,-1,-1,-1
134,16,526.78,255.17,67.60,204.49,0.5157,-1,-1,-1
134,12,901.23,211.81,61.22,190.33,0.4615,-1,-1,-1
134,2,102.26,543.94,75.60,242.02,0.5149,-1,-1,-1
135,1,416.72,271.33,82.37,219.22,0.6417,-1,-1,-1
135,3,1073.53,926.50,80.93,151.55,0.7817,-1,-1,-1
135,4,1720.61,458.74,74.61,207.48,0.5994,-1,-1,-1
135,5,1358.63,575.94,83.32,216.95,0.5092,-1,-1,-1
135,13,389.34,745.44,97.75,267.44,0.7788,-1,-1,-1
135,16,526.64,258.07,66.43,203.60,0.5556,-1,-1,-1
135,12,900.40,211.15,61.95,191.27,0.4350,-1,-1,-1
135,2,102.03,542.49,76.45,243.96,0.6190,-1,-1,-1
136,1,416.80,270.73,82.13,218.76,0.6724,-1,-1,-1
136,3,1071.63,926.61,80.29,150.98,0.7888,-1,-1,-1
136,4,1720.86,458.78,74.74,207.98,0.6121,-1,-1,-1
136,5,1360.43,576.64,84.24,219.78,0.4843,-1,-1,-1
136,13,387.69,744.56,98.33,268.00,0.7918,-1,-1,-1
136,16,526.48,258.84,65.44,203.13,0.5589,-1,-1,-1
136,12,898.67,211.85,61.70,189.94,0.4134,-1,-1,-1
136,2,101.69,542.92,76.00,242.42,0.6223,-1,-1,-1
137,1,416.14,269.21,82.26,219.09,0.6636,-1,-1,-1
137,3,1070.01,926.99,79.67,150.26,0.7951,-1,-1,-1
137,4,1720.97,457.82,74.98,208.71,0.6079,-1,-1,-1
137,5,1362.65,577.39,83.54,219.22,0.4571,-1,-1,-1
137,13,386.29,744.07,98.79,268.19,0.7897,-1,-1,-1
137,16,527.19,256.95,64.99,204.73,0.5878,-1,-1,-1
137,12,896.40,211.24,61.98,191.11,0.4159,-1,-1,-1
137,2,100.38,543.84,75.00,240.20,0.5724,-1,-1,-1
137,17,1043.57,139.18,92.25,171.40,0.5818,-1,-1,-1
138,1,415.87,267.90,82.32,219.37,0.6922,-1,-1,-1
138,3,1068.48,927.35,79.18,149.87,0.7898,-1,-1,-1
138,4,1720.93,457.75,75.07,209.03,0.6051,-1,-1,-1
138,5,1362.94,577.21,83.86,221.29,0.4475,-1,-1,-1
138,13,385.30,743.90,99.10,267.87,0.7893,-1,-1,-1
138,16,528.04,256.47,63.69,203.61,0.5918,-1,-1,-1
138,12,893.63,211.95,58.97,183.11,0.4602,-1,-1,-1
138,2,99.23,544.44,74.01,239.19,0.5974,-1,-1,-1
138,17,1041.82,140.31,91.67,170.21,0.6013,-1,-1,-1
139,1,415.17,266.33,82.57,220.46,0.6406,-1,-1,-1
139,3,1067.08,927.29,78.66,149.42,0.7876,-1,-1,-1
139,4,1720.81,457.72,75.14,209.17,0.6233,-1,-1,-1
139,5,1362.03,576.60,84.61,223.47,0.4683,-1,-1,-1
139,13,384.53,743.72,99.22,267.23,0.7959,-1,-1,-1
139,16,528.75,258.44,62.27,201.44,0.5747,-1,-1,-1
139,12,892.26,210.61,60.50,188.31,0.5239,-1,-1,-1
139,2,98.74,544.75,73.55,239.82,0.6166,-1,-1,-1
139,17,1040.93,140.68,91.95,170.72,0.5912,-1,-1,-1
140,1,416.07,266.86,81.51,218.11,0.6140,-1,-1,-1
140,3,1065.53,926.60,78.52,149.61,0.7917,-1,-1,-1
140,4,1720.88,458.14,75.06,208.87,0.6352,-1,-1,-1
140,5,1360.84,576.89,82.43,216.78,0.5493,-1,-1,-1
140,13,384.69,741.74,99.46,267.24,0.7963,-1,-1,-1
140,16,529.03,258.40,61.98,202.50,0.6024,-1,-1,-1
140,12,888.04,210.26,58.63,184.24,0.4706,-1,-1,-1
140,2,98.50,544.78,73.03,240.66,0.6185,-1,-1,-1
140,17,1039.71,140.88,92.10,171.06,0.5768,-1,-1,-1
141,1,416.02,265.40,81.07,217.25,0.6318,-1,-1,-1
141,3,1063.33,925.43,78.88,150.97,0.7871,-1,-1,-1
141,4,1721.08,458.25,74.86,208.27,0.6219,-1,-1,-1
141,5,1359.78,575.99,82.76,216.69,0.4985,-1,-1,-1
141,13,384.76,739.64,99.52,267.30,0.7963,-1,-1,-1
141,16,529.22,258.31,61.32,202.19,0.6032,-1,-1,-1
141,12,884.73,209.74,58.89,186.47,0.5441,-1,-1,-1
141,2,99.01,545.24,72.65,241.61,0.6445,-1,-1,-1
141,17,1039.32,140.59,91.51,170.43,0.5570,-1,-1,-1
141,6,152.08,629.05,74.36,208.19,0.5908,-1,-1,-1
142,1,415.97,264.34,80.66,216.74,0.6327,-1,-1,-1
142,3,1061.73,924.79,78.90,152.27,0.7774,-1,-1,-1
142,4,1721.48,458.86,74.59,207.36,0.6235,-1,-1,-1
142,5,1359.13,575.87,83.48,217.63,0.4819,-1,-1,-1
142,13,385.30,737.43,99.43,267.93,0.7917,-1,-1,-1
142,16,529.31,257.65,61.00,202.92,0.5994,-1,-1,-1
142,12,881.57,208.75,58.64,187.04,0.5159,-1,-1,-1
142,2,100.06,545.48,72.36,242.66,0.6580,-1,-1,-1
142,17,1038.14,140.65,90.71,169.35,0.5949,-1,-1,-1
142,6,153.75,628.54,75.28,205.55,0.5432,-1,-1,-1
143,1,414.13,260.40,81.58,220.17,0.6328,-1,-1,-1
143,3,1060.10,923.79,78.56,152.94,0.7622,-1,-1,-1
143,4,1721.48,459.08,74.53,207.08,0.6333,-1,-1,-1
143,5,1358.95,575.81,83.75,217.74,0.4816,-1,-1,-1
143,13,386.27,734.77,98.47,266.33,0.8025,-1,-1,-1
143,16,528.96,257.65,60.58,203.02,0.5946,-1,-1,-1
143,12,879.06,207.29,58.56,188.51,0.4785,-1,-1,-1
143,2,100.94,545.22,71.85,242.49,0.6746,-1,-1,-1
143,17,1037.28,138.63,91.02,171.03,0.5702,-1,-1,-1
143,6,154.39,628.75,77.42,207.19,0.6519,-1,-1,-1
144,1,414.19,259.36,80.86,218.35,0.6324,-1,-1,-1
144,3,1058.44,923.16,78.03,153.48,0.7572,-1,-1,-1
144,4,1721.61,459.55,74.51,207.01,0.6214,-1,-1,-1
144,5,1359.21,575.91,83.79,217.31,0.4981,-1,-1,-1
144,13,387.41,731.62,96.99,263.21,0.7948,-1,-1,-1
144,16,529.11,259.20,60.28,202.91,0.6042,-1,-1,-1
144,12,876.90,206.86,58.49,188.67,0.4732,-1,-1,-1
144,2,101.51,545.42,71.46,242.25,0.6866,-1,-1,-1
144,17,1035.83,137.13,90.54,171.67,0.4549,-1,-1,-1
144,6,155.94,629.72,77.95,207.00,0.6813,-1,-1,-1
145,1,415.55,259.27,78.92,213.16,0.6204,-1,-1,-1
145,3,1056.46,922.79,77.23,153.82,0.7582,-1,-1,-1
145,4,1721.56,459.39,74.38,206.71,0.6099,-1,-1,-1
145,5,1359.07,575.99,83.11,215.02,0.5396,-1,-1,-1
145,13,389.99,729.56,94.81,258.21,0.7985,-1,-1,-1
145,16,528.43,259.41,59.90,202.74,0.5953,-1,-1,-1
145,12,874.23,207.06,58.31,186.77,0.5442,-1,-1,-1
145,2,102.22,545.48,71.52,243.27,0.7088,-1,-1,-1
145,17,1032.76,136.47,89.15,171.82,0.4216,-1,-1,-1
145,6,157.26,627.82,78.78,210.38,0.7007,-1,-1,-1
146,1,413.63,254.61,79.92,216.98,0.6393,-1,-1,-1
146,3,1053.64,921.90,77.15,156.00,0.7412,-1,-1,-1
146,4,1721.64,459.53,74.54,207.29,0.6137,-1,-1,-1
146,5,1358.41,575.54,84.04,217.24,0.5126,-1,-1,-1
146,13,392.07,726.72,92.90,253.38,0.7770,-1,-1,-1
146,16,528.82,259.43,60.07,204.28,0.5935,-1,-1,-1
146,12,872.84,206.53,58.20,185.85,0.4901,-1,-1,-1
146,2,102.66,545.71,71.39,243.35,0.7156,-1,-1,-1
146,17,1030.54,136.28,87.08,171.33,0.4843,-1,-1,-1
146,6,158.29,625.15,79.31,213.10,0.7110,-1,-1,-1
146,19,583.51,253.89,55.74,186.54,0.5108,-1,-1,-1
147,1,413.13,253.15,80.19,218.53,0.6465,-1,-1,-1
147,3,1050.95,921.20,76.35,157.24,0.7264,-1,-1,-1
147,4,1721.64,459.09,74.58,207.30,0.6268,-1,-1,-1
147,5,1358.50,574.76,84.15,217.44,0.5407,-1,-1,-1
147,13,392.98,720.64,93.19,254.85,0.7796,-1,-1,-1
147,16,528.67,260.07,60.15,205.85,0.6095,-1,-1,-1
147,12,871.05,205.88,58.43,185.33,0.4783,-1,-1,-1
147,2,103.23,545.94,70.98,242.32,0.7131,-1,-1,-1
147,17,1028.87,135.45,85.01,171.21,0.4764,-1,-1,-1
147,6,159.42,621.26,79.54,215.33,0.6894,-1,-1,-1
147,19,583.78,254.68,56.17,188.11,0.5380,-1,-1,-1
148,1,412.90,252.44,80.18,219.04,0.6339,-1,-1,-1
148,3,1049.07,919.84,75.16,157.47,0.7273,-1,-1,-1
148,4,1721.45,458.59,74.92,208.32,0.6466,-1,-1,-1
148,5,1358.04,575.16,83.80,216.53,0.5588,-1,-1,-1
148,13,393.87,717.36,93.12,254.93,0.7777,-1,-1,-1
148,16,529.39,261.22,60.31,206.76,0.5946,-1,-1,-1
148,12,868.20,204.83,60.30,190.53,0.4446,-1,-1,-1
148,2,103.44,545.54,71.00,242.46,0.7135,-1,-1,-1
148,17,1026.21,134.87,82.75,171.29,0.4424,-1,-1,-1
148,6,162.11,617.62,79.13,215.44,0.7078,-1,-1,-1
148,19,584.43,255.42,56.35,188.92,0.4954,-1,-1,-1
149,1,414.72,255.29,78.63,215.07,0.6248,-1,-1,-1
149,3,1047.88,918.49,74.46,158.69,0.7264,-1,-1,-1
149,4,1721.13,458.85,74.69,207.72,0.6218,-1,-1,-1
149,5,1358.33,575.30,83.61,215.67,0.5452,-1,-1,-1
149,13,395.06,713.24,94.18,258.32,0.7879,-1,-1,-1
149,16,530.33,262.85,60.12,206.37,0.6301,-1,-1,-1
149,12,866.17,204.42,60.91,192.22,0.4432,-1,-1,-1
149,2,103.63,545.60,70.86,242.12,0.7151,-1,-1,-1
149,17,1024.67,135.31,79.64,169.60,0.3608,-1,-1,-1
149,6,165.39,615.08,78.25,214.97,0.6958,-1,-1,-1
149,19,585.27,256.16,56.59,189.96,0.4500,-1,-1,-1
150,1,415.54,256.03,78.05,213.74,0.6198,-1,-1,-1
150,3,1045.81,916.76,74.15,160.97,0.7368,-1,-1,-1
150,4,1721.10,458.60,74.79,208.08,0.6385,-1,-1,-1
150,5,1357.74,574.96,84.19,216.82,0.5402,-1,-1,-1
150,13,395.24,710.64,95.42,261.47,0.7855,-1,-1,-1
150,16,530.22,264.76,60.14,207.39,0.6155,-1,-1,-1
150,12,865.84,205.09,61.24,192.61,0.4056,-1,-1,-1
150,2,103.43,545.50,71.11,243.07,0.7131,-1,-1,-1
150,17,1022.63,134.47,78.49,171.56,0.4901,-1,-1,-1
150,6,169.81,613.62,76.56,214.01,0.6570,-1,-1,-1
150,19,586.11,256.87,56.75,190.74,0.4352,-1,-1,-1
151,1,415.69,255.66,77.91,214.17,0.6157,-1,-1,-1
151,3,1044.55,914.27,73.83,163.29,0.7371,-1,-1,-1
151,4,1721.32,458.42,74.50,207.67,0.6249,-1,-1,-1
151,5,1360.73,574.27,85.19,222.19,0.4863,-1,-1,-1
151,13,395.99,709.58,95.84,262.69,0.7809,-1,-1,-1
151,16,529.71,265.99,60.16,208.96,0.6117,-1,-1,-1
151,12,864.87,205.07,61.10,191.55,0.4592,-1,-1,-1
151,2,103.39,546.29,71.29,243.61,0.7216,-1,-1,-1
151,17,1020.34,132.76,77.26,173.09,0.4879,-1,-1,-1
151,6,175.87,611.76,76.01,214.83,0.6707,-1,-1,-1
151,19,587.01,259.40,56.72,190.91,0.4180,-1,-1,-1
152,1,416.00,255.05,77.90,214.89,0.6061,-1,-1,-1
152,3,1043.11,913.39,73.02,164.46,0.7421,-1,-1,-1
152,4,1721.35,458.14,74.61,208.28,0.6152,-1,-1,-1
152,5,1360.47,576.01,82.90,216.19,0.5299,-1,-1,-1
152,13,396.94,707.77,96.47,264.12,0.7669,-1,-1,-1
152,16,529.84,270.49,59.01,206.60,0.5926,-1,-1,-1
152,12,863.99,205.54,61.01,190.66,0.5191,-1,-1,-1
152,2,103.31,546.71,71.35,243.32,0.7175,-1,-1,-1
152,17,1017.64,130.72,75.57,172.65,0.4077,-1,-1,-1
152,6,178.82,610.20,75.48,216.00,0.6899,-1,-1,-1
152,19,587.88,260.72,56.75,191.28,0.4119,-1,-1,-1
153,1,415.86,254.23,77.72,215.42,0.5831,-1,-1,-1
153,3,1041.48,912.26,72.54,166.31,0.7304,-1,-1,-1
153,4,1721.20,457.64,74.72,208.84,0.6099,-1,-1,-1
153,5,1359.89,575.59,82.56,215.82,0.5163,-1,-1,-1
153,13,397.67,707.86,96.78,264.20,0.7589,-1,-1,-1
153,16,530.27,274.25,57.77,203.25,0.5870,-1,-1,-1
153,12,862.79,204.91,61.45,191.39,0.4964,-1,-1,-1
153,2,103.33,547.54,71.75,244.94,0.7265,-1,-1,-1
153,17,1016.08,131.45,73.70,171.34,0.4118,-1,-1,-1
153,6,182.16,609.93,74.76,215.60,0.7364,-1,-1,-1
153,19,590.43,266.31,54.84,185.06,0.3229,-1,-1,-1
154,1,414.54,253.19,77.83,216.40,0.6003,-1,-1,-1
154,3,1040.37,911.54,71.75,167.50,0.7146,-1,-1,-1
154,4,1721.40,459.13,74.07,207.06,0.5869,-1,-1,-1
154,5,1359.74,576.22,82.40,215.53,0.5207,-1,-1,-1
154,13,398.50,707.96,96.95,263.57,0.7634,-1,-1,-1
154,16,531.23,276.72,56.89,200.96,0.5632,-1,-1,-1
154,12,861.33,205.09,61.74,191.38,0.5085,-1,-1,-1
154,2,103.49,547.24,71.98,246.01,0.7199,-1,-1,-1
154,17,1012.36,131.42,72.88,171.71,0.3510,-1,-1,-1
154,6,185.41,610.09,73.80,214.36,0.7530,-1,-1,-1
155,1,414.19,251.88,77.96,217.90,0.6029,-1,-1,-1
155,3,1039.17,910.98,70.80,168.00,0.7279,-1,-1,-1
155,4,1721.88,459.14,73.86,206.83,0.5962,-1,-1,-1
155,5,1359.88,576.32,81.82,213.72,0.5691,-1,-1,-1
155,13,399.47,705.97,97.96,265.28,0.7629,-1,-1,-1
155,16,532.15,278.69,56.24,198.74,0.5144,-1,-1,-1
155,12,859.63,205.11,61.77,189.90,0.5120,-1,-1,-1
155,2,102.86,546.16,72.33,247.50,0.6968,-1,-1,-1
155,17,1004.01,132.30,73.51,172.49,0.3938,-1,-1,-1
155,6,189.56,610.18,72.89,213.54,0.7611,-1,-1,-1
156,1,415.30,251.41,76.95,215.60,0.6179,-1,-1,-1
156,3,1037.77,910.41,70.28,169.29,0.7072,-1,-1,-1
156,4,1722.11,459.52,73.55,206.03,0.5857,-1,-1,-1
156,5,1358.69,578.11,81.39,212.21,0.5199,-1,-1,-1
156,13,399.64,703.02,98.61,266.51,0.7607,-1,-1,-1
156,16,532.45,276.19,56.73,200.50,0.4659,-1,-1,-1
156,12,858.34,204.41,61.88,188.41,0.5456,-1,-1,-1
156,2,102.58,545.63,72.36,247.66,0.6976,-1,-1,-1
156,17,997.18,133.25,73.94,171.87,0.4380,-1,-1,-1
156,6,192.51,608.94,72.44,213.85,0.7525,-1,-1,-1
157,1,415.65,251.44,76.13,213.75,0.6182,-1,-1,-1
157,3,1036.72,909.88,69.43,169.70,0.7011,-1,-1,-1
157,4,1722.34,459.93,73.34,205.65,0.5926,-1,-1,-1
157,5,1358.19,578.61,81.13,210.89,0.5215,-1,-1,-1
157,13,400.49,703.66,98.26,264.96,0.7720,-1,-1,-1
157,16,532.77,275.08,56.53,199.51,0.4364,-1,-1,-1
157,12,857.98,203.40,61.60,185.77,0.5671,-1,-1,-1
157,2,102.68,545.66,72.32,247.50,0.6958,-1,-1,-1
157,17,992.16,133.59,74.68,171.64,0.4656,-1,-1,-1
157,6,194.98,608.14,72.03,214.42,0.7420,-1,-1,-1
158,1,416.36,249.71,76.50,214.94,0.6446,-1,-1,-1
158,3,1035.53,909.49,69.04,170.42,0.7158,-1,-1,-1
158,4,1722.17,459.94,73.56,206.27,0.6106,-1,-1,-1
158,5,1358.01,577.80,81.22,210.58,0.5366,-1,-1,-1
158,13,400.05,703.71,97.58,262.79,0.7844,-1,-1,-1
158,16,532.13,273.33,57.06,200.02,0.4534,-1,-1,-1
158,12,856.44,201.81,61.97,184.75,0.5558,-1,-1,-1
158,2,102.59,546.07,72.16,246.85,0.6986,-1,-1,-1
158,17,989.98,132.75,75.50,172.11,0.3917,-1,-1,-1
158,6,196.39,606.90,71.09,213.34,0.7153,-1,-1,-1
159,1,417.55,249.71,75.80,212.87,0.6106,-1,-1,-1
159,3,1034.12,908.66,68.49,170.80,0.6983,-1,-1,-1
159,4,1722.43,461.11,73.18,205.07,0.6000,-1,-1,-1
159,5,1357.73,578.29,81.96,211.84,0.5145,-1,-1,-1
159,13,400.33,702.85,96.37,260.95,0.7611,-1,-1,-1
159,16,531.28,278.45,56.69,195.74,0.4321,-1,-1,-1
159,12,854.29,200.56,63.61,187.87,0.5482,-1,-1,-1
159,2,102.58,546.18,72.16,246.85,0.6950,-1,-1,-1
159,17,987.51,132.99,75.95,171.54,0.4133,-1,-1,-1
159,6,198.00,604.77,70.45,212.90,0.6951,-1,-1,-1
160,1,417.77,248.06,75.95,213.81,0.6440,-1,-1,-1
160,3,1033.30,908.56,67.94,171.29,0.6799,-1,-1,-1
160,4,1721.98,461.28,73.15,204.80,0.5705,-1,-1,-1
160,5,1357.88,579.08,83.76,216.05,0.4776,-1,-1,-1
160,13,400.78,698.82,95.04,258.03,0.7656,-1,-1,-1
160,16,530.98,284.13,56.39,191.34,0.4709,-1,-1,-1
160,12,853.00,199.05,65.03,191.05,0.5134,-1,-1,-1
160,2,102.45,546.62,72.07,246.61,0.6985,-1,-1,-1
160,17,984.89,132.58,76.28,170.42,0.4722,-1,-1,-1
160,6,199.26,602.70,70.49,214.75,0.7002,-1,-1,-1
161,1,418.23,247.00,75.54,212.23,0.6232,-1,-1,-1
161,3,1031.43,908.07,67.70,171.92,0.6929,-1,-1,-1
161,4,1721.89,461.06,73.40,205.52,0.5775,-1,-1,-1
161,5,1357.68,579.69,83.95,216.31,0.5265,-1,-1,-1
161,13,401.51,693.58,93.45,254.24,0.7744,-1,-1,-1
161,16,531.06,286.89,57.36,190.62,0.4184,-1,-1,-1
161,12,852.13,196.97,65.52,191.21,0.4850,-1,-1,-1
161,2,102.29,546.64,72.22,247.22,0.6866,-1,-1,-1
161,17,983.70,132.48,76.81,170.40,0.4897,-1,-1,-1
161,6,202.52,599.65,69.24,213.73,0.6675,-1,-1,-1
162,1,419.05,246.18,75.11,210.71,0.6233,-1,-1,-1
162,3,1030.14,907.34,67.41,172.70,0.7115,-1,-1,-1
162,4,1721.93,461.58,73.40,205.53,0.5775,-1,-1,-1
162,5,1359.97,578.14,85.49,221.82,0.4897,-1,-1,-1
162,13,402.27,688.83,93.03,253.59,0.7652,-1,-1,-1
162,12,851.20,195.92,65.83,191.06,0.4876,-1,-1,-1
162,2,101.90,546.40,72.34,247.83,0.6726,-1,-1,-1
162,17,982.55,133.36,76.86,169.88,0.3936,-1,-1,-1
162,6,207.52,598.22,67.23,209.18,0.6741,-1,-1,-1
163,1,419.71,244.95,75.07,209.78,0.6178,-1,-1,-1
163,3,1028.88,906.45,67.27,173.61,0.6839,-1,-1,-1
163,4,1721.72,461.01,73.70,206.41,0.5791,-1,-1,-1
163,5,1358.60,579.31,86.63,224.28,0.5055,-1,-1,-1
163,13,402.21,684.64,93.15,254.82,0.7710,-1,-1,-1
163,12,851.31,194.60,65.45,188.89,0.4677,-1,-1,-1
163,2,102.10,546.39,72.35,247.92,0.6631,-1,-1,-1
163,17,981.00,131.01,77.77,172.56,0.3591,-1,-1,-1
163,6,210.66,595.90,66.43,207.95,0.6715,-1,-1,-1
164,1,419.84,244.27,75.04,208.58,0.6263,-1,-1,-1
164,3,1027.53,906.86,66.39,172.80,0.7307,-1,-1,-1
164,4,1721.69,460.75,73.80,206.64,0.5990,-1,-1,-1
164,5,1358.23,579.84,86.46,223.32,0.4790,-1,-1,-1
164,13,402.08,682.16,92.93,254.57,0.7738,-1,-1,-1
164,12,852.27,192.51,67.04,193.16,0.4605,-1,-1,-1
164,2,101.98,546.52,72.16,247.32,0.6805,-1,-1,-1
164,17,979.75,129.23,77.00,172.62,0.3058,-1,-1,-1
164,6,213.39,594.04,66.36,208.83,0.7065,-1,-1,-1
165,1,420.01,242.65,75.73,209.58,0.6170,-1,-1,-1
165,3,1026.22,907.42,65.66,172.15,0.7265,-1,-1,-1
165,4,1721.88,460.45,73.81,206.53,0.5945,-1,-1,-1
165,5,1358.32,580.74,85.32,219.96,0.5013,-1,-1,-1
165,13,401.23,680.20,93.45,255.90,0.7917,-1,-1,-1
165,12,853.10,191.52,67.49,194.26,0.4859,-1,-1,-1
165,2,101.99,546.40,72.01,246.95,0.6766,-1,-1,-1
165,6,213.52,592.19,66.40,209.28,0.7327,-1,-1,-1
166,1,419.41,241.60,75.94,210.16,0.5914,-1,-1,-1
166,3,1024.76,907.33,65.31,172.16,0.6855,-1,-1,-1
166,4,1721.84,460.67,73.88,206.95,0.6247,-1,-1,-1
166,5,1357.93,580.37,84.04,216.39,0.5031,-1,-1,-1
166,13,400.07,678.55,94.27,258.22,0.7914,-1,-1,-1
166,12,853.64,190.94,67.07,192.26,0.4911,-1,-1,-1
166,2,101.84,546.23,71.96,246.93,0.6849,-1,-1,-1
166,6,216.36,590.50,67.31,211.00,0.7025,-1,-1,-1
167,1,418.75,240.52,76.44,211.72,0.5753,-1,-1,-1
167,3,1022.98,906.71,65.49,172.94,0.6849,-1,-1,-1
167,4,1721.84,460.50,73.80,207.05,0.6082,-1,-1,-1
167,5,1357.13,579.78,84.50,217.54,0.4910,-1,-1,-1
167,13,399.41,675.67,94.81,260.23,0.7967,-1,-1,-1
167,12,854.38,190.62,66.47,189.45,0.4849,-1,-1,-1
167,2,101.77,546.31,72.05,247.24,0.6872,-1,-1,-1
167,6,217.91,589.35,68.70,213.36,0.7071,-1,-1,-1
168,1,418.00,239.49,76.89,213.01,0.5939,-1,-1,-1
168,3,1021.06,906.91,65.30,172.44,0.7042,-1,-1,-1
168,4,1721.43,459.27,74.32,208.76,0.6115,-1,-1,-1
168,5,1356.78,579.06,84.24,217.38,0.4972,-1,-1,-1
168,13,398.64,674.94,94.99,260.87,0.7840,-1,-1,-1
168,12,854.55,190.68,67.02,190.14,0.5117,-1,-1,-1
168,2,101.87,546.51,72.03,247.05,0.6861,-1,-1,-1
168,6,221.68,589.05,69.48,212.57,0.7157,-1,-1,-1
169,1,418.43,238.63,77.27,213.81,0.6112,-1,-1,-1
169,3,1020.20,907.86,64.89,171.27,0.7078,-1,-1,-1
169,4,1721.46,459.77,74.12,208.23,0.6104,-1,-1,-1
169,5,1357.34,578.92,84.54,217.88,0.4622,-1,-1,-1
169,13,398.88,674.08,94.96,260.86,0.7770,-1,-1,-1
169,12,854.54,190.48,67.12,189.17,0.5304,-1,-1,-1
169,2,101.76,545.88,72.46,248.31,0.6516,-1,-1,-1
169,6,224.12,588.62,70.46,213.22,0.6902,-1,-1,-1
170,1,418.33,237.83,77.76,214.98,0.6154,-1,-1,-1
170,3,1017.99,908.41,64.64,171.17,0.7220,-1,-1,-1
170,4,1721.34,460.46,73.98,207.66,0.6201,-1,-1,-1
170,5,1361.58,577.86,84.43,220.40,0.4458,-1,-1,-1
170,13,399.08,673.11,94.75,260.92,0.7748,-1,-1,-1
170,12,855.92,189.79,66.96,188.50,0.5096,-1,-1,-1
170,2,102.07,546.37,72.29,247.10,0.6539,-1,-1,-1
170,6,224.05,588.32,71.02,213.67,0.6627,-1,-1,-1
171,1,418.10,237.75,77.90,215.15,0.6221,-1,-1,-1
171,3,1016.48,908.93,64.24,170.94,0.7228,-1,-1,-1
171,4,1721.49,459.99,74.13,208.12,0.6031,-1,-1,-1
171,5,1362.10,577.26,84.18,221.91,0.4551,-1,-1,-1
171,13,399.21,672.24,94.32,260.26,0.7746,-1,-1,-1
171,12,858.00,191.53,65.23,184.47,0.4111,-1,-1,-1
171,2,102.22,546.42,72.61,247.36,0.6602,-1,-1,-1
171,6,223.32,588.14,71.37,213.14,0.6914,-1,-1,-1
172,1,417.75,237.53,78.35,216.44,0.6276,-1,-1,-1
172,3,1014.91,909.67,63.65,169.95,0.7436,-1,-1,-1
172,4,1721.74,460.29,73.94,207.59,0.5985,-1,-1,-1
172,5,1359.72,578.15,82.78,217.62,0.4744,-1,-1,-1
172,13,399.43,670.58,93.96,259.92,0.7812,-1,-1,-1
172,12,859.60,190.36,65.45,185.10,0.5030,-1,-1,-1
172,2,101.63,546.62,72.53,246.44,0.6623,-1,-1,-1
172,6,222.56,586.94,72.12,213.65,0.6431,-1,-1,-1
173,1,417.70,237.11,78.40,216.62,0.6146,-1,-1,-1
173,3,1012.56,910.04,63.44,169.60,0.7341,-1,-1,-1
173,4,1721.57,460.77,73.73,206.72,0.5928,-1,-1,-1
173,5,1358.65,578.59,82.03,215.21,0.5034,-1,-1,-1
173,13,400.45,668.66,93.22,259.32,0.7742,-1,-1,-1
173,12,860.44,189.05,65.93,186.45,0.4489,-1,-1,-1
173,2,101.49,546.31,72.79,246.93,0.6574,-1,-1,-1
173,6,221.86,584.20,72.96,215.14,0.6587,-1,-1,-1
174,1,417.22,236.54,78.49,217.22,0.6205,-1,-1,-1
174,3,1010.41,911.28,63.13,168.60,0.7399,-1,-1,-1
174,4,1721.34,459.88,74.08,207.69,0.5966,-1,-1,-1
174,5,1358.41,578.99,81.18,212.40,0.4983,-1,-1,-1
174,13,401.88,666.67,92.60,259.67,0.7818,-1,-1,-1
174,12,861.22,186.77,65.89,186.56,0.4383,-1,-1,-1
174,2,101.12,546.70,72.85,246.68,0.6518,-1,-1,-1
174,6,223.73,583.06,72.85,214.04,0.6752,-1,-1,-1
175,1,416.64,235.73,78.23,216.79,0.6517,-1,-1,-1
175,3,1007.76,912.74,62.77,167.24,0.7263,-1,-1,-1
175,4,1721.43,459.90,74.09,207.90,0.5931,-1,-1,-1
175,5,1358.82,578.88,80.46,209.60,0.5184,-1,-1,-1
175,13,402.74,663.89,92.28,260.85,0.8043,-1,-1,-1
175,12,863.11,185.89,64.99,183.63,0.4610,-1,-1,-1
175,2,100.70,546.65,72.88,246.39,0.6572,-1,-1,-1
175,6,224.76,579.79,72.69,214.36,0.6874,-1,-1,-1
176,1,416.06,233.41,78.29,217.79,0.6333,-1,-1,-1
176,3,1005.94,913.16,62.59,166.85,0.7290,-1,-1,-1
176,4,1721.17,459.67,74.12,208.22,0.5885,-1,-1,-1
176,5,1358.73,578.92,79.96,207.58,0.5145,-1,-1,-1
176,13,403.51,659.58,91.06,259.61,0.7913,-1,-1,-1
176,12,863.45,184.41,65.54,185.03,0.5037,-1,-1,-1
176,2,100.43,546.80,72.90,246.43,0.6576,-1,-1,-1
176,6,225.74,577.21,72.01,213.56,0.6685,-1,-1,-1
177,1,415.55,232.78,78.03,217.93,0.6375,-1,-1,-1
177,3,1005.00,913.19,62.14,165.31,0.7308,-1,-1,-1
177,4,1721.11,459.71,74.10,208.13,0.5823,-1,-1,-1
177,5,1358.29,578.96,80.79,209.20,0.4843,-1,-1,-1
177,13,404.97,654.78,88.89,255.14,0.7858,-1,-1,-1
177,12,864.46,182.30,65.68,185.07,0.5223,-1,-1,-1
177,2,100.34,546.89,72.83,246.09,0.6565,-1,-1,-1
177,6,226.29,575.27,71.15,211.89,0.6766,-1,-1,-1
178,1,415.31,231.10,77.08,215.91,0.6172,-1,-1,-1
178,3,1003.98,913.34,61.93,164.71,0.7206,-1,-1,-1
178,4,1721.25,460.10,73.95,207.75,0.5631,-1,-1,-1
178,5,1357.66,578.06,81.76,211.41,0.4804,-1,-1,-1
178,13,405.46,650.85,87.51,251.81,0.7857,-1,-1,-1
178,12,865.40,180.98,65.69,184.76,0.4978,-1,-1,-1
178,2,100.02,547.04,72.47,245.08,0.6539,-1,-1,-1
178,6,227.14,573.45,69.73,208.18,0.6069,-1,-1,-1
179,1,414.39,228.57,76.72,215.93,0.5930,-1,-1,-1
179,3,1002.18,913.56,61.71,164.66,0.7161,-1,-1,-1
179,4,1721.20,460.49,73.73,207.24,0.5469,-1,-1,-1
179,5,1357.02,577.62,83.79,216.92,0.5050,-1,-1,-1
179,13,406.55,648.57,86.73,249.98,0.7860,-1,-1,-1
179,12,866.59,180.34,65.60,184.03,0.4839,-1,-1,-1
179,2,99.94,546.18,72.62,246.41,0.6507,-1,-1,-1
179,6,227.29,571.46,69.42,207.50,0.6183,-1,-1,-1
180,1,414.18,227.51,75.74,213.28,0.6236,-1,-1,-1
180,3,1000.11,913.34,61.68,165.17,0.7209,-1,-1,-1
180,4,1721.39,460.22,73.89,207.94,0.5274,-1,-1,-1
180,5,1357.49,577.19,82.21,212.77,0.5125,-1,-1,-1
180,13,408.49,647.63,86.30,248.78,0.7905,-1,-1,-1
180,12,867.81,180.78,65.88,184.29,0.5042,-1,-1,-1
180,2,99.79,545.98,72.33,246.29,0.6557,-1,-1,-1
180,6,228.45,569.98,69.16,207.07,0.5864,-1,-1,-1
180,20,-4.02,618.04,93.75,222.94,0.5042,-1,-1,-1
180,16,526.13,295.07,60.81,202.27,0.5224,-1,-1,-1
181,1,414.34,227.06,74.79,210.70,0.5963,-1,-1,-1
181,3,997.93,914.28,61.33,164.67,0.7208,-1,-1,-1
181,4,1721.44,459.19,74.34,209.37,0.5129,-1,-1,-1
181,5,1357.54,577.36,83.08,214.89,0.4994,-1,-1,-1
181,13,409.96,646.25,86.50,248.90,0.7886,-1,-1,-1
181,12,869.20,179.14,65.93,184.09,0.5017,-1,-1,-1
181,2,99.56,545.44,72.46,247.79,0.6546,-1,-1,-1
181,6,229.67,568.96,68.77,205.85,0.5737,-1,-1,-1
181,20,-6.00,617.55,94.04,224.33,0.4732,-1,-1,-1
181,16,526.89,299.41,60.00,200.20,0.5467,-1,-1,-1
182,1,414.91,226.60,74.07,208.57,0.5808,-1,-1,-1
182,3,995.95,915.71,60.49,163.05,0.7356,-1,-1,-1
182,4,1721.58,459.23,74.13,209.22,0.5284,-1,-1,-1
182,5,1356.55,576.68,85.70,222.41,0.4785,-1,-1,-1
182,13,410.23,645.09,87.21,249.99,0.7844,-1,-1,-1
182,12,869.81,177.72,67.10,185.73,0.5388,-1,-1,-1
182,2,99.77,545.69,72.06,247.32,0.6712,-1,-1,-1
182,6,230.26,567.59,67.78,203.93,0.5869,-1,-1,-1
182,20,1.28,618.59,99.25,236.46,0.6071,-1,-1,-1
182,16,526.32,297.51,60.30,200.72,0.4856,-1,-1,-1
183,1,415.97,227.96,73.27,206.52,0.5794,-1,-1,-1
183,3,994.71,916.16,59.98,162.20,0.7283,-1,-1,-1
183,4,1721.75,459.37,73.85,208.77,0.5237,-1,-1,-1
183,5,1356.68,576.85,85.90,223.25,0.4897,-1,-1,-1
183,13,410.53,643.52,88.20,251.38,0.7979,-1,-1,-1
183,12,870.23,176.74,68.00,186.90,0.5564,-1,-1,-1
183,2,99.84,545.79,71.91,247.76,0.6819,-1,-1,-1
183,6,230.23,566.12,67.91,204.86,0.5514,-1,-1,-1
183,20,4.75,621.30,100.37,238.86,0.6555,-1,-1,-1
183,16,524.78,295.83,62.26,205.70,0.4062,-1,-1,-1
184,1,416.62,227.59,73.35,206.77,0.5791,-1,-1,-1
184,3,993.76,917.66,59.54,161.48,0.7233,-1,-1,-1
184,4,1721.21,459.25,73.86,208.97,0.5334,-1,-1,-1
184,5,1356.77,576.55,86.25,224.59,0.4653,-1,-1,-1
184,13,411.07,642.18,89.03,252.48,0.7735,-1,-1,-1
184,12,870.21,176.56,68.55,187.25,0.5430,-1,-1,-1
184,2,99.46,545.82,71.70,248.05,0.6704,-1,-1,-1
184,6,230.41,565.28,68.56,208.05,0.5351,-1,-1,-1
184,20,7.12,622.43,99.18,236.22,0.6215,-1,-1,-1
184,16,517.85,253.23,74.37,251.79,0.3986,-1,-1,-1
185,1,416.18,227.19,73.51,207.08,0.5878,-1,-1,-1
185,3,992.84,918.32,58.99,160.04,0.7175,-1,-1,-1
185,4,1721.28,459.38,73.64,208.59,0.5027,-1,-1,-1
185,5,1357.37,575.96,84.86,221.04,0.4800,-1,-1,-1
185,13,411.24,642.27,89.60,252.41,0.7859,-1,-1,-1
185,12,870.38,177.35,69.52,188.37,0.5879,-1,-1,-1
185,2,99.05,546.08,71.23,247.33,0.6464,-1,-1,-1
185,6,230.81,564.95,68.74,209.41,0.5680,-1,-1,-1
185,20,11.05,622.15,98.34,234.96,0.6221,-1,-1,-1
185,16,520.32,275.80,68.43,230.35,0.4305,-1,-1,-1
186,1,415.97,226.67,73.63,207.23,0.5963,-1,-1,-1
186,3,991.49,918.49,58.91,160.19,0.7341,-1,-1,-1
186,4,1721.37,459.15,73.59,208.75,0.5033,-1,-1,-1
186,5,1356.59,574.83,85.82,224.10,0.4939,-1,-1,-1
186,13,410.85,640.89,90.61,254.25,0.7943,-1,-1,-1
186,12,869.76,176.15,70.62,190.42,0.5612,-1,-1,-1
186,2,98.82,546.45,70.85,246.55,0.6452,-1,-1,-1
186,6,230.07,564.73,68.32,208.47,0.5833,-1,-1,-1
186,20,14.18,620.14,98.64,236.36,0.6575,-1,-1,-1
186,16,522.94,293.33,62.82,211.00,0.4266,-1,-1,-1
187,1,415.90,225.32,74.24,209.05,0.6014,-1,-1,-1
187,3,990.09,918.93,58.84,159.54,0.7347,-1,-1,-1
187,4,1721.42,459.53,73.31,208.17,0.4952,-1,-1,-1
187,5,1356.63,573.71,85.89,224.82,0.5044,-1,-1,-1
187,13,410.41,639.14,91.41,255.66,0.7812,-1,-1,-1
187,12,869.41,176.16,71.31,191.30,0.5617,-1,-1,-1
187,2,98.38,546.51,70.30,244.19,0.6377,-1,-1,-1
187,6,229.13,563.92,68.47,209.29,0.6350,-1,-1,-1
187,20,20.10,620.06,99.77,239.53,0.6872,-1,-1,-1
187,16,524.34,298.99,61.61,207.66,0.5400,-1,-1,-1
188,1,416.25,225.68,73.87,207.72,0.5946,-1,-1,-1
188,3,989.28,919.28,58.88,159.23,0.7218,-1,-1,-1
188,4,1721.46,460.08,73.13,207.50,0.5075,-1,-1,-1
188,5,1356.67,572.74,86.07,225.91,0.4594,-1,-1,-1
188,13,410.84,637.45,91.64,256.18,0.7685,-1,-1,-1
188,12,870.41,177.00,70.30,187.12,0.4322,-1,-1,-1
188,2,97.80,546.31,69.98,242.34,0.5923,-1,-1,-1
188,6,228.27,562.04,68.95,210.91,0.6183,-1,-1,-1
188,20,24.55,619.10,100.67,240.94,0.7143,-1,-1,-1
188,16,524.08,299.93,61.78,207.89,0.5397,-1,-1,-1
189,1,416.20,224.65,73.88,207.65,0.5819,-1,-1,-1
189,3,987.95,919.81,58.82,158.86,0.7122,-1,-1,-1
189,4,1721.26,460.54,73.15,207.37,0.4816,-1,-1,-1
189,5,1357.13,572.64,84.01,220.82,0.4582,-1,-1,-1
189,13,410.09,634.39,92.29,258.12,0.7985,-1,-1,-1
189,12,870.81,177.05,70.93,186.46,0.4621,-1,-1,-1
189,2,96.34,546.52,69.23,239.07,0.5354,-1,-1,-1
189,6,228.11,558.48,68.24,209.78,0.5553,-1,-1,-1
189,20,27.91,619.59,101.91,242.32,0.6902,-1,-1,-1
189,16,523.83,303.40,61.75,207.13,0.5648,-1,-1,-1
190,1,416.70,224.30,73.79,207.46,0.5687,-1,-1,-1
190,3,986.87,920.71,58.48,157.65,0.7264,-1,-1,-1
190,4,1721.28,459.27,73.54,208.59,0.4643,-1,-1,-1
190,5,1357.15,572.27,83.19,219.00,0.4494,-1,-1,-1
190,13,410.42,633.50,91.42,256.71,0.7853,-1,-1,-1
190,12,872.07,178.32,71.54,185.03,0.5122,-1,-1,-1
190,2,95.75,546.50,67.94,233.03,0.4935,-1,-1,-1
190,6,228.31,555.54,67.35,207.93,0.5731,-1,-1,-1
190,20,31.54,621.19,103.89,245.28,0.6737,-1,-1,-1
190,16,523.42,303.27,62.69,209.25,0.5938,-1,-1,-1
191,1,417.30,223.16,73.81,207.57,0.5656,-1,-1,-1
191,3,985.95,921.75,57.96,155.84,0.7426,-1,-1,-1
191,4,1720.94,459.52,73.61,208.46,0.4924,-1,-1,-1
191,5,1357.33,571.61,86.41,227.77,0.4815,-1,-1,-1
191,13,410.21,630.79,90.62,255.75,0.7833,-1,-1,-1
191,12,872.93,175.65,72.31,185.44,0.4829,-1,-1,-1
191,2,99.96,545.87,59.72,199.70,0.5734,-1,-1,-1
191,6,228.12,552.21,66.51,206.34,0.5918,-1,-1,-1
191,20,35.82,622.26,106.77,249.23,0.6087,-1,-1,-1
191,16,523.36,303.37,63.40,210.47,0.5484,-1,-1,-1
192,1,418.16,222.84,73.83,207.67,0.5437,-1,-1,-1
192,3,984.97,922.58,57.62,154.73,0.7447,-1,-1,-1
192,4,1720.91,459.81,73.49,207.83,0.5382,-1,-1,-1
192,5,1357.55,571.01,85.51,225.18,0.4981,-1,-1,-1
192,13,410.49,626.25,89.26,253.08,0.7717,-1,-1,-1
192,12,874.01,173.39,72.84,185.72,0.5071,-1,-1,-1
192,2,101.32,545.22,57.08,186.32,0.5979,-1,-1,-1
192,6,227.98,550.37,66.04,204.96,0.6324,-1,-1,-1
192,20,39.04,624.88,108.83,251.50,0.5943,-1,-1,-1
192,16,523.74,304.76,63.42,209.32,0.5989,-1,-1,-1
193,1,418.10,221.32,74.12,208.35,0.5236,-1,-1,-1
193,3,983.89,922.39,57.73,155.23,0.7164,-1,-1,-1
193,4,1720.94,459.54,73.46,207.61,0.5201,-1,-1,-1
193,5,1357.10,570.69,86.55,228.30,0.4933,-1,-1,-1
193,13,410.79,622.60,87.66,249.58,0.7896,-1,-1,-1
193,12,875.64,172.86,72.67,184.91,0.4296,-1,-1,-1
193,2,100.97,545.09,56.47,180.10,0.5867,-1,-1,-1
193,6,227.75,547.33,66.30,206.33,0.6395,-1,-1,-1
193,20,41.37,628.40,107.94,248.14,0.5098,-1,-1,-1
193,16,523.57,307.70,63.12,206.38,0.5524,-1,-1,-1
194,1,418.68,221.55,73.87,207.03,0.5100,-1,-1,-1
194,3,982.57,922.05,58.21,156.02,0.7386,-1,-1,-1
194,4,1720.97,459.84,73.49,207.58,0.5017,-1,-1,-1
194,5,1356.26,570.48,87.11,230.32,0.4713,-1,-1,-1
194,13,410.55,619.21,86.48,248.25,0.7743,-1,-1,-1
194,12,876.81,172.80,72.07,182.67,0.3923,-1,-1,-1
194,2,100.22,544.83,56.51,175.61,0.6222,-1,-1,-1
194,6,227.65,545.69,65.99,205.74,0.6429,-1,-1,-1
194,20,44.24,631.24,106.65,243.91,0.5885,-1,-1,-1
194,16,522.60,308.84,63.51,205.67,0.5770,-1,-1,-1
195,1,418.76,219.56,74.76,209.58,0.5585,-1,-1,-1
195,3,982.15,922.26,58.15,155.78,0.7299,-1,-1,-1
195,4,1721.02,459.54,73.67,208.13,0.5215,-1,-1,-1
195,5,1357.06,570.18,84.31,222.51,0.5590,-1,-1,-1
195,13,410.56,617.31,85.62,247.29,0.7846,-1,-1,-1
195,12,878.66,170.56,70.99,179.47,0.3666,-1,-1,-1
195,2,99.42,544.54,57.38,174.45,0.6015,-1,-1,-1
195,6,227.18,544.31,66.14,207.24,0.6471,-1,-1,-1
195,20,46.60,633.39,104.53,237.47,0.6656,-1,-1,-1
195,16,520.94,308.87,64.66,206.82,0.6708,-1,-1,-1
196,1,419.19,217.97,74.66,209.75,0.5386,-1,-1,-1
196,3,981.23,921.90,58.68,156.48,0.7311,-1,-1,-1
196,4,1720.48,458.71,74.05,209.49,0.5037,-1,-1,-1
196,5,1357.00,571.25,83.59,220.31,0.5213,-1,-1,-1
196,13,408.78,614.24,85.80,248.14,0.7515,-1,-1,-1
196,12,880.43,169.39,69.79,176.94,0.4262,-1,-1,-1
196,2,98.55,544.26,58.49,174.81,0.5414,-1,-1,-1
196,6,226.23,543.81,65.91,207.22,0.6475,-1,-1,-1
196,20,47.53,635.83,106.46,241.95,0.6668,-1,-1,-1
196,16,520.72,310.48,65.40,207.10,0.6012,-1,-1,-1
197,1,419.84,216.56,74.73,209.43,0.5739,-1,-1,-1
197,3,979.71,922.01,59.16,156.48,0.7374,-1,-1,-1
197,4,1720.91,458.77,73.98,209.50,0.5006,-1,-1,-1
197,5,1357.05,571.39,83.10,218.68,0.5401,-1,-1,-1
197,13,406.21,611.19,86.34,249.32,0.7413,-1,-1,-1
197,12,881.19,168.35,69.22,176.30,0.4546,-1,-1,-1
197,2,98.63,544.05,58.13,171.06,0.5280,-1,-1,-1
197,6,225.44,543.23,66.18,208.78,0.6860,-1,-1,-1
197,20,50.83,638.93,108.48,246.81,0.6736,-1,-1,-1
197,16,518.90,308.38,67.30,210.87,0.6745,-1,-1,-1
198,1,420.88,215.42,74.61,208.73,0.5656,-1,-1,-1
198,3,977.75,921.50,59.66,157.26,0.7018,-1,-1,-1
198,4,1720.90,458.94,73.75,208.85,0.4964,-1,-1,-1
198,5,1357.17,571.70,83.37,218.96,0.5586,-1,-1,-1
198,13,403.31,610.53,87.17,250.73,0.7492,-1,-1,-1
198,12,881.84,161.49,70.84,182.70,0.4296,-1,-1,-1
198,2,98.94,543.93,58.26,169.71,0.5198,-1,-1,-1
198,6,225.23,542.41,66.29,209.64,0.6939,-1,-1,-1
198,20,54.32,641.73,108.69,247.59,0.6953,-1,-1,-1
198,16,518.26,311.56,67.80,210.67,0.6261,-1,-1,-1
199,1,420.86,214.26,74.17,206.43,0.5663,-1,-1,-1
199,3,975.85,921.35,60.18,157.45,0.7289,-1,-1,-1
199,4,1720.60,458.75,73.76,209.08,0.5286,-1,-1,-1
199,5,1356.03,571.07,84.47,221.56,0.5205,-1,-1,-1
199,13,401.09,609.86,88.26,252.51,0.7422,-1,-1,-1
199,12,882.70,157.99,71.53,186.05,0.3958,-1,-1,-1
199,2,98.54,544.22,58.79,169.72,0.5182,-1,-1,-1
199,6,225.45,542.47,66.00,209.19,0.7028,-1,-1,-1
199,20,56.70,644.00,108.73,248.07,0.7226,-1,-1,-1
199,16,518.10,314.34,68.08,210.28,0.6018,-1,-1,-1
200,1,420.78,212.52,74.27,205.69,0.5739,-1,-1,-1
200,3,974.14,920.56,60.58,157.68,0.7147,-1,-1,-1
200,4,1720.57,458.71,73.57,208.79,0.5340,-1,-1,-1
200,5,1355.85,571.25,83.17,218.31,0.5400,-1,-1,-1
200,13,399.66,609.32,88.57,252.29,0.7471,-1,-1,-1
200,12,883.35,158.69,71.54,186.82,0.4004,-1,-1,-1
200,2,98.66,543.81,58.30,166.50,0.5372,-1,-1,-1
200,6,225.04,541.90,65.61,208.69,0.7167,-1,-1,-1
200,20,58.92,648.01,107.02,245.08,0.7122,-1,-1,-1
200,16,518.16,317.73,67.87,209.58,0.5842,-1,-1,-1
201,1,421.24,211.38,74.82,206.02,0.5669,-1,-1,-1
201,3,972.84,920.06,60.89,158.01,0.7218,-1,-1,-1
201,4,1720.51,458.30,73.56,209.05,0.5539,-1,-1,-1
201,5,1355.15,571.04,83.34,219.27,0.5451,-1,-1,-1
201,13,398.00,608.88,89.02,252.23,0.7428,-1,-1,-1
201,12,885.10,158.28,71.57,187.18,0.4226,-1,-1,-1
201,2,97.78,543.88,58.61,165.67,0.4987,-1,-1,-1
201,6,224.85,541.14,65.43,209.04,0.7041,-1,-1,-1
201,20,61.97,653.15,104.44,240.63,0.7342,-1,-1,-1
201,16,517.17,318.84,68.85,212.13,0.5941,-1,-1,-1
202,1,421.76,210.21,75.15,205.54,0.5610,-1,-1,-1
202,3,971.50,919.49,61.21,158.72,0.7279,-1,-1,-1
202,4,1720.82,458.33,73.61,209.50,0.5819,-1,-1,-1
202,5,1354.89,571.04,82.28,216.65,0.5172,-1,-1,-1
202,13,397.84,608.28,88.89,250.85,0.7354,-1,-1,-1
202,12,887.46,157.67,71.12,185.98,0.4323,-1,-1,-1
202,2,99.75,543.05,56.24,156.84,0.4446,-1,-1,-1
202,6,224.43,539.93,65.63,210.30,0.7057,-1,-1,-1
202,20,64.03,655.99,102.50,237.76,0.7427,-1,-1,-1
202,16,517.06,318.43,69.94,214.83,0.6122,-1,-1,-1
203,1,422.38,208.88,75.72,206.46,0.4910,-1,-1,-1
203,3,970.93,918.96,61.49,159.03,0.7357,-1,-1,-1
203,4,1720.69,458.33,73.60,209.61,0.5910,-1,-1,-1
203,5,1356.30,571.94,80.80,212.43,0.5458,-1,-1,-1
203,13,396.76,606.89,88.66,249.21,0.7339,-1,-1,-1
203,12,887.55,156.54,71.23,186.33,0.4726,-1,-1,-1
203,2,100.14,542.87,55.19,152.20,0.3301,-1,-1,-1
203,6,223.23,537.70,65.99,211.63,0.6996,-1,-1,-1
203,20,66.34,657.60,100.93,235.44,0.6964,-1,-1,-1
203,16,516.73,318.41,70.51,216.03,0.5676,-1,-1,-1
204,1,423.72,208.39,75.88,206.69,0.4480,-1,-1,-1
204,3,968.80,916.79,62.31,161.06,0.7307,-1,-1,-1
204,4,1720.84,458.81,73.46,209.24,0.5781,-1,-1,-1
204,5,1357.06,571.59,81.34,213.48,0.5603,-1,-1,-1
204,13,396.79,603.20,88.89,249.93,0.7216,-1,-1,-1
204,12,887.82,156.51,71.25,186.20,0.5037,-1,-1,-1
204,2,100.28,543.10,54.70,149.18,0.3513,-1,-1,-1
204,6,222.54,535.47,65.77,211.29,0.6727,-1,-1,-1
204,20,68.38,658.71,99.73,233.54,0.6856,-1,-1,-1
204,16,514.69,318.24,71.46,218.04,0.5869,-1,-1,-1
205,1,424.65,208.13,76.11,206.95,0.4663,-1,-1,-1
205,3,967.07,915.69,62.74,162.38,0.7310,-1,-1,-1
205,4,1720.53,458.76,73.70,209.81,0.5665,-1,-1,-1
205,5,1356.74,571.61,81.73,214.31,0.5317,-1,-1,-1
205,13,395.30,600.19,89.47,251.19,0.7193,-1,-1,-1
205,12,887.99,155.32,71.37,187.23,0.4669,-1,-1,-1
205,2,100.26,542.71,54.24,146.23,0.3398,-1,-1,-1
205,6,221.02,531.85,65.60,210.42,0.6652,-1,-1,-1
205,20,70.34,657.79,99.96,234.38,0.7375,-1,-1,-1
205,16,515.10,318.35,71.80,218.42,0.5049,-1,-1,-1
206,1,424.40,205.85,76.75,208.02,0.5126,-1,-1,-1
206,3,965.43,914.98,62.95,162.95,0.7458,-1,-1,-1
206,4,1720.66,458.96,73.74,209.65,0.5679,-1,-1,-1
206,5,1355.76,571.42,82.05,215.20,0.5380,-1,-1,-1
206,13,395.01,597.90,89.58,251.98,0.7334,-1,-1,-1
206,12,889.54,155.59,70.39,185.10,0.5184,-1,-1,-1
206,2,100.42,542.83,54.65,145.55,0.3889,-1,-1,-1
206,6,221.13,529.27,63.96,205.01,0.6692,-1,-1,-1
206,20,74.06,657.43,99.84,234.50,0.7627,-1,-1,-1
206,16,514.41,319.51,72.06,218.17,0.5080,-1,-1,-1
207,1,424.57,205.07,76.85,207.44,0.4888,-1,-1,-1
207,3,963.79,913.61,63.39,164.45,0.7476,-1,-1,-1
207,4,1720.79,458.92,73.54,209.03,0.5735,-1,-1,-1
207,5,1356.51,570.91,81.40,213.85,0.4978,-1,-1,-1
207,13,395.53,596.31,88.25,248.42,0.7456,-1,-1,-1
207,12,890.45,154.45,71.69,188.69,0.5108,-1,-1,-1
207,2,100.61,543.20,55.41,146.19,0.4421,-1,-1,-1
207,6,221.41,526.91,63.15,202.53,0.6494,-1,-1,-1
207,20,80.52,659.06,100.63,235.49,0.7234,-1,-1,-1
207,16,513.10,319.85,72.22,217.50,0.5340,-1,-1,-1
208,1,424.90,205.61,77.02,207.70,0.4770,-1,-1,-1
208,3,961.71,912.77,63.81,165.59,0.7408,-1,-1,-1
208,4,1721.05,458.83,73.67,209.59,0.5807,-1,-1,-1
208,5,1356.68,570.54,81.30,213.99,0.5151,-1,-1,-1
208,13,396.61,593.62,86.99,245.54,0.7482,-1,-1,-1
208,12,891.15,152.91,72.05,190.77,0.4737,-1,-1,-1
208,2,100.73,543.43,56.08,146.63,0.3912,-1,-1,-1
208,6,220.76,524.85,63.25,202.40,0.6129,-1,-1,-1
208,20,85.98,660.33,102.83,239.42,0.7345,-1,-1,-1
208,16,511.40,322.67,71.60,213.96,0.5138,-1,-1,-1
209,1,425.30,205.73,77.32,208.63,0.4398,-1,-1,-1
209,3,960.09,912.40,63.78,166.15,0.7305,-1,-1,-1
209,4,1721.09,457.93,73.81,210.31,0.5548,-1,-1,-1
209,5,1355.84,570.70,81.24,214.95,0.4956,-1,-1,-1
209,13,397.42,591.13,85.35,241.76,0.7519,-1,-1,-1
209,12,892.29,151.64,71.51,190.12,0.4535,-1,-1,-1
209,2,100.85,544.76,57.10,148.29,0.3752,-1,-1,-1
209,6,220.49,523.14,63.23,202.27,0.6256,-1,-1,-1
209,20,90.75,664.26,104.14,239.81,0.7617,-1,-1,-1
209,16,510.30,323.49,71.65,213.14,0.5572,-1,-1,-1
210,1,425.06,205.30,77.58,209.72,0.4219,-1,-1,-1
210,3,957.90,912.04,64.02,166.96,0.7292,-1,-1,-1
210,4,1720.98,458.12,73.79,210.40,0.5698,-1,-1,-1
210,5,1355.76,570.87,80.99,215.00,0.5190,-1,-1,-1
210,13,398.60,589.76,83.92,238.66,0.7551,-1,-1,-1
210,12,892.81,150.94,71.02,189.76,0.4767,-1,-1,-1
210,2,101.11,543.66,58.10,150.29,0.3845,-1,-1,-1
210,6,219.83,522.08,63.66,203.16,0.6205,-1,-1,-1
210,20,92.70,666.68,105.91,240.37,0.7543,-1,-1,-1
210,16,509.34,323.95,71.86,213.31,0.5971,-1,-1,-1
210,21,2.51,607.01,83.53,234.31,0.5913,-1,-1,-1
211,1,426.06,204.90,77.43,209.71,0.4367,-1,-1,-1
211,3,956.07,912.11,63.96,166.65,0.7376,-1,-1,-1
211,4,1721.10,458.86,73.24,208.63,0.5500,-1,-1,-1
211,5,1354.74,570.42,81.79,218.21,0.5124,-1,-1,-1
211,13,399.01,587.24,83.36,238.18,0.7515,-1,-1,-1
211,12,894.40,150.29,69.96,186.99,0.4973,-1,-1,-1
211,2,101.68,543.64,59.08,151.92,0.3776,-1,-1,-1
211,6,218.62,520.77,64.19,204.37,0.5994,-1,-1,-1
211,20,95.66,668.78,106.94,241.14,0.7521,-1,-1,-1
211,16,508.91,324.19,71.58,212.05,0.5998,-1,-1,-1
211,21,3.92,611.24,82.10,229.89,0.5870,-1,-1,-1
212,1,426.06,203.52,77.55,210.07,0.4024,-1,-1,-1
212,3,954.10,911.11,64.64,168.48,0.7329,-1,-1,-1
212,4,1720.92,459.29,73.56,209.39,0.5753,-1,-1,-1
212,5,1354.60,570.84,81.78,219.25,0.5009,-1,-1,-1
212,13,398.99,585.20,83.30,238.60,0.7133,-1,-1,-1
212,12,897.05,148.09,68.97,184.55,0.4892,-1,-1,-1
212,2,102.12,543.77,60.83,156.03,0.4590,-1,-1,-1
212,6,217.41,519.46,64.65,205.47,0.6211,-1,-1,-1
212,20,98.36,670.15,108.04,243.67,0.7423,-1,-1,-1
212,16,508.16,325.39,71.31,210.89,0.5918,-1,-1,-1
212,21,14.61,610.37,83.26,233.20,0.5596,-1,-1,-1
213,1,425.89,202.11,77.57,210.20,0.4076,-1,-1,-1
213,3,951.93,910.12,65.12,169.78,0.7463,-1,-1,-1
213,4,1720.95,459.11,73.78,209.76,0.5666,-1,-1,-1
213,5,1354.27,570.61,81.99,220.78,0.5398,-1,-1,-1
213,13,399.01,582.85,83.91,241.01,0.7104,-1,-1,-1
213,12,898.47,145.55,68.60,183.94,0.5013,-1,-1,-1
213,2,100.90,543.95,64.92,167.43,0.4890,-1,-1,-1
213,6,216.54,518.83,64.54,204.68,0.6150,-1,-1,-1
213,20,99.74,669.99,109.57,248.08,0.7477,-1,-1,-1
213,16,507.51,326.04,71.37,211.25,0.6299,-1,-1,-1
213,21,21.54,610.30,83.32,234.10,0.5290,-1,-1,-1
214,1,425.28,201.30,77.48,210.41,0.3946,-1,-1,-1
214,3,950.56,908.96,65.45,171.06,0.7357,-1,-1,-1
214,4,1721.55,459.40,73.22,207.99,0.5645,-1,-1,-1
214,5,1354.21,571.08,81.04,218.75,0.5271,-1,-1,-1
214,13,399.00,580.24,84.81,243.50,0.6935,-1,-1,-1
214,12,899.62,142.54,68.77,185.21,0.4662,-1,-1,-1
214,2,100.95,545.90,66.56,171.94,0.4908,-1,-1,-1
214,6,216.44,518.39,64.38,203.61,0.5915,-1,-1,-1
214,20,102.04,667.73,110.62,252.72,0.7556,-1,-1,-1
214,16,508.24,325.19,71.41,211.28,0.7047,-1,-1,-1
214,21,27.95,613.02,82.22,233.02,0.5563,-1,-1,-1
215,1,425.94,200.59,76.99,209.66,0.3774,-1,-1,-1
215,3,948.92,908.86,65.27,171.20,0.7452,-1,-1,-1
215,4,1721.67,459.62,73.17,207.68,0.5782,-1,-1,-1
215,5,1355.25,571.51,79.94,216.08,0.5403,-1,-1,-1
215,13,399.15,578.66,85.50,244.90,0.7152,-1,-1,-1
215,12,900.58,141.81,68.64,185.52,0.4448,-1,-1,-1
215,2,102.27,547.44,66.68,171.68,0.4498,-1,-1,-1
215,6,216.27,517.54,64.47,203.69,0.5843,-1,-1,-1
215,20,104.52,666.02,110.63,256.34,0.7662,-1,-1,-1
215,16,508.24,325.40,71.91,213.21,0.6742,-1,-1,-1
215,21,35.84,612.87,82.31,235.03,0.5209,-1,-1,-1
216,1,426.40,201.07,75.36,205.39,0.3520,-1,-1,-1
216,3,948.17,908.90,64.97,171.16,0.7376,-1,-1,-1
216,4,1721.50,459.07,73.41,208.59,0.5417,-1,-1,-1
216,5,1355.33,571.19,80.38,217.48,0.5404,-1,-1,-1
216,13,399.77,577.97,86.00,245.91,0.7187,-1,-1,-1
216,12,900.73,140.79,68.64,186.23,0.5114,-1,-1,-1
216,2,103.19,547.83,67.45,172.91,0.4643,-1,-1,-1
216,6,215.57,516.69,64.07,201.98,0.5842,-1,-1,-1
216,20,106.80,664.15,109.95,259.11,0.7806,-1,-1,-1
216,16,507.38,326.90,72.46,215.59,0.6221,-1,-1,-1
216,21,39.96,611.64,83.02,239.22,0.6183,-1,-1,-1
217,1,426.35,199.63,74.58,203.68,0.3484,-1,-1,-1
217,3,947.53,908.69,64.66,171.37,0.7374,-1,-1,-1
217,4,1721.25,459.06,73.51,208.86,0.5315,-1,-1,-1
217,5,1355.37,571.54,80.77,218.20,0.5258,-1,-1,-1
217,13,400.01,576.75,86.51,246.58,0.7099,-1,-1,-1
217,12,901.13,140.54,68.33,185.50,0.4604,-1,-1,-1
217,2,102.83,548.79,67.25,172.12,0.3979,-1,-1,-1
217,6,216.18,515.74,64.11,203.46,0.5800,-1,-1,-1
217,20,108.11,663.44,108.77,259.92,0.7908,-1,-1,-1
217,16,507.31,328.96,72.68,217.28,0.5991,-1,-1,-1
217,21,45.36,613.30,82.65,239.77,0.6280,-1,-1,-1
218,1,426.86,198.71,74.00,201.75,0.3752,-1,-1,-1
218,3,946.08,908.28,64.73,171.78,0.7344,-1,-1,-1
218,4,1721.23,459.25,73.62,209.36,0.5225,-1,-1,-1
218,5,1355.02,571.39,80.94,218.68,0.4938,-1,-1,-1
218,13,399.96,576.17,86.83,246.48,0.7189,-1,-1,-1
218,12,901.55,140.74,67.70,183.90,0.3776,-1,-1,-1
218,2,107.09,548.57,59.72,148.76,0.3216,-1,-1,-1
218,6,216.15,514.20,64.00,205.33,0.5482,-1,-1,-1
218,20,111.51,664.06,106.91,258.99,0.7803,-1,-1,-1
218,16,507.30,330.13,72.83,219.50,0.6173,-1,-1,-1
218,21,53.04,616.81,82.19,237.93,0.4969,-1,-1,-1
219,1,427.77,197.16,73.22,199.53,0.3551,-1,-1,-1
219,3,943.84,907.52,65.17,172.53,0.7538,-1,-1,-1
219,4,1721.08,458.94,73.73,209.85,0.5485,-1,-1,-1
219,5,1355.27,571.79,80.59,217.44,0.5037,-1,-1,-1
219,13,400.27,575.12,86.73,245.75,0.6946,-1,-1,-1
219,12,900.93,140.38,68.74,186.47,0.4737,-1,-1,-1
219,2,108.25,549.11,56.88,137.07,0.3710,-1,-1,-1
219,6,215.06,512.02,63.00,203.52,0.5354,-1,-1,-1
219,20,114.77,663.26,105.27,258.59,0.7718,-1,-1,-1
219,16,507.60,331.66,72.41,220.09,0.6280,-1,-1,-1
219,21,58.68,623.62,79.34,228.46,0.5830,-1,-1,-1
220,1,427.94,196.53,72.80,198.60,0.3742,-1,-1,-1
220,3,942.06,905.99,65.95,174.06,0.7481,-1,-1,-1
220,4,1721.24,459.02,73.58,209.40,0.5642,-1,-1,-1
220,5,1355.36,571.11,81.12,218.30,0.5130,-1,-1,-1
220,13,399.18,572.48,87.23,246.89,0.7156,-1,-1,-1
220,12,900.55,140.81,69.44,187.44,0.5145,-1,-1,-1
220,2,105.55,549.68,57.98,134.54,0.3996,-1,-1,-1
220,6,213.32,508.29,62.29,202.29,0.5506,-1,-1,-1
220,20,119.46,665.30,102.54,253.11,0.7425,-1,-1,-1
220,16,507.63,333.95,71.27,218.45,0.6369,-1,-1,-1
220,21,63.01,629.41,78.26,223.05,0.6052,-1,-1,-1
221,1,428.30,195.28,72.83,199.10,0.3794,-1,-1,-1
221,3,939.51,905.00,66.61,175.04,0.7478,-1,-1,-1
221,4,1720.99,458.62,73.56,209.34,0.5864,-1,-1,-1
221,5,1355.29,571.39,81.23,218.12,0.5156,-1,-1,-1
221,13,398.88,569.64,87.41,248.02,0.6923,-1,-1,-1
221,12,901.18,141.06,69.66,188.01,0.5417,-1,-1,-1
221,2,102.21,550.56,61.02,136.09,0.4767,-1,-1,-1
221,6,212.20,504.92,61.93,201.54,0.5997,-1,-1,-1
221,20,124.11,667.11,101.82,252.23,0.7301,-1,-1,-1
221,16,508.16,336.16,70.94,218.69,0.6034,-1,-1,-1
221,21,67.52,633.93,78.07,219.94,0.6305,-1,-1,-1
221,22,597.76,343.75,58.14,199.95,0.5801,-1,-1,-1
222,1,428.67,193.99,72.88,199.72,0.3578,-1,-1,-1
222,3,938.02,904.86,67.20,175.18,0.7533,-1,-1,-1
222,4,1721.41,458.55,73.45,208.96,0.5638,-1,-1,-1
222,5,1355.43,571.56,81.95,219.53,0.4860,-1,-1,-1
222,13,398.08,566.01,87.72,249.92,0.7094,-1,-1,-1
222,12,901.48,140.65,69.28,187.23,0.4980,-1,-1,-1
222,2,99.64,550.98,68.15,150.00,0.3797,-1,-1,-1
222,6,210.57,503.41,62.12,200.85,0.5618,-1,-1,-1
222,20,131.10,668.76,102.33,251.81,0.7160,-1,-1,-1
222,16,508.73,336.83,70.47,218.95,0.5869,-1,-1,-1
222,21,72.08,632.66,80.63,223.99,0.5137,-1,-1,-1
222,22,597.26,345.06,57.94,199.21,0.5701,-1,-1,-1
223,1,429.69,193.65,73.04,201.21,0.3377,-1,-1,-1
223,3,936.94,904.59,67.78,175.44,0.7456,-1,-1,-1
223,4,1721.60,458.01,73.40,209.23,0.5424,-1,-1,-1
223,5,1355.56,571.66,82.65,220.89,0.4526,-1,-1,-1
223,13,398.05,564.10,86.40,246.80,0.7257,-1,-1,-1
223,12,900.96,140.54,68.83,185.93,0.4489,-1,-1,-1
223,2,101.04,551.92,66.85,143.58,0.4595,-1,-1,-1
223,6,210.06,502.30,62.28,200.30,0.5643,-1,-1,-1
223,20,135.11,670.39,104.87,255.93,0.6903,-1,-1,-1
223,16,509.26,337.45,70.04,218.67,0.5835,-1,-1,-1
223,21,73.87,634.07,81.61,224.82,0.5791,-1,-1,-1
223,22,596.41,346.07,57.75,198.37,0.5594,-1,-1,-1
224,1,430.79,193.32,72.99,202.01,0.3577,-1,-1,-1
224,3,936.25,904.31,68.19,175.72,0.7161,-1,-1,-1
224,4,1721.58,458.71,73.33,208.98,0.5487,-1,-1,-1
224,5,1355.85,571.62,85.06,226.57,0.4353,-1,-1,-1
224,13,397.90,560.96,84.46,241.67,0.7171,-1,-1,-1
224,12,902.68,138.11,69.17,186.33,0.4197,-1,-1,-1
224,2,101.47,552.53,67.68,142.86,0.3632,-1,-1,-1
224,6,210.37,500.78,62.18,201.40,0.5535,-1,-1,-1
224,20,138.97,674.38,107.19,258.68,0.7254,-1,-1,-1
224,16,510.22,338.19,69.77,218.38,0.5859,-1,-1,-1
224,21,75.74,635.36,81.19,223.00,0.5422,-1,-1,-1
224,22,595.73,346.56,57.69,197.91,0.5603,-1,-1,-1
225,1,430.09,192.07,73.46,203.80,0.3693,-1,-1,-1
225,3,935.67,903.41,68.77,176.56,0.7277,-1,-1,-1
225,4,1721.42,458.73,73.55,209.44,0.5840,-1,-1,-1
225,5,1355.97,572.08,86.75,230.47,0.4103,-1,-1,-1
225,13,397.05,557.99,82.98,238.03,0.7170,-1,-1,-1
225,12,904.40,137.23,69.21,185.73,0.3902,-1,-1,-1
225,2,100.78,553.12,70.34,147.25,0.3705,-1,-1,-1
225,6,210.54,499.43,61.78,200.96,0.6084,-1,-1,-1
225,20,140.71,677.37,109.71,262.79,0.7732,-1,-1,-1
225,16,511.37,338.78,69.59,217.80,0.5865,-1,-1,-1
225,21,78.46,638.38,81.64,225.66,0.5941,-1,-1,-1
225,22,595.17,347.78,57.27,196.09,0.5705,-1,-1,-1
226,1,430.36,190.55,73.68,204.97,0.3925,-1,-1,-1
226,3,934.37,902.32,69.64,177.68,0.7226,-1,-1,-1
226,4,1721.41,458.26,73.88,210.29,0.5769,-1,-1,-1
226,5,1357.19,573.40,86.11,227.02,0.4488,-1,-1,-1
226,13,394.67,555.52,83.22,237.96,0.7250,-1,-1,-1
226,12,905.48,135.63,68.66,184.93,0.3656,-1,-1,-1
226,2,101.01,554.17,72.96,151.81,0.4247,-1,-1,-1
226,6,208.75,499.05,62.44,201.50,0.6060,-1,-1,-1
226,20,142.13,680.13,111.06,264.70,0.7539,-1,-1,-1
226,16,510.93,339.59,69.82,217.32,0.6155,-1,-1,-1
226,21,82.73,640.26,81.66,226.87,0.6079,-1,-1,-1
226,22,593.92,347.73,57.41,195.96,0.5807,-1,-1,-1
227,1,430.87,188.79,74.23,207.20,0.4145,-1,-1,-1
227,3,933.64,901.94,70.07,178.07,0.7081,-1,-1,-1
227,4,1721.39,458.24,73.77,210.05,0.5957,-1,-1,-1
227,5,1356.97,573.89,86.21,226.23,0.4627,-1,-1,-1
227,13,392.63,553.14,83.69,238.73,0.7344,-1,-1,-1
227,12,906.49,133.98,68.66,186.62,0.3490,-1,-1,-1
227,2,101.69,554.57,74.96,155.30,0.4687,-1,-1,-1
227,6,208.56,498.03,63.23,203.22,0.6048,-1,-1,-1
227,20,144.32,682.61,112.55,268.14,0.7643,-1,-1,-1
227,16,511.31,342.39,69.24,213.92,0.6181,-1,-1,-1
227,21,88.81,639.63,81.45,228.00,0.5921,-1,-1,-1
227,22,592.46,347.64,57.98,196.87,0.5905,-1,-1,-1
228,1,431.70,188.21,74.14,207.61,0.4362,-1,-1,-1
228,3,933.23,901.13,70.56,178.87,0.6954,-1,-1,-1
228,4,1721.70,459.16,73.35,208.66,0.5956,-1,-1,-1
228,5,1357.65,575.25,88.14,229.27,0.4474,-1,-1,-1
228,13,389.95,551.81,84.47,239.41,0.7352,-1,-1,-1
228,12,909.10,132.85,67.08,182.34,0.3559,-1,-1,-1
228,2,104.07,555.02,72.74,148.89,0.4599,-1,-1,-1
228,6,208.86,496.90,63.64,203.70,0.6215,-1,-1,-1
228,20,145.85,686.57,111.31,266.97,0.7345,-1,-1,-1
228,16,510.67,342.06,69.41,213.85,0.6387,-1,-1,-1
228,21,93.81,640.15,81.94,230.59,0.6010,-1,-1,-1
228,22,591.52,348.74,57.97,195.58,0.5721,-1,-1,-1
229,1,432.22,187.81,74.08,208.59,0.4224,-1,-1,-1
229,3,932.57,900.35,71.07,179.66,0.7155,-1,-1,-1
229,4,1721.27,459.32,73.51,208.87,0.6028,-1,-1,-1
229,5,1357.59,575.97,86.72,223.77,0.4909,-1,-1,-1
229,13,387.53,549.61,85.90,241.68,0.7255,-1,-1,-1
229,12,912.34,131.99,65.76,178.53,0.3882,-1,-1,-1
229,2,106.48,555.96,71.02,143.03,0.4673,-1,-1,-1
229,6,208.17,495.83,64.29,204.91,0.5912,-1,-1,-1
229,20,146.13,689.74,109.95,265.91,0.7290,-1,-1,-1
229,16,510.83,343.67,69.36,212.49,0.6495,-1,-1,-1
229,21,100.51,642.76,80.05,226.43,0.5913,-1,-1,-1
229,22,590.90,349.55,58.08,194.65,0.5615,-1,-1,-1
230,1,433.64,187.42,73.12,206.72,0.4565,-1,-1,-1
230,3,932.47,899.69,71.41,180.32,0.7126,-1,-1,-1
230,4,1721.29,459.55,73.46,208.49,0.5841,-1,-1,-1
230,5,1357.75,575.43,88.92,227.59,0.4598,-1,-1,-1
230,13,385.34,546.68,87.91,245.78,0.7325,-1,-1,-1
230,12,915.80,130.60,64.68,175.25,0.3404,-1,-1,-1
230,2,109.40,556.49,68.04,133.27,0.4543,-1,-1,-1
230,6,207.46,494.59,64.64,204.76,0.5886,-1,-1,-1
230,20,147.31,693.01,109.31,264.75,0.7489,-1,-1,-1
230,16,510.91,344.44,69.84,213.21,0.6390,-1,-1,-1
230,21,106.51,645.06,77.06,218.72,0.5594,-1,-1,-1
230,22,590.39,350.98,58.24,193.59,0.5281,-1,-1,-1
231,1,435.04,186.88,72.33,204.84,0.4376,-1,-1,-1
231,3,932.06,899.29,71.71,180.67,0.7279,-1,-1,-1
231,4,1721.34,458.82,73.82,209.51,0.6109,-1,-1,-1
231,5,1358.40,577.29,88.58,224.60,0.4701,-1,-1,-1
231,13,383.31,545.13,89.23,247.75,0.7377,-1,-1,-1
231,12,918.07,129.56,65.55,177.18,0.3072,-1,-1,-1
231,2,109.99,556.80,67.47,128.86,0.4820,-1,-1,-1
231,6,209.82,493.31,64.52,204.50,0.5610,-1,-1,-1
231,20,150.05,695.36,108.04,263.28,0.7687,-1,-1,-1
231,16,510.17,345.43,70.16,213.02,0.6584,-1,-1,-1
231,21,117.76,644.64,62.08,170.47,0.4767,-1,-1,-1
231,22,589.81,350.48,58.77,193.33,0.5485,-1,-1,-1
232,1,436.14,186.46,72.26,205.34,0.4461,-1,-1,-1
232,3,932.03,899.25,71.88,180.74,0.7215,-1,-1,-1
232,4,1721.44,458.08,73.97,210.21,0.6170,-1,-1,-1
232,5,1358.66,578.33,90.54,228.18,0.4679,-1,-1,-1
232,13,380.79,544.56,90.24,248.30,0.7132,-1,-1,-1
232,12,919.51,127.19,66.60,179.67,0.3077,-1,-1,-1
232,2,109.67,557.18,68.69,128.71,0.4507,-1,-1,-1
232,6,213.15,492.22,63.78,203.51,0.5231,-1,-1,-1
232,20,155.73,697.68,105.67,260.51,0.7634,-1,-1,-1
232,16,508.94,345.95,70.84,215.08,0.6662,-1,-1,-1
232,21,114.04,647.38,76.00,212.57,0.5335,-1,-1,-1
232,22,590.00,351.80,58.59,191.10,0.5231,-1,-1,-1
233,1,437.23,184.76,72.51,207.11,0.4114,-1,-1,-1
233,3,932.29,898.96,71.95,181.04,0.7089,-1,-1,-1
233,4,1721.63,458.34,73.74,209.53,0.5951,-1,-1,-1
233,5,1358.34,577.79,93.16,233.52,0.4534,-1,-1,-1
233,13,378.99,544.19,90.60,247.15,0.6917,-1,-1,-1
233,2,109.40,557.85,71.20,131.59,0.4187,-1,-1,-1
233,6,213.03,490.66,64.02,203.60,0.5892,-1,-1,-1
233,20,160.30,699.88,103.46,258.01,0.7783,-1,-1,-1
233,16,507.87,346.85,71.79,218.18,0.6781,-1,-1,-1
233,21,114.11,648.51,78.02,221.77,0.5440,-1,-1,-1
233,22,589.72,353.39,58.90,190.74,0.5164,-1,-1,-1
234,1,438.58,183.59,72.62,208.30,0.4265,-1,-1,-1
234,3,933.29,899.80,71.31,180.20,0.6985,-1,-1,-1
234,4,1721.96,458.25,73.76,209.69,0.6140,-1,-1,-1
234,5,1357.77,576.31,95.57,238.11,0.5107,-1,-1,-1
234,13,377.69,542.74,90.73,245.23,0.7133,-1,-1,-1
234,2,94.17,558.77,102.97,198.00,0.3856,-1,-1,-1
234,6,214.78,488.68,63.07,200.37,0.5975,-1,-1,-1
234,20,163.08,701.25,102.06,257.11,0.7941,-1,-1,-1
234,16,506.64,347.78,72.27,220.32,0.6880,-1,-1,-1
234,21,114.18,650.45,78.02,223.85,0.4359,-1,-1,-1
234,22,589.06,354.35,59.90,192.89,0.5440,-1,-1,-1
235,1,440.47,182.40,72.06,207.64,0.4530,-1,-1,-1
235,3,933.31,900.36,70.72,179.65,0.6793,-1,-1,-1
235,4,1721.99,458.70,73.55,209.33,0.5925,-1,-1,-1
235,5,1359.18,576.48,96.41,238.38,0.4402,-1,-1,-1
235,13,376.05,541.54,91.27,245.30,0.7200,-1,-1,-1
235,2,102.77,559.36,87.27,165.48,0.4372,-1,-1,-1
235,6,215.97,486.20,62.40,198.47,0.5967,-1,-1,-1
235,20,166.53,702.64,99.72,254.47,0.7767,-1,-1,-1
235,16,505.79,350.07,72.23,220.86,0.6852,-1,-1,-1
235,21,116.17,652.95,76.57,221.71,0.5006,-1,-1,-1
235,22,589.28,356.35,60.01,192.42,0.5304,-1,-1,-1
236,1,442.46,182.35,70.62,204.10,0.4484,-1,-1,-1
236,3,933.66,900.37,70.27,179.64,0.6705,-1,-1,-1
236,4,1721.91,459.11,73.35,209.05,0.6041,-1,-1,-1
236,5,1360.59,576.63,97.19,238.74,0.4502,-1,-1,-1
236,13,375.22,540.79,91.29,244.25,0.7202,-1,-1,-1
236,2,107.42,560.14,80.53,151.18,0.5191,-1,-1,-1
236,6,216.83,483.97,62.08,197.04,0.5818,-1,-1,-1
236,20,169.82,703.16,98.17,253.90,0.7783,-1,-1,-1
236,16,505.28,352.73,71.40,219.06,0.6844,-1,-1,-1
236,21,119.64,656.62,75.50,220.28,0.5671,-1,-1,-1
236,22,588.94,358.45,59.10,188.68,0.5084,-1,-1,-1
237,1,443.37,181.50,69.76,201.48,0.3803,-1,-1,-1
237,3,933.95,900.37,69.74,179.63,0.6756,-1,-1,-1
237,4,1721.64,458.52,73.47,209.52,0.5917,-1,-1,-1
237,5,1362.97,577.43,97.70,238.88,0.4263,-1,-1,-1
237,13,374.84,538.01,91.59,244.86,0.7035,-1,-1,-1
237,2,109.06,560.32,78.67,146.64,0.5160,-1,-1,-1
237,6,218.00,482.45,61.96,196.40,0.5577,-1,-1,-1
237,20,173.13,703.80,96.26,251.74,0.7906,-1,-1,-1
237,16,504.14,355.39,70.82,217.38,0.6776,-1,-1,-1
237,21,123.48,655.43,75.41,221.99,0.6008,-1,-1,-1
237,22,588.56,360.64,59.29,188.63,0.5128,-1,-1,-1
238,1,443.77,180.46,69.58,200.60,0.3879,-1,-1,-1
238,3,933.68,900.37,69.16,179.63,0.6801,-1,-1,-1
238,4,1721.56,459.53,73.08,208.33,0.6043,-1,-1,-1
238,5,1366.17,578.58,98.46,239.70,0.4166,-1,-1,-1
238,13,375.65,535.62,91.12,243.86,0.7075,-1,-1,-1
238,2,98.05,560.97,105.62,203.42,0.4703,-1,-1,-1
238,6,218.05,480.35,62.22,196.98,0.5441,-1,-1,-1
238,20,176.98,703.96,95.53,252.59,0.7751,-1,-1,-1
238,16,502.94,356.95,70.99,218.12,0.6982,-1,-1,-1
238,21,130.54,658.29,72.88,217.01,0.4653,-1,-1,-1
238,22,588.52,362.03,59.34,187.95,0.5444,-1,-1,-1
239,1,444.64,179.14,69.70,200.37,0.4008,-1,-1,-1
239,3,933.53,900.17,68.60,179.84,0.7089,-1,-1,-1
239,4,1721.71,458.86,73.30,209.14,0.6240,-1,-1,-1
239,5,1364.52,577.33,100.06,240.58,0.4685,-1,-1,-1
239,13,377.88,531.61,89.55,240.74,0.7622,-1,-1,-1
239,2,94.60,561.65,114.36,227.68,0.4800,-1,-1,-1
239,6,218.53,479.54,62.42,197.47,0.5839,-1,-1,-1
239,20,181.04,705.60,94.26,251.40,0.7562,-1,-1,-1
239,16,501.87,357.98,70.59,216.68,0.6809,-1,-1,-1
239,21,135.02,657.82,72.74,218.57,0.5325,-1,-1,-1
239,22,589.00,362.56,59.57,187.61,0.5599,-1,-1,-1
240,1,445.06,177.60,70.34,201.16,0.3619,-1,-1,-1
240,3,933.78,900.28,67.75,179.32,0.7054,-1,-1,-1
240,4,1721.66,459.12,73.37,208.96,0.5960,-1,-1,-1
240,5,1363.98,576.64,101.29,240.42,0.4574,-1,-1,-1
240,13,380.88,528.64,87.45,236.85,0.7467,-1,-1,-1
240,6,218.39,478.26,62.95,199.06,0.5943,-1,-1,-1
240,20,185.65,707.06,95.13,253.86,0.7576,-1,-1,-1
240,16,500.31,358.65,71.23,217.95,0.6509,-1,-1,-1
240,21,140.15,655.87,73.16,221.04,0.5604,-1,-1,-1
240,22,588.97,363.90,58.79,185.41,0.5469,-1,-1,-1
241,1,446.15,178.04,70.58,200.72,0.3664,-1,-1,-1
241,3,933.51,900.25,67.21,179.60,0.7162,-1,-1,-1
241,4,1721.67,458.80,73.29,208.90,0.6290,-1,-1,-1
241,5,1364.30,573.62,103.69,241.97,0.5078,-1,-1,-1
241,13,383.36,526.04,85.78,234.38,0.7304,-1,-1,-1
241,6,218.06,476.68,63.67,201.42,0.6210,-1,-1,-1
241,20,190.03,709.38,96.41,256.26,0.7769,-1,-1,-1
241,16,498.62,359.14,71.73,218.85,0.6603,-1,-1,-1
241,21,153.16,653.39,57.96,168.02,0.4031,-1,-1,-1
241,22,589.31,365.56,58.13,182.94,0.5622,-1,-1,-1
241,2,108.68,564.07,87.60,172.50,0.5324,-1,-1,-1
242,1,446.73,177.16,71.33,202.64,0.3642,-1,-1,-1
242,3,933.85,900.62,66.63,179.33,0.7259,-1,-1,-1
242,4,1721.49,459.25,73.10,208.50,0.6144,-1,-1,-1
242,5,1364.19,571.06,105.98,243.58,0.5357,-1,-1,-1
242,13,384.34,523.08,85.00,233.81,0.6991,-1,-1,-1
242,6,218.06,475.15,63.79,201.81,0.5969,-1,-1,-1
242,20,194.51,711.82,96.64,256.45,0.7483,-1,-1,-1
242,16,497.07,360.81,71.71,217.95,0.6504,-1,-1,-1
242,21,157.83,650.88,59.03,168.44,0.4305,-1,-1,-1
242,22,588.41,365.57,59.47,186.77,0.5493,-1,-1,-1
242,2,108.32,564.58,89.23,177.10,0.4398,-1,-1,-1
243,1,447.50,176.31,71.69,204.10,0.3479,-1,-1,-1
243,3,933.47,900.44,66.19,179.55,0.7104,-1,-1,-1
243,4,1721.57,458.96,72.94,207.77,0.6317,-1,-1,-1
243,5,1362.94,568.79,108.13,245.94,0.5380,-1,-1,-1
243,13,385.21,520.21,84.74,235.23,0.6883,-1,-1,-1
243,6,217.94,474.34,64.05,202.42,0.6049,-1,-1,-1
243,20,198.72,716.39,96.77,255.89,0.6950,-1,-1,-1
243,16,495.09,361.03,71.99,218.36,0.6476,-1,-1,-1
243,21,162.84,651.05,58.87,163.40,0.4760,-1,-1,-1
243,22,587.53,365.66,61.19,192.13,0.5771,-1,-1,-1
243,2,101.63,563.19,104.35,213.59,0.5381,-1,-1,-1
243,12,929.56,119.73,65.42,178.96,0.5040,-1,-1,-1
244,1,448.33,175.78,72.15,204.37,0.3518,-1,-1,-1
244,3,933.72,901.02,65.66,178.98,0.7835,-1,-1,-1
244,4,1721.29,458.89,72.97,207.74,0.6061,-1,-1,-1
244,5,1362.13,569.60,108.62,244.74,0.5077,-1,-1,-1
244,13,385.87,518.00,84.55,236.62,0.6919,-1,-1,-1
244,6,217.76,472.68,63.43,200.09,0.5755,-1,-1,-1
244,20,201.78,725.37,95.36,250.93,0.7041,-1,-1,-1
244,16,493.32,361.76,71.49,216.28,0.6436,-1,-1,-1
244,21,169.59,653.07,59.69,158.50,0.5560,-1,-1,-1
244,22,585.69,366.84,62.31,196.29,0.5805,-1,-1,-1
244,2,99.65,564.17,110.88,234.07,0.5662,-1,-1,-1
244,12,930.65,118.25,64.63,179.07,0.4405,-1,-1,-1
245,1,448.72,175.67,72.20,203.90,0.3196,-1,-1,-1
245,3,934.05,902.25,65.09,177.75,0.7905,-1,-1,-1
245,4,1721.03,458.98,73.09,207.93,0.5892,-1,-1,-1
245,5,1362.97,569.84,109.20,244.63,0.4324,-1,-1,-1
245,13,386.38,517.62,84.33,237.42,0.6787,-1,-1,-1
245,6,217.36,471.32,63.72,200.89,0.5674,-1,-1,-1
245,20,201.28,729.07,95.69,250.64,0.7023,-1,-1,-1
245,16,491.93,362.06,72.20,218.45,0.6682,-1,-1,-1
245,21,173.83,654.87,59.39,152.25,0.5935,-1,-1,-1
245,22,584.77,368.99,62.73,198.64,0.5897,-1,-1,-1
245,2,101.13,566.89,111.49,242.53,0.6234,-1,-1,-1
245,12,932.09,116.51,63.79,179.01,0.4541,-1,-1,-1
246,1,449.05,176.05,72.53,204.22,0.3246,-1,-1,-1
246,3,934.74,903.23,64.68,176.77,0.7800,-1,-1,-1
246,4,1720.98,458.51,73.62,209.38,0.6068,-1,-1,-1
246,5,1366.89,571.27,108.16,242.92,0.4674,-1,-1,-1
246,13,386.87,517.07,84.44,238.91,0.6971,-1,-1,-1
246,6,218.49,470.28,64.31,203.49,0.5838,-1,-1,-1
246,20,202.20,731.16,96.92,254.66,0.6849,-1,-1,-1
246,16,490.20,363.39,71.61,215.77,0.6925,-1,-1,-1
246,21,178.79,655.24,60.44,151.17,0.6018,-1,-1,-1
246,22,583.98,370.70,62.99,200.16,0.6292,-1,-1,-1
246,2,103.60,566.39,110.33,247.13,0.6373,-1,-1,-1
246,12,933.35,115.69,63.05,179.52,0.4114,-1,-1,-1
247,1,449.66,175.57,73.08,204.68,0.3373,-1,-1,-1
247,3,935.25,903.75,64.41,176.26,0.7677,-1,-1,-1
247,4,1720.67,458.44,73.59,208.95,0.6209,-1,-1,-1
247,5,1368.66,568.68,109.61,247.22,0.5719,-1,-1,-1
247,13,387.38,516.79,84.50,240.20,0.7037,-1,-1,-1
247,6,218.33,468.94,64.63,205.32,0.5815,-1,-1,-1
247,20,203.89,733.28,97.26,256.07,0.6711,-1,-1,-1
247,16,488.74,364.42,71.64,215.10,0.7434,-1,-1,-1
247,21,185.08,656.44,60.48,145.74,0.4376,-1,-1,-1
247,22,583.32,372.28,63.78,203.36,0.6803,-1,-1,-1
247,2,106.49,565.54,109.41,251.17,0.6223,-1,-1,-1
247,12,934.54,114.42,61.89,177.88,0.4336,-1,-1,-1
248,1,449.58,173.88,74.73,208.77,0.3513,-1,-1,-1
248,3,936.10,904.86,64.06,175.07,0.7521,-1,-1,-1
248,4,1720.19,459.21,73.65,208.49,0.6282,-1,-1,-1
248,5,1371.61,569.46,108.62,246.33,0.5477,-1,-1,-1
248,13,387.74,516.45,84.28,240.55,0.6928,-1,-1,-1
248,6,218.91,467.61,63.80,203.91,0.5748,-1,-1,-1
248,20,203.25,735.06,97.42,257.37,0.5897,-1,-1,-1
248,16,487.61,365.85,71.62,214.91,0.7417,-1,-1,-1
248,21,189.12,661.54,62.09,144.97,0.3692,-1,-1,-1
248,22,582.52,374.37,64.16,205.97,0.6461,-1,-1,-1
248,2,110.70,565.18,106.56,250.32,0.6796,-1,-1,-1
248,12,936.29,113.54,60.88,176.38,0.4607,-1,-1,-1
249,1,450.07,172.17,75.45,210.34,0.3885,-1,-1,-1
249,3,936.78,905.31,64.08,174.67,0.7497,-1,-1,-1
249,4,1720.40,459.51,73.44,207.83,0.5910,-1,-1,-1
249,5,1374.48,569.92,107.51,247.34,0.5262,-1,-1,-1
249,13,387.95,515.74,84.15,240.37,0.6853,-1,-1,-1
249,6,219.82,466.78,61.62,197.38,0.5555,-1,-1,-1
249,20,203.99,740.53,95.16,252.95,0.4883,-1,-1,-1
249,16,486.70,367.20,71.87,215.66,0.7132,-1,-1,-1
249,22,581.93,377.78,63.61,205.38,0.6023,-1,-1,-1
249,2,113.51,565.45,104.47,251.36,0.6679,-1,-1,-1
249,12,937.63,111.40,61.20,178.45,0.5151,-1,-1,-1
250,1,450.15,170.50,75.84,211.30,0.3735,-1,-1,-1
250,3,937.46,905.73,64.21,174.26,0.7302,-1,-1,-1
250,4,1720.74,458.61,73.71,208.70,0.5973,-1,-1,-1
250,5,1377.46,569.70,105.52,246.84,0.5921,-1,-1,-1
250,13,388.64,515.51,83.87,239.32,0.6793,-1,-1,-1
250,6,221.07,465.04,60.99,195.86,0.5543,-1,-1,-1
250,20,209.08,745.66,92.54,246.41,0.4586,-1,-1,-1
250,16,486.15,368.90,72.52,217.82,0.6858,-1,-1,-1
250,22,581.33,380.72,62.87,203.63,0.6331,-1,-1,-1
250,2,117.63,566.84,101.36,248.86,0.6766,-1,-1,-1
250,12,937.35,109.82,61.62,180.08,0.4961,-1,-1,-1
251,1,449.97,168.61,75.77,211.55,0.3775,-1,-1,-1
251,3,938.82,907.17,63.94,172.82,0.7400,-1,-1,-1
251,4,1720.70,459.07,73.68,208.04,0.6042,-1,-1,-1
251,5,1379.99,568.89,104.12,247.30,0.6259,-1,-1,-1
251,13,388.77,513.05,84.10,239.65,0.6654,-1,-1,-1
251,6,221.38,461.92,61.06,196.69,0.5620,-1,-1,-1
251,20,210.08,745.53,92.54,247.48,0.5578,-1,-1,-1
251,16,486.63,369.37,73.81,223.70,0.6535,-1,-1,-1
251,22,580.67,382.92,62.61,203.55,0.6521,-1,-1,-1
251,2,121.54,566.53,99.87,250.15,0.7000,-1,-1,-1
251,12,937.17,109.81,62.18,180.71,0.4688,-1,-1,-1
251,21,199.58,672.52,63.30,139.56,0.5093,-1,-1,-1
252,1,450.15,167.40,74.92,209.21,0.3792,-1,-1,-1
252,3,939.66,907.95,63.97,172.05,0.7127,-1,-1,-1
252,4,1720.81,459.49,73.53,207.43,0.5840,-1,-1,-1
252,5,1381.34,569.56,101.60,244.38,0.5677,-1,-1,-1
252,13,389.21,510.34,84.31,240.63,0.6639,-1,-1,-1
252,6,220.46,457.24,61.92,200.43,0.5736,-1,-1,-1
252,20,211.59,743.27,93.58,249.22,0.6631,-1,-1,-1
252,16,486.62,371.81,74.06,226.36,0.6547,-1,-1,-1
252,22,579.98,383.93,62.87,204.87,0.6667,-1,-1,-1
252,2,125.69,567.03,97.85,248.85,0.7027,-1,-1,-1
252,12,937.34,107.46,62.87,182.19,0.4819,-1,-1,-1
252,21,199.56,675.26,66.44,139.91,0.4683,-1,-1,-1
253,1,450.83,166.64,74.29,208.32,0.3854,-1,-1,-1
253,3,940.42,908.26,64.28,171.74,0.7335,-1,-1,-1
253,4,1720.98,458.46,73.92,208.71,0.5705,-1,-1,-1
253,5,1382.32,570.20,100.94,246.10,0.6154,-1,-1,-1
253,13,389.14,507.63,84.05,240.06,0.6689,-1,-1,-1
253,6,221.22,456.57,61.58,199.09,0.6017,-1,-1,-1
253,20,215.20,740.19,93.90,250.85,0.7348,-1,-1,-1
253,16,486.80,374.06,73.63,226.28,0.6621,-1,-1,-1
253,22,578.48,384.13,63.44,207.27,0.6810,-1,-1,-1
253,2,129.67,566.92,96.06,247.27,0.6960,-1,-1,-1
253,12,937.07,108.27,63.15,181.78,0.4965,-1,-1,-1
253,21,202.03,676.87,66.71,136.95,0.4555,-1,-1,-1
254,1,451.58,165.96,73.08,205.51,0.3664,-1,-1,-1
254,3,941.43,909.33,64.30,170.67,0.7320,-1,-1,-1
254,4,1720.70,458.69,73.89,208.69,0.5815,-1,-1,-1
254,5,1383.78,570.07,99.61,245.94,0.6186,-1,-1,-1
254,13,389.24,504.98,83.29,238.76,0.6362,-1,-1,-1
254,6,221.32,455.74,61.57,198.80,0.5801,-1,-1,-1
254,20,218.46,738.34,94.07,253.18,0.7766,-1,-1,-1
254,16,486.24,374.21,74.10,229.48,0.6529,-1,-1,-1
254,22,577.43,385.81,63.46,207.52,0.6923,-1,-1,-1
254,2,132.71,566.69,94.43,245.35,0.6677,-1,-1,-1
254,12,937.33,108.57,63.71,181.83,0.4886,-1,-1,-1
254,21,202.32,677.89,68.35,137.01,0.4664,-1,-1,-1
255,1,452.60,165.35,71.28,202.22,0.3485,-1,-1,-1
255,3,942.08,909.70,64.58,169.74,0.7317,-1,-1,-1
255,4,1720.83,459.12,73.51,207.81,0.6054,-1,-1,-1
255,5,1384.72,569.58,99.23,248.21,0.6545,-1,-1,-1
255,13,390.69,502.42,81.71,234.38,0.6715,-1,-1,-1
255,6,221.54,455.22,61.53,198.06,0.6188,-1,-1,-1
255,20,219.58,736.69,95.77,259.08,0.7280,-1,-1,-1
255,16,486.00,374.92,73.99,230.54,0.6682,-1,-1,-1
255,22,576.33,386.28,63.51,208.03,0.7296,-1,-1,-1
255,2,135.34,565.18,93.30,244.67,0.6900,-1,-1,-1
255,12,937.17,108.51,64.08,180.77,0.4828,-1,-1,-1
255,21,204.74,679.75,69.58,136.66,0.4729,-1,-1,-1
256,1,453.38,164.49,70.11,199.61,0.3199,-1,-1,-1
256,3,942.34,909.96,65.27,169.83,0.7425,-1,-1,-1
256,4,1720.42,459.06,73.77,208.42,0.5660,-1,-1,-1
256,5,1387.08,568.87,97.69,246.85,0.6370,-1,-1,-1
256,13,391.18,499.02,80.70,231.80,0.6527,-1,-1,-1
256,6,221.76,454.60,61.33,196.83,0.5989,-1,-1,-1
256,20,222.76,736.77,96.92,265.06,0.7174,-1,-1,-1
256,16,486.69,375.63,73.36,230.38,0.6657,-1,-1,-1
256,22,575.61,387.10,63.34,207.72,0.7454,-1,-1,-1
256,2,137.47,565.21,92.25,243.70,0.6533,-1,-1,-1
256,12,937.33,107.76,64.64,180.67,0.4858,-1,-1,-1
256,21,208.57,678.60,74.81,144.24,0.5373,-1,-1,-1
257,1,454.35,163.35,69.09,197.23,0.3063,-1,-1,-1
257,3,942.86,910.96,65.72,168.78,0.7509,-1,-1,-1
257,4,1720.26,459.71,73.51,207.56,0.5789,-1,-1,-1
257,5,1389.40,567.81,96.14,245.34,0.6262,-1,-1,-1
257,13,391.72,495.07,80.69,231.99,0.6817,-1,-1,-1
257,6,221.78,453.93,61.84,197.51,0.5734,-1,-1,-1
257,20,227.57,743.24,96.42,266.97,0.7338,-1,-1,-1
257,16,486.68,378.12,72.53,228.43,0.6771,-1,-1,-1
257,22,574.89,387.52,62.98,206.66,0.7588,-1,-1,-1
257,2,139.51,565.06,91.95,243.51,0.6210,-1,-1,-1
257,12,937.17,106.94,65.27,181.23,0.4313,-1,-1,-1
257,21,209.13,678.68,78.98,150.61,0.5771,-1,-1,-1
258,1,455.38,163.03,68.67,196.19,0.3235,-1,-1,-1
258,3,943.09,912.42,65.79,166.60,0.7498,-1,-1,-1
258,4,1720.49,459.52,73.55,207.60,0.5669,-1,-1,-1
258,5,1391.59,566.87,94.07,242.06,0.6219,-1,-1,-1
258,13,390.66,492.67,81.00,233.04,0.6806,-1,-1,-1
258,6,222.39,452.96,62.07,197.51,0.5340,-1,-1,-1
258,20,229.20,747.55,96.29,269.44,0.7663,-1,-1,-1
258,16,487.12,377.64,72.24,228.94,0.6611,-1,-1,-1
258,22,574.75,388.10,62.46,205.23,0.7465,-1,-1,-1
258,2,141.59,564.95,92.56,245.67,0.5900,-1,-1,-1
258,12,938.53,105.73,65.21,180.15,0.4246,-1,-1,-1
258,21,212.21,679.63,81.25,155.06,0.5357,-1,-1,-1
259,1,457.70,162.36,68.79,196.99,0.3507,-1,-1,-1
259,3,943.63,913.85,66.20,164.85,0.7305,-1,-1,-1
259,4,1720.35,459.39,73.89,208.28,0.5631,-1,-1,-1
259,5,1395.20,566.56,91.67,238.46,0.5865,-1,-1,-1
259,13,389.43,491.39,81.31,233.47,0.6567,-1,-1,-1
259,6,223.01,452.15,61.88,196.73,0.5074,-1,-1,-1
259,20,231.38,752.94,94.39,265.97,0.7464,-1,-1,-1
259,16,486.70,380.78,71.12,225.50,0.6670,-1,-1,-1
259,22,574.58,389.56,61.96,203.12,0.7487,-1,-1,-1
259,2,144.34,565.87,92.37,244.81,0.6283,-1,-1,-1
259,12,939.50,103.78,64.94,179.44,0.4182,-1,-1,-1
259,21,218.60,681.29,73.92,136.63,0.4737,-1,-1,-1
260,1,458.09,162.18,69.01,197.51,0.3750,-1,-1,-1
260,3,944.97,914.78,66.66,162.83,0.7217,-1,-1,-1
260,4,1720.02,459.37,74.01,208.46,0.5879,-1,-1,-1
260,5,1397.43,565.90,90.73,239.28,0.5573,-1,-1,-1
260,13,386.86,490.18,82.30,234.79,0.6631,-1,-1,-1
260,6,223.25,451.32,61.57,195.18,0.5083,-1,-1,-1
260,20,233.40,756.85,93.84,266.90,0.7298,-1,-1,-1
260,16,487.84,380.72,70.94,226.00,0.6626,-1,-1,-1
260,22,574.12,390.85,61.33,200.64,0.7529,-1,-1,-1
260,2,148.43,565.37,92.19,245.62,0.6318,-1,-1,-1
260,12,940.43,101.61,63.88,175.82,0.4327,-1,-1,-1
260,21,223.51,682.40,70.97,127.60,0.5331,-1,-1,-1
261,1,456.00,161.05,70.76,200.73,0.3851,-1,-1,-1
261,3,945.46,915.16,68.05,163.05,0.7260,-1,-1,-1
261,4,1720.33,459.54,74.05,208.73,0.5983,-1,-1,-1
261,5,1401.25,565.68,89.26,239.61,0.5527,-1,-1,-1
261,13,383.27,488.25,83.91,236.93,0.6510,-1,-1,-1
261,6,223.22,450.15,61.41,194.12,0.4815,-1,-1,-1
261,20,236.23,762.28,90.85,260.36,0.6983,-1,-1,-1
261,16,487.36,383.43,69.86,222.40,0.6898,-1,-1,-1
261,22,574.05,392.57,60.64,197.96,0.7489,-1,-1,-1
261,2,152.78,565.35,91.55,247.22,0.6509,-1,-1,-1
261,12,940.35,99.38,63.51,174.17,0.4453,-1,-1,-1
261,21,225.31,684.13,71.98,126.67,0.6275,-1,-1,-1
262,1,457.81,161.59,70.13,199.21,0.3845,-1,-1,-1
262,3,945.13,916.95,68.52,160.41,0.7269,-1,-1,-1
262,4,1720.40,459.89,73.97,208.39,0.5945,-1,-1,-1
262,5,1404.37,564.18,88.30,240.04,0.5657,-1,-1,-1
262,13,381.11,486.96,85.01,237.53,0.6311,-1,-1,-1
262,6,223.24,448.94,61.35,193.30,0.5126,-1,-1,-1
262,20,238.51,764.51,91.27,263.29,0.6922,-1,-1,-1
262,16,487.55,384.74,69.32,220.84,0.7157,-1,-1,-1
262,22,573.70,394.89,60.38,196.71,0.7372,-1,-1,-1
262,2,157.29,565.61,91.51,249.60,0.6473,-1,-1,-1
262,12,939.87,98.14,63.11,171.94,0.4972,-1,-1,-1
262,21,227.69,686.72,72.40,125.67,0.5634,-1,-1,-1
263,1,455.74,160.45,70.81,201.38,0.3654,-1,-1,-1
263,3,944.59,918.17,69.48,158.73,0.7392,-1,-1,-1
263,4,1720.32,460.01,74.01,208.20,0.5727,-1,-1,-1
263,5,1406.08,564.85,86.38,237.49,0.5933,-1,-1,-1
263,13,379.54,485.54,86.10,238.51,0.6100,-1,-1,-1
263,6,224.26,446.64,60.95,191.58,0.5247,-1,-1,-1
263,20,240.73,767.94,90.69,262.98,0.6713,-1,-1,-1
263,16,487.50,385.24,69.07,220.07,0.6995,-1,-1,-1
263,22,573.10,396.51,60.95,198.14,0.7084,-1,-1,-1
263,2,160.59,565.65,90.75,250.87,0.6833,-1,-1,-1
263,12,939.54,96.33,63.97,174.05,0.4814,-1,-1,-1
263,21,230.14,688.52,72.92,124.53,0.4594,-1,-1,-1
264,1,457.21,160.35,70.01,200.20,0.3312,-1,-1,-1
264,3,944.62,919.53,70.13,156.67,0.7567,-1,-1,-1
264,4,1720.64,459.83,74.10,208.49,0.5835,-1,-1,-1
264,5,1408.03,565.12,85.67,237.00,0.6156,-1,-1,-1
264,13,378.08,484.75,86.84,238.45,0.6064,-1,-1,-1
264,6,225.96,447.15,59.99,188.17,0.5598,-1,-1,-1
264,20,244.09,771.57,89.85,261.33,0.7472,-1,-1,-1
264,16,487.12,385.51,68.81,218.59,0.6892,-1,-1,-1
264,22,571.63,397.49,61.47,199.52,0.6841,-1,-1,-1
264,2,163.63,564.95,89.97,252.32,0.6903,-1,-1,-1
264,12,938.75,94.49,65.02,176.60,0.4408,-1,-1,-1
264,21,235.25,691.49,71.23,120.79,0.6105,-1,-1,-1
265,1,457.60,160.99,69.19,199.47,0.3728,-1,-1,-1
265,3,944.97,920.07,71.33,156.24,0.7554,-1,-1,-1
265,4,1720.64,460.02,74.03,208.33,0.6007,-1,-1,-1
265,5,1408.41,565.44,85.71,239.01,0.5871,-1,-1,-1
265,13,376.93,483.99,87.56,238.54,0.6553,-1,-1,-1
265,6,227.02,444.64,60.11,188.45,0.5294,-1,-1,-1
265,20,245.58,772.45,89.51,261.38,0.7680,-1,-1,-1
265,16,486.54,385.71,68.81,218.35,0.6718,-1,-1,-1
265,22,570.89,398.95,61.50,198.98,0.7247,-1,-1,-1
265,2,166.65,565.54,89.07,253.83,0.6907,-1,-1,-1
265,12,938.63,93.12,65.66,178.88,0.4708,-1,-1,-1
265,21,238.92,694.59,70.66,119.97,0.5715,-1,-1,-1
266,1,458.13,160.21,69.16,201.05,0.3284,-1,-1,-1
266,3,944.82,920.58,72.54,155.86,0.7624,-1,-1,-1
266,4,1720.52,460.32,73.99,208.15,0.5899,-1,-1,-1
266,5,1408.57,565.49,86.35,242.92,0.5707,-1,-1,-1
266,13,376.58,483.50,87.91,237.70,0.6407,-1,-1,-1
266,6,227.15,443.96,59.15,184.31,0.4924,-1,-1,-1
266,20,250.40,774.46,89.25,259.48,0.7715,-1,-1,-1
266,16,484.98,385.45,69.25,219.85,0.6286,-1,-1,-1
266,22,569.13,400.82,62.46,201.50,0.6708,-1,-1,-1
266,2,170.33,566.22,88.54,255.54,0.6934,-1,-1,-1
266,12,939.22,92.40,65.62,178.94,0.4589,-1,-1,-1
266,21,244.24,698.03,69.06,118.01,0.5293,-1,-1,-1
267,1,459.18,159.64,68.76,201.22,0.3720,-1,-1,-1
267,3,944.90,920.55,73.83,156.13,0.7636,-1,-1,-1
267,4,1720.64,460.09,74.11,208.18,0.5666,-1,-1,-1
267,5,1408.99,565.29,86.07,244.31,0.5651,-1,-1,-1
267,13,375.69,481.37,88.56,238.24,0.6064,-1,-1,-1
267,6,226.37,441.57,59.79,184.85,0.4865,-1,-1,-1
267,20,250.99,773.49,90.16,261.00,0.7581,-1,-1,-1
267,16,482.59,386.00,69.78,221.30,0.6257,-1,-1,-1
267,22,567.83,402.26,63.39,204.13,0.6510,-1,-1,-1
267,2,173.31,567.17,88.65,259.23,0.6873,-1,-1,-1
267,12,939.56,91.56,65.84,179.72,0.4571,-1,-1,-1
267,21,248.76,701.29,67.27,114.93,0.5142,-1,-1,-1
268,1,459.91,157.65,68.90,202.83,0.3731,-1,-1,-1
268,3,945.43,920.38,74.84,156.50,0.7583,-1,-1,-1
268,4,1720.44,460.05,74.07,208.14,0.5799,-1,-1,-1
268,5,1409.45,564.74,85.55,245.07,0.5938,-1,-1,-1
268,13,374.80,479.55,88.97,238.80,0.6349,-1,-1,-1
268,6,225.75,439.78,60.55,186.22,0.5369,-1,-1,-1
268,20,251.03,771.13,90.71,263.43,0.7429,-1,-1,-1
268,16,480.62,387.94,70.50,222.85,0.6267,-1,-1,-1
268,22,566.76,403.31,64.06,205.59,0.6221,-1,-1,-1
268,2,176.56,568.69,87.41,259.03,0.7073,-1,-1,-1
268,12,941.36,91.83,65.55,179.06,0.4517,-1,-1,-1
268,21,253.38,703.98,66.00,112.80,0.5485,-1,-1,-1
269,1,460.88,158.60,67.74,199.87,0.4035,-1,-1,-1
269,3,946.53,920.52,75.60,156.69,0.7533,-1,-1,-1
269,4,1720.72,460.49,73.76,207.21,0.5951,-1,-1,-1
269,5,1410.92,566.01,84.64,244.15,0.5817,-1,-1,-1
269,13,374.87,477.79,89.19,239.18,0.6510,-1,-1,-1
269,6,225.82,437.64,61.57,188.72,0.5009,-1,-1,-1
269,20,252.51,773.49,90.00,261.17,0.7193,-1,-1,-1
269,16,478.54,389.47,70.77,222.11,0.6336,-1,-1,-1
269,22,566.22,401.34,65.12,208.43,0.6021,-1,-1,-1
269,2,180.58,570.95,85.46,254.72,0.7132,-1,-1,-1
269,12,942.11,91.82,65.32,178.62,0.4962,-1,-1,-1
269,21,257.17,705.79,66.07,112.78,0.5752,-1,-1,-1
270,1,460.21,155.52,67.70,201.67,0.3787,-1,-1,-1
270,3,947.07,920.85,76.33,157.16,0.7538,-1,-1,-1
270,4,1720.79,460.96,73.62,206.69,0.5596,-1,-1,-1
270,5,1414.27,569.04,83.47,241.52,0.5699,-1,-1,-1
270,13,375.46,475.61,88.34,236.70,0.6327,-1,-1,-1
270,6,225.92,436.48,62.07,190.06,0.4791,-1,-1,-1
270,20,254.80,770.78,90.23,263.16,0.7716,-1,-1,-1
270,16,477.08,391.92,71.05,221.56,0.6353,-1,-1,-1
270,22,565.31,401.72,66.25,211.42,0.6105,-1,-1,-1
270,2,184.62,572.25,83.72,249.33,0.6871,-1,-1,-1
270,12,942.31,91.57,65.52,178.70,0.4809,-1,-1,-1
270,21,261.69,706.70,64.68,109.33,0.5492,-1,-1,-1
271,1,461.13,155.83,67.19,201.03,0.3588,-1,-1,-1
271,3,947.86,921.50,76.55,156.66,0.7319,-1,-1,-1
271,4,1720.32,460.45,74.14,207.91,0.5710,-1,-1,-1
271,5,1417.96,572.47,82.45,239.26,0.5320,-1,-1,-1
271,13,377.86,472.56,86.24,231.32,0.6257,-1,-1,-1
271,6,226.78,435.41,61.17,187.11,0.4749,-1,-1,-1
271,20,257.23,771.96,89.34,261.74,0.7423,-1,-1,-1
271,16,476.01,393.60,71.14,220.13,0.6234,-1,-1,-1
271,22,565.13,402.47,65.88,210.04,0.6058,-1,-1,-1
271,2,187.86,574.13,83.07,246.49,0.6547,-1,-1,-1
271,12,942.77,90.97,65.37,177.90,0.5078,-1,-1,-1
271,21,264.38,708.00,66.93,112.44,0.4877,-1,-1,-1
272,1,462.26,154.42,67.12,201.15,0.3685,-1,-1,-1
272,3,948.08,921.78,76.85,156.42,0.7196,-1,-1,-1
272,4,1720.27,460.29,73.97,207.30,0.5510,-1,-1,-1
272,5,1420.43,574.70,82.58,240.47,0.5202,-1,-1,-1
272,13,382.29,469.01,84.42,227.62,0.5986,-1,-1,-1
272,6,227.53,433.73,60.92,186.76,0.4508,-1,-1,-1
272,20,259.44,778.77,88.43,258.85,0.7314,-1,-1,-1
272,16,474.64,395.14,71.48,219.58,0.5954,-1,-1,-1
272,22,564.23,402.93,66.52,212.38,0.5543,-1,-1,-1
272,2,190.57,574.54,83.35,246.10,0.6721,-1,-1,-1
272,12,942.83,90.38,65.86,178.43,0.4844,-1,-1,-1
272,21,268.48,708.41,69.57,116.71,0.5237,-1,-1,-1
273,1,462.68,152.87,66.52,199.98,0.4018,-1,-1,-1
273,3,947.98,922.09,77.22,156.28,0.7230,-1,-1,-1
273,4,1720.06,460.49,73.97,207.33,0.5611,-1,-1,-1
273,5,1422.38,579.11,81.09,237.03,0.4939,-1,-1,-1
273,13,384.69,465.59,83.32,226.30,0.5863,-1,-1,-1
273,6,228.51,432.67,60.06,184.54,0.4703,-1,-1,-1
273,20,259.62,781.28,89.53,261.07,0.7240,-1,-1,-1
273,16,473.18,396.37,71.58,218.79,0.6026,-1,-1,-1
273,22,562.90,404.13,66.66,212.57,0.5500,-1,-1,-1
273,2,193.44,575.38,83.93,245.67,0.6831,-1,-1,-1
273,12,942.57,89.31,65.97,178.73,0.4868,-1,-1,-1
273,21,272.40,708.64,73.64,123.88,0.5733,-1,-1,-1
274,1,462.70,152.09,65.31,196.77,0.4003,-1,-1,-1
274,3,947.86,922.31,77.63,156.37,0.7052,-1,-1,-1
274,4,1720.25,460.36,73.98,207.51,0.5941,-1,-1,-1
274,5,1423.72,579.37,81.47,239.14,0.5281,-1,-1,-1
274,13,385.08,462.24,83.27,227.56,0.6227,-1,-1,-1
274,6,228.62,431.67,59.58,183.34,0.4639,-1,-1,-1
274,20,263.14,785.34,90.27,262.14,0.7130,-1,-1,-1
274,16,471.91,397.42,71.77,218.68,0.6236,-1,-1,-1
274,22,560.92,404.97,66.51,211.87,0.5339,-1,-1,-1
274,2,195.96,576.36,84.97,246.81,0.6954,-1,-1,-1
274,12,942.32,88.25,66.16,179.55,0.5138,-1,-1,-1
274,21,273.79,708.88,80.05,136.05,0.6443,-1,-1,-1
275,1,463.06,151.09,64.63,194.82,0.4032,-1,-1,-1
275,3,947.32,922.38,78.17,156.46,0.7234,-1,-1,-1
275,4,1720.27,460.16,73.96,207.56,0.5895,-1,-1,-1
275,5,1426.08,580.09,81.20,239.59,0.5103,-1,-1,-1
275,13,385.30,461.17,82.63,226.66,0.6139,-1,-1,-1
275,6,228.02,430.50,60.97,188.05,0.3371,-1,-1,-1
275,20,266.17,783.37,91.85,266.97,0.7037,-1,-1,-1
275,16,470.90,397.77,71.38,216.98,0.6620,-1,-1,-1
275,22,559.87,405.79,65.85,209.49,0.5952,-1,-1,-1
275,2,198.32,577.96,86.61,249.21,0.6725,-1,-1,-1
275,12,941.93,86.28,66.52,180.91,0.4998,-1,-1,-1
275,21,277.00,711.30,82.57,140.20,0.4186,-1,-1,-1
276,1,463.18,149.85,64.60,194.24,0.4030,-1,-1,-1
276,3,946.78,922.83,78.57,156.11,0.7484,-1,-1,-1
276,4,1720.00,460.42,73.84,206.98,0.5906,-1,-1,-1
276,5,1428.52,579.50,81.14,241.47,0.5310,-1,-1,-1
276,13,385.73,459.73,82.32,226.92,0.6325,-1,-1,-1
276,6,227.31,428.64,61.78,191.37,0.3359,-1,-1,-1
276,20,269.66,783.63,92.94,270.88,0.6299,-1,-1,-1
276,16,469.42,398.78,71.49,216.75,0.6650,-1,-1,-1
276,22,558.84,407.17,65.33,206.99,0.6338,-1,-1,-1
276,2,199.57,577.99,87.33,249.05,0.6740,-1,-1,-1
276,12,942.04,84.63,66.11,180.69,0.4536,-1,-1,-1
276,21,280.53,714.53,83.81,141.88,0.3168,-1,-1,-1
277,1,463.69,147.68,65.04,195.29,0.3743,-1,-1,-1
277,3,946.59,923.45,78.68,155.10,0.7527,-1,-1,-1
277,4,1719.51,459.91,74.32,208.16,0.5905,-1,-1,-1
277,5,1430.99,580.00,80.74,242.51,0.4950,-1,-1,-1
277,13,386.63,458.89,82.18,227.61,0.6088,-1,-1,-1
277,6,228.10,426.64,60.12,186.55,0.3895,-1,-1,-1
277,20,270.31,784.08,94.05,276.31,0.6519,-1,-1,-1
277,16,467.43,400.78,71.43,216.35,0.6852,-1,-1,-1
277,22,558.03,409.39,64.75,204.55,0.6591,-1,-1,-1
277,2,198.91,577.38,87.73,249.57,0.6507,-1,-1,-1
277,12,942.10,83.79,64.09,176.38,0.4626,-1,-1,-1
277,21,284.40,718.01,85.04,142.95,0.5265,-1,-1,-1
278,1,463.92,146.77,65.15,195.91,0.3478,-1,-1,-1
278,3,946.43,923.71,78.86,154.28,0.7646,-1,-1,-1
278,4,1719.54,459.53,74.67,208.99,0.5593,-1,-1,-1
278,5,1433.20,582.07,80.08,242.27,0.4393,-1,-1,-1
278,13,387.52,458.67,81.72,226.85,0.5992,-1,-1,-1
278,6,229.05,424.74,58.21,180.01,0.4276,-1,-1,-1
278,20,271.02,788.32,92.45,274.73,0.6252,-1,-1,-1
278,16,465.62,401.43,71.42,216.75,0.6676,-1,-1,-1
278,22,556.58,411.05,64.97,204.45,0.6520,-1,-1,-1
278,2,198.02,576.54,87.84,250.82,0.6512,-1,-1,-1
278,12,941.83,82.01,63.93,176.23,0.4516,-1,-1,-1
278,21,288.61,721.10,87.14,144.37,0.6426,-1,-1,-1
279,1,463.80,146.54,65.30,196.51,0.3521,-1,-1,-1
279,3,945.86,923.99,79.33,154.02,0.7570,-1,-1,-1
279,4,1720.01,459.39,74.64,209.33,0.5667,-1,-1,-1
279,13,387.51,458.14,82.19,228.33,0.5898,-1,-1,-1
279,6,229.89,423.12,57.38,176.87,0.4414,-1,-1,-1
279,20,272.41,792.72,92.51,277.88,0.6414,-1,-1,-1
279,16,465.06,403.69,70.25,213.38,0.6848,-1,-1,-1
279,22,555.51,412.74,65.06,204.25,0.6604,-1,-1,-1
279,2,198.50,577.23,86.77,250.61,0.5896,-1,-1,-1
279,12,940.92,79.46,64.04,177.50,0.4324,-1,-1,-1
279,21,293.57,725.14,88.36,143.27,0.6490,-1,-1,-1
280,1,463.70,144.90,66.07,198.72,0.3234,-1,-1,-1
280,3,945.41,924.42,79.72,153.35,0.7599,-1,-1,-1
280,4,1720.01,459.11,74.53,209.49,0.5722,-1,-1,-1
280,13,387.65,457.32,82.54,229.99,0.6086,-1,-1,-1
280,6,229.81,421.14,57.85,178.18,0.4718,-1,-1,-1
280,20,273.31,796.37,91.89,278.73,0.6422,-1,-1,-1
280,16,464.39,404.99,69.76,212.86,0.7120,-1,-1,-1
280,22,554.36,414.84,65.69,206.18,0.6500,-1,-1,-1
280,2,201.12,581.45,83.12,245.26,0.5344,-1,-1,-1
280,12,940.65,78.42,63.93,178.01,0.4328,-1,-1,-1
280,21,297.57,726.81,90.44,143.61,0.6615,-1,-1,-1
281,1,463.82,143.92,66.46,199.79,0.3407,-1,-1,-1
281,3,944.52,923.99,80.69,154.06,0.7632,-1,-1,-1
281,4,1719.84,459.57,74.40,209.08,0.5691,-1,-1,-1
281,13,388.43,456.61,82.09,229.99,0.6385,-1,-1,-1
281,6,229.20,419.20,59.77,183.95,0.4025,-1,-1,-1
281,20,276.16,798.40,90.99,278.21,0.6532,-1,-1,-1
281,16,463.54,405.62,69.44,212.89,0.6512,-1,-1,-1
281,22,553.32,417.38,65.73,206.54,0.6400,-1,-1,-1
281,2,202.90,581.21,82.96,248.71,0.5730,-1,-1,-1
281,12,940.07,77.39,63.69,178.26,0.4340,-1,-1,-1
281,21,301.09,729.73,91.34,142.33,0.6484,-1,-1,-1
282,1,464.12,143.14,66.82,200.65,0.3178,-1,-1,-1
282,3,943.89,924.02,81.19,153.80,0.7612,-1,-1,-1
282,4,1719.57,460.18,74.34,209.10,0.6168,-1,-1,-1
282,13,388.36,455.37,81.25,229.08,0.6571,-1,-1,-1
282,6,228.53,416.67,61.29,188.70,0.4559,-1,-1,-1
282,20,278.67,800.32,90.06,277.19,0.7255,-1,-1,-1
282,16,463.36,406.32,68.54,211.43,0.6620,-1,-1,-1
282,22,552.28,419.17,65.21,205.04,0.6606,-1,-1,-1
282,2,207.53,584.25,80.03,245.02,0.6071,-1,-1,-1
282,12,939.52,77.19,63.40,177.90,0.4612,-1,-1,-1
282,21,304.60,733.18,94.06,144.60,0.6510,-1,-1,-1
283,1,464.59,143.71,66.73,199.95,0.3090,-1,-1,-1
283,3,943.61,923.88,81.78,153.77,0.7738,-1,-1,-1
283,4,1719.99,459.69,74.34,209.40,0.6041,-1,-1,-1
283,13,387.66,452.16,81.54,230.90,0.6525,-1,-1,-1
283,6,229.26,414.93,60.38,185.20,0.4088,-1,-1,-1
283,20,280.70,800.28,89.70,277.53,0.7057,-1,-1,-1
283,16,463.49,407.50,68.31,212.07,0.6540,-1,-1,-1
283,22,551.43,420.94,65.03,205.67,0.6496,-1,-1,-1
283,2,211.53,584.43,78.57,245.05,0.5963,-1,-1,-1
283,12,939.54,78.40,61.44,173.07,0.4838,-1,-1,-1
283,21,309.42,736.24,92.78,140.26,0.5674,-1,-1,-1
284,1,463.73,143.00,66.86,200.11,0.3430,-1,-1,-1
284,3,942.35,923.23,82.86,154.57,0.7676,-1,-1,-1
284,4,1720.11,460.02,74.21,209.04,0.5969,-1,-1,-1
284,13,388.41,449.70,81.24,232.02,0.6483,-1,-1,-1
284,6,229.76,412.74,58.67,179.20,0.3737,-1,-1,-1
284,20,281.95,801.26,89.34,277.12,0.7167,-1,-1,-1
284,16,463.10,409.10,68.96,214.86,0.6215,-1,-1,-1
284,22,550.72,423.16,65.64,208.55,0.6629,-1,-1,-1
284,2,215.00,581.19,79.10,251.99,0.5659,-1,-1,-1
284,12,939.78,78.55,60.90,172.09,0.4619,-1,-1,-1
284,21,312.87,738.62,92.69,138.50,0.5649,-1,-1,-1
285,1,462.88,142.90,66.70,200.10,0.3239,-1,-1,-1
285,3,941.21,922.61,83.67,154.95,0.7723,-1,-1,-1
285,4,1720.48,460.27,74.03,208.44,0.5914,-1,-1,-1
285,13,388.86,448.16,80.57,232.11,0.6452,-1,-1,-1
285,6,228.87,412.49,60.37,183.72,0.3838,-1,-1,-1
285,20,283.45,802.31,88.99,276.27,0.6994,-1,-1,-1
285,16,462.84,410.01,69.40,217.33,0.6051,-1,-1,-1
285,22,549.19,424.18,65.78,210.65,0.6517,-1,-1,-1
285,2,219.25,579.97,78.24,254.15,0.5491,-1,-1,-1
285,12,939.98,78.84,61.31,173.46,0.4665,-1,-1,-1
285,21,313.72,740.86,93.59,138.14,0.5574,-1,-1,-1
285,5,1443.80,579.61,80.98,246.13,0.5650,-1,-1,-1
286,1,462.18,143.86,65.76,198.16,0.3005,-1,-1,-1
286,3,940.92,922.18,84.17,155.49,0.7622,-1,-1,-1
286,4,1720.51,460.07,73.93,208.51,0.6184,-1,-1,-1
286,13,389.19,445.96,79.66,231.35,0.6347,-1,-1,-1
286,6,227.90,411.28,63.99,195.93,0.3329,-1,-1,-1
286,20,285.48,804.18,88.59,273.79,0.7233,-1,-1,-1
286,16,461.99,411.10,70.43,222.01,0.6053,-1,-1,-1
286,22,547.52,425.35,65.80,211.48,0.6244,-1,-1,-1
286,2,223.65,578.54,77.38,256.18,0.5470,-1,-1,-1
286,12,939.94,78.56,61.56,174.41,0.4634,-1,-1,-1
286,21,313.69,742.81,94.34,137.77,0.5544,-1,-1,-1
286,5,1445.77,579.79,81.05,247.48,0.4795,-1,-1,-1
287,1,461.43,143.52,65.65,198.15,0.3315,-1,-1,-1
287,3,940.41,922.17,84.44,155.70,0.7800,-1,-1,-1
287,4,1720.24,459.79,74.00,208.94,0.6068,-1,-1,-1
287,13,390.43,444.00,77.53,226.00,0.6042,-1,-1,-1
287,6,227.08,411.32,67.17,207.65,0.3092,-1,-1,-1
287,20,288.11,807.96,87.76,268.94,0.7517,-1,-1,-1
287,16,461.56,412.25,70.55,224.06,0.5960,-1,-1,-1
287,22,545.18,426.04,65.77,211.33,0.6319,-1,-1,-1
287,2,227.02,579.66,75.90,255.28,0.5447,-1,-1,-1
287,12,939.59,78.03,62.07,176.15,0.4507,-1,-1,-1
287,21,313.88,742.76,95.80,139.06,0.5582,-1,-1,-1
287,5,1448.74,579.75,80.86,247.35,0.5470,-1,-1,-1
288,1,462.59,143.91,65.49,197.27,0.3234,-1,-1,-1
288,3,940.27,921.83,84.49,155.92,0.7600,-1,-1,-1
288,4,1720.24,460.02,73.80,208.59,0.6026,-1,-1,-1
288,13,391.39,441.59,76.08,222.79,0.6231,-1,-1,-1
288,6,228.69,410.56,65.58,203.32,0.3249,-1,-1,-1
288,20,289.71,811.43,87.98,267.35,0.7661,-1,-1,-1
288,16,459.79,409.61,71.10,227.49,0.5782,-1,-1,-1
288,22,543.29,426.65,65.76,210.78,0.6145,-1,-1,-1
288,2,229.43,579.47,75.19,255.63,0.5792,-1,-1,-1
288,12,937.89,75.43,61.77,176.19,0.5023,-1,-1,-1
288,21,312.51,743.38,95.76,138.83,0.5782,-1,-1,-1
288,5,1451.54,582.51,79.53,242.12,0.5275,-1,-1,-1
289,1,462.36,143.59,65.55,197.88,0.3106,-1,-1,-1
289,3,939.72,921.28,84.32,156.30,0.7492,-1,-1,-1
289,4,1719.84,459.30,74.33,210.16,0.5915,-1,-1,-1
289,13,391.99,439.39,75.32,221.37,0.6236,-1,-1,-1
289,6,231.43,409.25,61.76,191.01,0.4105,-1,-1,-1
289,20,292.26,812.68,88.55,266.79,0.7543,-1,-1,-1
289,16,459.18,411.41,70.65,227.87,0.6396,-1,-1,-1
289,22,541.68,427.40,65.89,210.38,0.6193,-1,-1,-1
289,2,232.25,580.14,74.27,254.21,0.5509,-1,-1,-1
289,12,936.84,73.95,61.19,175.57,0.5159,-1,-1,-1
289,21,310.99,743.67,97.88,142.07,0.5943,-1,-1,-1
289,5,1453.72,582.24,79.50,240.36,0.4919,-1,-1,-1
290,3,939.28,920.47,83.92,156.65,0.7535,-1,-1,-1
290,4,1720.09,459.42,74.13,209.60,0.5992,-1,-1,-1
290,13,390.13,437.41,76.13,223.64,0.6009,-1,-1,-1
290,6,233.48,408.64,59.80,184.82,0.4551,-1,-1,-1
290,20,294.61,815.67,88.76,264.66,0.7199,-1,-1,-1
290,16,458.00,411.84,70.97,230.49,0.6796,-1,-1,-1
290,22,540.40,427.62,66.02,210.04,0.6300,-1,-1,-1
290,2,233.99,581.41,73.42,253.35,0.5761,-1,-1,-1
290,12,936.10,72.53,60.70,175.59,0.5210,-1,-1,-1
290,21,310.17,744.50,98.43,144.06,0.6312,-1,-1,-1
290,5,1456.48,587.77,77.96,231.82,0.4023,-1,-1,-1
291,3,939.13,919.92,83.43,156.92,0.7535,-1,-1,-1
291,4,1720.92,459.75,73.87,209.06,0.5849,-1,-1,-1
291,13,387.69,435.45,77.33,226.06,0.5969,-1,-1,-1
291,6,233.95,408.08,59.33,182.73,0.4341,-1,-1,-1
291,20,296.76,819.74,88.31,260.86,0.7040,-1,-1,-1
291,16,457.97,412.70,70.72,231.07,0.6569,-1,-1,-1
291,22,538.34,428.19,66.19,209.57,0.6354,-1,-1,-1
291,2,236.20,581.11,73.07,254.02,0.5583,-1,-1,-1
291,12,935.62,71.09,60.87,177.68,0.5073,-1,-1,-1
291,21,310.13,746.20,97.67,144.08,0.6181,-1,-1,-1
291,5,1458.69,592.83,76.62,223.55,0.3740,-1,-1,-1
292,3,938.81,919.71,82.90,157.37,0.7396,-1,-1,-1
292,4,1720.54,460.39,73.82,208.64,0.5782,-1,-1,-1
292,13,386.00,434.82,78.07,227.26,0.5705,-1,-1,-1
292,6,233.33,407.39,59.66,183.50,0.4539,-1,-1,-1
292,20,300.91,825.97,87.31,253.60,0.6388,-1,-1,-1
292,16,458.26,414.09,70.21,230.69,0.5968,-1,-1,-1
292,22,538.30,429.69,65.98,208.03,0.6525,-1,-1,-1
292,2,240.18,581.31,72.93,253.34,0.5465,-1,-1,-1
292,12,936.00,69.92,59.97,175.98,0.5262,-1,-1,-1
292,21,311.83,748.90,95.56,142.26,0.5284,-1,-1,-1
292,5,1463.78,598.11,76.55,222.56,0.4207,-1,-1,-1
293,3,937.62,918.79,82.43,158.76,0.7357,-1,-1,-1
293,4,1720.71,460.72,73.58,208.03,0.5612,-1,-1,-1
293,13,384.13,433.21,78.89,228.36,0.5399,-1,-1,-1
293,6,232.82,406.15,59.82,183.65,0.5320,-1,-1,-1
293,20,300.88,831.18,85.96,247.33,0.6655,-1,-1,-1
293,16,458.85,415.09,69.41,228.43,0.5789,-1,-1,-1
293,22,537.05,432.04,65.94,206.82,0.6788,-1,-1,-1
293,2,245.12,581.88,73.94,253.64,0.5522,-1,-1,-1
293,12,936.62,68.73,58.84,173.37,0.4574,-1,-1,-1
293,21,313.23,751.58,92.41,138.31,0.4064,-1,-1,-1
293,5,1466.17,598.62,78.00,224.71,0.4391,-1,-1,-1
294,3,936.24,918.03,81.55,159.96,0.7533,-1,-1,-1
294,4,1720.38,459.92,74.10,209.45,0.5845,-1,-1,-1
294,13,382.04,432.64,79.82,229.65,0.5556,-1,-1,-1
294,6,233.10,404.82,59.27,181.30,0.5104,-1,-1,-1
294,20,301.96,836.05,85.02,242.53,0.7191,-1,-1,-1
294,16,458.88,415.65,69.12,227.35,0.6217,-1,-1,-1
294,22,536.32,434.16,66.70,208.51,0.6737,-1,-1,-1
294,2,248.48,582.56,75.24,253.50,0.6085,-1,-1,-1
294,12,936.85,67.45,57.84,171.49,0.4327,-1,-1,-1
294,21,318.13,754.96,89.85,136.63,0.4974,-1,-1,-1
294,5,1464.11,595.79,80.77,228.49,0.5253,-1,-1,-1
295,3,934.80,916.88,80.83,161.60,0.7396,-1,-1,-1
295,4,1720.13,460.19,74.12,209.33,0.5886,-1,-1,-1
295,13,379.97,432.78,80.82,230.49,0.5365,-1,-1,-1
295,6,232.23,402.16,59.89,183.06,0.4393,-1,-1,-1
295,20,303.46,839.81,84.53,239.55,0.7003,-1,-1,-1
295,16,459.16,416.19,68.58,225.53,0.6009,-1,-1,-1
295,22,534.88,436.09,67.27,209.90,0.6699,-1,-1,-1
295,2,250.77,582.93,76.67,252.66,0.6484,-1,-1,-1
295,12,936.13,66.89,57.80,172.47,0.4049,-1,-1,-1
295,21,321.25,759.01,89.14,137.80,0.5066,-1,-1,-1
295,5,1464.18,595.99,81.97,228.14,0.4853,-1,-1,-1
296,3,933.71,915.93,79.57,162.50,0.7561,-1,-1,-1
296,4,1720.12,460.08,74.04,209.22,0.5955,-1,-1,-1
296,13,378.55,431.25,81.78,232.13,0.5342,-1,-1,-1
296,6,232.80,400.72,59.81,181.92,0.5077,-1,-1,-1
296,20,305.36,842.90,84.20,236.53,0.7255,-1,-1,-1
296,16,459.27,418.45,68.39,223.79,0.6248,-1,-1,-1
296,22,535.08,438.51,66.47,206.96,0.6740,-1,-1,-1
296,2,251.15,583.40,77.85,251.90,0.6710,-1,-1,-1
296,12,935.94,65.95,57.36,172.19,0.4515,-1,-1,-1
296,21,323.65,761.69,88.60,138.71,0.4921,-1,-1,-1
296,5,1466.15,598.16,82.97,226.90,0.4934,-1,-1,-1
297,3,933.29,915.13,78.51,163.86,0.7560,-1,-1,-1
297,4,1719.75,460.33,73.94,208.98,0.5756,-1,-1,-1
297,13,377.85,429.95,82.37,233.19,0.5012,-1,-1,-1
297,6,233.52,399.84,60.13,182.67,0.5714,-1,-1,-1
297,20,306.72,843.86,84.67,235.94,0.7409,-1,-1,-1
297,16,458.31,419.52,68.06,222.31,0.6301,-1,-1,-1
297,22,534.45,440.81,66.04,205.88,0.6665,-1,-1,-1
297,2,251.81,584.82,78.81,250.81,0.6618,-1,-1,-1
297,12,935.35,64.85,57.44,173.45,0.4155,-1,-1,-1
297,21,326.18,764.97,87.96,139.49,0.5168,-1,-1,-1
297,5,1468.19,597.20,85.31,228.84,0.5440,-1,-1,-1
298,3,933.30,914.59,77.51,164.96,0.7687,-1,-1,-1
298,4,1720.56,460.80,73.66,208.30,0.5996,-1,-1,-1
298,13,377.62,429.42,81.81,230.61,0.5243,-1,-1,-1
298,6,234.30,398.56,60.64,184.14,0.5572,-1,-1,-1
298,20,308.45,845.34,85.08,234.79,0.7523,-1,-1,-1
298,16,457.51,420.07,67.97,221.70,0.6303,-1,-1,-1
298,22,534.60,442.81,65.10,202.87,0.6479,-1,-1,-1
298,2,251.98,584.92,79.70,250.06,0.6280,-1,-1,-1
298,12,935.69,64.12,56.96,172.36,0.4242,-1,-1,-1
298,21,328.48,767.48,88.98,142.92,0.5770,-1,-1,-1
298,5,1470.46,598.60,87.21,229.20,0.5540,-1,-1,-1
299,3,932.92,913.76,76.25,165.50,0.7748,-1,-1,-1
299,4,1720.55,461.37,73.46,207.71,0.5952,-1,-1,-1
299,13,378.08,428.31,81.33,228.83,0.5592,-1,-1,-1
299,6,234.26,397.55,60.69,183.97,0.5951,-1,-1,-1
299,20,309.59,846.56,85.49,233.68,0.7641,-1,-1,-1
299,16,456.78,421.08,68.39,223.18,0.6464,-1,-1,-1
299,22,534.50,444.39,65.05,203.18,0.6516,-1,-1,-1
299,2,252.98,584.08,80.55,250.37,0.6829,-1,-1,-1
299,12,936.10,63.68,56.63,171.32,0.4305,-1,-1,-1
299,21,332.89,770.47,88.63,144.25,0.6277,-1,-1,-1
299,5,1469.97,594.43,90.57,234.48,0.5895,-1,-1,-1
300,3,933.05,913.85,74.66,165.28,0.7696,-1,-1,-1
300,4,1720.98,460.90,73.48,208.22,0.5807,-1,-1,-1
300,13,379.57,426.13,80.10,225.23,0.5439,-1,-1,-1
300,6,234.05,397.33,60.64,183.94,0.5750,-1,-1,-1
300,20,311.19,847.36,86.08,232.89,0.7498,-1,-1,-1
300,16,456.26,423.16,68.56,223.82,0.6617,-1,-1,-1
300,22,534.14,445.77,65.22,204.06,0.6557,-1,-1,-1
300,2,254.25,583.67,81.21,249.70,0.6895,-1,-1,-1
300,12,935.51,63.04,56.98,172.53,0.4551,-1,-1,-1
300,21,337.19,772.70,88.36,146.04,0.6383,-1,-1,-1
300,5,1470.19,591.32,93.15,238.25,0.5963,-1,-1,-1
