1,1,371.74,408.30,79.69,239.71,0.7909,-1,-1,-1
1,2,104.37,546.39,73.25,245.35,0.7260,-1,-1,-1
1,3,1095.29,980.85,73.73,99.15,0.6920,-1,-1,-1
1,4,1732.44,452.89,73.78,221.06,0.6220,-1,-1,-1
1,5,1355.87,569.75,82.08,221.03,0.5500,-1,-1,-1
1,6,0.22,880.53,41.50,199.47,0.5315,-1,-1,-1
1,7,1103.64,210.05,56.21,179.71,0.5269,-1,-1,-1
1,8,546.15,146.37,57.89,183.43,0.5198,-1,-1,-1
1,9,225.79,399.57,64.29,198.91,0.5118,-1,-1,-1
1,10,789.24,145.32,64.25,178.73,0.4614,-1,-1,-1
1,11,1047.12,133.11,62.93,182.85,0.4447,-1,-1,-1
1,12,273.15,379.05,52.48,212.40,0.3728,-1,-1,-1
1,13,504.23,134.74,51.32,176.84,0.3702,-1,-1,-1
2,1,372.18,408.13,80.16,239.81,0.7973,-1,-1,-1
2,2,104.30,546.51,72.99,245.60,0.7255,-1,-1,-1
2,3,1100.27,981.14,71.70,98.84,0.6895,-1,-1,-1
2,4,1730.74,454.78,75.06,216.11,0.6073,-1,-1,-1
2,5,1355.90,570.07,81.74,217.82,0.5680,-1,-1,-1
2,6,0.21,878.28,40.06,201.22,0.3839,-1,-1,-1
2,7,1098.84,211.59,58.05,178.49,0.4729,-1,-1,-1
2,8,545.67,146.77,57.58,183.99,0.5070,-1,-1,-1
2,9,225.23,398.29,65.14,199.29,0.4910,-1,-1,-1
2,10,789.59,145.30,64.41,178.88,0.4606,-1,-1,-1
2,11,1046.23,132.97,63.83,182.09,0.4650,-1,-1,-1
2,12,268.50,379.24,54.77,210.70,0.4318,-1,-1,-1
2,13,503.59,134.37,51.11,176.80,0.3706,-1,-1,-1
3,1,373.24,407.86,79.10,241.07,0.7819,-1,-1,-1
3,2,104.56,546.18,73.34,246.61,0.7315,-1,-1,-1
3,3,1104.59,980.94,71.74,99.06,0.6963,-1,-1,-1
3,4,1730.90,453.32,74.19,219.11,0.6000,-1,-1,-1
3,5,1356.34,570.04,81.26,216.83,0.5666,-1,-1,-1
3,6,0.22,877.57,39.70,201.54,0.3544,-1,-1,-1
3,7,1093.40,213.37,61.17,177.42,0.5645,-1,-1,-1
3,8,544.99,147.39,58.10,183.68,0.4875,-1,-1,-1
3,9,223.48,396.91,67.24,201.66,0.4723,-1,-1,-1
3,10,788.96,145.19,64.86,178.63,0.4541,-1,-1,-1
3,11,1045.48,132.81,64.38,179.92,0.4988,-1,-1,-1
3,12,261.46,368.54,63.58,223.68,0.3911,-1,-1,-1
3,13,503.93,133.86,50.01,170.56,0.3938,-1,-1,-1
4,1,372.85,407.38,79.78,241.15,0.7959,-1,-1,-1
4,2,104.25,545.84,73.24,247.16,0.7230,-1,-1,-1
4,3,1108.05,979.25,72.11,100.75,0.6950,-1,-1,-1
4,4,1729.71,452.69,74.00,217.33,0.6199,-1,-1,-1
4,5,1356.22,570.19,82.46,217.03,0.5754,-1,-1,-1
4,6,0.29,876.36,42.70,203.02,0.5373,-1,-1,-1
4,7,1087.97,211.66,63.68,179.61,0.5528,-1,-1,-1
4,8,546.02,145.76,56.44,183.72,0.4674,-1,-1,-1
4,9,221.81,396.73,69.41,202.41,0.4799,-1,-1,-1
4,10,789.36,144.76,64.27,178.23,0.4697,-1,-1,-1
4,11,1045.31,133.46,63.44,179.54,0.4595,-1,-1,-1
4,12,263.25,379.34,59.94,214.38,0.4012,-1,-1,-1
4,13,501.20,135.19,52.52,172.87,0.4398,-1,-1,-1
5,1,374.28,406.87,79.04,241.28,0.7978,-1,-1,-1
5,2,104.14,545.85,72.66,247.13,0.7243,-1,-1,-1
5,3,1112.22,976.62,72.21,103.39,0.6964,-1,-1,-1
5,4,1728.74,452.23,74.07,218.24,0.6542,-1,-1,-1
5,5,1355.91,570.14,82.43,214.46,0.6076,-1,-1,-1
5,6,0.29,874.51,44.78,204.62,0.5592,-1,-1,-1
5,7,1075.69,210.76,75.19,178.90,0.5394,-1,-1,-1
5,8,545.89,145.15,56.28,185.98,0.5050,-1,-1,-1
5,9,220.88,396.76,71.72,200.97,0.3747,-1,-1,-1
5,10,789.10,145.58,64.86,176.97,0.4967,-1,-1,-1
5,11,1044.27,134.04,64.89,165.63,0.3774,-1,-1,-1
5,12,266.11,380.33,53.73,210.14,0.3873,-1,-1,-1
5,13,501.16,135.46,51.41,168.88,0.4855,-1,-1,-1
6,1,374.95,406.09,79.21,240.36,0.7852,-1,-1,-1
6,2,104.31,545.99,72.60,246.86,0.7309,-1,-1,-1
6,3,1114.66,975.71,72.71,104.28,0.6912,-1,-1,-1
6,4,1727.15,454.14,74.80,216.39,0.6514,-1,-1,-1
6,5,1356.62,570.14,81.68,213.41,0.6186,-1,-1,-1
6,6,0.36,872.25,46.05,207.03,0.6048,-1,-1,-1
6,7,1065.29,209.43,85.64,179.52,0.5797,-1,-1,-1
6,8,545.43,147.13,55.55,186.27,0.5159,-1,-1,-1
6,9,219.24,393.52,74.72,203.28,0.3017,-1,-1,-1
6,10,788.15,145.36,65.08,177.73,0.5056,-1,-1,-1
6,11,1043.67,134.98,64.63,155.93,0.3077,-1,-1,-1
6,12,267.29,380.07,49.54,208.74,0.3933,-1,-1,-1
6,13,501.89,136.60,49.86,167.22,0.5138,-1,-1,-1
7,1,375.71,404.93,80.09,240.10,0.7800,-1,-1,-1
7,2,104.22,545.93,72.60,246.19,0.7311,-1,-1,-1
7,3,1116.90,974.10,71.48,105.85,0.7056,-1,-1,-1
7,4,1726.42,454.31,74.65,213.41,0.6315,-1,-1,-1
7,5,1356.44,570.27,82.02,212.73,0.6334,-1,-1,-1
7,6,0.40,870.89,47.11,208.44,0.5963,-1,-1,-1
7,7,1055.91,208.29,95.97,180.83,0.5515,-1,-1,-1
7,8,544.58,148.26,54.43,186.92,0.5409,-1,-1,-1
7,10,788.30,145.40,65.48,177.80,0.5154,-1,-1,-1
7,12,266.50,380.43,48.70,200.42,0.3576,-1,-1,-1
7,13,501.79,138.65,49.05,165.57,0.4799,-1,-1,-1
8,1,376.58,402.88,80.08,239.20,0.7696,-1,-1,-1
8,2,104.66,546.21,72.82,246.53,0.7358,-1,-1,-1
8,3,1119.30,973.31,70.58,106.71,0.7071,-1,-1,-1
8,4,1724.51,454.68,75.51,209.75,0.6454,-1,-1,-1
8,5,1356.54,570.06,81.67,213.91,0.6125,-1,-1,-1
8,6,0.33,871.19,47.03,207.74,0.5826,-1,-1,-1
8,7,1051.59,210.61,101.19,178.35,0.5409,-1,-1,-1
8,8,544.54,147.32,53.26,188.46,0.5501,-1,-1,-1
8,10,787.98,145.94,65.63,177.00,0.5034,-1,-1,-1
8,12,264.95,381.29,48.94,191.01,0.3175,-1,-1,-1
8,13,499.94,141.03,51.63,171.50,0.4575,-1,-1,-1
9,1,377.00,401.82,81.02,237.70,0.7678,-1,-1,-1
9,2,104.69,546.08,73.41,246.78,0.7443,-1,-1,-1
9,3,1123.82,973.26,68.38,106.76,0.6692,-1,-1,-1
9,4,1723.67,454.52,75.47,209.86,0.6349,-1,-1,-1
9,5,1356.69,570.37,81.31,213.96,0.6143,-1,-1,-1
9,6,0.30,869.75,46.98,209.24,0.5596,-1,-1,-1
9,7,1047.81,210.67,106.03,176.10,0.5086,-1,-1,-1
9,8,544.68,147.71,52.01,189.48,0.4971,-1,-1,-1
9,10,787.92,145.82,65.51,175.97,0.4782,-1,-1,-1
9,13,500.31,141.90,50.32,173.11,0.4449,-1,-1,-1
10,1,377.44,400.48,81.28,236.45,0.7579,-1,-1,-1
10,2,104.81,545.90,73.82,246.72,0.7400,-1,-1,-1
10,3,1127.58,973.03,67.28,107.00,0.6880,-1,-1,-1
10,4,1723.80,454.73,74.75,209.63,0.6104,-1,-1,-1
10,5,1356.36,569.73,82.05,215.44,0.6147,-1,-1,-1
10,6,0.27,865.73,47.23,212.90,0.5661,-1,-1,-1
10,7,1044.46,211.37,109.14,173.64,0.4661,-1,-1,-1
10,8,543.80,148.50,51.80,191.47,0.4782,-1,-1,-1
10,10,788.03,145.84,65.28,176.77,0.4860,-1,-1,-1
10,13,498.85,142.41,51.53,174.36,0.4337,-1,-1,-1
11,1,378.43,398.37,80.94,234.49,0.7550,-1,-1,-1
11,2,104.61,546.00,74.01,246.78,0.7417,-1,-1,-1
11,3,1130.42,973.39,67.39,106.61,0.6688,-1,-1,-1
11,4,1723.52,458.13,74.92,206.49,0.6067,-1,-1,-1
11,5,1356.32,569.72,82.27,215.76,0.6406,-1,-1,-1
11,6,0.21,862.64,46.70,215.69,0.5584,-1,-1,-1
11,7,1042.46,210.18,106.94,174.04,0.4522,-1,-1,-1
11,8,542.55,148.65,52.08,192.78,0.4813,-1,-1,-1
11,10,787.99,145.71,65.45,177.11,0.4864,-1,-1,-1
11,13,498.47,142.84,51.26,175.42,0.4252,-1,-1,-1
11,14,1801.91,217.11,62.91,179.35,0.3489,-1,-1,-1
11,12,261.30,384.31,49.27,193.53,0.3796,-1,-1,-1
12,1,378.44,396.72,81.46,233.89,0.7530,-1,-1,-1
12,2,104.35,545.92,74.76,247.05,0.7371,-1,-1,-1
12,3,1133.72,973.18,67.15,106.80,0.6720,-1,-1,-1
12,4,1723.34,459.39,75.05,205.37,0.6362,-1,-1,-1
12,5,1356.80,569.62,81.00,215.40,0.6329,-1,-1,-1
12,6,0.35,857.00,47.05,220.53,0.5764,-1,-1,-1
12,7,1042.79,208.19,101.10,175.80,0.3598,-1,-1,-1
12,8,541.97,149.06,52.61,192.24,0.5006,-1,-1,-1
12,10,788.05,145.75,65.34,177.53,0.4828,-1,-1,-1
12,13,497.41,143.92,52.35,174.75,0.4129,-1,-1,-1
12,14,1802.18,219.21,63.92,176.00,0.3372,-1,-1,-1
13,1,378.67,395.34,81.81,232.41,0.7610,-1,-1,-1
13,2,104.37,545.86,75.47,247.65,0.7420,-1,-1,-1
13,3,1136.20,972.79,66.42,107.14,0.6339,-1,-1,-1
13,4,1723.82,458.51,74.19,206.49,0.6621,-1,-1,-1
13,5,1356.71,569.95,81.07,213.94,0.6359,-1,-1,-1
13,6,0.38,852.05,46.57,225.13,0.5896,-1,-1,-1
13,8,540.32,149.51,54.54,192.24,0.5203,-1,-1,-1
13,10,788.23,146.20,65.26,177.42,0.5103,-1,-1,-1
13,13,496.81,144.85,52.74,174.96,0.3769,-1,-1,-1
13,14,1802.08,221.36,67.24,177.20,0.3713,-1,-1,-1
13,9,211.69,393.78,64.17,180.98,0.3489,-1,-1,-1
14,1,379.22,394.56,81.44,231.36,0.7606,-1,-1,-1
14,2,104.16,545.85,75.87,248.27,0.7475,-1,-1,-1
14,3,1139.19,972.55,64.76,107.42,0.6305,-1,-1,-1
14,4,1723.07,459.44,75.64,206.34,0.6575,-1,-1,-1
14,5,1357.13,569.92,80.62,214.23,0.6135,-1,-1,-1
14,6,0.28,849.27,46.90,228.18,0.6077,-1,-1,-1
14,8,538.85,150.61,55.34,191.86,0.5044,-1,-1,-1
14,10,788.51,146.16,64.51,177.47,0.5246,-1,-1,-1
14,13,495.01,144.44,54.00,176.07,0.4112,-1,-1,-1
14,14,1802.73,222.54,67.25,177.02,0.3743,-1,-1,-1
14,15,880.80,130.00,86.86,178.07,0.4139,-1,-1,-1
14,9,209.96,396.07,63.84,178.40,0.3795,-1,-1,-1
15,1,379.81,393.44,81.34,231.34,0.7611,-1,-1,-1
15,2,104.28,545.85,75.81,248.17,0.7549,-1,-1,-1
15,3,1141.05,972.89,64.27,106.71,0.5995,-1,-1,-1
15,4,1723.73,456.49,74.75,209.67,0.6507,-1,-1,-1
15,5,1356.91,570.39,80.48,213.17,0.6056,-1,-1,-1
15,6,0.19,848.31,47.34,229.87,0.5862,-1,-1,-1
15,8,537.53,151.64,55.56,191.77,0.5038,-1,-1,-1
15,10,788.10,146.72,65.14,176.12,0.5364,-1,-1,-1
15,13,494.20,143.91,54.02,177.38,0.3866,-1,-1,-1
15,14,1803.84,223.52,67.47,183.07,0.3943,-1,-1,-1
15,15,879.98,130.44,86.54,177.73,0.3794,-1,-1,-1
15,9,208.91,392.14,62.79,181.77,0.3146,-1,-1,-1
16,1,380.26,392.82,80.96,231.89,0.7659,-1,-1,-1
16,2,104.43,546.18,75.52,247.35,0.7503,-1,-1,-1
16,3,1144.71,972.78,63.10,106.37,0.5672,-1,-1,-1
16,4,1724.53,455.59,73.55,210.13,0.6556,-1,-1,-1
16,5,1356.82,570.28,80.28,213.48,0.6194,-1,-1,-1
16,6,0.20,848.30,48.38,230.16,0.5054,-1,-1,-1
16,8,535.01,153.33,56.75,189.47,0.5244,-1,-1,-1
16,10,788.66,146.97,64.52,175.63,0.5039,-1,-1,-1
16,13,493.43,143.60,54.49,178.30,0.3327,-1,-1,-1
16,14,1804.48,224.45,68.99,187.49,0.3867,-1,-1,-1
16,15,879.94,131.58,86.16,178.83,0.3332,-1,-1,-1
16,9,208.11,385.47,59.74,189.33,0.3669,-1,-1,-1
16,12,250.13,385.88,55.01,184.96,0.3551,-1,-1,-1
17,1,380.67,391.70,81.29,233.65,0.7511,-1,-1,-1
17,2,104.16,546.72,76.44,246.35,0.7453,-1,-1,-1
17,3,1148.47,972.90,60.57,106.80,0.5345,-1,-1,-1
17,4,1723.39,457.63,75.41,209.13,0.6399,-1,-1,-1
17,5,1356.68,570.07,81.27,214.49,0.6041,-1,-1,-1
17,6,0.23,847.75,50.19,231.74,0.5549,-1,-1,-1
17,8,533.43,155.59,57.93,188.09,0.6085,-1,-1,-1
17,10,788.67,147.14,64.43,174.85,0.4923,-1,-1,-1
17,13,493.13,144.74,54.36,177.61,0.3616,-1,-1,-1
17,14,1805.91,225.68,67.78,190.79,0.3620,-1,-1,-1
17,15,880.55,132.27,85.07,177.74,0.3201,-1,-1,-1
17,9,207.33,381.46,58.56,194.48,0.3340,-1,-1,-1
17,12,247.66,382.89,56.90,187.97,0.3619,-1,-1,-1
18,1,380.80,390.11,81.72,236.13,0.7520,-1,-1,-1
18,2,104.19,546.63,76.48,246.00,0.7479,-1,-1,-1
18,3,1151.85,973.06,58.16,106.85,0.5305,-1,-1,-1
18,4,1723.27,457.96,75.92,208.59,0.6457,-1,-1,-1
18,5,1356.70,569.96,80.95,214.46,0.6182,-1,-1,-1
18,6,0.25,847.17,51.71,232.63,0.5066,-1,-1,-1
18,8,531.88,156.16,57.85,187.11,0.6042,-1,-1,-1
18,10,789.03,147.27,64.10,174.45,0.5330,-1,-1,-1
18,13,492.94,143.94,53.97,178.74,0.3680,-1,-1,-1
18,14,1806.42,226.52,68.88,191.88,0.3825,-1,-1,-1
18,15,880.49,132.80,84.67,178.07,0.3421,-1,-1,-1
18,9,207.29,381.97,56.40,193.41,0.3618,-1,-1,-1
18,12,246.44,383.38,57.04,187.48,0.4081,-1,-1,-1
19,1,380.98,388.56,82.42,237.88,0.7551,-1,-1,-1
19,2,104.36,546.48,76.26,246.10,0.7459,-1,-1,-1
19,3,1154.31,972.71,57.47,107.21,0.5198,-1,-1,-1
19,4,1723.48,456.01,75.31,210.37,0.6467,-1,-1,-1
19,5,1356.93,569.95,80.40,214.78,0.6405,-1,-1,-1
19,6,0.27,845.50,52.44,234.25,0.5326,-1,-1,-1
19,8,530.38,158.56,58.06,184.27,0.5466,-1,-1,-1
19,10,789.12,146.97,63.82,174.41,0.4808,-1,-1,-1
19,14,1808.25,227.28,69.26,191.54,0.3604,-1,-1,-1
19,9,206.53,381.49,56.21,195.04,0.4001,-1,-1,-1
19,12,245.81,380.95,56.27,190.07,0.4172,-1,-1,-1
20,1,380.89,387.20,82.76,239.53,0.7480,-1,-1,-1
20,2,104.32,546.58,76.07,245.97,0.7456,-1,-1,-1
20,3,1157.22,972.77,55.91,107.21,0.5105,-1,-1,-1
20,4,1723.50,457.91,75.68,208.11,0.6295,-1,-1,-1
20,5,1357.03,570.42,80.15,214.24,0.6494,-1,-1,-1
20,6,0.26,845.22,52.70,234.75,0.4771,-1,-1,-1
20,8,530.07,158.92,56.29,183.98,0.5439,-1,-1,-1
20,10,789.14,147.61,64.02,174.00,0.4956,-1,-1,-1
20,14,1809.56,227.69,69.95,190.67,0.3427,-1,-1,-1
20,9,205.06,386.47,57.08,188.75,0.4155,-1,-1,-1
20,12,244.80,377.09,55.12,192.36,0.3149,-1,-1,-1
20,7,1026.82,146.99,65.39,231.81,0.4028,-1,-1,-1
21,1,380.72,386.25,83.22,240.16,0.7588,-1,-1,-1
21,2,104.29,546.52,76.01,246.26,0.7433,-1,-1,-1
21,3,1158.38,973.20,56.46,106.79,0.5021,-1,-1,-1
21,4,1723.42,458.08,75.79,208.20,0.6341,-1,-1,-1
21,5,1357.51,570.40,79.49,215.54,0.6137,-1,-1,-1
21,6,0.32,840.61,53.54,237.93,0.5228,-1,-1,-1
21,8,530.15,159.15,54.92,183.71,0.5888,-1,-1,-1
21,10,788.79,147.68,64.53,174.19,0.4867,-1,-1,-1
21,9,203.78,379.63,57.30,194.67,0.4005,-1,-1,-1
21,12,244.58,375.98,52.87,190.43,0.3460,-1,-1,-1
22,1,380.87,386.08,83.18,239.77,0.7578,-1,-1,-1
22,2,104.16,546.93,76.19,245.70,0.7385,-1,-1,-1
22,3,1157.95,974.22,57.82,105.79,0.5591,-1,-1,-1
22,4,1723.79,458.38,75.00,207.56,0.6682,-1,-1,-1
22,5,1357.46,570.22,79.49,215.14,0.6385,-1,-1,-1
22,6,0.31,841.19,53.71,238.45,0.5434,-1,-1,-1
22,8,528.96,157.09,54.55,186.19,0.5037,-1,-1,-1
22,10,789.07,147.85,64.44,174.84,0.4618,-1,-1,-1
22,9,203.52,373.64,60.01,199.88,0.3304,-1,-1,-1
22,7,1004.48,143.34,85.30,235.26,0.3479,-1,-1,-1
23,1,381.57,385.36,82.26,238.93,0.7569,-1,-1,-1
23,2,104.24,546.68,76.06,245.61,0.7394,-1,-1,-1
23,3,1159.05,973.94,59.89,106.06,0.5504,-1,-1,-1
23,4,1724.21,457.77,74.38,207.62,0.6392,-1,-1,-1
23,5,1357.04,570.02,80.26,215.17,0.6141,-1,-1,-1
23,6,0.32,841.80,53.68,237.31,0.5669,-1,-1,-1
23,8,527.91,157.60,52.76,186.71,0.4697,-1,-1,-1
23,10,790.00,148.43,62.31,174.34,0.4303,-1,-1,-1
23,7,1014.94,144.37,73.66,198.55,0.3871,-1,-1,-1
24,1,381.68,384.88,81.83,238.07,0.7574,-1,-1,-1
24,2,104.28,546.60,76.24,245.65,0.7382,-1,-1,-1
24,3,1159.92,974.60,60.82,105.40,0.5497,-1,-1,-1
24,4,1724.02,456.08,74.32,209.97,0.6434,-1,-1,-1
24,5,1356.76,569.80,80.70,216.91,0.5891,-1,-1,-1
24,6,0.30,839.92,54.42,236.92,0.5361,-1,-1,-1
24,8,525.40,157.47,54.31,187.44,0.4250,-1,-1,-1
24,10,789.67,148.41,63.77,173.80,0.4291,-1,-1,-1
24,7,1019.23,145.79,68.94,183.80,0.3215,-1,-1,-1
24,14,1820.28,230.85,68.59,189.76,0.3512,-1,-1,-1
25,1,381.75,384.11,81.04,237.28,0.7571,-1,-1,-1
25,2,104.02,546.82,76.59,245.88,0.7384,-1,-1,-1
25,3,1160.57,974.76,61.60,105.26,0.5631,-1,-1,-1
25,4,1722.87,457.47,75.52,209.21,0.6544,-1,-1,-1
25,5,1357.01,570.18,79.64,214.12,0.6125,-1,-1,-1
25,6,0.32,836.39,54.99,238.58,0.5031,-1,-1,-1
25,8,524.61,158.82,54.35,185.43,0.4365,-1,-1,-1
25,10,789.40,147.81,64.46,174.76,0.4319,-1,-1,-1
25,14,1822.33,233.02,68.34,192.37,0.3875,-1,-1,-1
26,1,382.23,383.15,80.14,237.21,0.7684,-1,-1,-1
26,2,103.59,546.55,77.21,246.90,0.7375,-1,-1,-1
26,3,1161.70,975.06,61.81,104.98,0.5967,-1,-1,-1
26,4,1722.99,454.70,74.51,212.63,0.6365,-1,-1,-1
26,5,1356.84,570.51,80.24,213.42,0.6084,-1,-1,-1
26,6,0.34,834.19,55.76,234.28,0.5684,-1,-1,-1
26,8,524.89,160.59,53.24,183.93,0.4214,-1,-1,-1
26,10,788.87,148.02,65.68,175.11,0.4471,-1,-1,-1
26,14,1825.56,235.85,66.85,192.45,0.3700,-1,-1,-1
27,1,381.90,381.51,80.68,237.36,0.7790,-1,-1,-1
27,2,103.43,546.21,77.03,247.14,0.7377,-1,-1,-1
27,3,1163.13,975.05,62.32,104.94,0.6073,-1,-1,-1
27,4,1722.75,457.69,74.65,208.90,0.6521,-1,-1,-1
27,5,1356.63,570.17,80.33,214.30,0.5868,-1,-1,-1
27,6,0.34,830.73,56.63,235.01,0.6075,-1,-1,-1
27,8,525.43,160.93,52.32,184.83,0.3655,-1,-1,-1
27,10,789.36,147.96,65.20,174.87,0.4484,-1,-1,-1
27,14,1827.81,237.92,65.74,191.68,0.3461,-1,-1,-1
27,9,198.94,349.98,71.63,220.98,0.3685,-1,-1,-1
28,1,381.89,379.67,81.77,237.86,0.7725,-1,-1,-1
28,2,103.10,546.61,77.19,246.38,0.7386,-1,-1,-1
28,3,1164.61,975.62,62.93,104.39,0.6165,-1,-1,-1
28,4,1723.01,456.22,74.03,210.67,0.6400,-1,-1,-1
28,5,1356.71,569.65,80.66,215.68,0.5881,-1,-1,-1
28,6,0.13,828.00,58.31,233.60,0.6340,-1,-1,-1
28,10,790.26,148.49,61.83,173.92,0.4501,-1,-1,-1
28,9,197.86,350.16,72.17,222.70,0.3995,-1,-1,-1
29,1,382.55,378.06,81.87,238.02,0.7810,-1,-1,-1
29,2,102.85,546.48,77.52,246.48,0.7455,-1,-1,-1
29,3,1165.58,975.85,64.54,104.18,0.6355,-1,-1,-1
29,4,1723.05,457.07,74.17,209.25,0.6502,-1,-1,-1
29,5,1356.65,569.78,81.13,215.40,0.6246,-1,-1,-1
29,6,0.17,826.21,59.43,230.10,0.6978,-1,-1,-1
29,10,790.84,148.65,60.14,174.16,0.4573,-1,-1,-1
29,9,197.14,352.19,71.49,219.73,0.3247,-1,-1,-1
30,1,382.94,376.53,83.14,237.20,0.7847,-1,-1,-1
30,2,102.97,547.02,77.51,245.69,0.7384,-1,-1,-1
30,3,1167.18,976.71,65.03,103.29,0.6211,-1,-1,-1
30,4,1723.04,457.39,74.80,208.71,0.6633,-1,-1,-1
30,5,1356.78,569.86,80.28,215.65,0.6171,-1,-1,-1
30,6,0.07,823.38,60.14,228.88,0.6767,-1,-1,-1
30,10,790.77,148.48,59.58,174.25,0.4582,-1,-1,-1
30,9,196.19,354.56,70.13,215.77,0.3162,-1,-1,-1
31,1,383.59,374.90,85.85,234.36,0.7516,-1,-1,-1
31,2,103.04,546.88,77.08,246.15,0.7404,-1,-1,-1
31,3,1168.45,977.18,65.77,102.78,0.6157,-1,-1,-1
31,4,1723.15,455.82,73.86,211.12,0.6545,-1,-1,-1
31,5,1356.69,569.74,80.32,214.43,0.5914,-1,-1,-1
31,6,0.25,818.51,60.07,235.49,0.6491,-1,-1,-1
31,10,790.61,148.23,59.86,175.12,0.4282,-1,-1,-1
31,9,194.95,356.06,69.36,211.89,0.3465,-1,-1,-1
32,1,383.76,373.33,89.55,232.85,0.7457,-1,-1,-1
32,2,103.03,546.76,76.65,246.38,0.7472,-1,-1,-1
32,3,1169.43,977.95,66.49,102.03,0.6746,-1,-1,-1
32,4,1722.80,456.85,74.80,209.80,0.6534,-1,-1,-1
32,5,1356.54,569.75,80.14,214.34,0.6039,-1,-1,-1
32,6,0.34,815.51,60.16,241.15,0.6162,-1,-1,-1
32,10,791.34,148.66,59.13,174.90,0.4570,-1,-1,-1
32,9,193.21,350.79,70.14,214.25,0.3971,-1,-1,-1
33,1,384.16,371.11,92.06,232.69,0.7501,-1,-1,-1
33,2,102.81,546.62,77.59,246.53,0.7486,-1,-1,-1
33,3,1170.88,978.86,66.90,101.13,0.6781,-1,-1,-1
33,4,1722.51,457.23,74.99,210.16,0.6571,-1,-1,-1
33,5,1356.27,569.48,80.90,216.61,0.6021,-1,-1,-1
33,6,0.33,813.21,60.81,246.61,0.6217,-1,-1,-1
33,10,791.06,148.92,59.31,174.34,0.4375,-1,-1,-1
33,9,190.82,348.73,70.65,216.52,0.4230,-1,-1,-1
33,13,492.77,159.38,83.72,196.24,0.3918,-1,-1,-1
34,1,384.80,370.23,92.57,231.80,0.7515,-1,-1,-1
34,2,102.74,546.78,77.72,246.55,0.7391,-1,-1,-1
34,3,1173.39,980.59,66.73,99.42,0.6763,-1,-1,-1
34,4,1722.65,457.97,74.42,208.64,0.6499,-1,-1,-1
34,5,1356.68,569.35,80.93,216.67,0.5996,-1,-1,-1
34,6,0.42,811.32,61.28,248.87,0.6135,-1,-1,-1
34,10,790.73,148.74,59.12,174.96,0.4324,-1,-1,-1
34,9,189.02,351.37,69.94,211.57,0.4157,-1,-1,-1
34,20,1021.17,155.38,62.60,187.01,0.4152,-1,-1,-1
34,13,492.92,160.56,83.34,195.75,0.3893,-1,-1,-1
35,1,384.90,369.31,93.27,232.44,0.7410,-1,-1,-1
35,2,102.53,546.86,78.32,246.92,0.7346,-1,-1,-1
35,3,1176.83,982.07,65.12,97.94,0.6624,-1,-1,-1
35,4,1722.52,457.68,74.09,208.60,0.6606,-1,-1,-1
35,5,1356.12,569.38,81.52,216.00,0.6011,-1,-1,-1
35,6,0.43,810.32,62.84,252.36,0.5751,-1,-1,-1
35,10,791.01,148.63,58.96,175.09,0.4427,-1,-1,-1
35,9,187.13,346.11,66.79,212.49,0.4548,-1,-1,-1
35,20,1021.92,156.01,60.99,184.89,0.4622,-1,-1,-1
35,13,493.66,161.07,81.76,195.35,0.3989,-1,-1,-1
35,8,495.18,161.00,78.70,194.23,0.3989,-1,-1,-1
36,1,385.21,368.68,92.74,232.81,0.7009,-1,-1,-1
36,2,102.69,547.02,77.72,246.56,0.7385,-1,-1,-1
36,3,1179.43,983.81,64.63,96.21,0.6412,-1,-1,-1
36,4,1722.76,458.47,74.11,207.96,0.6161,-1,-1,-1
36,5,1355.97,569.41,82.04,216.55,0.5767,-1,-1,-1
36,6,0.47,809.53,63.30,250.43,0.5426,-1,-1,-1
36,10,791.01,149.01,58.89,174.31,0.4402,-1,-1,-1
36,9,187.79,359.40,63.15,199.04,0.3995,-1,-1,-1
36,20,1021.97,156.71,61.42,182.14,0.5125,-1,-1,-1
36,13,494.45,161.22,79.23,194.56,0.4165,-1,-1,-1
36,21,384.60,995.36,90.24,84.62,0.4535,-1,-1,-1
36,8,493.89,160.94,78.58,194.15,0.4165,-1,-1,-1
36,14,1840.06,249.50,66.83,189.22,0.3537,-1,-1,-1
37,1,385.94,367.64,90.49,233.55,0.6902,-1,-1,-1
37,2,102.90,547.11,77.00,245.91,0.7344,-1,-1,-1
37,3,1182.11,984.48,64.76,95.49,0.6850,-1,-1,-1
37,4,1722.95,457.79,73.98,208.95,0.6401,-1,-1,-1
37,5,1356.13,569.15,82.11,218.37,0.5677,-1,-1,-1
37,6,0.52,808.45,64.96,249.52,0.6285,-1,-1,-1
37,10,790.58,148.81,59.48,174.74,0.4360,-1,-1,-1
37,9,187.07,361.12,62.44,195.85,0.4086,-1,-1,-1
37,20,1021.94,157.87,61.55,182.93,0.5344,-1,-1,-1
37,13,494.85,162.22,77.32,193.53,0.4226,-1,-1,-1
37,21,384.32,994.19,91.80,85.73,0.5152,-1,-1,-1
37,8,493.63,161.88,77.50,193.42,0.4226,-1,-1,-1
37,14,1840.48,251.98,64.49,185.56,0.3773,-1,-1,-1
38,1,387.08,366.57,87.13,234.73,0.6937,-1,-1,-1
38,2,102.81,546.97,76.62,245.56,0.7328,-1,-1,-1
38,3,1184.16,984.57,66.24,95.43,0.6922,-1,-1,-1
38,4,1722.75,458.26,74.36,207.84,0.6428,-1,-1,-1
38,5,1355.96,569.32,81.91,215.37,0.6049,-1,-1,-1
38,6,0.55,808.03,65.97,247.14,0.6404,-1,-1,-1
38,10,790.95,149.03,59.04,175.06,0.4243,-1,-1,-1
38,9,185.90,363.75,61.70,192.28,0.4321,-1,-1,-1
38,20,1023.30,158.61,60.61,183.68,0.5451,-1,-1,-1
38,13,494.53,162.86,76.59,193.07,0.4184,-1,-1,-1
38,21,384.40,993.01,93.23,86.98,0.5469,-1,-1,-1
38,8,493.17,162.53,77.03,193.08,0.4184,-1,-1,-1
38,14,1841.00,252.76,63.47,185.31,0.3217,-1,-1,-1
38,22,937.78,201.83,74.51,172.87,0.3836,-1,-1,-1
39,1,387.51,365.38,85.35,236.33,0.6891,-1,-1,-1
39,2,102.46,547.17,77.25,245.06,0.7308,-1,-1,-1
39,3,1186.64,984.11,67.94,95.92,0.6789,-1,-1,-1
39,4,1722.60,457.29,73.78,209.23,0.6227,-1,-1,-1
39,5,1356.69,568.36,81.37,216.97,0.5814,-1,-1,-1
39,6,0.51,807.10,66.20,245.56,0.6523,-1,-1,-1
39,10,790.92,148.90,58.88,175.12,0.4153,-1,-1,-1
39,9,183.72,362.60,62.82,193.80,0.4939,-1,-1,-1
39,20,1022.55,158.99,61.58,182.93,0.5211,-1,-1,-1
39,13,494.60,163.50,75.52,192.08,0.4237,-1,-1,-1
39,21,384.49,991.74,93.20,88.28,0.5276,-1,-1,-1
39,8,493.25,163.19,76.04,192.12,0.4237,-1,-1,-1
39,14,1841.02,253.28,63.97,184.76,0.3539,-1,-1,-1
39,22,927.19,201.19,83.72,172.73,0.5013,-1,-1,-1
40,1,387.93,365.98,86.11,235.51,0.6972,-1,-1,-1
40,2,102.25,546.94,77.41,244.91,0.7335,-1,-1,-1
40,3,1190.02,983.97,68.95,96.03,0.6545,-1,-1,-1
40,4,1722.67,456.59,73.56,210.48,0.6273,-1,-1,-1
40,5,1357.29,569.22,80.45,213.76,0.6151,-1,-1,-1
40,6,0.59,806.00,66.08,243.30,0.6072,-1,-1,-1
40,10,791.10,148.90,58.29,175.85,0.4046,-1,-1,-1
40,9,181.54,363.15,62.67,192.51,0.4306,-1,-1,-1
40,20,1022.07,159.21,62.21,182.40,0.5093,-1,-1,-1
40,13,494.45,166.38,73.95,191.78,0.4405,-1,-1,-1
40,21,384.93,990.04,93.12,89.89,0.5279,-1,-1,-1
40,8,493.21,166.10,74.47,191.84,0.4405,-1,-1,-1
40,14,1839.37,253.39,66.61,186.50,0.3340,-1,-1,-1
40,22,916.96,197.89,94.08,175.72,0.5105,-1,-1,-1
41,1,389.16,365.75,85.52,235.44,0.6909,-1,-1,-1
41,2,102.28,546.74,77.61,245.44,0.7313,-1,-1,-1
41,3,1192.85,984.80,68.16,95.20,0.6802,-1,-1,-1
41,4,1722.54,456.08,73.73,210.93,0.6395,-1,-1,-1
41,5,1356.99,568.82,80.82,215.12,0.6073,-1,-1,-1
41,6,0.53,805.03,66.59,243.18,0.6001,-1,-1,-1
41,10,791.35,149.11,57.51,175.29,0.4079,-1,-1,-1
41,9,179.78,361.59,62.38,194.07,0.3636,-1,-1,-1
41,20,1021.65,159.31,62.55,181.14,0.4771,-1,-1,-1
41,13,495.42,166.28,74.89,191.19,0.3632,-1,-1,-1
41,21,385.17,989.14,93.47,90.83,0.4924,-1,-1,-1
41,8,494.28,166.03,75.35,191.25,0.3632,-1,-1,-1
41,22,911.24,201.62,100.05,171.59,0.5440,-1,-1,-1
42,1,390.19,364.65,85.08,235.49,0.7104,-1,-1,-1
42,2,102.25,546.71,78.16,245.62,0.7402,-1,-1,-1
42,3,1195.46,984.93,68.89,95.04,0.6923,-1,-1,-1
42,4,1722.11,455.25,73.94,211.37,0.6461,-1,-1,-1
42,5,1356.96,569.18,80.46,214.52,0.6145,-1,-1,-1
42,6,0.39,802.89,66.89,243.11,0.6312,-1,-1,-1
42,10,791.21,148.89,57.37,176.69,0.4202,-1,-1,-1
42,9,179.36,367.80,60.22,189.00,0.3295,-1,-1,-1
42,20,1021.28,159.57,62.74,181.66,0.4734,-1,-1,-1
42,13,495.46,167.26,75.21,191.83,0.3718,-1,-1,-1
42,21,384.57,987.84,94.41,92.15,0.5331,-1,-1,-1
42,8,494.42,167.04,75.63,191.89,0.3718,-1,-1,-1
42,22,907.16,200.49,103.99,172.96,0.5451,-1,-1,-1
43,1,391.10,364.70,85.04,233.94,0.7374,-1,-1,-1
43,2,101.94,546.83,78.38,245.80,0.7338,-1,-1,-1
43,3,1198.22,985.17,70.25,94.81,0.6623,-1,-1,-1
43,4,1722.23,454.78,73.69,212.01,0.6162,-1,-1,-1
43,5,1356.83,569.14,80.50,214.47,0.6090,-1,-1,-1
43,6,0.28,799.10,67.12,235.66,0.6608,-1,-1,-1
43,10,790.68,149.24,58.33,176.26,0.4042,-1,-1,-1
43,20,1021.36,159.87,62.40,182.80,0.4672,-1,-1,-1
43,13,494.46,168.05,76.52,194.07,0.3847,-1,-1,-1
43,21,383.66,987.48,95.20,92.55,0.5402,-1,-1,-1
43,8,493.54,167.86,76.89,194.11,0.3847,-1,-1,-1
43,22,903.19,197.13,106.65,175.94,0.4978,-1,-1,-1
44,1,391.59,364.59,85.63,232.22,0.7343,-1,-1,-1
44,2,101.93,547.26,78.10,245.48,0.7334,-1,-1,-1
44,3,1199.58,985.50,71.38,94.54,0.6688,-1,-1,-1
44,4,1721.41,456.66,74.73,210.07,0.6474,-1,-1,-1
44,5,1356.83,568.99,80.95,216.07,0.6236,-1,-1,-1
44,6,0.23,795.69,67.49,231.08,0.6726,-1,-1,-1
44,10,790.83,149.25,58.13,176.19,0.4005,-1,-1,-1
44,20,1021.44,160.29,61.74,183.94,0.4379,-1,-1,-1
44,13,494.29,169.20,76.54,195.35,0.3771,-1,-1,-1
44,21,382.91,985.80,96.02,94.35,0.5968,-1,-1,-1
44,8,493.46,169.03,76.88,195.39,0.3771,-1,-1,-1
44,22,900.86,194.10,104.74,179.19,0.3167,-1,-1,-1
44,9,175.45,365.50,58.67,190.56,0.3525,-1,-1,-1
45,1,392.81,362.51,85.24,232.20,0.7371,-1,-1,-1
45,2,101.76,546.98,77.73,245.70,0.7425,-1,-1,-1
45,3,1200.77,985.82,72.35,94.22,0.6709,-1,-1,-1
45,4,1721.53,458.12,74.48,208.39,0.6321,-1,-1,-1
45,5,1356.52,568.89,81.00,216.24,0.6345,-1,-1,-1
45,6,0.26,793.00,67.65,229.37,0.6685,-1,-1,-1
45,10,790.60,149.26,58.55,175.82,0.4243,-1,-1,-1
45,20,1020.10,161.53,64.29,182.69,0.3991,-1,-1,-1
45,13,495.17,172.12,75.00,194.27,0.3115,-1,-1,-1
45,21,381.68,984.86,95.98,95.26,0.5952,-1,-1,-1
45,9,173.68,360.06,56.68,194.92,0.3643,-1,-1,-1
45,14,1842.28,256.93,72.57,196.63,0.3492,-1,-1,-1
46,1,394.65,360.95,83.46,231.89,0.7422,-1,-1,-1
46,2,101.71,546.55,77.83,246.08,0.7447,-1,-1,-1
46,3,1201.40,986.20,72.17,93.79,0.6854,-1,-1,-1
46,4,1721.00,458.90,74.86,207.05,0.6155,-1,-1,-1
46,5,1356.29,569.21,81.97,216.75,0.6039,-1,-1,-1
46,6,0.41,790.59,68.21,229.24,0.6718,-1,-1,-1
46,10,790.68,149.31,58.29,175.27,0.3893,-1,-1,-1
46,20,1019.42,161.99,65.25,182.28,0.4088,-1,-1,-1
46,13,493.06,173.82,77.33,193.91,0.3314,-1,-1,-1
46,21,380.30,979.95,96.93,100.08,0.6033,-1,-1,-1
46,9,172.18,354.71,55.42,199.70,0.3621,-1,-1,-1
46,14,1843.16,257.27,73.99,200.39,0.3300,-1,-1,-1
47,1,395.46,358.98,83.39,231.99,0.7461,-1,-1,-1
47,2,101.48,546.51,78.00,246.19,0.7292,-1,-1,-1
47,3,1202.13,986.36,72.98,93.66,0.6670,-1,-1,-1
47,4,1721.17,458.92,74.86,207.73,0.6306,-1,-1,-1
47,5,1356.51,569.44,81.64,216.05,0.5933,-1,-1,-1
47,6,0.59,789.14,68.92,231.05,0.6183,-1,-1,-1
47,10,790.15,149.44,59.63,174.92,0.4296,-1,-1,-1
47,20,1018.98,162.76,64.44,183.32,0.3951,-1,-1,-1
47,13,503.11,179.25,63.74,187.70,0.3161,-1,-1,-1
47,21,379.78,974.32,97.70,105.81,0.5909,-1,-1,-1
47,9,169.86,346.87,57.87,207.37,0.3911,-1,-1,-1
47,14,1844.33,258.78,73.95,202.12,0.3460,-1,-1,-1
48,1,396.33,357.30,83.46,230.35,0.7647,-1,-1,-1
48,2,101.58,546.25,77.91,246.74,0.7353,-1,-1,-1
48,3,1203.45,985.20,75.64,94.77,0.6326,-1,-1,-1
48,4,1721.37,459.47,74.49,206.46,0.6357,-1,-1,-1
48,5,1356.49,569.16,82.56,216.73,0.6132,-1,-1,-1
48,6,0.86,788.30,70.11,233.30,0.5857,-1,-1,-1
48,10,790.43,149.51,59.77,175.48,0.4552,-1,-1,-1
48,20,1018.69,163.21,63.65,182.96,0.3309,-1,-1,-1
48,13,506.40,182.73,58.48,183.80,0.3326,-1,-1,-1
48,21,378.84,967.48,99.12,112.60,0.6089,-1,-1,-1
48,9,168.70,344.76,57.42,210.73,0.3360,-1,-1,-1
48,14,1846.97,262.16,69.36,201.05,0.3696,-1,-1,-1
49,1,396.58,356.34,84.08,227.62,0.7608,-1,-1,-1
49,2,101.55,546.10,77.88,246.91,0.7393,-1,-1,-1
49,3,1204.03,984.07,77.24,95.93,0.6518,-1,-1,-1
49,4,1721.00,459.04,74.69,207.07,0.6575,-1,-1,-1
49,5,1356.49,569.41,82.59,217.70,0.6018,-1,-1,-1
49,6,0.82,785.44,71.97,242.66,0.6188,-1,-1,-1
49,10,790.42,149.29,60.21,175.93,0.4317,-1,-1,-1
49,20,1017.10,164.49,64.82,182.89,0.3711,-1,-1,-1
49,13,496.48,180.91,70.68,187.73,0.3703,-1,-1,-1
49,21,378.39,964.18,99.74,115.83,0.5888,-1,-1,-1
49,9,167.26,350.47,57.83,205.29,0.3555,-1,-1,-1
49,14,1849.08,264.14,66.09,201.09,0.3337,-1,-1,-1
50,1,396.34,355.03,85.18,226.31,0.7546,-1,-1,-1
50,2,101.56,546.04,77.88,246.67,0.7482,-1,-1,-1
50,3,1204.29,983.18,78.34,96.82,0.6281,-1,-1,-1
50,4,1721.04,459.15,74.43,206.74,0.6391,-1,-1,-1
50,5,1356.93,569.74,81.83,216.15,0.6122,-1,-1,-1
50,6,0.96,784.52,73.59,247.19,0.6055,-1,-1,-1
50,10,790.40,149.03,59.90,176.84,0.4070,-1,-1,-1
50,20,1017.02,164.94,62.61,178.00,0.3841,-1,-1,-1
50,13,493.50,179.99,74.93,190.59,0.3775,-1,-1,-1
50,21,379.85,961.48,98.55,117.70,0.5867,-1,-1,-1
50,14,1851.87,265.99,65.91,200.48,0.3915,-1,-1,-1
51,1,396.27,354.35,86.16,223.91,0.7538,-1,-1,-1
51,2,101.74,545.82,77.73,247.16,0.7505,-1,-1,-1
51,3,1204.89,982.08,79.03,97.93,0.6111,-1,-1,-1
51,4,1720.68,459.89,74.59,205.53,0.6227,-1,-1,-1
51,5,1357.05,569.41,81.51,215.16,0.6198,-1,-1,-1
51,6,1.19,783.27,74.02,247.47,0.6422,-1,-1,-1
51,10,790.42,148.84,59.85,177.54,0.4134,-1,-1,-1
51,20,1016.70,166.53,61.97,175.07,0.4440,-1,-1,-1
51,13,493.14,180.58,76.03,191.28,0.3679,-1,-1,-1
51,21,380.53,957.55,98.40,122.19,0.5503,-1,-1,-1
51,14,1853.95,267.21,63.50,197.27,0.3626,-1,-1,-1
52,1,396.91,353.15,86.51,223.80,0.7677,-1,-1,-1
52,2,102.05,545.52,77.14,247.08,0.7519,-1,-1,-1
52,3,1204.70,981.77,79.43,98.22,0.6304,-1,-1,-1
52,4,1721.59,457.19,73.70,209.02,0.6266,-1,-1,-1
52,5,1356.93,569.22,81.39,215.36,0.6233,-1,-1,-1
52,6,1.94,782.06,74.69,245.82,0.6113,-1,-1,-1
52,10,789.92,149.06,60.46,178.04,0.3952,-1,-1,-1
52,20,1016.11,167.85,62.94,178.44,0.4711,-1,-1,-1
52,13,490.50,180.46,79.57,191.21,0.3819,-1,-1,-1
52,21,381.43,953.29,98.73,126.58,0.5450,-1,-1,-1
53,1,398.18,351.55,85.65,225.12,0.7697,-1,-1,-1
53,2,102.39,545.19,76.11,247.41,0.7453,-1,-1,-1
53,3,1204.57,980.45,79.55,99.50,0.6525,-1,-1,-1
53,4,1721.98,456.35,73.46,209.23,0.6261,-1,-1,-1
53,5,1357.10,569.44,81.55,214.07,0.6401,-1,-1,-1
53,6,3.04,780.80,73.51,243.23,0.6510,-1,-1,-1
53,10,789.43,148.57,61.16,177.92,0.4121,-1,-1,-1
53,20,1015.81,168.81,62.83,180.80,0.4505,-1,-1,-1
53,13,489.00,180.64,82.17,190.89,0.4034,-1,-1,-1
53,21,381.78,950.11,100.56,129.51,0.6933,-1,-1,-1
54,1,398.58,350.64,85.62,225.99,0.7711,-1,-1,-1
54,2,102.45,544.81,75.77,247.97,0.7479,-1,-1,-1
54,3,1203.81,979.88,80.42,100.08,0.6571,-1,-1,-1
54,4,1722.01,456.07,73.44,209.77,0.6240,-1,-1,-1
54,5,1356.99,569.19,81.95,214.04,0.6411,-1,-1,-1
54,6,5.41,778.51,71.50,239.06,0.6455,-1,-1,-1
54,10,789.53,148.71,61.46,177.19,0.3981,-1,-1,-1
54,20,1014.40,170.74,62.41,181.42,0.4274,-1,-1,-1
54,13,488.19,180.55,84.00,190.74,0.3868,-1,-1,-1
54,21,382.53,948.24,102.62,130.35,0.7180,-1,-1,-1
55,1,399.47,349.55,85.03,227.64,0.7785,-1,-1,-1
55,2,102.54,544.91,75.70,248.44,0.7363,-1,-1,-1
55,3,1203.69,979.14,80.84,100.81,0.6651,-1,-1,-1
55,4,1722.12,456.59,73.89,210.50,0.6376,-1,-1,-1
55,5,1357.39,569.02,81.29,215.04,0.6082,-1,-1,-1
55,6,7.52,774.95,70.25,237.95,0.6805,-1,-1,-1
55,10,789.88,148.90,61.16,176.91,0.4251,-1,-1,-1
55,20,1012.83,172.96,62.72,181.52,0.4561,-1,-1,-1
55,13,488.10,180.27,84.52,191.28,0.4235,-1,-1,-1
55,21,382.92,946.50,105.38,132.12,0.6929,-1,-1,-1
55,14,1863.78,262.99,56.04,207.08,0.3406,-1,-1,-1
56,1,400.07,349.05,84.50,229.04,0.7878,-1,-1,-1
56,2,102.54,544.52,75.83,249.09,0.7376,-1,-1,-1
56,3,1203.41,977.78,81.16,102.20,0.6744,-1,-1,-1
56,4,1721.99,456.04,73.61,210.64,0.6445,-1,-1,-1
56,5,1357.17,569.13,80.92,215.95,0.6102,-1,-1,-1
56,6,8.13,772.34,70.27,235.92,0.6943,-1,-1,-1
56,10,789.96,148.77,61.45,177.64,0.4100,-1,-1,-1
56,20,1013.47,174.79,60.94,180.48,0.4680,-1,-1,-1
56,13,488.17,180.30,83.19,191.40,0.4782,-1,-1,-1
56,21,383.65,945.73,106.12,133.52,0.6985,-1,-1,-1
57,1,400.23,348.04,83.98,230.26,0.7938,-1,-1,-1
57,2,102.41,544.69,75.94,249.44,0.7329,-1,-1,-1
57,3,1202.76,976.53,81.77,103.45,0.6850,-1,-1,-1
57,4,1721.88,457.85,73.40,208.19,0.6509,-1,-1,-1
57,5,1357.01,569.18,81.28,214.10,0.6174,-1,-1,-1
57,6,6.66,770.81,71.42,232.13,0.7197,-1,-1,-1
57,10,789.85,148.65,61.98,178.56,0.4009,-1,-1,-1
57,20,1011.88,176.30,60.94,179.88,0.4636,-1,-1,-1
57,13,487.80,180.92,82.33,190.98,0.4590,-1,-1,-1
57,21,385.05,944.98,106.01,134.26,0.7176,-1,-1,-1
58,1,400.15,347.09,84.31,231.15,0.7873,-1,-1,-1
58,2,102.67,544.99,75.53,249.27,0.7288,-1,-1,-1
58,3,1201.93,976.18,82.90,103.82,0.6688,-1,-1,-1
58,4,1722.06,456.32,73.03,209.37,0.6400,-1,-1,-1
58,5,1357.08,569.36,81.19,214.68,0.6247,-1,-1,-1
58,6,7.13,767.75,73.28,229.80,0.7118,-1,-1,-1
58,10,790.15,148.90,61.70,178.55,0.3946,-1,-1,-1
58,20,1011.22,178.83,60.10,179.20,0.4566,-1,-1,-1
58,13,488.00,181.45,81.14,191.08,0.4484,-1,-1,-1
58,21,386.71,944.02,104.96,135.60,0.6723,-1,-1,-1
59,1,401.11,345.74,83.76,232.64,0.7851,-1,-1,-1
59,2,102.74,545.05,75.32,249.47,0.7327,-1,-1,-1
59,3,1200.38,975.68,84.65,104.30,0.6719,-1,-1,-1
59,4,1722.67,456.02,72.96,210.46,0.6377,-1,-1,-1
59,5,1357.04,568.92,81.31,213.53,0.6413,-1,-1,-1
59,6,6.84,765.43,75.09,226.14,0.7217,-1,-1,-1
59,10,789.74,148.87,61.13,178.55,0.3894,-1,-1,-1
59,20,1010.16,180.31,60.42,178.47,0.3744,-1,-1,-1
59,13,488.06,181.96,81.69,191.44,0.4378,-1,-1,-1
59,21,387.89,942.95,103.93,136.64,0.7142,-1,-1,-1
60,1,401.89,345.64,82.66,231.99,0.7925,-1,-1,-1
60,2,102.32,545.20,75.65,250.27,0.7259,-1,-1,-1
60,3,1199.55,974.90,85.30,105.13,0.6700,-1,-1,-1
60,4,1722.27,457.91,73.30,208.30,0.6275,-1,-1,-1
60,5,1356.86,568.94,81.34,214.80,0.6262,-1,-1,-1
60,6,8.53,761.34,72.16,225.20,0.7345,-1,-1,-1
60,10,789.55,148.60,61.62,183.11,0.4231,-1,-1,-1
60,20,1007.58,181.42,62.24,178.04,0.3406,-1,-1,-1
60,13,488.36,183.07,80.92,191.21,0.4531,-1,-1,-1
60,21,387.90,940.60,105.10,138.70,0.7101,-1,-1,-1
61,1,401.91,344.44,82.45,231.37,0.7977,-1,-1,-1
61,2,102.75,545.98,74.57,248.54,0.7279,-1,-1,-1
61,3,1197.51,972.79,86.20,107.22,0.6306,-1,-1,-1
61,4,1722.58,457.75,72.46,207.81,0.6112,-1,-1,-1
61,5,1357.16,569.18,81.00,214.26,0.6299,-1,-1,-1
61,6,9.57,758.35,70.09,225.26,0.7307,-1,-1,-1
61,10,788.94,148.44,62.66,186.64,0.3661,-1,-1,-1
61,20,1007.02,182.16,61.91,176.92,0.3029,-1,-1,-1
61,13,491.65,188.08,75.19,187.96,0.4803,-1,-1,-1
61,21,387.38,938.78,107.04,140.64,0.6141,-1,-1,-1
62,1,402.20,343.17,81.88,231.12,0.7907,-1,-1,-1
62,2,102.91,546.56,74.27,247.84,0.7287,-1,-1,-1
62,3,1196.37,972.36,86.64,107.70,0.6220,-1,-1,-1
62,4,1722.57,456.88,73.00,208.86,0.6000,-1,-1,-1
62,5,1357.53,569.24,80.62,214.59,0.6174,-1,-1,-1
62,6,10.69,756.22,69.26,225.38,0.7302,-1,-1,-1
62,10,789.81,148.25,61.51,186.86,0.3199,-1,-1,-1
62,20,1007.59,183.93,61.01,175.33,0.3032,-1,-1,-1
62,13,492.42,189.79,73.66,188.73,0.4967,-1,-1,-1
62,21,386.28,936.69,108.21,142.21,0.5694,-1,-1,-1
63,1,402.24,341.39,82.04,231.87,0.7965,-1,-1,-1
63,2,103.11,546.70,73.93,247.53,0.7298,-1,-1,-1
63,3,1194.85,971.84,87.47,108.18,0.6573,-1,-1,-1
63,4,1721.89,458.08,73.82,207.83,0.5906,-1,-1,-1
63,5,1357.15,569.02,80.94,213.82,0.6020,-1,-1,-1
63,6,10.66,754.85,70.67,228.07,0.7189,-1,-1,-1
63,13,491.52,189.01,74.37,193.89,0.5326,-1,-1,-1
63,21,386.04,934.62,107.62,144.29,0.6604,-1,-1,-1
64,1,402.41,339.06,82.22,232.12,0.7907,-1,-1,-1
64,2,102.67,546.54,74.44,248.32,0.7195,-1,-1,-1
64,3,1193.45,972.64,87.32,107.33,0.6856,-1,-1,-1
64,4,1721.88,456.86,73.84,209.10,0.6059,-1,-1,-1
64,5,1356.40,569.25,81.44,215.32,0.5977,-1,-1,-1
64,6,11.07,753.33,70.83,229.05,0.7204,-1,-1,-1
64,13,492.70,191.19,72.98,194.09,0.4907,-1,-1,-1
64,21,385.39,931.20,108.77,148.01,0.6716,-1,-1,-1
64,20,1004.33,186.42,61.97,171.79,0.3625,-1,-1,-1
65,1,402.24,337.24,82.54,232.22,0.7933,-1,-1,-1
65,2,102.71,547.08,74.49,247.31,0.7280,-1,-1,-1
65,3,1192.52,973.02,86.08,107.00,0.6846,-1,-1,-1
65,4,1720.96,458.81,74.84,207.31,0.6133,-1,-1,-1
65,5,1356.15,569.23,82.46,214.54,0.6283,-1,-1,-1
65,6,10.92,752.30,71.02,231.71,0.7136,-1,-1,-1
65,13,493.58,191.99,72.27,194.76,0.5081,-1,-1,-1
65,21,385.31,925.27,108.43,154.40,0.5634,-1,-1,-1
65,20,1003.45,187.23,62.40,171.74,0.3134,-1,-1,-1
66,1,402.36,335.21,82.95,232.09,0.7929,-1,-1,-1
66,2,102.77,546.55,75.23,247.75,0.7208,-1,-1,-1
66,3,1190.68,971.94,85.44,108.03,0.7063,-1,-1,-1
66,4,1720.11,459.16,75.57,207.63,0.6260,-1,-1,-1
66,5,1355.88,568.70,83.15,215.83,0.6046,-1,-1,-1
66,6,10.83,750.90,71.27,233.48,0.7134,-1,-1,-1
66,13,495.44,191.38,69.86,195.84,0.5281,-1,-1,-1
66,21,386.47,919.00,106.01,160.84,0.5605,-1,-1,-1
66,20,1003.59,187.85,61.05,174.05,0.3622,-1,-1,-1
67,1,402.30,333.90,84.06,230.02,0.7944,-1,-1,-1
67,2,102.78,546.70,75.60,247.57,0.7250,-1,-1,-1
67,3,1189.06,971.67,86.23,108.31,0.6942,-1,-1,-1
67,4,1720.40,459.10,75.15,207.00,0.5965,-1,-1,-1
67,5,1356.55,569.00,82.09,214.67,0.5982,-1,-1,-1
67,6,10.38,749.00,71.62,236.14,0.7028,-1,-1,-1
67,13,495.46,191.27,69.75,198.76,0.5657,-1,-1,-1
67,21,385.92,914.37,105.84,164.48,0.6553,-1,-1,-1
67,20,1002.58,187.88,60.04,175.06,0.4069,-1,-1,-1
68,1,402.86,333.22,84.16,227.78,0.7902,-1,-1,-1
68,2,102.68,546.63,75.83,247.75,0.7294,-1,-1,-1
68,3,1186.21,970.23,86.32,109.75,0.6957,-1,-1,-1
68,4,1721.12,459.38,74.50,206.95,0.6081,-1,-1,-1
68,5,1356.52,568.34,82.26,215.77,0.5953,-1,-1,-1
68,6,10.28,746.73,71.93,239.72,0.7077,-1,-1,-1
68,13,495.45,192.36,69.10,197.83,0.5750,-1,-1,-1
68,21,385.26,911.72,106.34,166.49,0.7051,-1,-1,-1
68,20,1001.27,188.23,60.92,176.35,0.4874,-1,-1,-1
69,1,402.76,332.20,85.10,226.28,0.7834,-1,-1,-1
69,2,102.73,546.66,75.44,248.09,0.7309,-1,-1,-1
69,3,1184.25,969.67,86.27,110.30,0.6797,-1,-1,-1
69,4,1722.06,457.72,74.64,210.86,0.5947,-1,-1,-1
69,5,1356.67,568.54,82.00,216.85,0.5962,-1,-1,-1
69,6,10.40,744.82,72.02,241.43,0.7102,-1,-1,-1
69,13,493.43,193.38,72.82,196.35,0.5869,-1,-1,-1
69,21,384.78,909.92,106.83,168.63,0.6853,-1,-1,-1
69,20,1000.57,188.17,61.71,177.07,0.5338,-1,-1,-1
70,1,402.81,331.29,85.79,224.56,0.7903,-1,-1,-1
70,2,103.04,546.41,74.94,248.33,0.7319,-1,-1,-1
70,3,1182.64,969.15,86.02,110.82,0.6649,-1,-1,-1
70,4,1722.68,456.10,74.43,212.04,0.6157,-1,-1,-1
70,5,1356.39,568.41,82.81,217.49,0.6087,-1,-1,-1
70,6,10.83,743.15,71.88,239.06,0.7152,-1,-1,-1
70,13,491.48,195.07,76.25,194.45,0.5919,-1,-1,-1
70,21,384.30,907.21,107.21,171.99,0.6793,-1,-1,-1
70,20,1000.16,188.04,61.52,177.88,0.5581,-1,-1,-1
71,1,403.09,329.96,85.64,223.81,0.7909,-1,-1,-1
71,2,102.51,545.49,75.68,249.82,0.7292,-1,-1,-1
71,3,1181.36,968.33,86.10,111.65,0.6676,-1,-1,-1
71,4,1722.50,456.42,74.69,211.42,0.6225,-1,-1,-1
71,5,1356.81,568.67,82.36,218.40,0.5627,-1,-1,-1
71,6,11.40,741.45,72.14,233.61,0.7212,-1,-1,-1
71,13,491.95,194.03,77.30,195.59,0.6135,-1,-1,-1
71,21,381.76,904.85,109.89,174.84,0.7093,-1,-1,-1
71,20,998.82,188.27,60.62,178.21,0.5614,-1,-1,-1
71,10,786.64,150.82,76.11,218.20,0.3588,-1,-1,-1
72,1,403.36,328.51,85.68,224.90,0.7885,-1,-1,-1
72,2,102.26,544.83,75.93,250.50,0.7259,-1,-1,-1
72,3,1180.15,966.45,85.61,113.56,0.5933,-1,-1,-1
72,4,1722.47,456.86,74.53,210.72,0.6192,-1,-1,-1
72,5,1357.09,569.02,82.26,218.29,0.6062,-1,-1,-1
72,6,11.03,738.32,73.16,230.03,0.7274,-1,-1,-1
72,13,488.88,193.82,81.94,196.17,0.5970,-1,-1,-1
72,21,380.41,903.18,110.93,176.75,0.7213,-1,-1,-1
72,20,998.16,188.60,59.05,178.84,0.5725,-1,-1,-1
72,10,782.36,148.40,82.23,222.14,0.3792,-1,-1,-1
72,22,843.74,169.52,53.14,176.21,0.3494,-1,-1,-1
73,1,404.20,327.63,85.18,226.34,0.7872,-1,-1,-1
73,2,102.00,545.04,76.20,250.23,0.7321,-1,-1,-1
73,3,1179.17,965.31,86.06,114.68,0.6094,-1,-1,-1
73,4,1722.72,456.28,74.57,212.54,0.6133,-1,-1,-1
73,5,1356.95,569.34,82.81,216.72,0.6160,-1,-1,-1
73,6,10.86,734.95,73.96,229.32,0.7478,-1,-1,-1
73,13,486.27,193.51,86.08,196.68,0.5927,-1,-1,-1
73,21,379.04,902.04,112.11,177.95,0.7151,-1,-1,-1
73,20,997.02,189.44,57.81,179.01,0.5500,-1,-1,-1
73,10,778.21,148.90,86.62,221.33,0.3039,-1,-1,-1
73,22,844.86,169.93,51.53,177.47,0.3473,-1,-1,-1
74,1,405.03,327.34,84.46,226.26,0.7842,-1,-1,-1
74,2,102.20,545.40,75.64,249.21,0.7220,-1,-1,-1
74,3,1178.09,964.89,86.99,115.11,0.6237,-1,-1,-1
74,4,1722.20,458.93,74.34,208.64,0.5958,-1,-1,-1
74,5,1356.63,569.55,82.89,215.52,0.6195,-1,-1,-1
74,6,10.88,732.38,74.61,226.50,0.7514,-1,-1,-1
74,13,485.06,194.74,88.21,195.46,0.5599,-1,-1,-1
74,21,378.72,900.32,112.16,179.71,0.6885,-1,-1,-1
74,20,997.45,190.05,55.56,180.64,0.5586,-1,-1,-1
74,22,844.50,170.60,52.45,179.08,0.3055,-1,-1,-1
75,1,405.21,326.72,84.38,226.67,0.7785,-1,-1,-1
75,2,101.92,545.18,75.51,249.47,0.7284,-1,-1,-1
75,3,1176.95,964.45,88.11,115.57,0.6363,-1,-1,-1
75,4,1722.19,457.67,74.40,211.07,0.6187,-1,-1,-1
75,5,1356.76,569.93,82.58,212.95,0.6548,-1,-1,-1
75,6,10.71,730.88,74.76,226.99,0.7486,-1,-1,-1
75,13,483.42,196.23,89.43,194.19,0.5708,-1,-1,-1
75,21,379.03,898.16,111.49,181.89,0.6778,-1,-1,-1
75,20,995.21,189.53,56.91,183.15,0.6141,-1,-1,-1
75,22,843.06,171.30,54.03,183.80,0.3013,-1,-1,-1
76,1,406.36,326.28,83.45,227.27,0.7724,-1,-1,-1
76,2,102.00,544.41,75.04,250.21,0.7220,-1,-1,-1
76,3,1176.45,963.86,88.58,116.12,0.6886,-1,-1,-1
76,4,1721.48,459.07,74.54,207.90,0.6303,-1,-1,-1
76,5,1356.34,570.39,83.01,212.54,0.6477,-1,-1,-1
76,6,10.85,729.11,74.45,229.54,0.7470,-1,-1,-1
76,13,485.15,199.23,87.97,191.99,0.5540,-1,-1,-1
76,21,380.21,895.29,109.48,184.69,0.6904,-1,-1,-1
76,20,994.17,189.37,57.27,182.56,0.5748,-1,-1,-1
77,1,406.97,325.20,83.39,228.78,0.7668,-1,-1,-1
77,2,102.12,544.22,74.22,250.34,0.7224,-1,-1,-1
77,3,1176.24,963.65,88.46,116.31,0.6972,-1,-1,-1
77,4,1721.23,458.92,74.64,206.70,0.6226,-1,-1,-1
77,5,1355.95,570.00,84.28,214.17,0.6321,-1,-1,-1
77,6,11.01,727.63,74.29,230.59,0.7515,-1,-1,-1
77,13,491.02,201.26,81.44,189.48,0.5687,-1,-1,-1
77,21,381.79,893.02,107.28,186.93,0.7466,-1,-1,-1
77,20,993.32,190.04,57.88,181.28,0.5922,-1,-1,-1
78,1,407.00,324.62,83.44,229.27,0.7694,-1,-1,-1
78,2,101.89,544.21,73.86,250.08,0.7233,-1,-1,-1
78,3,1175.99,963.07,88.49,116.92,0.7207,-1,-1,-1
78,4,1720.96,459.61,75.13,205.89,0.6372,-1,-1,-1
78,5,1355.56,571.07,85.02,214.34,0.6380,-1,-1,-1
78,6,10.88,726.52,75.46,232.87,0.7458,-1,-1,-1
78,13,490.80,204.35,79.42,187.10,0.6007,-1,-1,-1
78,21,382.52,890.74,105.69,189.28,0.7540,-1,-1,-1
78,20,993.70,189.34,56.85,181.36,0.5644,-1,-1,-1
79,1,407.89,324.28,82.61,230.11,0.7798,-1,-1,-1
79,2,102.03,544.92,73.49,248.89,0.7258,-1,-1,-1
79,3,1175.87,962.91,88.28,117.05,0.7240,-1,-1,-1
79,4,1720.87,458.92,74.91,206.44,0.6468,-1,-1,-1
79,5,1355.29,572.09,85.25,213.69,0.6071,-1,-1,-1
79,6,11.60,725.97,75.79,232.96,0.7472,-1,-1,-1
79,13,489.98,203.40,80.56,190.74,0.5841,-1,-1,-1
79,21,384.81,887.49,102.95,192.49,0.7680,-1,-1,-1
79,20,992.43,190.28,57.72,179.41,0.5754,-1,-1,-1
80,1,409.26,324.02,81.33,229.68,0.7780,-1,-1,-1
80,2,102.20,545.32,73.07,248.42,0.7273,-1,-1,-1
80,3,1175.24,962.35,88.38,117.60,0.7371,-1,-1,-1
80,4,1720.98,459.67,75.04,206.08,0.6344,-1,-1,-1
80,5,1355.99,572.20,85.70,215.93,0.5754,-1,-1,-1
80,6,12.36,724.95,76.59,233.73,0.7277,-1,-1,-1
80,13,491.06,203.71,79.89,193.27,0.5726,-1,-1,-1
80,21,386.43,882.94,101.01,197.00,0.7885,-1,-1,-1
80,20,991.10,190.46,58.22,182.84,0.6078,-1,-1,-1
81,1,410.00,323.65,80.59,228.15,0.7615,-1,-1,-1
81,2,102.54,545.03,72.35,248.48,0.7278,-1,-1,-1
81,3,1175.97,961.91,87.10,118.12,0.7442,-1,-1,-1
81,4,1721.35,459.43,74.90,206.29,0.6201,-1,-1,-1
81,5,1355.71,571.97,85.99,217.19,0.5507,-1,-1,-1
81,6,12.96,724.42,75.86,233.74,0.7207,-1,-1,-1
81,13,491.81,204.38,79.05,195.66,0.5467,-1,-1,-1
81,21,387.58,879.42,99.92,200.62,0.7855,-1,-1,-1
81,20,989.98,191.17,58.29,182.92,0.6100,-1,-1,-1
82,1,411.89,323.38,79.86,226.94,0.7528,-1,-1,-1
82,2,102.44,545.65,72.19,247.26,0.7279,-1,-1,-1
82,3,1175.91,961.39,86.01,118.62,0.7317,-1,-1,-1
82,4,1721.41,459.43,74.63,206.52,0.6201,-1,-1,-1
82,5,1355.78,572.02,85.92,217.53,0.5451,-1,-1,-1
82,6,13.50,722.14,76.89,235.72,0.7266,-1,-1,-1
82,13,493.84,206.66,77.30,195.11,0.5545,-1,-1,-1
82,21,387.24,875.83,100.97,204.19,0.7833,-1,-1,-1
82,20,988.80,191.16,57.81,183.27,0.6095,-1,-1,-1
83,1,412.22,322.06,80.83,226.36,0.7641,-1,-1,-1
83,2,102.09,545.71,72.26,247.34,0.7278,-1,-1,-1
83,3,1175.46,961.50,85.06,118.46,0.7057,-1,-1,-1
83,4,1721.89,459.66,73.94,205.30,0.6159,-1,-1,-1
83,5,1356.05,571.53,85.85,218.64,0.5500,-1,-1,-1
83,6,14.71,720.39,76.15,237.26,0.7177,-1,-1,-1
83,13,494.32,207.30,78.16,195.04,0.5793,-1,-1,-1
83,21,387.99,873.17,101.20,206.76,0.7796,-1,-1,-1
83,20,987.35,191.54,57.69,182.79,0.5994,-1,-1,-1
84,1,413.42,320.41,80.13,226.02,0.7627,-1,-1,-1
84,2,102.19,545.85,72.33,247.36,0.7183,-1,-1,-1
84,3,1174.85,961.33,84.62,118.62,0.7224,-1,-1,-1
84,4,1721.70,459.57,74.32,205.68,0.5940,-1,-1,-1
84,5,1356.24,571.93,85.53,217.24,0.5437,-1,-1,-1
84,6,14.67,718.63,75.72,239.13,0.7199,-1,-1,-1
84,13,495.62,208.33,77.44,196.22,0.5983,-1,-1,-1
84,21,388.34,870.81,101.94,209.13,0.7700,-1,-1,-1
84,20,986.11,191.85,57.50,182.49,0.6085,-1,-1,-1
84,10,793.49,149.58,56.48,172.42,0.3684,-1,-1,-1
85,1,413.73,318.81,81.23,224.87,0.7575,-1,-1,-1
85,2,101.95,545.25,72.80,248.64,0.7187,-1,-1,-1
85,3,1174.53,961.31,84.06,118.65,0.7154,-1,-1,-1
85,4,1721.26,460.27,74.88,205.66,0.5994,-1,-1,-1
85,5,1356.54,572.61,85.98,220.55,0.4904,-1,-1,-1
85,6,15.92,717.55,76.35,240.12,0.7212,-1,-1,-1
85,13,496.11,209.31,77.38,195.41,0.5914,-1,-1,-1
85,21,388.81,868.83,102.38,211.14,0.7789,-1,-1,-1
85,20,983.73,191.00,58.90,184.40,0.5486,-1,-1,-1
85,10,793.56,149.51,54.86,170.44,0.3151,-1,-1,-1
86,1,414.49,317.57,81.41,222.37,0.7630,-1,-1,-1
86,2,102.01,545.86,73.15,247.70,0.7209,-1,-1,-1
86,3,1173.04,961.07,84.92,118.91,0.7081,-1,-1,-1
86,4,1721.75,458.30,75.03,208.56,0.6081,-1,-1,-1
86,5,1357.16,573.61,85.30,215.86,0.5336,-1,-1,-1
86,6,17.17,716.05,75.99,236.83,0.7461,-1,-1,-1
86,13,496.30,209.39,78.05,197.21,0.6102,-1,-1,-1
86,21,389.42,866.41,102.60,213.60,0.7884,-1,-1,-1
86,20,981.24,191.35,60.14,184.95,0.4825,-1,-1,-1
86,10,793.37,149.56,55.34,171.14,0.3062,-1,-1,-1
87,1,414.41,316.65,83.20,220.80,0.7753,-1,-1,-1
87,2,102.03,545.72,73.43,247.32,0.7339,-1,-1,-1
87,3,1173.06,960.66,83.81,119.31,0.7056,-1,-1,-1
87,4,1721.37,459.68,74.66,207.17,0.6337,-1,-1,-1
87,5,1357.11,573.73,84.50,215.37,0.5166,-1,-1,-1
87,6,18.69,713.96,74.73,228.92,0.7605,-1,-1,-1
87,13,496.11,210.04,79.62,196.27,0.6204,-1,-1,-1
87,21,389.82,864.37,103.41,215.60,0.7884,-1,-1,-1
87,20,979.15,191.79,61.61,182.25,0.4578,-1,-1,-1
87,10,792.61,149.35,56.23,172.03,0.3228,-1,-1,-1
87,22,835.07,179.27,61.26,189.12,0.3396,-1,-1,-1
88,1,414.20,315.48,84.47,220.10,0.7855,-1,-1,-1
88,2,102.03,546.10,73.52,246.57,0.7177,-1,-1,-1
88,3,1171.41,960.24,84.02,119.71,0.7422,-1,-1,-1
88,4,1720.90,460.04,74.82,206.56,0.6468,-1,-1,-1
88,5,1357.25,573.12,84.26,215.86,0.5495,-1,-1,-1
88,6,18.68,710.80,74.95,226.76,0.7287,-1,-1,-1
88,13,496.97,209.83,80.85,197.49,0.6166,-1,-1,-1
88,21,390.24,862.06,104.87,217.89,0.8054,-1,-1,-1
88,20,976.98,191.30,63.01,185.47,0.4209,-1,-1,-1
88,10,792.27,150.22,56.20,169.96,0.3240,-1,-1,-1
88,24,743.56,187.07,55.20,177.16,0.3602,-1,-1,-1
89,1,414.24,314.00,84.70,219.91,0.7766,-1,-1,-1
89,2,101.97,546.27,73.54,245.81,0.7233,-1,-1,-1
89,3,1171.09,959.80,82.18,120.11,0.7522,-1,-1,-1
89,4,1720.33,459.33,74.92,207.19,0.6361,-1,-1,-1
89,5,1357.19,573.62,84.44,217.38,0.5392,-1,-1,-1
89,6,18.32,706.54,76.27,227.22,0.7358,-1,-1,-1
89,13,497.45,208.87,82.47,199.01,0.6147,-1,-1,-1
89,21,391.30,860.92,104.18,219.04,0.8131,-1,-1,-1
89,20,975.56,192.90,63.81,185.20,0.4931,-1,-1,-1
90,1,414.84,312.60,84.47,220.13,0.7463,-1,-1,-1
90,2,101.74,546.59,73.73,245.32,0.7134,-1,-1,-1
90,3,1170.55,958.84,81.21,121.15,0.7640,-1,-1,-1
90,4,1720.37,459.40,74.59,206.85,0.6227,-1,-1,-1
90,5,1356.96,573.31,83.43,216.75,0.5371,-1,-1,-1
90,6,19.84,704.12,74.98,227.52,0.7339,-1,-1,-1
90,13,498.63,207.99,83.72,199.08,0.5991,-1,-1,-1
90,21,392.29,859.65,103.25,220.37,0.8173,-1,-1,-1
90,20,974.18,194.72,64.72,184.90,0.4124,-1,-1,-1
91,1,416.00,311.19,82.98,222.01,0.7441,-1,-1,-1
91,2,102.00,546.88,73.65,244.81,0.7042,-1,-1,-1
91,3,1169.52,957.64,80.81,122.35,0.7737,-1,-1,-1
91,4,1720.20,460.01,74.62,206.66,0.6289,-1,-1,-1
91,5,1356.84,572.41,83.69,219.07,0.5257,-1,-1,-1
91,6,21.01,701.19,74.21,226.93,0.7229,-1,-1,-1
91,13,500.98,208.51,80.60,199.27,0.5637,-1,-1,-1
91,21,392.24,857.65,103.94,222.37,0.8023,-1,-1,-1
91,20,973.63,193.93,63.74,184.27,0.3692,-1,-1,-1
92,1,416.67,310.65,82.68,223.24,0.7394,-1,-1,-1
92,2,102.14,546.80,73.47,244.90,0.7011,-1,-1,-1
92,3,1169.02,956.99,79.46,123.01,0.7608,-1,-1,-1
92,4,1720.57,460.02,74.53,206.78,0.6310,-1,-1,-1
92,5,1357.15,572.37,83.13,216.97,0.5328,-1,-1,-1
92,6,22.16,697.44,72.79,228.62,0.7176,-1,-1,-1
92,13,500.65,211.28,79.95,196.62,0.5911,-1,-1,-1
92,21,392.75,854.61,103.02,225.41,0.7953,-1,-1,-1
92,20,972.37,195.38,63.38,183.39,0.3984,-1,-1,-1
93,1,417.17,309.72,82.51,224.41,0.7306,-1,-1,-1
93,2,102.19,547.00,73.08,244.73,0.6920,-1,-1,-1
93,3,1168.20,956.63,78.54,123.38,0.7792,-1,-1,-1
93,4,1720.65,460.03,74.66,206.50,0.6208,-1,-1,-1
93,5,1357.00,572.06,82.84,216.64,0.5182,-1,-1,-1
93,6,23.33,697.25,71.62,226.32,0.7093,-1,-1,-1
93,13,501.48,210.00,79.25,198.05,0.5532,-1,-1,-1
93,21,393.62,851.37,102.82,228.65,0.8024,-1,-1,-1
93,20,972.33,195.46,62.51,185.62,0.3527,-1,-1,-1
94,1,417.24,309.10,82.48,224.83,0.7310,-1,-1,-1
94,2,102.11,547.25,73.47,244.57,0.6883,-1,-1,-1
94,3,1167.40,955.74,77.18,124.30,0.7913,-1,-1,-1
94,4,1721.29,460.12,74.49,206.88,0.6233,-1,-1,-1
94,5,1356.94,572.30,83.30,217.09,0.4741,-1,-1,-1
94,6,23.69,696.75,70.99,225.06,0.7143,-1,-1,-1
94,13,501.51,210.93,78.16,198.87,0.5256,-1,-1,-1
94,21,394.22,849.08,102.73,231.03,0.7916,-1,-1,-1
94,20,971.65,196.77,62.20,186.04,0.3334,-1,-1,-1
95,1,416.85,308.01,82.75,226.25,0.7427,-1,-1,-1
95,2,101.98,547.21,73.67,244.33,0.6853,-1,-1,-1
95,3,1165.90,954.15,77.31,125.85,0.7874,-1,-1,-1
95,4,1721.59,460.06,73.69,206.92,0.6117,-1,-1,-1
95,5,1356.85,573.28,83.34,216.49,0.4456,-1,-1,-1
95,6,25.12,695.85,69.51,225.73,0.7151,-1,-1,-1
95,13,503.05,212.71,76.73,199.23,0.4969,-1,-1,-1
95,21,395.08,844.67,101.55,235.37,0.7974,-1,-1,-1
95,20,970.83,197.32,61.86,187.85,0.3203,-1,-1,-1
96,1,417.57,307.22,83.60,226.87,0.7600,-1,-1,-1
96,2,101.83,547.06,73.63,243.97,0.6778,-1,-1,-1
96,3,1164.94,953.28,76.18,126.72,0.7955,-1,-1,-1
96,4,1721.57,459.35,73.66,207.03,0.6219,-1,-1,-1
96,5,1356.85,573.37,84.23,219.89,0.4978,-1,-1,-1
96,6,26.04,694.06,68.57,228.13,0.7193,-1,-1,-1
96,13,506.45,212.28,77.91,202.78,0.5504,-1,-1,-1
96,21,395.37,841.63,100.83,238.41,0.8076,-1,-1,-1
96,20,968.87,199.11,61.39,189.60,0.4080,-1,-1,-1
97,1,417.64,306.64,83.41,227.32,0.7582,-1,-1,-1
97,2,101.88,547.09,73.52,244.58,0.6833,-1,-1,-1
97,3,1163.58,951.88,75.14,128.14,0.7830,-1,-1,-1
97,4,1721.75,459.40,73.94,207.56,0.6386,-1,-1,-1
97,5,1356.64,572.75,83.95,221.07,0.5215,-1,-1,-1
97,6,25.84,692.96,68.80,228.54,0.7185,-1,-1,-1
97,13,509.08,213.30,75.81,204.11,0.5288,-1,-1,-1
97,21,395.60,840.55,99.00,239.52,0.8020,-1,-1,-1
97,20,966.81,199.50,61.25,190.70,0.3787,-1,-1,-1
98,1,418.20,305.31,82.93,228.70,0.7627,-1,-1,-1
98,2,101.74,546.90,73.51,244.66,0.6731,-1,-1,-1
98,3,1161.53,949.88,75.68,130.13,0.7766,-1,-1,-1
98,4,1721.92,456.83,73.92,210.41,0.6372,-1,-1,-1
98,5,1357.00,573.06,82.46,219.13,0.5183,-1,-1,-1
98,6,26.02,692.30,68.81,229.04,0.7197,-1,-1,-1
98,13,510.80,214.19,73.93,204.65,0.5613,-1,-1,-1
98,21,395.40,838.73,97.61,241.31,0.8025,-1,-1,-1
98,20,964.82,199.85,61.87,190.57,0.4792,-1,-1,-1
99,1,418.61,304.86,83.21,228.86,0.7623,-1,-1,-1
99,2,101.68,546.60,73.54,245.01,0.6740,-1,-1,-1
99,3,1159.89,947.25,76.26,132.76,0.7661,-1,-1,-1
99,4,1722.12,458.49,73.66,208.98,0.6248,-1,-1,-1
99,5,1357.06,573.46,82.03,215.02,0.5439,-1,-1,-1
99,6,26.59,691.64,68.90,228.99,0.7220,-1,-1,-1
99,13,512.52,214.62,71.62,204.73,0.5247,-1,-1,-1
99,21,395.07,834.76,97.08,245.27,0.8040,-1,-1,-1
99,20,962.95,200.44,61.71,190.12,0.4278,-1,-1,-1
100,1,419.53,303.47,83.07,229.32,0.7518,-1,-1,-1
100,2,101.85,545.61,73.17,247.43,0.6635,-1,-1,-1
100,3,1158.86,946.17,75.13,133.86,0.7549,-1,-1,-1
100,4,1721.97,459.16,73.70,208.29,0.6092,-1,-1,-1
100,5,1356.93,574.00,82.15,214.48,0.5219,-1,-1,-1
100,6,26.82,690.10,69.77,229.66,0.7321,-1,-1,-1
100,13,512.08,214.24,70.68,206.50,0.4418,-1,-1,-1
100,21,394.18,831.98,96.96,248.05,0.7951,-1,-1,-1
100,20,961.50,201.43,60.89,188.94,0.4511,-1,-1,-1
101,1,419.92,302.34,83.38,229.57,0.7660,-1,-1,-1
101,2,102.01,545.21,73.16,248.28,0.6691,-1,-1,-1
101,3,1157.34,945.38,74.68,134.16,0.7602,-1,-1,-1
101,4,1721.80,459.54,74.02,208.03,0.6193,-1,-1,-1
101,5,1356.87,574.38,82.31,214.50,0.5131,-1,-1,-1
101,6,28.00,688.03,69.65,227.33,0.7360,-1,-1,-1
101,13,512.22,216.24,71.21,207.39,0.5113,-1,-1,-1
101,21,392.57,830.05,97.50,249.97,0.7904,-1,-1,-1
101,20,960.20,202.06,60.40,185.28,0.4394,-1,-1,-1
101,25,1167.55,162.91,85.00,160.60,0.3462,-1,-1,-1
102,1,420.62,300.37,82.80,229.81,0.7644,-1,-1,-1
102,2,102.27,544.76,73.23,248.66,0.6745,-1,-1,-1
102,3,1156.16,944.14,73.37,134.80,0.7409,-1,-1,-1
102,4,1721.93,459.95,73.57,207.37,0.6224,-1,-1,-1
102,5,1356.88,574.37,82.47,216.41,0.5021,-1,-1,-1
102,6,28.34,685.48,69.92,224.79,0.7533,-1,-1,-1
102,13,512.53,217.23,71.74,207.60,0.5148,-1,-1,-1
102,21,390.99,827.23,98.60,252.75,0.7981,-1,-1,-1
102,20,957.78,203.22,60.60,183.98,0.4930,-1,-1,-1
103,1,420.61,299.18,82.70,228.54,0.7478,-1,-1,-1
103,2,102.34,544.73,73.12,249.16,0.6718,-1,-1,-1
103,3,1154.69,941.74,72.36,136.98,0.7410,-1,-1,-1
103,4,1721.35,459.93,74.19,206.80,0.6110,-1,-1,-1
103,5,1357.21,574.03,82.79,217.78,0.4881,-1,-1,-1
103,6,30.23,684.20,69.23,220.93,0.7641,-1,-1,-1
103,13,511.87,217.01,73.37,209.64,0.5130,-1,-1,-1
103,21,389.17,825.40,100.21,254.64,0.7944,-1,-1,-1
103,20,954.88,201.55,60.95,184.74,0.4965,-1,-1,-1
104,1,421.11,298.90,81.75,225.66,0.7410,-1,-1,-1
104,2,102.62,544.13,72.99,249.98,0.6567,-1,-1,-1
104,3,1152.48,941.28,71.21,137.41,0.7273,-1,-1,-1
104,4,1721.55,459.41,73.43,206.80,0.6162,-1,-1,-1
104,5,1357.27,574.27,83.04,218.71,0.4486,-1,-1,-1
104,6,32.10,682.16,68.43,220.02,0.7643,-1,-1,-1
104,13,512.59,216.85,75.61,209.98,0.5278,-1,-1,-1
104,21,387.53,822.77,101.50,257.22,0.8052,-1,-1,-1
104,20,952.86,201.64,60.90,184.83,0.4648,-1,-1,-1
105,1,420.91,298.14,82.22,220.98,0.7366,-1,-1,-1
105,2,102.78,544.28,73.13,249.84,0.6829,-1,-1,-1
105,3,1151.05,940.47,69.82,137.77,0.7222,-1,-1,-1
105,4,1721.28,458.96,74.27,206.94,0.6148,-1,-1,-1
105,5,1357.13,574.25,84.73,224.00,0.4627,-1,-1,-1
105,6,34.65,680.91,67.98,221.26,0.7763,-1,-1,-1
105,13,514.14,220.25,74.19,206.38,0.5061,-1,-1,-1
105,21,386.83,821.02,101.99,258.97,0.8103,-1,-1,-1
105,20,950.84,201.24,60.67,186.55,0.4982,-1,-1,-1
106,1,421.39,297.03,81.77,217.04,0.7385,-1,-1,-1
106,2,102.99,545.37,73.16,248.92,0.6617,-1,-1,-1
106,3,1149.85,939.70,68.87,138.82,0.7098,-1,-1,-1
106,4,1721.33,459.54,74.00,206.77,0.6220,-1,-1,-1
106,5,1357.18,574.40,83.08,220.57,0.4964,-1,-1,-1
106,6,35.83,679.68,69.96,222.16,0.7827,-1,-1,-1
106,13,514.29,220.15,73.73,205.91,0.4992,-1,-1,-1
106,21,385.78,819.05,102.41,260.95,0.8043,-1,-1,-1
106,20,949.11,201.44,60.00,186.36,0.5160,-1,-1,-1
107,1,421.15,295.75,81.70,215.78,0.7489,-1,-1,-1
107,2,103.18,545.93,73.23,249.01,0.6631,-1,-1,-1
107,3,1147.83,938.35,69.86,140.29,0.7247,-1,-1,-1
107,4,1721.03,459.57,74.29,206.77,0.6308,-1,-1,-1
107,5,1356.94,574.36,84.39,222.77,0.4665,-1,-1,-1
107,6,36.34,678.79,74.46,222.23,0.7871,-1,-1,-1
107,13,514.41,222.98,72.71,202.96,0.5120,-1,-1,-1
107,21,385.49,817.57,101.55,262.39,0.8076,-1,-1,-1
107,20,948.74,203.74,58.88,186.52,0.5247,-1,-1,-1
108,1,421.05,294.38,81.87,216.03,0.7383,-1,-1,-1
108,2,103.15,545.87,73.68,250.18,0.6416,-1,-1,-1
108,3,1145.88,937.73,70.49,140.58,0.7298,-1,-1,-1
108,4,1720.88,459.18,74.33,207.02,0.6401,-1,-1,-1
108,5,1356.88,574.92,85.09,221.98,0.4991,-1,-1,-1
108,6,37.18,676.96,78.98,224.09,0.8082,-1,-1,-1
108,13,515.41,223.84,69.21,202.32,0.4524,-1,-1,-1
108,21,385.57,815.95,100.81,263.96,0.8065,-1,-1,-1
108,20,946.44,205.10,59.92,188.64,0.5481,-1,-1,-1
108,25,1162.67,153.27,57.21,169.43,0.3970,-1,-1,-1
109,1,420.06,293.78,83.23,216.04,0.7413,-1,-1,-1
109,2,103.11,545.61,73.50,251.33,0.6548,-1,-1,-1
109,3,1143.88,936.95,70.91,141.93,0.7533,-1,-1,-1
109,4,1721.54,458.82,73.31,206.51,0.6151,-1,-1,-1
109,5,1356.65,575.45,83.62,218.13,0.5245,-1,-1,-1
109,6,38.21,675.99,79.06,225.07,0.8145,-1,-1,-1
109,13,515.88,225.17,67.72,201.14,0.4467,-1,-1,-1
109,21,385.55,811.92,100.05,268.03,0.8131,-1,-1,-1
109,20,945.32,204.97,59.37,188.40,0.6071,-1,-1,-1
109,25,1161.14,152.87,56.23,168.27,0.3705,-1,-1,-1
110,1,419.63,291.79,84.26,217.83,0.7467,-1,-1,-1
110,2,103.08,545.07,73.58,253.85,0.6552,-1,-1,-1
110,3,1141.17,936.55,72.00,142.87,0.7566,-1,-1,-1
110,4,1721.47,459.24,73.56,207.47,0.6224,-1,-1,-1
110,5,1356.68,576.05,84.14,218.09,0.5024,-1,-1,-1
110,6,39.09,673.78,85.82,225.97,0.7994,-1,-1,-1
110,13,514.83,227.14,65.13,198.87,0.4354,-1,-1,-1
110,21,385.99,806.82,98.75,273.12,0.8169,-1,-1,-1
110,20,944.49,205.84,58.02,187.24,0.6181,-1,-1,-1
110,25,1158.73,150.41,56.94,172.49,0.3678,-1,-1,-1
111,1,419.88,289.40,84.76,220.83,0.7341,-1,-1,-1
111,2,102.85,544.79,73.46,255.06,0.6583,-1,-1,-1
111,3,1138.70,935.86,72.77,143.92,0.7606,-1,-1,-1
111,4,1721.79,457.11,73.49,209.67,0.5936,-1,-1,-1
111,5,1356.78,575.95,82.46,214.46,0.5081,-1,-1,-1
111,6,40.92,671.68,89.42,226.16,0.7702,-1,-1,-1
111,13,516.02,227.77,70.68,199.07,0.5173,-1,-1,-1
111,21,387.15,802.29,97.67,277.66,0.8207,-1,-1,-1
111,20,942.76,206.81,58.78,187.11,0.6484,-1,-1,-1
111,25,1155.13,149.53,55.77,171.27,0.3393,-1,-1,-1
112,1,419.49,288.01,84.97,222.31,0.7348,-1,-1,-1
112,2,103.11,544.81,72.91,255.14,0.6414,-1,-1,-1
112,3,1137.80,934.82,72.48,145.15,0.7561,-1,-1,-1
112,4,1721.96,456.61,73.67,210.45,0.6127,-1,-1,-1
112,5,1357.19,575.38,81.53,212.45,0.5605,-1,-1,-1
112,6,43.24,670.36,90.27,226.04,0.7174,-1,-1,-1
112,13,517.24,230.51,72.73,198.21,0.5553,-1,-1,-1
112,21,388.19,799.79,96.47,277.50,0.8148,-1,-1,-1
112,20,940.91,208.95,59.20,185.75,0.6367,-1,-1,-1
112,25,1151.92,149.27,57.75,169.84,0.4271,-1,-1,-1
113,1,420.00,287.05,85.14,223.56,0.7437,-1,-1,-1
113,2,103.56,545.37,72.25,252.98,0.6696,-1,-1,-1
113,3,1135.40,934.27,73.38,145.77,0.7561,-1,-1,-1
113,4,1721.83,459.04,73.76,207.13,0.6321,-1,-1,-1
113,5,1356.86,575.43,82.93,215.24,0.5355,-1,-1,-1
113,6,45.51,669.87,83.99,225.36,0.6615,-1,-1,-1
113,13,518.01,232.92,73.22,198.12,0.5480,-1,-1,-1
113,21,388.37,797.46,95.94,274.42,0.8059,-1,-1,-1
113,20,940.04,210.01,58.34,185.38,0.6518,-1,-1,-1
113,25,1147.53,149.80,61.24,168.02,0.4302,-1,-1,-1
114,1,419.80,286.04,86.60,223.38,0.7351,-1,-1,-1
114,2,103.68,545.40,72.10,251.90,0.6596,-1,-1,-1
114,3,1133.31,933.41,73.32,146.60,0.7547,-1,-1,-1
114,4,1721.79,457.18,73.71,209.59,0.6197,-1,-1,-1
114,5,1356.92,575.35,82.29,215.18,0.5363,-1,-1,-1
114,6,47.91,668.09,82.97,225.94,0.6566,-1,-1,-1
114,13,519.31,234.90,74.01,200.17,0.5681,-1,-1,-1
114,21,388.90,794.27,95.72,272.52,0.8079,-1,-1,-1
114,20,937.56,209.90,58.49,185.54,0.6028,-1,-1,-1
114,25,1137.02,149.51,70.61,167.72,0.3072,-1,-1,-1
115,1,420.10,286.20,86.92,222.77,0.7587,-1,-1,-1
115,2,103.94,545.35,71.55,252.83,0.6313,-1,-1,-1
115,3,1129.84,933.46,74.96,146.55,0.7633,-1,-1,-1
115,4,1721.63,456.88,74.24,210.47,0.6517,-1,-1,-1
115,5,1356.99,575.06,82.66,214.30,0.5490,-1,-1,-1
115,6,52.19,666.08,82.19,226.93,0.6841,-1,-1,-1
115,13,521.09,236.40,74.73,201.02,0.6077,-1,-1,-1
115,21,389.21,790.92,97.18,271.09,0.8049,-1,-1,-1
115,20,936.88,210.57,57.49,184.32,0.6124,-1,-1,-1
116,1,419.71,285.49,87.21,223.42,0.7554,-1,-1,-1
116,2,103.63,546.09,70.99,249.10,0.5932,-1,-1,-1
116,3,1127.06,933.79,75.17,146.18,0.7660,-1,-1,-1
116,4,1721.65,459.37,73.94,207.77,0.6297,-1,-1,-1
116,5,1356.62,574.99,83.51,216.86,0.5442,-1,-1,-1
116,6,57.68,664.71,78.32,222.87,0.6925,-1,-1,-1
116,13,520.69,236.12,74.69,202.45,0.5904,-1,-1,-1
116,21,390.25,788.21,98.16,272.47,0.8108,-1,-1,-1
116,20,935.12,211.14,58.13,182.91,0.5616,-1,-1,-1
116,27,475.20,153.61,60.43,177.53,0.3677,-1,-1,-1
116,25,1120.04,149.48,82.42,168.96,0.3418,-1,-1,-1
117,1,419.79,285.01,87.08,223.80,0.7546,-1,-1,-1
117,2,103.42,545.97,70.80,246.16,0.5549,-1,-1,-1
117,3,1124.53,933.90,75.77,145.67,0.7593,-1,-1,-1
117,4,1721.40,459.57,74.14,207.01,0.6431,-1,-1,-1
117,5,1356.21,575.67,84.46,220.07,0.5567,-1,-1,-1
117,6,65.24,664.31,75.05,218.34,0.7182,-1,-1,-1
117,13,520.67,236.50,74.38,203.28,0.5523,-1,-1,-1
117,21,390.29,786.54,99.40,272.65,0.8087,-1,-1,-1
117,20,934.15,211.14,56.82,181.18,0.5329,-1,-1,-1
117,25,1111.33,147.37,88.10,172.25,0.3494,-1,-1,-1
118,1,420.50,284.65,86.10,223.83,0.7446,-1,-1,-1
118,2,100.35,545.36,73.76,246.43,0.5335,-1,-1,-1
118,3,1121.50,933.88,77.22,145.82,0.7776,-1,-1,-1
118,4,1721.46,459.80,73.96,206.61,0.6523,-1,-1,-1
118,5,1356.45,575.97,83.92,216.02,0.5140,-1,-1,-1
118,6,70.87,665.49,71.99,213.28,0.6107,-1,-1,-1
118,13,520.38,235.97,74.53,206.18,0.5837,-1,-1,-1
118,21,390.29,784.82,100.87,275.30,0.7998,-1,-1,-1
118,20,930.87,211.43,58.43,182.77,0.5609,-1,-1,-1
118,25,1107.43,146.76,89.39,173.09,0.3865,-1,-1,-1
119,1,420.63,284.39,85.63,223.79,0.7466,-1,-1,-1
119,2,99.36,546.09,74.91,252.79,0.5138,-1,-1,-1
119,3,1118.30,933.98,78.06,145.97,0.7949,-1,-1,-1
119,4,1720.93,459.68,74.78,206.77,0.6540,-1,-1,-1
119,5,1356.73,575.85,83.53,217.21,0.4828,-1,-1,-1
119,6,76.06,667.89,71.95,209.59,0.5400,-1,-1,-1
119,13,520.34,237.17,73.26,207.07,0.6031,-1,-1,-1
119,21,391.76,783.55,100.62,275.22,0.8012,-1,-1,-1
119,20,930.28,210.97,56.79,184.98,0.5357,-1,-1,-1
119,25,1104.01,145.88,91.21,174.66,0.4330,-1,-1,-1
120,1,420.90,283.82,85.16,224.35,0.7468,-1,-1,-1
120,2,99.11,545.62,75.12,255.87,0.5082,-1,-1,-1
120,3,1114.77,933.52,78.71,146.47,0.7978,-1,-1,-1
120,4,1720.87,459.85,75.03,206.86,0.6276,-1,-1,-1
120,5,1356.51,576.99,83.26,213.52,0.4812,-1,-1,-1
120,6,81.03,666.53,69.75,207.77,0.5924,-1,-1,-1
120,13,520.97,239.87,71.83,203.97,0.5786,-1,-1,-1
120,21,392.46,782.27,100.65,275.35,0.8033,-1,-1,-1
120,20,929.09,211.20,56.73,186.11,0.5363,-1,-1,-1
120,25,1101.69,145.87,92.53,174.53,0.4382,-1,-1,-1
121,1,421.11,282.23,84.36,225.02,0.7512,-1,-1,-1
121,2,99.78,544.93,74.60,248.95,0.4923,-1,-1,-1
121,3,1110.98,932.86,79.73,147.16,0.7761,-1,-1,-1
121,4,1721.49,457.08,74.30,209.92,0.6353,-1,-1,-1
121,5,1356.50,576.32,82.87,213.00,0.5522,-1,-1,-1
121,6,82.05,664.45,71.67,210.11,0.6927,-1,-1,-1
121,13,521.81,242.33,68.85,200.84,0.5770,-1,-1,-1
121,21,392.82,780.20,100.99,276.63,0.8022,-1,-1,-1
121,20,927.06,211.40,57.30,186.72,0.4909,-1,-1,-1
121,25,1102.02,145.64,88.75,173.96,0.4002,-1,-1,-1
122,1,421.32,281.19,84.14,223.95,0.7521,-1,-1,-1
122,2,101.46,545.97,72.05,221.55,0.4591,-1,-1,-1
122,3,1107.05,932.37,80.46,147.64,0.7837,-1,-1,-1
122,4,1720.68,458.82,75.22,208.00,0.6479,-1,-1,-1
122,5,1356.62,576.18,83.75,215.56,0.4780,-1,-1,-1
122,6,84.29,661.76,74.83,212.54,0.6641,-1,-1,-1
122,13,521.41,242.71,67.06,199.93,0.5996,-1,-1,-1
122,21,392.66,779.21,101.74,277.10,0.7995,-1,-1,-1
122,20,925.95,211.40,56.25,187.04,0.4256,-1,-1,-1
122,25,1103.14,145.21,84.97,173.29,0.3583,-1,-1,-1
122,28,625.73,750.97,57.31,168.85,0.3503,-1,-1,-1
123,1,422.05,280.21,83.21,221.71,0.7330,-1,-1,-1
123,2,102.31,546.10,70.90,210.56,0.4804,-1,-1,-1
123,3,1104.52,931.60,79.96,148.08,0.7825,-1,-1,-1
123,4,1720.82,458.91,75.47,207.91,0.6469,-1,-1,-1
123,5,1356.55,576.41,83.93,213.46,0.5540,-1,-1,-1
123,6,85.39,659.38,76.25,213.98,0.6610,-1,-1,-1
123,13,521.69,244.37,66.37,197.49,0.5735,-1,-1,-1
123,21,392.46,777.91,102.07,277.25,0.7933,-1,-1,-1
123,20,925.28,210.27,56.01,188.49,0.4608,-1,-1,-1
123,25,1104.78,144.68,78.90,173.00,0.3435,-1,-1,-1
123,28,625.53,751.99,57.08,167.72,0.3276,-1,-1,-1
124,1,422.31,279.08,82.66,218.72,0.7284,-1,-1,-1
124,2,102.18,545.31,71.01,212.26,0.3543,-1,-1,-1
124,3,1101.31,930.24,79.84,149.22,0.7832,-1,-1,-1
124,4,1720.73,459.38,75.42,207.12,0.6137,-1,-1,-1
124,5,1356.72,576.36,83.67,214.22,0.5143,-1,-1,-1
124,6,90.85,657.12,72.70,216.14,0.5096,-1,-1,-1
124,13,522.49,244.97,68.14,197.52,0.5242,-1,-1,-1
124,21,393.16,777.34,102.62,275.11,0.7934,-1,-1,-1
124,20,923.06,210.13,56.66,188.64,0.4639,-1,-1,-1
124,25,1104.28,143.51,74.40,172.36,0.3047,-1,-1,-1
125,1,422.76,278.28,81.92,214.95,0.7079,-1,-1,-1
125,2,102.38,545.21,70.67,209.88,0.3387,-1,-1,-1
125,3,1097.70,929.69,80.20,150.00,0.7885,-1,-1,-1
125,4,1720.83,458.45,74.97,208.28,0.6329,-1,-1,-1
125,5,1356.97,575.99,83.24,214.70,0.4869,-1,-1,-1
125,6,96.28,654.01,67.37,219.35,0.4099,-1,-1,-1
125,13,522.85,247.10,67.45,192.67,0.5251,-1,-1,-1
125,21,393.36,775.14,102.18,276.10,0.7895,-1,-1,-1
125,20,921.20,210.45,56.26,188.81,0.4718,-1,-1,-1
125,25,1104.67,141.95,70.43,173.30,0.3247,-1,-1,-1
126,1,422.09,277.38,82.19,213.81,0.7058,-1,-1,-1
126,2,102.46,544.03,70.24,177.43,0.3044,-1,-1,-1
126,3,1094.13,929.13,80.83,150.50,0.8040,-1,-1,-1
126,4,1720.55,458.51,74.99,208.71,0.6346,-1,-1,-1
126,5,1357.40,575.99,82.44,213.15,0.5259,-1,-1,-1
126,13,523.16,248.55,67.58,192.00,0.5492,-1,-1,-1
126,21,393.44,771.11,100.07,278.34,0.8007,-1,-1,-1
126,20,919.81,210.92,54.36,189.14,0.4829,-1,-1,-1
126,25,1104.20,140.94,64.78,172.66,0.3627,-1,-1,-1
127,1,422.59,276.87,81.01,213.34,0.6877,-1,-1,-1
127,2,102.97,544.23,71.96,279.20,0.3014,-1,-1,-1
127,3,1090.80,928.96,82.10,150.97,0.8076,-1,-1,-1
127,4,1720.85,458.92,74.87,207.89,0.6575,-1,-1,-1
127,5,1357.54,576.52,82.56,213.42,0.5202,-1,-1,-1
127,13,523.82,251.36,67.14,189.36,0.5626,-1,-1,-1
127,21,394.06,766.72,97.50,277.39,0.7937,-1,-1,-1
127,20,918.51,210.97,53.69,189.22,0.4226,-1,-1,-1
127,25,1104.48,140.79,58.92,172.78,0.3619,-1,-1,-1
128,1,422.57,276.33,80.26,212.95,0.6688,-1,-1,-1
128,2,102.77,543.86,71.08,212.02,0.3952,-1,-1,-1
128,3,1087.77,928.21,81.74,151.52,0.7922,-1,-1,-1
128,4,1720.87,459.13,75.22,207.29,0.6282,-1,-1,-1
128,5,1357.31,576.67,82.85,214.38,0.5055,-1,-1,-1
128,13,524.61,253.96,65.94,188.44,0.5367,-1,-1,-1
128,21,393.76,762.06,97.65,276.75,0.7918,-1,-1,-1
128,20,915.24,212.01,54.64,189.61,0.4353,-1,-1,-1
128,25,1101.28,140.54,58.57,172.48,0.3974,-1,-1,-1
129,1,420.26,275.63,80.71,215.24,0.6899,-1,-1,-1
129,2,102.67,541.63,71.91,238.87,0.3534,-1,-1,-1
129,3,1085.50,927.66,81.32,151.87,0.7887,-1,-1,-1
129,4,1720.82,458.59,75.05,206.71,0.6354,-1,-1,-1
129,5,1362.46,576.07,79.66,219.05,0.4777,-1,-1,-1
129,13,525.35,255.28,64.56,190.74,0.5923,-1,-1,-1
129,21,395.19,757.35,95.72,272.92,0.7937,-1,-1,-1
129,20,912.24,212.92,55.83,188.11,0.4731,-1,-1,-1
130,1,419.28,274.19,80.94,217.37,0.7042,-1,-1,-1
130,2,102.78,543.05,71.70,244.46,0.5555,-1,-1,-1
130,3,1082.21,926.96,81.90,152.30,0.7803,-1,-1,-1
130,4,1721.21,458.44,74.66,207.46,0.6125,-1,-1,-1
130,5,1360.21,575.70,81.90,218.27,0.4890,-1,-1,-1
130,13,526.86,257.34,62.21,192.22,0.5550,-1,-1,-1
130,21,396.57,754.37,93.90,267.37,0.7504,-1,-1,-1
130,20,906.36,214.06,60.70,187.07,0.4832,-1,-1,-1
131,1,419.95,273.03,80.06,218.50,0.6626,-1,-1,-1
131,2,102.98,543.22,71.64,246.10,0.6451,-1,-1,-1
131,3,1080.34,926.72,81.05,151.73,0.7587,-1,-1,-1
131,4,1721.28,458.87,74.36,207.15,0.6176,-1,-1,-1
131,5,1360.61,576.44,81.47,215.66,0.5041,-1,-1,-1
131,13,527.91,257.82,61.11,197.54,0.5050,-1,-1,-1
131,21,396.36,752.11,93.23,264.41,0.7422,-1,-1,-1
131,20,902.00,214.28,63.29,186.62,0.4995,-1,-1,-1
132,1,419.46,272.76,80.63,219.09,0.6495,-1,-1,-1
132,2,102.76,544.00,72.89,247.68,0.5842,-1,-1,-1
132,3,1079.06,927.11,80.93,151.18,0.7711,-1,-1,-1
132,4,1721.31,459.16,74.28,207.04,0.6174,-1,-1,-1
132,5,1359.86,576.27,81.52,215.33,0.5141,-1,-1,-1
132,13,529.30,254.68,61.83,203.06,0.5009,-1,-1,-1
132,21,394.60,749.83,93.78,265.13,0.7529,-1,-1,-1
132,20,899.91,213.52,66.05,187.43,0.4835,-1,-1,-1
132,25,1090.21,139.71,57.80,169.69,0.3921,-1,-1,-1
133,1,418.82,271.96,81.11,219.60,0.6420,-1,-1,-1
133,2,102.49,544.48,74.02,247.85,0.5375,-1,-1,-1
133,3,1077.57,927.30,80.90,151.09,0.7793,-1,-1,-1
133,4,1721.00,458.86,74.53,206.75,0.6036,-1,-1,-1
133,5,1358.46,576.60,83.03,214.32,0.4921,-1,-1,-1
133,13,530.64,253.77,60.64,206.11,0.5161,-1,-1,-1
133,21,391.58,748.37,96.57,265.16,0.7542,-1,-1,-1
133,20,899.16,211.57,67.33,190.53,0.4768,-1,-1,-1
133,25,1084.04,139.81,59.17,169.50,0.3848,-1,-1,-1
134,1,418.30,272.36,81.25,218.92,0.6426,-1,-1,-1
134,2,102.35,545.00,75.48,240.13,0.5149,-1,-1,-1
134,3,1075.85,927.06,79.55,150.92,0.7850,-1,-1,-1
134,4,1721.08,459.39,74.22,206.87,0.5937,-1,-1,-1
134,5,1358.54,575.97,83.45,216.11,0.4819,-1,-1,-1
134,13,531.53,255.15,58.12,204.48,0.5157,-1,-1,-1
134,21,389.68,747.32,98.08,265.52,0.7698,-1,-1,-1
134,20,898.27,211.79,67.03,190.33,0.4615,-1,-1,-1
134,25,1076.31,139.43,65.45,170.98,0.4332,-1,-1,-1
135,1,416.51,271.34,82.81,219.22,0.6417,-1,-1,-1
135,2,101.70,543.47,77.16,242.24,0.6190,-1,-1,-1
135,3,1074.42,926.49,79.26,151.55,0.7817,-1,-1,-1
135,4,1720.50,458.72,74.87,207.48,0.5994,-1,-1,-1
135,5,1358.25,575.92,84.11,216.95,0.5092,-1,-1,-1
135,13,530.98,258.07,57.70,203.60,0.5556,-1,-1,-1
135,21,389.10,745.46,98.30,267.44,0.7788,-1,-1,-1
135,20,897.93,211.15,66.77,191.27,0.4350,-1,-1,-1
135,25,1062.90,139.98,76.85,172.04,0.4568,-1,-1,-1
135,29,575.79,246.85,54.19,184.73,0.4340,-1,-1,-1
136,1,416.90,270.76,81.93,218.75,0.6724,-1,-1,-1
136,2,101.69,543.83,76.01,240.79,0.6223,-1,-1,-1
136,3,1072.95,926.62,77.68,150.97,0.7888,-1,-1,-1
136,4,1720.94,458.76,74.56,207.97,0.6121,-1,-1,-1
136,5,1360.77,576.63,83.52,219.78,0.4843,-1,-1,-1
136,13,530.58,258.87,57.15,203.12,0.5589,-1,-1,-1
136,21,386.44,744.59,100.87,267.99,0.7918,-1,-1,-1
136,20,897.14,211.87,64.63,189.94,0.4134,-1,-1,-1
136,25,1050.42,140.34,86.82,171.10,0.5634,-1,-1,-1
136,29,576.09,249.34,53.27,185.43,0.5027,-1,-1,-1
137,1,416.14,269.24,82.27,219.08,0.6636,-1,-1,-1
137,2,101.42,544.69,72.91,238.70,0.5724,-1,-1,-1
137,3,1071.27,926.99,77.26,150.25,0.7951,-1,-1,-1
137,4,1721.10,457.78,74.76,208.71,0.6079,-1,-1,-1
137,5,1364.23,577.38,80.40,219.21,0.4571,-1,-1,-1
137,13,531.61,256.98,56.12,204.73,0.5878,-1,-1,-1
137,21,384.65,744.11,102.17,268.19,0.7897,-1,-1,-1
137,20,896.09,211.25,62.52,191.11,0.4159,-1,-1,-1
137,25,1043.89,139.26,91.09,171.40,0.5818,-1,-1,-1
137,29,574.99,250.62,54.67,185.51,0.4581,-1,-1,-1
137,6,132.63,637.91,74.60,210.48,0.4474,-1,-1,-1
138,1,416.00,267.90,82.03,219.38,0.6922,-1,-1,-1
138,2,101.63,545.17,69.09,237.86,0.5974,-1,-1,-1
138,3,1069.82,927.35,76.63,149.87,0.7898,-1,-1,-1
138,4,1721.09,457.71,74.88,209.04,0.6051,-1,-1,-1
138,5,1364.96,577.19,79.90,221.30,0.4475,-1,-1,-1
138,13,532.50,256.46,54.74,203.61,0.5918,-1,-1,-1
138,21,383.38,743.92,102.99,267.88,0.7893,-1,-1,-1
138,20,894.72,211.92,56.70,183.12,0.4602,-1,-1,-1
138,25,1039.28,140.04,94.27,170.38,0.6013,-1,-1,-1
138,29,574.61,251.17,55.41,184.84,0.4441,-1,-1,-1
138,6,134.90,637.71,79.99,209.14,0.4311,-1,-1,-1
139,1,415.69,266.30,81.52,220.47,0.6406,-1,-1,-1
139,2,101.66,545.33,67.59,238.66,0.6166,-1,-1,-1
139,3,1068.44,927.28,76.00,149.43,0.7876,-1,-1,-1
139,4,1720.81,457.69,75.20,209.17,0.6233,-1,-1,-1
139,5,1363.00,576.57,82.70,223.47,0.4683,-1,-1,-1
139,13,532.60,258.40,54.52,201.45,0.5747,-1,-1,-1
139,21,382.70,743.70,102.88,267.24,0.7959,-1,-1,-1
139,20,893.09,210.57,58.85,188.32,0.5239,-1,-1,-1
139,25,1038.25,140.35,94.03,170.76,0.5912,-1,-1,-1
139,29,574.25,251.17,56.10,184.07,0.4394,-1,-1,-1
139,6,138.98,636.23,85.92,208.02,0.4477,-1,-1,-1
140,1,416.81,266.87,80.04,218.11,0.6140,-1,-1,-1
140,2,101.98,545.33,66.04,239.62,0.6185,-1,-1,-1
140,3,1066.75,926.59,76.11,149.61,0.7917,-1,-1,-1
140,4,1720.80,458.12,75.19,208.87,0.6352,-1,-1,-1
140,5,1360.20,576.88,83.69,216.77,0.5493,-1,-1,-1
140,13,532.30,258.41,55.41,202.50,0.6024,-1,-1,-1
140,21,383.28,741.74,102.30,267.24,0.7963,-1,-1,-1
140,20,889.98,210.26,54.68,184.24,0.4706,-1,-1,-1
140,25,1037.45,140.61,93.34,171.03,0.5768,-1,-1,-1
140,29,576.95,251.95,54.66,181.14,0.4521,-1,-1,-1
140,6,143.16,634.14,88.67,206.69,0.4220,-1,-1,-1
141,1,416.66,265.40,79.81,217.25,0.6318,-1,-1,-1
141,2,102.38,545.73,65.92,240.69,0.6445,-1,-1,-1
141,3,1064.86,925.41,75.88,150.97,0.7871,-1,-1,-1
141,4,1720.98,458.22,75.07,208.27,0.6219,-1,-1,-1
141,5,1358.45,575.97,85.46,216.69,0.4985,-1,-1,-1
141,13,532.09,258.31,55.56,202.19,0.6032,-1,-1,-1
141,21,384.09,739.64,100.86,267.30,0.7963,-1,-1,-1
141,20,886.76,209.72,54.72,186.46,0.5441,-1,-1,-1
141,25,1038.79,140.38,89.43,170.46,0.5570,-1,-1,-1
141,29,579.08,250.21,52.50,183.22,0.4784,-1,-1,-1
141,6,145.52,630.28,89.22,207.32,0.5908,-1,-1,-1
141,22,818.16,248.37,57.98,169.37,0.3833,-1,-1,-1
142,1,416.84,264.35,78.87,216.75,0.6327,-1,-1,-1
142,2,103.18,545.93,66.12,241.85,0.6580,-1,-1,-1
142,3,1064.26,924.81,73.84,152.27,0.7774,-1,-1,-1
142,4,1721.29,458.86,74.98,207.36,0.6235,-1,-1,-1
142,5,1357.56,575.88,86.61,217.64,0.4819,-1,-1,-1
142,13,531.96,257.66,55.63,202.92,0.5994,-1,-1,-1
142,21,385.97,737.45,98.06,267.93,0.7917,-1,-1,-1
142,20,883.57,208.76,54.49,187.04,0.5159,-1,-1,-1
142,25,1038.03,140.49,88.20,169.43,0.5949,-1,-1,-1
142,29,580.62,250.15,52.31,182.59,0.4965,-1,-1,-1
142,6,148.78,628.87,86.14,205.38,0.5432,-1,-1,-1
143,1,415.57,260.41,78.73,220.17,0.6328,-1,-1,-1
143,2,103.62,545.61,66.59,241.77,0.6746,-1,-1,-1
143,3,1063.13,923.78,72.60,152.93,0.7622,-1,-1,-1
143,4,1721.31,459.05,74.91,207.08,0.6333,-1,-1,-1
143,5,1357.67,575.79,86.34,217.74,0.4816,-1,-1,-1
143,13,531.30,257.65,55.92,203.02,0.5946,-1,-1,-1
143,21,387.65,734.78,95.77,266.33,0.8025,-1,-1,-1
143,20,881.43,207.29,53.76,188.51,0.4785,-1,-1,-1
143,25,1039.25,138.58,84.65,171.01,0.5702,-1,-1,-1
143,29,581.38,248.27,53.14,185.73,0.4530,-1,-1,-1
143,6,150.11,628.78,86.55,207.12,0.6519,-1,-1,-1
144,1,414.89,259.31,79.56,218.34,0.6324,-1,-1,-1
144,2,103.57,545.68,67.47,241.61,0.6866,-1,-1,-1
144,3,1061.98,923.12,70.96,153.47,0.7572,-1,-1,-1
144,4,1721.52,459.56,74.67,207.01,0.6214,-1,-1,-1
144,5,1358.11,575.90,85.97,217.31,0.4981,-1,-1,-1
144,13,530.80,259.15,56.96,202.90,0.6042,-1,-1,-1
144,21,388.90,731.56,94.07,263.21,0.7948,-1,-1,-1
144,20,878.16,206.83,55.98,188.67,0.4732,-1,-1,-1
144,25,1039.57,137.12,81.05,171.63,0.4549,-1,-1,-1
144,29,582.09,251.24,54.91,183.92,0.4934,-1,-1,-1
144,6,153.30,629.57,83.65,206.99,0.6813,-1,-1,-1
145,1,415.89,259.26,78.27,213.16,0.6204,-1,-1,-1
145,2,103.79,545.75,68.48,242.71,0.7088,-1,-1,-1
145,3,1060.72,922.78,68.73,153.82,0.7582,-1,-1,-1
145,4,1721.58,459.40,74.34,206.71,0.6099,-1,-1,-1
145,5,1358.04,575.99,85.16,215.02,0.5396,-1,-1,-1
145,13,530.02,259.40,56.75,202.74,0.5953,-1,-1,-1
145,21,391.57,729.54,91.69,258.21,0.7985,-1,-1,-1
145,20,873.47,207.05,59.81,186.77,0.5442,-1,-1,-1
145,25,1039.76,136.48,73.43,171.79,0.4216,-1,-1,-1
145,29,583.07,252.20,55.03,183.95,0.5289,-1,-1,-1
145,6,157.21,627.70,79.14,210.37,0.7007,-1,-1,-1
146,1,414.99,254.56,77.21,216.99,0.6393,-1,-1,-1
146,2,103.76,545.90,69.20,242.86,0.7156,-1,-1,-1
146,3,1058.73,921.87,66.89,156.00,0.7412,-1,-1,-1
146,4,1721.80,459.52,74.22,207.29,0.6137,-1,-1,-1
146,5,1357.78,575.52,85.28,217.24,0.5126,-1,-1,-1
146,13,530.23,259.38,57.25,204.29,0.5935,-1,-1,-1
146,21,393.03,726.68,91.00,253.39,0.7770,-1,-1,-1
146,20,871.96,206.49,59.85,185.85,0.4901,-1,-1,-1
146,25,1039.96,136.25,66.75,171.31,0.4843,-1,-1,-1
146,29,584.58,253.66,53.84,186.09,0.5108,-1,-1,-1
146,6,159.35,625.00,77.29,213.09,0.7110,-1,-1,-1
147,1,414.47,253.12,77.39,218.55,0.6465,-1,-1,-1
147,2,103.91,546.17,69.49,241.90,0.7131,-1,-1,-1
147,3,1057.08,921.22,64.00,157.25,0.7264,-1,-1,-1
147,4,1721.62,459.07,74.68,207.32,0.6268,-1,-1,-1
147,5,1358.16,574.75,84.83,217.46,0.5407,-1,-1,-1
147,13,530.25,260.04,56.86,205.87,0.6095,-1,-1,-1
147,21,394.02,720.66,91.01,254.87,0.7796,-1,-1,-1
147,20,869.49,205.84,61.39,185.35,0.4783,-1,-1,-1
147,25,1039.57,135.42,62.34,171.20,0.4764,-1,-1,-1
147,29,584.97,254.67,54.20,187.83,0.5380,-1,-1,-1
147,6,161.16,621.19,75.99,215.32,0.6894,-1,-1,-1
148,1,414.01,252.43,77.90,219.05,0.6339,-1,-1,-1
148,2,103.80,545.75,70.19,242.09,0.7135,-1,-1,-1
148,3,1055.24,919.86,62.75,157.48,0.7273,-1,-1,-1
148,4,1721.53,458.59,74.82,208.33,0.6466,-1,-1,-1
148,5,1357.90,575.16,84.09,216.54,0.5588,-1,-1,-1
148,13,530.29,261.21,58.45,206.77,0.5946,-1,-1,-1
148,21,394.55,717.38,91.71,254.95,0.7777,-1,-1,-1
148,20,866.86,204.82,62.88,190.54,0.4446,-1,-1,-1
148,25,1038.22,134.87,57.56,171.29,0.4424,-1,-1,-1
148,29,585.68,255.45,54.23,188.71,0.4954,-1,-1,-1
148,6,163.89,617.57,75.59,215.43,0.7078,-1,-1,-1
149,1,415.41,255.27,77.22,215.08,0.6248,-1,-1,-1
149,2,103.88,545.75,70.30,241.79,0.7151,-1,-1,-1
149,3,1054.04,918.50,62.15,158.70,0.7264,-1,-1,-1
149,4,1721.24,458.84,74.52,207.73,0.6218,-1,-1,-1
149,5,1357.88,575.29,84.52,215.68,0.5452,-1,-1,-1
149,13,530.86,262.82,59.01,206.38,0.6301,-1,-1,-1
149,21,395.81,713.23,92.66,258.33,0.7879,-1,-1,-1
149,20,865.40,204.40,62.38,192.23,0.4432,-1,-1,-1
149,25,1036.84,135.29,54.33,169.61,0.3608,-1,-1,-1
149,29,586.37,256.16,54.65,189.76,0.4500,-1,-1,-1
149,6,167.85,615.01,73.38,214.97,0.6958,-1,-1,-1
150,1,416.08,256.03,76.94,213.75,0.6198,-1,-1,-1
150,2,103.64,545.67,70.64,242.78,0.7131,-1,-1,-1
150,3,1052.26,916.79,61.26,160.97,0.7368,-1,-1,-1
150,4,1721.23,458.62,74.59,208.09,0.6385,-1,-1,-1
150,5,1357.19,574.98,85.31,216.83,0.5402,-1,-1,-1
150,13,531.22,264.75,58.09,207.40,0.6155,-1,-1,-1
150,21,395.21,710.66,95.46,261.48,0.7855,-1,-1,-1
150,20,864.93,205.10,63.01,192.61,0.4056,-1,-1,-1
150,25,1033.90,134.48,55.17,171.55,0.4901,-1,-1,-1
150,29,586.99,256.89,55.16,190.57,0.4352,-1,-1,-1
150,6,174.27,613.59,67.72,214.01,0.6570,-1,-1,-1
151,1,416.72,255.61,75.77,214.18,0.6157,-1,-1,-1
151,2,103.37,546.38,71.19,243.36,0.7216,-1,-1,-1
151,3,1051.10,914.29,60.69,163.30,0.7371,-1,-1,-1
151,4,1721.82,458.45,73.51,207.68,0.6249,-1,-1,-1
151,5,1363.73,574.28,79.13,222.20,0.4863,-1,-1,-1
151,13,531.32,265.95,56.85,208.97,0.6117,-1,-1,-1
151,21,395.99,709.56,95.71,262.71,0.7809,-1,-1,-1
151,20,863.89,205.04,62.94,191.56,0.4592,-1,-1,-1
151,25,1030.64,132.76,55.97,173.08,0.4879,-1,-1,-1
151,29,587.84,259.27,55.14,190.81,0.4180,-1,-1,-1
151,6,179.93,611.68,68.14,214.84,0.6707,-1,-1,-1
151,28,625.37,751.18,57.18,167.18,0.3577,-1,-1,-1
152,1,417.19,255.06,75.42,214.91,0.6061,-1,-1,-1
152,2,102.86,546.86,72.11,243.10,0.7175,-1,-1,-1
152,3,1049.55,913.44,60.16,164.47,0.7421,-1,-1,-1
152,4,1721.87,458.16,73.61,208.30,0.6152,-1,-1,-1
152,5,1361.52,576.03,80.65,216.20,0.5299,-1,-1,-1
152,13,531.80,270.50,54.98,206.61,0.5926,-1,-1,-1
152,21,396.57,707.80,97.12,264.13,0.7669,-1,-1,-1
152,20,863.00,205.54,62.87,190.67,0.5191,-1,-1,-1
152,25,1025.96,130.74,58.26,172.64,0.4077,-1,-1,-1
152,29,588.56,260.63,55.44,191.21,0.4119,-1,-1,-1
152,6,182.93,610.19,67.35,216.01,0.6899,-1,-1,-1
152,28,624.86,751.63,56.77,166.58,0.4327,-1,-1,-1
153,1,417.37,254.26,74.62,215.42,0.5831,-1,-1,-1
153,2,103.35,547.68,71.61,244.74,0.7265,-1,-1,-1
153,3,1047.75,912.31,60.03,166.31,0.7304,-1,-1,-1
153,4,1721.67,457.65,73.80,208.85,0.6099,-1,-1,-1
153,5,1360.86,575.62,80.57,215.83,0.5163,-1,-1,-1
153,13,531.79,274.27,54.64,203.25,0.5870,-1,-1,-1
153,21,396.65,707.91,98.75,264.20,0.7589,-1,-1,-1
153,20,861.73,204.92,63.46,191.39,0.4964,-1,-1,-1
153,25,1023.02,131.47,59.23,171.33,0.4118,-1,-1,-1
153,29,590.94,266.09,53.80,185.22,0.3229,-1,-1,-1
153,6,185.32,609.94,68.50,215.61,0.7364,-1,-1,-1
153,28,625.56,751.35,55.27,166.78,0.4101,-1,-1,-1
154,1,415.82,253.24,75.20,216.41,0.6003,-1,-1,-1
154,2,103.74,547.40,71.40,245.84,0.7199,-1,-1,-1
154,3,1046.63,911.63,59.31,167.51,0.7146,-1,-1,-1
154,4,1721.65,459.19,73.66,207.07,0.5869,-1,-1,-1
154,5,1360.27,576.29,81.32,215.54,0.5207,-1,-1,-1
154,13,532.45,276.77,54.39,200.98,0.5632,-1,-1,-1
154,21,396.90,708.03,100.10,263.58,0.7634,-1,-1,-1
154,20,860.07,205.13,64.19,191.39,0.5085,-1,-1,-1
154,25,1017.76,131.47,61.60,171.71,0.3510,-1,-1,-1
154,6,188.07,610.12,68.52,214.36,0.7530,-1,-1,-1
154,28,625.06,751.79,57.00,167.27,0.3307,-1,-1,-1
155,1,415.83,251.89,74.54,217.92,0.6029,-1,-1,-1
155,2,103.15,546.27,71.57,247.36,0.6968,-1,-1,-1
155,3,1044.95,911.04,59.27,168.01,0.7279,-1,-1,-1
155,4,1722.35,459.17,72.98,206.84,0.5962,-1,-1,-1
155,5,1359.72,576.35,82.12,213.74,0.5691,-1,-1,-1
155,13,532.60,278.69,55.22,198.76,0.5144,-1,-1,-1
155,21,397.64,706.01,101.48,265.30,0.7629,-1,-1,-1
155,20,857.61,205.12,65.69,189.92,0.5120,-1,-1,-1
155,25,1004.90,132.30,71.37,172.50,0.3938,-1,-1,-1
155,6,192.31,610.19,67.32,213.55,0.7611,-1,-1,-1
155,28,625.57,751.56,56.01,166.74,0.3380,-1,-1,-1
156,1,416.44,251.42,74.56,215.61,0.6179,-1,-1,-1
156,2,102.70,545.72,71.97,247.54,0.6976,-1,-1,-1
156,3,1043.06,910.45,59.71,169.30,0.7072,-1,-1,-1
156,4,1722.38,459.54,73.05,206.04,0.5857,-1,-1,-1
156,5,1358.18,578.14,82.37,212.22,0.5199,-1,-1,-1
156,13,532.60,276.19,56.31,200.52,0.4659,-1,-1,-1
156,21,398.31,703.05,101.13,266.53,0.7607,-1,-1,-1
156,20,855.75,204.42,66.91,188.42,0.5456,-1,-1,-1
156,25,995.39,133.25,77.46,171.88,0.4380,-1,-1,-1
156,6,195.11,608.93,67.18,213.86,0.7525,-1,-1,-1
157,1,416.53,251.46,74.28,213.76,0.6182,-1,-1,-1
157,2,102.69,545.76,72.19,247.39,0.6958,-1,-1,-1
157,3,1041.70,909.93,59.49,169.71,0.7011,-1,-1,-1
157,4,1722.67,459.96,72.70,205.66,0.5926,-1,-1,-1
157,5,1357.26,578.65,82.97,210.90,0.5215,-1,-1,-1
157,13,532.55,275.10,56.88,199.52,0.4364,-1,-1,-1
157,21,399.29,703.70,100.56,264.97,0.7720,-1,-1,-1
157,20,855.22,203.41,66.98,185.78,0.5671,-1,-1,-1
157,25,988.80,133.60,81.30,171.64,0.4656,-1,-1,-1
157,6,197.70,608.15,66.55,214.42,0.7420,-1,-1,-1
158,1,416.86,249.75,75.50,214.94,0.6446,-1,-1,-1
158,2,102.53,546.17,72.25,246.75,0.6986,-1,-1,-1
158,3,1039.43,909.54,61.31,170.42,0.7158,-1,-1,-1
158,4,1722.30,459.98,73.31,206.27,0.6106,-1,-1,-1
158,5,1357.02,577.84,83.21,210.58,0.5366,-1,-1,-1
158,13,530.90,273.36,59.51,200.02,0.4534,-1,-1,-1
158,21,399.22,703.76,99.24,262.79,0.7844,-1,-1,-1
158,20,853.29,201.85,68.20,184.75,0.5558,-1,-1,-1
158,25,986.51,132.78,82.09,172.11,0.3917,-1,-1,-1
158,6,199.08,606.93,65.70,213.34,0.7153,-1,-1,-1
159,1,417.61,249.78,75.65,212.88,0.6106,-1,-1,-1
159,2,102.57,546.32,72.15,246.76,0.6950,-1,-1,-1
159,3,1037.66,908.76,61.47,170.80,0.6983,-1,-1,-1
159,4,1722.33,461.19,73.42,205.07,0.6000,-1,-1,-1
159,5,1356.60,578.37,84.22,211.84,0.5145,-1,-1,-1
159,13,528.36,278.52,62.58,195.74,0.4321,-1,-1,-1
159,21,401.56,702.94,93.91,260.96,0.7611,-1,-1,-1
159,20,851.29,200.64,69.55,187.87,0.5482,-1,-1,-1
159,25,983.83,133.07,82.95,171.55,0.4133,-1,-1,-1
159,6,200.44,604.84,65.54,212.90,0.6951,-1,-1,-1
160,1,418.32,248.17,74.80,213.81,0.6440,-1,-1,-1
160,2,102.48,546.78,71.95,246.53,0.6985,-1,-1,-1
160,3,1036.79,908.68,60.97,171.29,0.6799,-1,-1,-1
160,4,1721.72,461.38,73.62,204.80,0.5705,-1,-1,-1
160,5,1356.90,579.19,85.64,216.05,0.4776,-1,-1,-1
160,13,526.97,284.23,64.40,191.34,0.4709,-1,-1,-1
160,21,401.94,698.93,92.64,258.03,0.7656,-1,-1,-1
160,20,850.77,199.16,69.36,191.05,0.5134,-1,-1,-1
160,25,980.75,132.69,84.13,170.42,0.4722,-1,-1,-1
160,6,201.81,602.81,65.32,214.75,0.7002,-1,-1,-1
161,1,417.99,247.01,76.00,212.24,0.6232,-1,-1,-1
161,2,102.37,546.69,72.03,247.15,0.6866,-1,-1,-1
161,3,1034.14,908.12,62.28,171.92,0.6929,-1,-1,-1
161,4,1721.83,461.12,73.51,205.52,0.5775,-1,-1,-1
161,5,1357.05,579.74,85.18,216.32,0.5265,-1,-1,-1
161,13,526.03,286.90,67.37,190.62,0.4184,-1,-1,-1
161,21,402.50,693.60,91.40,254.25,0.7744,-1,-1,-1
161,20,849.98,197.00,69.76,191.21,0.4850,-1,-1,-1
161,25,980.23,132.51,83.31,170.41,0.4897,-1,-1,-1
161,6,206.17,599.65,61.91,213.74,0.6675,-1,-1,-1
162,1,418.59,246.19,75.97,210.71,0.6233,-1,-1,-1
162,2,102.09,546.43,71.86,247.77,0.6726,-1,-1,-1
162,3,1032.87,907.37,61.92,172.71,0.7115,-1,-1,-1
162,4,1721.91,461.62,73.40,205.53,0.5775,-1,-1,-1
162,5,1361.49,578.18,82.37,221.82,0.4897,-1,-1,-1
162,21,403.14,688.84,91.20,253.59,0.7652,-1,-1,-1
162,20,849.28,195.93,69.56,191.07,0.4876,-1,-1,-1
162,25,980.13,133.38,81.23,169.88,0.3936,-1,-1,-1
162,6,210.48,598.21,61.33,209.19,0.6741,-1,-1,-1
163,1,418.68,244.96,77.14,209.79,0.6178,-1,-1,-1
163,2,102.21,546.42,72.11,247.86,0.6631,-1,-1,-1
163,3,1031.36,906.47,62.33,173.61,0.6839,-1,-1,-1
163,4,1721.76,461.04,73.63,206.41,0.5791,-1,-1,-1
163,5,1358.56,579.33,86.64,224.28,0.5055,-1,-1,-1
163,21,403.51,684.64,90.55,254.82,0.7710,-1,-1,-1
163,20,849.50,194.61,69.02,188.89,0.4677,-1,-1,-1
163,25,980.82,131.03,77.75,172.56,0.3591,-1,-1,-1
163,6,212.97,595.89,61.85,207.95,0.6715,-1,-1,-1
163,13,521.09,289.70,70.66,193.98,0.3767,-1,-1,-1
164,1,418.24,244.26,78.19,208.58,0.6263,-1,-1,-1
164,2,102.07,546.52,71.93,247.27,0.6805,-1,-1,-1
164,3,1030.07,906.86,61.27,172.80,0.7307,-1,-1,-1
164,4,1721.64,460.76,73.86,206.65,0.5990,-1,-1,-1
164,5,1357.58,579.84,87.66,223.32,0.4790,-1,-1,-1
164,21,402.91,682.15,91.22,254.57,0.7738,-1,-1,-1
164,20,851.21,192.50,69.02,193.16,0.4605,-1,-1,-1
164,25,981.92,129.23,72.32,172.61,0.3058,-1,-1,-1
164,6,215.28,594.01,62.57,208.83,0.7065,-1,-1,-1
164,13,519.72,290.85,72.24,194.72,0.3107,-1,-1,-1
165,1,418.45,242.60,78.88,209.58,0.6170,-1,-1,-1
165,2,102.17,546.36,71.71,246.90,0.6766,-1,-1,-1
165,3,1028.55,907.37,61.02,172.15,0.7265,-1,-1,-1
165,4,1721.69,460.42,74.17,206.53,0.5945,-1,-1,-1
165,5,1357.61,580.71,86.70,219.95,0.5013,-1,-1,-1
165,21,401.46,680.15,93.01,255.89,0.7917,-1,-1,-1
165,20,852.51,191.49,68.66,194.26,0.4859,-1,-1,-1
165,6,214.55,592.13,64.38,209.27,0.7327,-1,-1,-1
166,1,418.80,241.57,77.15,210.16,0.5914,-1,-1,-1
166,2,102.04,546.21,71.55,246.89,0.6849,-1,-1,-1
166,3,1026.65,907.31,61.49,172.16,0.6855,-1,-1,-1
166,4,1722.00,460.67,73.53,206.95,0.6247,-1,-1,-1
166,5,1357.33,580.36,85.20,216.39,0.5031,-1,-1,-1
166,21,400.20,678.52,94.00,258.22,0.7914,-1,-1,-1
166,20,852.60,190.92,69.10,192.26,0.4911,-1,-1,-1
166,6,215.63,590.45,68.75,211.00,0.7025,-1,-1,-1
167,1,418.72,240.49,76.53,211.72,0.5753,-1,-1,-1
167,2,101.86,546.30,71.90,247.21,0.6872,-1,-1,-1
167,3,1024.01,906.68,63.47,172.94,0.6849,-1,-1,-1
167,4,1722.27,460.47,72.96,207.05,0.6082,-1,-1,-1
167,5,1356.87,579.75,85.02,217.54,0.4910,-1,-1,-1
167,21,400.03,675.65,93.60,260.23,0.7967,-1,-1,-1
167,20,852.89,190.59,69.43,189.45,0.4849,-1,-1,-1
167,6,215.83,589.32,72.91,213.36,0.7071,-1,-1,-1
168,1,418.02,239.49,76.87,213.01,0.5939,-1,-1,-1
168,2,101.81,546.53,72.17,247.02,0.6861,-1,-1,-1
168,3,1021.42,906.90,64.62,172.44,0.7042,-1,-1,-1
168,4,1721.87,459.25,73.45,208.76,0.6115,-1,-1,-1
168,5,1357.27,579.05,83.26,217.38,0.4972,-1,-1,-1
168,21,399.02,674.94,94.26,260.87,0.7840,-1,-1,-1
168,20,853.07,190.68,69.94,190.14,0.5117,-1,-1,-1
168,6,217.81,589.04,77.16,212.57,0.7157,-1,-1,-1
169,1,418.21,238.58,77.82,213.80,0.6112,-1,-1,-1
169,2,101.58,545.82,72.90,248.27,0.6516,-1,-1,-1
169,3,1020.18,907.81,64.91,171.27,0.7078,-1,-1,-1
169,4,1721.65,459.77,73.72,208.22,0.6104,-1,-1,-1
169,5,1357.19,578.90,84.82,217.87,0.4622,-1,-1,-1
169,21,399.12,674.02,94.52,260.86,0.7770,-1,-1,-1
169,20,852.69,190.45,70.83,189.17,0.5304,-1,-1,-1
169,6,220.40,588.55,77.90,213.22,0.6902,-1,-1,-1
170,1,418.04,237.78,78.33,214.98,0.6154,-1,-1,-1
170,2,101.45,546.33,73.51,247.07,0.6539,-1,-1,-1
170,3,1018.57,908.37,63.48,171.17,0.7220,-1,-1,-1
170,4,1721.20,460.42,74.23,207.66,0.6201,-1,-1,-1
170,5,1364.73,577.82,78.09,220.40,0.4458,-1,-1,-1
170,21,399.79,673.06,93.30,260.93,0.7748,-1,-1,-1
170,20,854.94,189.74,68.85,188.50,0.5096,-1,-1,-1
170,6,221.40,588.27,76.37,213.67,0.6627,-1,-1,-1
170,13,523.47,291.08,66.62,202.79,0.3580,-1,-1,-1
171,1,417.75,237.74,78.63,215.15,0.6221,-1,-1,-1
171,2,101.28,546.42,74.50,247.34,0.6602,-1,-1,-1
171,3,1017.58,908.92,62.06,170.94,0.7228,-1,-1,-1
171,4,1721.47,459.98,74.15,208.12,0.6031,-1,-1,-1
171,5,1365.79,577.25,76.77,221.91,0.4551,-1,-1,-1
171,21,400.04,672.23,92.68,260.25,0.7746,-1,-1,-1
171,20,858.53,191.53,64.13,184.46,0.4111,-1,-1,-1
171,6,220.78,588.13,76.57,213.14,0.6914,-1,-1,-1
171,13,525.52,294.86,63.02,199.37,0.4481,-1,-1,-1
172,1,417.66,237.53,78.52,216.44,0.6276,-1,-1,-1
172,2,100.68,546.63,74.44,246.41,0.6623,-1,-1,-1
172,3,1015.95,909.66,61.58,169.95,0.7436,-1,-1,-1
172,4,1721.72,460.27,73.93,207.58,0.5985,-1,-1,-1
172,5,1360.31,578.14,81.39,217.62,0.4744,-1,-1,-1
172,21,400.43,670.58,91.95,259.92,0.7812,-1,-1,-1
172,20,859.80,190.36,65.05,185.10,0.5030,-1,-1,-1
172,6,219.94,586.94,77.50,213.65,0.6431,-1,-1,-1
172,13,526.04,292.68,61.66,201.78,0.4288,-1,-1,-1
173,1,417.77,237.07,78.34,216.61,0.6146,-1,-1,-1
173,2,100.87,546.28,74.14,246.91,0.6574,-1,-1,-1
173,3,1013.15,909.99,62.30,169.60,0.7341,-1,-1,-1
173,4,1721.27,460.73,74.33,206.71,0.5928,-1,-1,-1
173,5,1358.41,578.55,82.48,215.20,0.5034,-1,-1,-1
173,21,402.40,668.61,89.39,259.31,0.7742,-1,-1,-1
173,20,860.56,189.02,65.76,186.45,0.4489,-1,-1,-1
173,6,219.96,584.15,77.03,215.14,0.6587,-1,-1,-1
173,13,522.77,295.11,64.59,199.67,0.3301,-1,-1,-1
174,1,417.62,236.51,77.71,217.21,0.6205,-1,-1,-1
174,2,100.47,546.68,74.20,246.66,0.6518,-1,-1,-1
174,3,1010.43,911.24,63.12,168.60,0.7399,-1,-1,-1
174,4,1721.20,459.84,74.35,207.68,0.5966,-1,-1,-1
174,5,1357.62,578.95,82.71,212.40,0.4983,-1,-1,-1
174,21,404.88,666.64,86.67,259.67,0.7818,-1,-1,-1
174,20,861.48,186.75,65.37,186.55,0.4383,-1,-1,-1
174,6,222.24,583.03,76.00,214.03,0.6752,-1,-1,-1
174,13,522.66,294.40,65.91,200.72,0.4238,-1,-1,-1
174,30,752.88,261.55,55.88,192.36,0.3572,-1,-1,-1
175,1,417.11,235.71,77.32,216.78,0.6517,-1,-1,-1
175,2,100.15,546.63,74.04,246.37,0.6572,-1,-1,-1
175,3,1007.30,912.70,63.75,167.23,0.7263,-1,-1,-1
175,4,1721.57,459.87,73.78,207.89,0.5931,-1,-1,-1
175,5,1357.44,578.85,83.17,209.59,0.5184,-1,-1,-1
175,21,406.10,663.86,85.63,260.85,0.8043,-1,-1,-1
175,20,862.81,185.87,65.61,183.62,0.4610,-1,-1,-1
175,6,225.04,579.77,72.30,214.35,0.6874,-1,-1,-1
175,13,522.05,293.83,66.42,200.85,0.3845,-1,-1,-1
175,30,752.62,261.12,56.80,194.81,0.4064,-1,-1,-1
176,1,417.08,233.42,76.20,217.79,0.6333,-1,-1,-1
176,2,100.14,546.84,73.45,246.43,0.6576,-1,-1,-1
176,3,1005.82,913.16,62.87,166.85,0.7290,-1,-1,-1
176,4,1721.48,459.63,73.53,208.22,0.5885,-1,-1,-1
176,5,1357.36,578.90,82.68,207.59,0.5145,-1,-1,-1
176,21,407.05,659.60,83.98,259.62,0.7913,-1,-1,-1
176,20,863.16,184.39,66.08,185.03,0.5037,-1,-1,-1
176,6,227.06,577.23,69.39,213.56,0.6685,-1,-1,-1
176,13,514.29,252.79,76.22,242.72,0.3236,-1,-1,-1
176,30,753.00,261.80,56.10,196.25,0.4104,-1,-1,-1
176,25,939.53,123.10,77.27,175.13,0.3969,-1,-1,-1
177,1,416.89,232.77,75.33,217.93,0.6375,-1,-1,-1
177,2,100.13,546.90,73.23,246.08,0.6565,-1,-1,-1
177,3,1004.56,913.19,63.08,165.31,0.7308,-1,-1,-1
177,4,1721.24,459.68,73.93,208.13,0.5823,-1,-1,-1
177,5,1357.17,578.94,83.05,209.21,0.4843,-1,-1,-1
177,21,408.10,654.79,82.66,255.14,0.7858,-1,-1,-1
177,20,864.01,182.28,66.58,185.08,0.5223,-1,-1,-1
177,6,227.70,575.28,68.35,211.90,0.6766,-1,-1,-1
177,13,515.89,250.02,74.41,245.07,0.3778,-1,-1,-1
177,30,752.57,261.40,56.53,198.57,0.3569,-1,-1,-1
177,25,936.69,123.60,77.89,173.46,0.3620,-1,-1,-1
178,1,416.48,231.09,74.71,215.91,0.6172,-1,-1,-1
178,2,100.14,547.04,72.24,245.08,0.6539,-1,-1,-1
178,3,1003.73,913.33,62.45,164.71,0.7206,-1,-1,-1
178,4,1721.33,460.08,73.83,207.75,0.5631,-1,-1,-1
178,5,1356.87,578.04,83.31,211.41,0.4804,-1,-1,-1
178,21,407.27,650.85,83.90,251.82,0.7857,-1,-1,-1
178,20,864.85,180.96,66.79,184.76,0.4978,-1,-1,-1
178,6,228.20,573.45,67.62,208.19,0.6069,-1,-1,-1
178,13,520.12,275.30,68.59,219.66,0.4454,-1,-1,-1
178,30,752.10,266.19,57.03,196.14,0.4084,-1,-1,-1
178,31,0.07,615.71,91.12,228.58,0.3779,-1,-1,-1
179,1,415.86,228.59,73.70,215.93,0.5930,-1,-1,-1
179,2,100.70,546.22,71.05,246.41,0.6507,-1,-1,-1
179,3,1002.67,913.58,60.78,164.66,0.7161,-1,-1,-1
179,4,1721.38,460.46,73.45,207.25,0.5469,-1,-1,-1
179,5,1357.01,577.61,83.81,216.92,0.5050,-1,-1,-1
179,21,407.60,648.61,84.61,249.99,0.7860,-1,-1,-1
179,20,865.87,180.33,67.00,184.04,0.4839,-1,-1,-1
179,6,227.90,571.50,68.16,207.50,0.6183,-1,-1,-1
179,13,521.91,289.58,65.46,204.65,0.4350,-1,-1,-1
179,30,751.10,270.26,58.33,194.38,0.4042,-1,-1,-1
179,31,-0.00,617.91,95.72,229.75,0.5217,-1,-1,-1
179,29,606.87,278.66,58.25,192.07,0.3478,-1,-1,-1
180,1,414.81,227.56,74.38,213.29,0.6236,-1,-1,-1
180,2,100.82,546.08,70.21,246.29,0.6557,-1,-1,-1
180,3,1000.97,913.38,60.05,165.17,0.7209,-1,-1,-1
180,4,1721.76,460.18,73.25,207.95,0.5274,-1,-1,-1
180,5,1357.42,577.19,82.38,212.77,0.5125,-1,-1,-1
180,21,408.89,647.71,85.48,248.79,0.7905,-1,-1,-1
180,20,866.96,180.80,67.53,184.29,0.5042,-1,-1,-1
180,6,229.01,570.07,68.02,207.08,0.5864,-1,-1,-1
180,13,524.72,293.30,62.20,203.23,0.5224,-1,-1,-1
180,30,750.54,272.87,59.15,193.05,0.4176,-1,-1,-1
180,31,0.57,618.17,85.23,223.22,0.5042,-1,-1,-1
180,29,607.18,278.61,57.90,193.73,0.3532,-1,-1,-1
181,1,414.69,227.10,74.05,210.71,0.5963,-1,-1,-1
181,2,100.85,545.50,69.85,247.79,0.6546,-1,-1,-1
181,3,998.74,914.32,59.75,164.68,0.7208,-1,-1,-1
181,4,1721.76,459.21,73.75,209.37,0.5129,-1,-1,-1
181,5,1357.36,577.39,83.44,214.89,0.4994,-1,-1,-1
181,21,409.60,646.30,87.19,248.91,0.7886,-1,-1,-1
181,20,868.51,179.17,67.27,184.10,0.5017,-1,-1,-1
181,6,229.84,569.02,68.44,205.85,0.5737,-1,-1,-1
181,13,526.85,298.83,59.72,200.39,0.5467,-1,-1,-1
181,30,750.91,273.96,57.98,192.84,0.4249,-1,-1,-1
181,31,0.85,617.76,79.88,223.83,0.4732,-1,-1,-1
181,29,607.13,278.99,58.57,200.06,0.3080,-1,-1,-1
182,1,414.90,226.60,74.05,208.58,0.5808,-1,-1,-1
182,2,101.03,545.70,69.52,247.31,0.6712,-1,-1,-1
182,3,996.94,915.70,58.54,163.05,0.7356,-1,-1,-1
182,4,1722.16,459.20,73.01,209.23,0.5284,-1,-1,-1
182,5,1357.36,576.66,84.08,222.41,0.4785,-1,-1,-1
182,21,409.06,645.10,89.54,249.99,0.7844,-1,-1,-1
182,20,867.79,177.71,71.14,185.73,0.5388,-1,-1,-1
182,6,231.35,567.60,65.59,203.94,0.5869,-1,-1,-1
182,13,526.29,297.39,60.36,200.59,0.4856,-1,-1,-1
182,30,751.15,275.28,57.73,193.42,0.3595,-1,-1,-1
182,31,1.32,618.69,98.36,234.99,0.6071,-1,-1,-1
183,1,416.14,228.03,72.89,206.53,0.5794,-1,-1,-1
183,2,101.15,545.90,69.28,247.76,0.6819,-1,-1,-1
183,3,995.66,916.22,58.20,162.21,0.7283,-1,-1,-1
183,4,1722.37,459.35,72.69,208.77,0.5237,-1,-1,-1
183,5,1357.37,576.87,84.60,223.26,0.4897,-1,-1,-1
183,21,408.57,643.61,92.12,251.39,0.7979,-1,-1,-1
183,20,868.05,176.78,72.33,186.90,0.5564,-1,-1,-1
183,6,231.15,566.22,66.05,204.86,0.5514,-1,-1,-1
183,13,524.11,295.97,63.71,205.50,0.4062,-1,-1,-1
183,30,749.94,276.71,60.10,194.17,0.3655,-1,-1,-1
183,31,3.03,621.35,102.15,237.49,0.6555,-1,-1,-1
184,1,416.71,227.64,73.14,206.77,0.5791,-1,-1,-1
184,2,100.85,545.90,68.92,248.05,0.6704,-1,-1,-1
184,3,994.65,917.70,57.83,161.48,0.7233,-1,-1,-1
184,4,1721.64,459.24,73.07,208.97,0.5334,-1,-1,-1
184,5,1357.52,576.57,84.81,224.59,0.4653,-1,-1,-1
184,21,408.96,642.24,93.27,252.48,0.7735,-1,-1,-1
184,20,868.14,176.59,72.70,187.25,0.5430,-1,-1,-1
184,6,231.99,565.35,65.41,208.05,0.5351,-1,-1,-1
184,13,521.62,253.25,66.98,251.73,0.3986,-1,-1,-1
184,30,750.09,278.65,60.49,192.91,0.3489,-1,-1,-1
184,31,6.43,622.43,99.21,235.29,0.6215,-1,-1,-1
185,1,416.03,227.22,73.77,207.08,0.5878,-1,-1,-1
185,2,100.31,546.13,68.65,247.33,0.6464,-1,-1,-1
185,3,993.20,918.34,58.29,160.04,0.7175,-1,-1,-1
185,4,1721.67,459.37,72.86,208.59,0.5027,-1,-1,-1
185,5,1357.72,575.97,84.16,221.04,0.4800,-1,-1,-1
185,21,408.63,642.30,94.80,252.42,0.7859,-1,-1,-1
185,20,867.92,177.36,74.41,188.37,0.5879,-1,-1,-1
185,6,232.19,564.99,65.92,209.41,0.5680,-1,-1,-1
185,13,521.45,275.92,66.27,230.17,0.4305,-1,-1,-1
185,30,750.43,280.36,62.01,191.92,0.3298,-1,-1,-1
185,31,12.12,622.16,94.95,234.30,0.6221,-1,-1,-1
186,1,415.73,226.70,74.13,207.23,0.5963,-1,-1,-1
186,2,99.78,546.48,68.98,246.54,0.6452,-1,-1,-1
186,3,992.01,918.50,57.90,160.18,0.7341,-1,-1,-1
186,4,1721.83,459.15,72.65,208.74,0.5033,-1,-1,-1
186,5,1357.39,574.83,84.22,224.09,0.4939,-1,-1,-1
186,21,408.80,640.91,94.75,254.25,0.7943,-1,-1,-1
186,20,867.83,176.18,74.51,190.42,0.5612,-1,-1,-1
186,6,230.94,564.75,66.59,208.47,0.5833,-1,-1,-1
186,13,523.24,293.48,62.39,210.80,0.4266,-1,-1,-1
186,31,15.75,620.19,94.51,235.81,0.6575,-1,-1,-1
186,29,607.97,284.36,59.26,206.29,0.3588,-1,-1,-1
187,1,415.90,225.36,74.24,209.04,0.6014,-1,-1,-1
187,2,98.37,546.56,70.35,244.19,0.6377,-1,-1,-1
187,3,989.79,918.95,59.50,159.54,0.7347,-1,-1,-1
187,4,1721.83,459.53,72.53,208.17,0.4952,-1,-1,-1
187,5,1357.54,573.73,84.10,224.82,0.5044,-1,-1,-1
187,21,408.74,639.17,94.80,255.66,0.7812,-1,-1,-1
187,20,867.58,176.19,75.01,191.30,0.5617,-1,-1,-1
187,6,229.80,563.96,67.16,209.29,0.6350,-1,-1,-1
187,13,525.11,299.14,60.21,207.48,0.5400,-1,-1,-1
187,31,21.23,620.13,96.60,239.04,0.6872,-1,-1,-1
187,29,607.58,287.01,59.86,202.51,0.3475,-1,-1,-1
188,1,415.97,225.68,74.47,207.72,0.5946,-1,-1,-1
188,2,97.19,546.29,71.27,242.33,0.5923,-1,-1,-1
188,3,988.66,919.27,60.16,159.23,0.7218,-1,-1,-1
188,4,1721.46,460.07,73.15,207.50,0.5075,-1,-1,-1
188,5,1357.71,572.73,84.00,225.90,0.4594,-1,-1,-1
188,21,410.07,637.44,93.24,256.18,0.7685,-1,-1,-1
188,20,868.18,176.99,74.83,187.12,0.4322,-1,-1,-1
188,6,228.71,562.02,68.12,210.91,0.6183,-1,-1,-1
188,13,524.25,300.02,61.62,207.74,0.5397,-1,-1,-1
188,31,23.31,619.12,102.34,240.52,0.7143,-1,-1,-1
188,29,606.74,288.96,59.80,200.69,0.3350,-1,-1,-1
189,1,416.01,224.63,74.31,207.65,0.5819,-1,-1,-1
189,2,95.58,546.47,70.85,239.07,0.5354,-1,-1,-1
189,3,987.43,919.78,59.82,158.85,0.7122,-1,-1,-1
189,4,1721.02,460.55,73.55,207.37,0.4816,-1,-1,-1
189,5,1357.87,572.63,82.47,220.82,0.4582,-1,-1,-1
189,21,409.92,634.35,92.67,258.11,0.7985,-1,-1,-1
189,20,867.38,177.04,77.83,186.45,0.4621,-1,-1,-1
189,6,229.30,558.43,65.91,209.77,0.5553,-1,-1,-1
189,13,523.52,303.46,62.53,206.99,0.5648,-1,-1,-1
189,31,24.50,619.56,107.99,241.95,0.6902,-1,-1,-1
189,29,605.90,297.38,59.52,193.17,0.3508,-1,-1,-1
190,1,416.74,224.26,73.81,207.46,0.5687,-1,-1,-1
190,2,94.13,546.42,71.30,233.03,0.4935,-1,-1,-1
190,3,986.33,920.67,59.49,157.65,0.7264,-1,-1,-1
190,4,1721.31,459.30,73.42,208.59,0.4643,-1,-1,-1
190,5,1357.80,572.27,81.83,218.99,0.4494,-1,-1,-1
190,21,411.45,633.44,89.41,256.70,0.7853,-1,-1,-1
190,20,867.40,178.31,80.90,185.03,0.5122,-1,-1,-1
190,6,229.63,555.47,64.75,207.92,0.5731,-1,-1,-1
190,13,522.63,303.31,64.43,209.13,0.5938,-1,-1,-1
190,31,27.19,621.12,111.90,244.95,0.6737,-1,-1,-1
190,29,605.40,297.49,59.95,194.49,0.3469,-1,-1,-1
191,1,417.43,223.13,73.72,207.55,0.5656,-1,-1,-1
191,2,95.33,545.80,69.17,199.69,0.5734,-1,-1,-1
191,3,985.28,921.71,59.30,155.83,0.7426,-1,-1,-1
191,4,1720.59,459.56,74.25,208.45,0.4924,-1,-1,-1
191,5,1357.89,571.62,85.27,227.75,0.4815,-1,-1,-1
191,21,411.98,630.74,87.18,255.73,0.7833,-1,-1,-1
191,20,869.37,175.66,79.52,185.43,0.4829,-1,-1,-1
191,6,229.65,552.14,63.59,206.33,0.5918,-1,-1,-1
191,13,522.29,303.41,65.78,210.35,0.5484,-1,-1,-1
191,31,29.61,622.19,118.61,248.93,0.6087,-1,-1,-1
191,29,604.78,302.78,60.24,190.26,0.3196,-1,-1,-1
192,1,418.29,222.79,73.66,207.67,0.5437,-1,-1,-1
192,2,95.43,545.17,68.86,186.33,0.5979,-1,-1,-1
192,3,984.47,922.55,58.60,154.73,0.7447,-1,-1,-1
192,4,1720.49,459.83,74.35,207.83,0.5382,-1,-1,-1
192,5,1357.54,571.01,85.55,225.18,0.4981,-1,-1,-1
192,21,412.38,626.20,85.49,253.08,0.7717,-1,-1,-1
192,20,871.41,173.36,78.07,185.72,0.5071,-1,-1,-1
192,6,228.62,550.31,64.79,204.96,0.6324,-1,-1,-1
192,13,522.40,304.78,66.23,209.22,0.5989,-1,-1,-1
192,31,32.62,624.81,121.05,251.24,0.5943,-1,-1,-1
192,29,603.92,305.76,60.21,187.27,0.3872,-1,-1,-1
193,1,418.01,221.29,74.37,208.35,0.5236,-1,-1,-1
193,2,94.88,545.06,68.69,180.10,0.5867,-1,-1,-1
193,3,983.91,922.36,57.68,155.23,0.7164,-1,-1,-1
193,4,1720.62,459.54,74.06,207.61,0.5201,-1,-1,-1
193,5,1357.53,570.68,85.68,228.30,0.4933,-1,-1,-1
193,21,412.60,622.56,84.05,249.58,0.7896,-1,-1,-1
193,20,874.20,172.85,75.57,184.91,0.4296,-1,-1,-1
193,6,228.54,547.29,64.77,206.32,0.6395,-1,-1,-1
193,13,521.53,307.73,67.32,206.30,0.5524,-1,-1,-1
193,31,36.78,628.35,116.70,247.92,0.5098,-1,-1,-1
193,29,602.87,307.87,60.65,185.87,0.3524,-1,-1,-1
194,1,418.09,221.52,75.21,207.02,0.5100,-1,-1,-1
194,2,93.64,544.78,69.88,175.60,0.6222,-1,-1,-1
194,3,982.03,921.99,59.32,156.01,0.7386,-1,-1,-1
194,4,1720.71,459.84,73.98,207.57,0.5017,-1,-1,-1
194,5,1357.03,570.46,85.56,230.31,0.4713,-1,-1,-1
194,21,413.41,619.16,80.85,248.23,0.7743,-1,-1,-1
194,20,875.49,172.80,74.79,182.66,0.3923,-1,-1,-1
194,6,228.38,545.64,64.68,205.73,0.6429,-1,-1,-1
194,13,520.28,308.86,68.37,205.58,0.5770,-1,-1,-1
194,31,40.62,631.16,113.70,243.72,0.5885,-1,-1,-1
194,29,602.09,308.64,60.36,186.07,0.3650,-1,-1,-1
195,1,418.59,219.59,75.16,209.57,0.5585,-1,-1,-1
195,2,93.18,544.57,69.98,174.44,0.6015,-1,-1,-1
195,3,981.83,922.25,58.84,155.77,0.7299,-1,-1,-1
195,4,1720.95,459.53,73.80,208.12,0.5215,-1,-1,-1
195,5,1356.92,570.16,84.60,222.50,0.5590,-1,-1,-1
195,21,413.20,617.32,80.40,247.28,0.7846,-1,-1,-1
195,20,877.66,170.57,73.02,179.46,0.3666,-1,-1,-1
195,6,228.46,544.33,63.66,207.23,0.6471,-1,-1,-1
195,13,517.88,308.93,70.95,206.75,0.6708,-1,-1,-1
195,31,42.88,633.40,111.78,237.32,0.6656,-1,-1,-1
195,29,601.35,309.55,60.63,184.70,0.4301,-1,-1,-1
196,1,419.57,218.00,73.88,209.75,0.5386,-1,-1,-1
196,2,93.17,544.30,69.23,174.81,0.5414,-1,-1,-1
196,3,980.29,921.92,60.60,156.48,0.7311,-1,-1,-1
196,4,1720.80,458.71,73.44,209.49,0.5037,-1,-1,-1
196,5,1356.61,571.26,84.43,220.31,0.5213,-1,-1,-1
196,21,410.04,614.27,83.21,248.15,0.7515,-1,-1,-1
196,20,880.64,169.40,69.36,176.94,0.4262,-1,-1,-1
196,6,227.33,543.85,63.68,207.22,0.6475,-1,-1,-1
196,13,517.73,310.54,71.44,207.05,0.6012,-1,-1,-1
196,31,46.13,635.86,109.04,241.82,0.6668,-1,-1,-1
196,29,601.32,311.27,60.92,182.68,0.4007,-1,-1,-1
196,30,752.79,291.47,62.71,190.77,0.3690,-1,-1,-1
197,1,419.39,216.55,75.59,209.44,0.5739,-1,-1,-1
197,2,93.85,544.05,67.56,171.07,0.5280,-1,-1,-1
197,3,977.91,922.05,62.72,156.49,0.7374,-1,-1,-1
197,4,1721.25,458.79,73.37,209.51,0.5006,-1,-1,-1
197,5,1356.52,571.41,84.18,218.69,0.5401,-1,-1,-1
197,21,406.23,611.20,86.22,249.34,0.7413,-1,-1,-1
197,20,882.24,168.35,67.07,176.32,0.4546,-1,-1,-1
197,6,226.49,543.23,63.96,208.80,0.6860,-1,-1,-1
197,13,515.74,308.40,73.64,210.84,0.6745,-1,-1,-1
197,31,50.56,638.92,108.73,246.71,0.6736,-1,-1,-1
197,29,601.02,311.90,61.02,182.30,0.4319,-1,-1,-1
197,30,753.30,293.31,61.37,188.78,0.3260,-1,-1,-1
198,1,420.36,215.35,75.70,208.73,0.5656,-1,-1,-1
198,2,95.40,543.85,65.29,169.72,0.5198,-1,-1,-1
198,3,976.43,921.47,62.30,157.26,0.7018,-1,-1,-1
198,4,1721.06,458.96,73.48,208.85,0.4964,-1,-1,-1
198,5,1356.52,571.69,84.70,218.97,0.5586,-1,-1,-1
198,21,402.30,610.46,89.18,250.74,0.7492,-1,-1,-1
198,20,885.05,161.45,64.48,182.70,0.4296,-1,-1,-1
198,6,226.11,542.33,64.52,209.65,0.6939,-1,-1,-1
198,13,515.49,311.52,73.44,210.64,0.6261,-1,-1,-1
198,31,54.59,641.62,107.95,247.50,0.6953,-1,-1,-1
198,29,600.85,312.78,60.77,182.11,0.4362,-1,-1,-1
198,30,754.21,294.59,62.64,189.49,0.3059,-1,-1,-1
199,1,419.57,214.29,76.78,206.44,0.5663,-1,-1,-1
199,2,95.64,544.26,64.59,169.73,0.5182,-1,-1,-1
199,3,974.02,921.39,63.90,157.45,0.7289,-1,-1,-1
199,4,1720.88,458.79,73.26,209.08,0.5286,-1,-1,-1
199,5,1355.45,571.11,85.68,221.56,0.5205,-1,-1,-1
199,21,399.30,609.90,91.88,252.51,0.7422,-1,-1,-1
199,20,885.74,158.03,65.51,186.05,0.3958,-1,-1,-1
199,6,226.24,542.51,64.44,209.19,0.7028,-1,-1,-1
199,13,515.91,314.40,72.54,210.24,0.6018,-1,-1,-1
199,31,57.27,644.02,107.44,247.98,0.7226,-1,-1,-1
199,29,601.20,313.88,60.15,180.11,0.4473,-1,-1,-1
200,1,419.19,212.56,77.43,205.70,0.5739,-1,-1,-1
200,2,95.66,543.87,64.26,166.50,0.5372,-1,-1,-1
200,3,972.53,920.61,63.87,157.68,0.7147,-1,-1,-1
200,4,1720.96,458.72,72.83,208.79,0.5340,-1,-1,-1
200,5,1355.82,571.27,83.29,218.31,0.5400,-1,-1,-1
200,21,397.79,609.37,92.32,252.29,0.7471,-1,-1,-1
200,20,885.34,158.72,67.55,186.82,0.4004,-1,-1,-1
200,6,226.01,541.95,63.65,208.70,0.7167,-1,-1,-1
200,13,517.29,317.79,69.65,209.55,0.5842,-1,-1,-1
200,31,60.26,648.06,104.15,245.01,0.7122,-1,-1,-1
200,29,601.49,315.30,59.96,178.61,0.4225,-1,-1,-1
201,1,419.36,211.41,78.64,206.02,0.5669,-1,-1,-1
201,2,94.92,543.90,64.42,165.67,0.4987,-1,-1,-1
201,3,971.68,920.07,63.28,158.01,0.7218,-1,-1,-1
201,4,1720.95,458.31,72.69,209.05,0.5539,-1,-1,-1
201,5,1355.73,571.05,82.21,219.26,0.5451,-1,-1,-1
201,21,395.92,608.91,93.28,252.22,0.7428,-1,-1,-1
201,20,886.22,158.31,69.37,187.17,0.4226,-1,-1,-1
201,6,226.11,541.16,63.00,209.04,0.7041,-1,-1,-1
201,13,516.46,318.89,70.38,212.10,0.5941,-1,-1,-1
201,31,64.43,653.16,99.42,240.56,0.7342,-1,-1,-1
201,29,601.86,318.18,58.72,173.75,0.4311,-1,-1,-1
202,1,419.52,210.25,79.60,205.54,0.5610,-1,-1,-1
202,2,96.42,543.10,62.84,156.85,0.4446,-1,-1,-1
202,3,970.92,919.53,62.44,158.72,0.7279,-1,-1,-1
202,4,1721.34,458.34,72.63,209.50,0.5819,-1,-1,-1
202,5,1355.32,571.06,81.47,216.66,0.5172,-1,-1,-1
202,21,395.93,608.33,92.70,250.86,0.7354,-1,-1,-1
202,20,887.86,157.69,70.33,185.99,0.4323,-1,-1,-1
202,6,225.44,539.98,63.58,210.30,0.7057,-1,-1,-1
202,13,516.17,318.48,71.75,214.81,0.6122,-1,-1,-1
202,31,66.99,656.03,96.35,237.71,0.7427,-1,-1,-1
202,29,601.95,322.01,57.81,168.90,0.4481,-1,-1,-1
203,1,420.82,208.97,78.81,206.45,0.4910,-1,-1,-1
203,2,97.07,542.98,61.34,152.20,0.3301,-1,-1,-1
203,3,970.27,919.00,62.94,159.03,0.7357,-1,-1,-1
203,4,1721.02,458.30,72.98,209.60,0.5910,-1,-1,-1
203,5,1356.13,571.95,81.22,212.43,0.5458,-1,-1,-1
203,21,394.99,606.98,92.25,249.20,0.7339,-1,-1,-1
203,20,887.77,156.59,70.78,186.32,0.4726,-1,-1,-1
203,6,223.80,537.81,64.88,211.63,0.6996,-1,-1,-1
203,13,515.89,318.50,72.23,216.00,0.5676,-1,-1,-1
203,31,69.13,657.71,95.21,235.38,0.6964,-1,-1,-1
203,29,602.03,322.88,57.45,167.30,0.4457,-1,-1,-1
203,35,1154.29,138.47,56.26,183.63,0.3753,-1,-1,-1
204,1,422.88,208.48,77.54,206.69,0.4480,-1,-1,-1
204,2,97.34,543.21,60.57,149.18,0.3513,-1,-1,-1
204,3,968.45,916.85,63.12,161.06,0.7307,-1,-1,-1
204,4,1721.04,458.81,73.13,209.24,0.5781,-1,-1,-1
204,5,1356.59,571.62,82.35,213.48,0.5603,-1,-1,-1
204,21,396.16,603.31,90.18,249.93,0.7216,-1,-1,-1
204,20,887.68,156.56,71.55,186.20,0.5037,-1,-1,-1
204,6,223.08,535.58,64.71,211.29,0.6727,-1,-1,-1
204,13,513.51,318.34,73.86,218.01,0.5869,-1,-1,-1
204,31,70.56,658.82,95.23,233.49,0.6856,-1,-1,-1
204,29,602.46,324.66,57.00,166.77,0.3988,-1,-1,-1
204,35,1153.48,140.60,54.55,180.17,0.3813,-1,-1,-1
205,1,423.96,208.20,77.48,206.95,0.4663,-1,-1,-1
205,2,97.31,542.79,60.17,146.23,0.3398,-1,-1,-1
205,3,967.20,915.71,62.58,162.37,0.7310,-1,-1,-1
205,4,1720.46,458.73,73.85,209.80,0.5665,-1,-1,-1
205,5,1356.34,571.61,82.57,214.31,0.5317,-1,-1,-1
205,21,394.65,600.26,90.83,251.17,0.7193,-1,-1,-1
205,20,888.76,155.36,69.84,187.22,0.4669,-1,-1,-1
205,6,220.93,531.93,65.85,210.41,0.6652,-1,-1,-1
205,13,514.06,318.43,73.93,218.39,0.5049,-1,-1,-1
205,31,71.52,657.87,97.54,234.34,0.7375,-1,-1,-1
205,29,603.53,325.07,56.18,166.97,0.3882,-1,-1,-1
205,35,1151.90,139.52,54.97,180.99,0.3937,-1,-1,-1
205,30,756.36,299.62,59.65,195.44,0.3386,-1,-1,-1
206,1,423.43,205.90,78.73,208.01,0.5126,-1,-1,-1
206,2,97.34,542.87,60.89,145.54,0.3889,-1,-1,-1
206,3,965.51,914.97,62.90,162.94,0.7458,-1,-1,-1
206,4,1720.34,458.93,74.38,209.64,0.5679,-1,-1,-1
206,5,1355.69,571.40,82.24,215.19,0.5380,-1,-1,-1
206,21,395.28,597.93,89.13,251.96,0.7334,-1,-1,-1
206,20,890.35,155.62,68.81,185.09,0.5184,-1,-1,-1
206,6,221.00,529.31,64.33,205.00,0.6692,-1,-1,-1
206,13,513.07,319.56,74.84,218.15,0.5080,-1,-1,-1
206,31,75.04,657.47,97.88,234.46,0.7627,-1,-1,-1
206,29,604.01,325.29,55.88,166.61,0.4112,-1,-1,-1
206,35,1150.18,138.28,55.18,182.09,0.4033,-1,-1,-1
206,37,0.49,601.05,76.74,237.91,0.4629,-1,-1,-1
206,30,758.03,299.59,58.40,195.81,0.3774,-1,-1,-1
207,1,423.31,205.11,79.46,207.42,0.4888,-1,-1,-1
207,2,97.95,543.22,60.84,146.19,0.4421,-1,-1,-1
207,3,964.25,913.60,62.56,164.43,0.7476,-1,-1,-1
207,4,1720.59,458.90,73.92,209.01,0.5735,-1,-1,-1
207,5,1356.87,570.90,80.70,213.84,0.4978,-1,-1,-1
207,21,395.89,596.34,87.65,248.41,0.7456,-1,-1,-1
207,20,890.96,154.48,70.71,188.68,0.5108,-1,-1,-1
207,6,221.50,526.94,63.10,202.52,0.6494,-1,-1,-1
207,13,511.52,319.89,75.50,217.47,0.5340,-1,-1,-1
207,31,79.78,659.07,102.13,235.45,0.7234,-1,-1,-1
207,29,604.10,325.60,55.96,167.13,0.4119,-1,-1,-1
207,35,1147.60,137.58,55.34,183.13,0.3709,-1,-1,-1
207,30,758.95,299.01,58.12,195.61,0.3295,-1,-1,-1
208,1,424.19,205.71,78.47,207.68,0.4770,-1,-1,-1
208,2,98.24,543.54,61.15,146.63,0.3912,-1,-1,-1
208,3,961.99,912.78,63.42,165.58,0.7408,-1,-1,-1
208,4,1721.19,458.77,73.41,209.58,0.5807,-1,-1,-1
208,5,1357.30,570.52,80.14,213.98,0.5151,-1,-1,-1
208,21,397.47,593.72,85.42,245.52,0.7482,-1,-1,-1
208,20,892.60,152.97,69.16,190.75,0.4737,-1,-1,-1
208,6,220.41,524.96,64.07,202.39,0.6129,-1,-1,-1
208,13,509.22,322.77,76.08,213.93,0.5138,-1,-1,-1
208,31,84.08,660.45,106.61,239.38,0.7345,-1,-1,-1
208,29,603.41,325.00,56.66,166.97,0.4062,-1,-1,-1
208,35,1144.93,136.97,55.95,183.77,0.3935,-1,-1,-1
208,30,758.67,298.90,58.72,195.91,0.3509,-1,-1,-1
208,37,0.95,605.38,84.77,234.81,0.3637,-1,-1,-1
209,1,425.16,205.82,77.63,208.62,0.4398,-1,-1,-1
209,2,98.78,544.87,61.33,148.28,0.3752,-1,-1,-1
209,3,960.95,912.43,62.24,166.14,0.7305,-1,-1,-1
209,4,1721.50,457.88,73.05,210.30,0.5548,-1,-1,-1
209,5,1357.39,570.69,78.25,214.94,0.4956,-1,-1,-1
209,21,398.66,591.22,83.01,241.75,0.7519,-1,-1,-1
209,20,893.72,151.69,68.68,190.11,0.4535,-1,-1,-1
209,6,220.31,523.24,63.70,202.26,0.6256,-1,-1,-1
209,13,508.55,323.57,75.27,213.12,0.5572,-1,-1,-1
209,31,86.64,664.37,112.33,239.78,0.7617,-1,-1,-1
209,29,602.32,324.54,57.07,167.94,0.3730,-1,-1,-1
209,35,1142.44,137.52,56.75,182.45,0.3426,-1,-1,-1
209,30,758.81,300.87,59.16,195.33,0.3531,-1,-1,-1
209,37,0.99,606.38,85.12,235.68,0.5766,-1,-1,-1
210,1,425.46,205.33,76.81,209.71,0.4219,-1,-1,-1
210,2,99.66,543.71,61.03,150.29,0.3845,-1,-1,-1
210,3,958.45,912.05,63.02,166.95,0.7292,-1,-1,-1
210,4,1721.30,458.08,73.21,210.40,0.5698,-1,-1,-1
210,5,1357.14,570.85,78.29,214.99,0.5190,-1,-1,-1
210,21,400.06,589.80,81.10,238.65,0.7551,-1,-1,-1
210,20,894.40,150.95,67.83,189.75,0.4767,-1,-1,-1
210,6,219.30,522.12,64.79,203.15,0.6205,-1,-1,-1
210,13,508.23,323.99,74.18,213.29,0.5971,-1,-1,-1
210,31,86.63,666.72,118.05,240.35,0.7543,-1,-1,-1
210,29,602.09,323.70,57.38,175.23,0.3335,-1,-1,-1
210,35,1141.03,137.61,56.49,181.83,0.3409,-1,-1,-1
210,30,759.64,303.67,60.41,195.99,0.3198,-1,-1,-1
210,37,1.38,607.35,86.49,234.19,0.5913,-1,-1,-1
211,1,426.60,204.87,76.29,209.71,0.4367,-1,-1,-1
211,2,100.04,543.62,62.29,151.93,0.3776,-1,-1,-1
211,3,956.05,912.09,64.00,166.65,0.7376,-1,-1,-1
211,4,1720.99,458.81,73.47,208.63,0.5500,-1,-1,-1
211,5,1356.50,570.39,78.24,218.21,0.5124,-1,-1,-1
211,21,400.72,587.22,79.91,238.18,0.7515,-1,-1,-1
211,20,895.03,150.26,68.67,186.99,0.4973,-1,-1,-1
211,6,217.96,520.75,65.46,204.38,0.5994,-1,-1,-1
211,13,508.06,324.17,73.26,212.04,0.5998,-1,-1,-1
211,31,91.14,668.76,115.86,241.12,0.7521,-1,-1,-1
211,35,1138.88,137.59,56.63,182.41,0.3332,-1,-1,-1
211,30,758.99,305.41,63.28,197.62,0.3100,-1,-1,-1
211,37,0.90,611.31,88.83,230.00,0.5870,-1,-1,-1
212,1,426.27,203.59,77.01,210.06,0.4024,-1,-1,-1
212,2,101.03,543.88,62.91,156.02,0.4590,-1,-1,-1
212,3,954.15,911.14,64.58,168.48,0.7329,-1,-1,-1
212,4,1720.70,459.23,73.99,209.39,0.5753,-1,-1,-1
212,5,1356.42,570.82,78.12,219.24,0.5009,-1,-1,-1
212,21,400.18,585.28,80.89,238.59,0.7133,-1,-1,-1
212,20,897.46,148.12,68.03,184.54,0.4892,-1,-1,-1
212,6,216.76,519.56,65.92,205.46,0.6211,-1,-1,-1
212,13,507.45,325.46,72.68,210.88,0.5918,-1,-1,-1
212,31,96.65,670.26,111.37,243.64,0.7423,-1,-1,-1
212,37,12.14,610.76,85.64,232.82,0.5596,-1,-1,-1
213,1,426.04,202.11,77.22,210.20,0.4076,-1,-1,-1
213,2,101.58,543.94,63.51,167.43,0.4890,-1,-1,-1
213,3,951.97,910.12,65.02,169.78,0.7463,-1,-1,-1
213,4,1720.61,459.09,74.46,209.76,0.5666,-1,-1,-1
213,5,1356.04,570.60,78.45,220.78,0.5398,-1,-1,-1
213,21,400.15,582.85,81.62,241.01,0.7104,-1,-1,-1
213,20,899.05,145.54,67.41,183.94,0.5013,-1,-1,-1
213,6,215.90,518.83,65.79,204.68,0.6150,-1,-1,-1
213,13,507.45,326.04,71.47,211.24,0.6299,-1,-1,-1
213,31,100.32,669.99,108.29,248.06,0.7477,-1,-1,-1
213,37,21.94,610.62,79.80,233.67,0.5290,-1,-1,-1
214,1,425.88,201.33,76.35,210.40,0.3946,-1,-1,-1
214,2,101.63,545.92,65.33,171.93,0.4908,-1,-1,-1
214,3,951.10,908.96,64.45,171.05,0.7357,-1,-1,-1
214,4,1721.24,459.39,73.85,207.98,0.5645,-1,-1,-1
214,5,1355.49,571.07,78.51,218.74,0.5271,-1,-1,-1
214,21,399.37,580.26,84.20,243.50,0.6935,-1,-1,-1
214,20,900.78,142.56,66.50,185.20,0.4662,-1,-1,-1
214,6,215.73,518.42,65.91,203.60,0.5915,-1,-1,-1
214,13,508.21,325.22,71.59,211.27,0.7047,-1,-1,-1
214,31,105.30,667.75,104.16,252.69,0.7556,-1,-1,-1
214,37,32.52,613.19,70.90,232.71,0.5563,-1,-1,-1
214,29,600.87,330.91,58.86,192.98,0.3601,-1,-1,-1
215,1,426.80,200.61,75.27,209.66,0.3774,-1,-1,-1
215,2,101.88,547.46,67.49,171.68,0.4498,-1,-1,-1
215,3,949.79,908.86,63.58,171.19,0.7452,-1,-1,-1
215,4,1721.39,459.60,73.73,207.68,0.5782,-1,-1,-1
215,5,1356.04,571.50,78.37,216.08,0.5403,-1,-1,-1
215,21,398.69,578.67,86.44,244.91,0.7152,-1,-1,-1
215,20,901.75,141.82,66.29,185.52,0.4448,-1,-1,-1
215,6,215.78,517.56,65.47,203.69,0.5843,-1,-1,-1
215,13,508.69,325.42,71.05,213.20,0.6742,-1,-1,-1
215,31,110.43,666.04,98.76,256.31,0.7662,-1,-1,-1
215,37,40.68,613.07,70.86,234.68,0.5209,-1,-1,-1
215,29,600.71,332.69,60.76,198.09,0.3784,-1,-1,-1
215,30,759.37,312.24,69.63,192.36,0.3765,-1,-1,-1
216,1,426.96,201.07,74.32,205.38,0.3520,-1,-1,-1
216,2,102.28,547.81,69.42,172.91,0.4643,-1,-1,-1
216,3,949.35,908.88,62.69,171.15,0.7376,-1,-1,-1
216,4,1721.62,459.06,73.19,208.58,0.5417,-1,-1,-1
216,5,1355.88,571.18,79.31,217.47,0.5404,-1,-1,-1
216,21,399.18,577.96,87.28,245.91,0.7187,-1,-1,-1
216,20,901.96,140.79,66.23,186.22,0.5114,-1,-1,-1
216,6,215.02,516.68,65.29,201.97,0.5842,-1,-1,-1
216,13,508.35,326.90,70.64,215.57,0.6221,-1,-1,-1
216,31,114.73,664.13,94.06,259.08,0.7806,-1,-1,-1
216,37,45.25,611.84,70.91,238.80,0.6183,-1,-1,-1
216,29,599.83,333.36,62.69,200.10,0.3830,-1,-1,-1
216,30,757.16,313.64,72.37,192.06,0.3829,-1,-1,-1
216,35,1128.85,132.91,56.84,184.99,0.3453,-1,-1,-1
217,1,427.02,199.66,73.29,203.67,0.3484,-1,-1,-1
217,2,102.19,548.81,68.63,172.12,0.3979,-1,-1,-1
217,3,949.17,908.70,61.46,171.37,0.7374,-1,-1,-1
217,4,1721.28,459.05,73.47,208.86,0.5315,-1,-1,-1
217,5,1355.21,571.54,81.13,218.20,0.5258,-1,-1,-1
217,21,398.95,576.77,88.69,246.58,0.7099,-1,-1,-1
217,20,901.72,140.55,67.18,185.49,0.4604,-1,-1,-1
217,6,217.26,515.77,62.00,203.45,0.5800,-1,-1,-1
217,13,508.75,328.98,69.88,217.27,0.5991,-1,-1,-1
217,31,115.50,663.45,93.75,259.90,0.7908,-1,-1,-1
217,37,49.49,613.48,72.99,239.42,0.6280,-1,-1,-1
217,29,600.54,336.20,60.15,200.66,0.3870,-1,-1,-1
217,30,756.67,315.30,74.69,190.49,0.3677,-1,-1,-1
218,1,426.75,198.72,74.23,201.75,0.3752,-1,-1,-1
218,2,102.66,548.59,68.63,148.77,0.3216,-1,-1,-1
218,3,946.94,908.29,63.09,171.78,0.7344,-1,-1,-1
218,4,1721.46,459.25,73.21,209.36,0.5225,-1,-1,-1
218,5,1354.99,571.39,81.04,218.68,0.4938,-1,-1,-1
218,21,398.47,576.18,89.86,246.48,0.7189,-1,-1,-1
218,20,901.89,140.75,67.07,183.90,0.3776,-1,-1,-1
218,6,218.69,514.22,58.96,205.33,0.5482,-1,-1,-1
218,13,509.64,330.14,68.23,219.49,0.6173,-1,-1,-1
218,31,118.61,664.07,92.53,258.97,0.7803,-1,-1,-1
218,37,53.37,616.92,80.22,237.68,0.4969,-1,-1,-1
218,29,599.32,339.25,60.15,199.21,0.4311,-1,-1,-1
218,30,759.67,315.32,71.39,191.89,0.3127,-1,-1,-1
219,1,427.72,197.06,73.53,199.52,0.3551,-1,-1,-1
219,2,101.33,548.95,71.05,137.07,0.3710,-1,-1,-1
219,3,943.66,907.40,65.52,172.52,0.7538,-1,-1,-1
219,4,1721.31,458.96,73.18,209.84,0.5485,-1,-1,-1
219,5,1354.90,571.76,81.28,217.42,0.5037,-1,-1,-1
219,21,399.31,574.98,88.78,245.74,0.6946,-1,-1,-1
219,20,900.86,140.34,69.01,186.46,0.4737,-1,-1,-1
219,6,217.40,511.87,58.45,203.50,0.5354,-1,-1,-1
219,13,510.46,331.56,66.90,220.07,0.6280,-1,-1,-1
219,31,121.92,663.07,90.97,258.56,0.7718,-1,-1,-1
219,37,56.86,623.44,82.10,228.34,0.5830,-1,-1,-1
219,29,598.33,341.28,59.82,199.54,0.4980,-1,-1,-1
220,1,428.18,196.55,72.41,198.59,0.3742,-1,-1,-1
220,2,96.82,549.69,76.00,134.54,0.3996,-1,-1,-1
220,3,941.40,905.97,67.35,174.05,0.7481,-1,-1,-1
220,4,1721.31,459.01,73.41,209.39,0.5642,-1,-1,-1
220,5,1354.60,571.10,82.65,218.29,0.5130,-1,-1,-1
220,21,398.52,572.48,88.67,246.88,0.7156,-1,-1,-1
220,20,899.52,140.82,71.56,187.43,0.5145,-1,-1,-1
220,6,215.15,508.30,58.66,202.28,0.5506,-1,-1,-1
220,13,510.50,333.96,65.65,218.43,0.6369,-1,-1,-1
220,31,123.58,665.29,94.34,253.09,0.7425,-1,-1,-1
220,37,59.01,629.37,85.58,223.01,0.6052,-1,-1,-1
220,29,598.15,342.29,58.80,200.43,0.5147,-1,-1,-1
221,1,428.85,195.32,71.77,199.09,0.3794,-1,-1,-1
221,2,92.04,550.59,81.95,136.09,0.4767,-1,-1,-1
221,3,938.44,905.01,68.83,175.04,0.7478,-1,-1,-1
221,4,1721.03,458.62,73.49,209.33,0.5864,-1,-1,-1
221,5,1354.49,571.39,82.88,218.11,0.5156,-1,-1,-1
221,21,399.26,569.67,86.73,248.01,0.6923,-1,-1,-1
221,20,900.73,141.08,70.59,188.01,0.5417,-1,-1,-1
221,6,213.25,504.95,59.83,201.53,0.5997,-1,-1,-1
221,13,510.49,336.19,66.39,218.68,0.6034,-1,-1,-1
221,31,126.69,667.14,96.62,252.22,0.7301,-1,-1,-1
221,37,62.44,633.92,87.60,219.91,0.6305,-1,-1,-1
221,29,597.77,344.08,58.25,200.54,0.5801,-1,-1,-1
222,1,429.27,194.03,71.45,199.73,0.3578,-1,-1,-1
222,2,92.86,551.08,81.64,150.01,0.3797,-1,-1,-1
222,3,935.98,904.94,71.28,175.20,0.7533,-1,-1,-1
222,4,1721.37,458.53,73.62,208.97,0.5638,-1,-1,-1
222,5,1354.53,571.57,83.77,219.54,0.4860,-1,-1,-1
222,21,399.20,566.10,85.31,249.94,0.7094,-1,-1,-1
222,20,901.49,140.65,69.13,187.25,0.4980,-1,-1,-1
222,6,209.64,503.50,63.71,200.87,0.5618,-1,-1,-1
222,13,511.17,336.89,65.44,218.97,0.5869,-1,-1,-1
222,31,129.86,668.87,104.47,251.83,0.7160,-1,-1,-1
222,37,65.74,632.75,92.33,223.96,0.5137,-1,-1,-1
222,29,596.72,345.54,58.82,199.95,0.5701,-1,-1,-1
223,1,431.00,193.76,70.23,201.21,0.3377,-1,-1,-1
223,2,93.88,552.11,81.17,143.57,0.4595,-1,-1,-1
223,3,934.75,904.68,72.21,175.45,0.7456,-1,-1,-1
223,4,1722.02,457.96,72.60,209.23,0.5424,-1,-1,-1
223,5,1354.63,571.67,84.54,220.89,0.4526,-1,-1,-1
223,21,399.08,564.24,84.24,246.80,0.7257,-1,-1,-1
223,20,900.80,140.58,69.00,185.93,0.4489,-1,-1,-1
223,6,208.65,502.46,64.89,200.31,0.5643,-1,-1,-1
223,13,511.17,337.56,66.13,218.68,0.5835,-1,-1,-1
223,31,132.00,670.56,110.79,255.94,0.6903,-1,-1,-1
223,37,68.93,634.23,90.93,224.77,0.5791,-1,-1,-1
223,29,595.70,346.57,59.16,199.16,0.5594,-1,-1,-1
224,1,432.33,193.37,69.91,202.00,0.3577,-1,-1,-1
224,2,95.35,552.59,79.99,142.85,0.3632,-1,-1,-1
224,3,934.47,904.34,71.76,175.71,0.7161,-1,-1,-1
224,4,1721.68,458.70,73.14,208.97,0.5487,-1,-1,-1
224,5,1354.67,571.62,87.42,226.57,0.4353,-1,-1,-1
224,21,398.73,561.01,82.79,241.66,0.7171,-1,-1,-1
224,20,902.08,138.14,70.32,186.33,0.4197,-1,-1,-1
224,6,211.13,500.84,60.60,201.39,0.5535,-1,-1,-1
224,13,511.51,338.24,67.24,218.37,0.5859,-1,-1,-1
224,31,134.23,674.43,116.51,258.67,0.7254,-1,-1,-1
224,37,72.94,635.40,86.51,222.95,0.5422,-1,-1,-1
224,29,594.88,347.00,59.55,198.63,0.5603,-1,-1,-1
225,1,431.21,192.11,71.24,203.79,0.3693,-1,-1,-1
225,2,96.77,553.15,78.45,147.24,0.3705,-1,-1,-1
225,3,934.21,903.43,71.68,176.55,0.7277,-1,-1,-1
225,4,1721.28,458.74,73.82,209.43,0.5840,-1,-1,-1
225,5,1354.84,572.10,89.00,230.46,0.4103,-1,-1,-1
225,21,397.96,558.02,81.20,238.02,0.7170,-1,-1,-1
225,20,903.37,137.27,71.25,185.72,0.3902,-1,-1,-1
225,6,211.62,499.48,59.63,200.96,0.6084,-1,-1,-1
225,13,511.84,338.82,68.71,217.80,0.5865,-1,-1,-1
225,31,136.45,677.39,118.22,262.78,0.7732,-1,-1,-1
225,37,78.99,638.40,80.38,225.60,0.5941,-1,-1,-1
225,29,594.20,348.13,59.41,196.86,0.5705,-1,-1,-1
225,35,1115.01,127.32,55.55,179.62,0.3688,-1,-1,-1
225,30,771.66,317.09,71.94,195.43,0.3959,-1,-1,-1
226,1,431.49,190.53,71.64,204.95,0.3925,-1,-1,-1
226,2,98.35,554.08,78.56,151.80,0.4247,-1,-1,-1
226,3,932.53,902.27,73.33,177.66,0.7226,-1,-1,-1
226,4,1721.23,458.30,74.17,210.27,0.5769,-1,-1,-1
226,5,1354.85,573.40,90.77,227.00,0.4488,-1,-1,-1
226,21,394.27,555.46,84.16,237.94,0.7250,-1,-1,-1
226,20,905.90,135.64,67.95,184.92,0.3656,-1,-1,-1
226,6,207.74,498.99,64.62,201.49,0.6060,-1,-1,-1
226,13,510.09,339.56,71.74,217.30,0.6155,-1,-1,-1
226,31,138.93,680.02,117.68,264.68,0.7539,-1,-1,-1
226,37,84.29,640.14,78.52,226.80,0.6079,-1,-1,-1
226,29,592.66,348.04,60.33,196.58,0.5807,-1,-1,-1
226,35,1113.47,126.80,55.50,176.54,0.3614,-1,-1,-1
226,30,775.43,316.56,68.80,197.34,0.3801,-1,-1,-1
227,1,432.12,188.72,71.91,207.19,0.4145,-1,-1,-1
227,2,99.81,554.43,78.94,155.29,0.4687,-1,-1,-1
227,3,932.08,901.87,73.14,178.06,0.7081,-1,-1,-1
227,4,1721.41,458.28,73.70,210.04,0.5957,-1,-1,-1
227,5,1354.89,573.88,90.37,226.22,0.4627,-1,-1,-1
227,21,391.92,553.04,85.24,238.73,0.7344,-1,-1,-1
227,20,908.60,133.95,64.56,186.61,0.3490,-1,-1,-1
227,6,207.40,497.92,65.62,203.21,0.6048,-1,-1,-1
227,13,509.54,342.31,72.97,213.91,0.6181,-1,-1,-1
227,31,142.95,682.46,115.44,268.13,0.7643,-1,-1,-1
227,37,91.34,639.48,76.37,227.95,0.5921,-1,-1,-1
227,29,590.57,347.91,62.15,197.35,0.5905,-1,-1,-1
227,35,1112.22,125.62,55.37,177.79,0.3726,-1,-1,-1
227,30,777.08,317.61,73.84,200.11,0.3027,-1,-1,-1
228,1,432.89,188.19,71.86,207.60,0.4362,-1,-1,-1
228,2,100.93,554.97,79.18,148.88,0.4599,-1,-1,-1
228,3,932.09,901.10,72.83,178.86,0.6954,-1,-1,-1
228,4,1721.49,459.17,73.75,208.65,0.5956,-1,-1,-1
228,5,1354.60,575.24,94.23,229.27,0.4474,-1,-1,-1
228,21,388.06,551.77,88.36,239.41,0.7352,-1,-1,-1
228,20,909.95,132.85,65.51,182.34,0.3559,-1,-1,-1
228,6,207.63,496.87,66.12,203.70,0.6215,-1,-1,-1
228,13,509.45,342.04,72.02,213.85,0.6387,-1,-1,-1
228,31,147.51,686.50,108.09,266.95,0.7345,-1,-1,-1
228,37,96.10,640.09,77.32,230.54,0.6010,-1,-1,-1
228,29,589.17,348.99,63.00,196.04,0.5721,-1,-1,-1
228,35,1109.34,125.23,56.77,179.17,0.3302,-1,-1,-1
228,30,777.96,318.67,74.26,203.59,0.3923,-1,-1,-1
229,1,433.82,187.79,70.80,208.60,0.4224,-1,-1,-1
229,2,101.93,555.95,80.02,143.04,0.4673,-1,-1,-1
229,3,931.51,900.36,73.14,179.66,0.7155,-1,-1,-1
229,4,1720.96,459.30,74.18,208.88,0.6028,-1,-1,-1
229,5,1354.41,575.96,93.11,223.78,0.4909,-1,-1,-1
229,21,384.89,549.60,91.12,241.70,0.7255,-1,-1,-1
229,20,912.36,131.97,65.67,178.54,0.3882,-1,-1,-1
229,6,206.81,495.82,66.85,204.92,0.5912,-1,-1,-1
229,13,509.17,343.65,72.66,212.50,0.6495,-1,-1,-1
229,31,149.35,689.73,103.28,265.91,0.7290,-1,-1,-1
229,37,102.52,642.75,75.81,226.40,0.5913,-1,-1,-1
229,29,588.39,349.77,63.23,195.08,0.5615,-1,-1,-1
229,35,1105.10,124.89,59.79,180.00,0.3414,-1,-1,-1
229,30,777.32,318.26,72.49,208.62,0.3436,-1,-1,-1
230,1,435.02,187.41,70.16,206.74,0.4565,-1,-1,-1
230,2,102.23,556.53,82.06,133.28,0.4543,-1,-1,-1
230,3,931.77,899.73,72.69,180.33,0.7126,-1,-1,-1
230,4,1720.94,459.51,74.21,208.51,0.5841,-1,-1,-1
230,5,1354.35,575.42,95.70,227.61,0.4598,-1,-1,-1
230,21,382.55,546.71,93.29,245.80,0.7325,-1,-1,-1
230,20,915.33,130.57,65.46,175.27,0.3404,-1,-1,-1
230,6,205.63,494.62,67.98,204.78,0.5886,-1,-1,-1
230,13,509.43,344.44,72.62,213.22,0.6390,-1,-1,-1
230,31,148.81,693.05,105.95,264.77,0.7489,-1,-1,-1
230,37,107.90,645.10,73.92,218.72,0.5594,-1,-1,-1
230,29,587.46,351.17,64.04,193.99,0.5281,-1,-1,-1
230,35,1097.23,125.55,66.87,179.36,0.3479,-1,-1,-1
230,30,779.18,318.95,72.98,211.21,0.3199,-1,-1,-1
231,1,435.94,186.86,70.48,204.85,0.4376,-1,-1,-1
231,2,102.36,556.79,82.67,128.87,0.4820,-1,-1,-1
231,3,931.29,899.29,73.18,180.68,0.7279,-1,-1,-1
231,4,1721.20,458.80,74.10,209.51,0.6109,-1,-1,-1
231,5,1354.68,577.28,95.99,224.60,0.4701,-1,-1,-1
231,21,380.43,545.12,94.92,247.76,0.7377,-1,-1,-1
231,20,917.42,129.54,66.78,177.19,0.3072,-1,-1,-1
231,6,209.15,493.30,65.65,204.50,0.5610,-1,-1,-1
231,13,508.48,345.41,73.50,213.03,0.6584,-1,-1,-1
231,31,152.56,695.34,102.89,263.28,0.7687,-1,-1,-1
231,37,112.92,644.63,71.58,170.48,0.4767,-1,-1,-1
231,29,586.41,350.65,65.60,193.66,0.5485,-1,-1,-1
231,35,1093.86,125.93,69.05,178.69,0.3567,-1,-1,-1
231,30,780.45,325.75,63.26,204.33,0.3281,-1,-1,-1
232,1,437.24,186.46,70.09,205.34,0.4461,-1,-1,-1
232,2,102.98,557.18,82.15,128.72,0.4507,-1,-1,-1
232,3,931.31,899.25,73.35,180.74,0.7215,-1,-1,-1
232,4,1721.71,458.07,73.50,210.21,0.6170,-1,-1,-1
232,5,1355.63,578.31,96.63,228.18,0.4679,-1,-1,-1
232,21,377.33,544.56,97.21,248.31,0.7132,-1,-1,-1
232,20,918.88,127.19,67.89,179.67,0.3077,-1,-1,-1
232,6,214.18,492.23,61.70,203.51,0.5231,-1,-1,-1
232,13,508.32,345.95,72.15,215.08,0.6662,-1,-1,-1
232,31,160.39,697.68,96.41,260.51,0.7634,-1,-1,-1
232,37,117.89,647.38,68.47,212.54,0.5335,-1,-1,-1
232,29,586.98,351.95,64.71,191.41,0.5231,-1,-1,-1
232,35,1093.62,125.76,67.49,178.27,0.4092,-1,-1,-1
233,1,438.80,184.78,69.48,207.11,0.4114,-1,-1,-1
233,2,104.00,557.85,82.13,131.59,0.4187,-1,-1,-1
233,3,932.15,898.96,72.27,181.03,0.7089,-1,-1,-1
233,4,1721.71,458.35,73.60,209.53,0.5951,-1,-1,-1
233,5,1355.70,577.79,98.46,233.51,0.4534,-1,-1,-1
233,21,375.41,544.20,97.91,247.14,0.6917,-1,-1,-1
233,6,212.78,490.68,64.56,203.59,0.5892,-1,-1,-1
233,13,507.91,346.86,71.84,218.18,0.6781,-1,-1,-1
233,31,165.71,699.87,92.82,258.00,0.7783,-1,-1,-1
233,37,119.28,648.50,67.26,221.74,0.5440,-1,-1,-1
233,29,587.13,353.53,64.22,190.99,0.5164,-1,-1,-1
233,35,1093.33,125.86,66.01,176.54,0.4655,-1,-1,-1
233,41,1174.32,124.22,59.70,162.59,0.3516,-1,-1,-1
234,1,440.23,183.54,69.62,208.29,0.4265,-1,-1,-1
234,2,107.26,558.64,77.12,197.97,0.3856,-1,-1,-1
234,3,934.19,899.72,69.56,180.19,0.6985,-1,-1,-1
234,4,1722.09,458.29,73.46,209.68,0.6140,-1,-1,-1
234,5,1355.05,576.31,101.00,238.09,0.5107,-1,-1,-1
234,21,373.99,542.64,98.39,245.21,0.7133,-1,-1,-1
234,6,214.59,488.58,63.64,200.35,0.5975,-1,-1,-1
234,13,507.44,347.72,70.95,220.30,0.6880,-1,-1,-1
234,31,168.31,701.11,91.81,257.08,0.7941,-1,-1,-1
234,37,118.27,650.29,69.47,223.81,0.4359,-1,-1,-1
234,29,587.10,354.41,64.08,193.09,0.5440,-1,-1,-1
234,35,1092.39,126.59,65.73,176.68,0.4582,-1,-1,-1
234,41,1172.26,124.04,60.79,161.23,0.3480,-1,-1,-1
234,20,921.29,123.83,68.21,181.16,0.3618,-1,-1,-1
235,1,442.06,182.39,69.01,207.63,0.4530,-1,-1,-1
235,2,106.65,559.30,79.67,165.47,0.4372,-1,-1,-1
235,3,934.74,900.33,67.86,179.64,0.6793,-1,-1,-1
235,4,1722.27,458.72,72.97,209.32,0.5925,-1,-1,-1
235,5,1355.99,576.48,102.73,238.37,0.4402,-1,-1,-1
235,21,373.09,541.51,97.30,245.29,0.7200,-1,-1,-1
235,6,216.10,486.17,62.19,198.47,0.5967,-1,-1,-1
235,13,506.75,350.05,70.43,220.85,0.6852,-1,-1,-1
235,31,172.35,702.58,88.14,254.46,0.7767,-1,-1,-1
235,37,119.79,652.88,69.03,221.68,0.5006,-1,-1,-1
235,29,587.70,356.42,63.29,192.60,0.5304,-1,-1,-1
235,35,1091.96,126.61,64.50,176.24,0.4523,-1,-1,-1
235,41,1170.29,123.09,61.65,162.06,0.3524,-1,-1,-1
235,20,922.65,122.98,67.20,184.93,0.3726,-1,-1,-1
235,30,781.63,337.59,64.59,199.60,0.3723,-1,-1,-1
236,1,443.71,182.34,68.19,204.10,0.4484,-1,-1,-1
236,2,106.81,560.11,81.80,151.18,0.5191,-1,-1,-1
236,3,935.53,900.38,66.58,179.64,0.6705,-1,-1,-1
236,4,1722.34,459.13,72.53,209.06,0.6041,-1,-1,-1
236,5,1357.53,576.64,103.30,238.74,0.4502,-1,-1,-1
236,21,372.89,540.78,96.00,244.25,0.7202,-1,-1,-1
236,6,216.45,483.97,62.82,197.04,0.5818,-1,-1,-1
236,13,506.36,352.72,69.32,219.06,0.6844,-1,-1,-1
236,31,175.96,703.13,85.88,253.90,0.7783,-1,-1,-1
236,37,122.71,656.59,69.12,220.27,0.5671,-1,-1,-1
236,29,587.55,358.52,61.95,188.86,0.5084,-1,-1,-1
236,35,1091.14,126.01,65.07,176.36,0.4149,-1,-1,-1
236,41,1167.85,122.95,62.20,161.07,0.3315,-1,-1,-1
236,20,923.40,121.96,68.01,186.65,0.3631,-1,-1,-1
236,30,782.46,339.54,63.00,197.77,0.4095,-1,-1,-1
237,1,443.46,181.52,69.20,201.52,0.3803,-1,-1,-1
237,2,107.13,560.42,82.06,146.66,0.5160,-1,-1,-1
237,3,936.14,900.51,65.25,179.66,0.6756,-1,-1,-1
237,4,1721.98,458.52,72.90,209.56,0.5917,-1,-1,-1
237,5,1360.41,577.49,102.75,238.91,0.4263,-1,-1,-1
237,21,373.51,538.11,93.87,244.90,0.7035,-1,-1,-1
237,6,217.36,482.55,62.73,196.44,0.5577,-1,-1,-1
237,13,504.45,355.44,69.85,217.42,0.6776,-1,-1,-1
237,31,178.38,703.93,85.30,251.78,0.7906,-1,-1,-1
237,37,126.41,655.54,68.87,222.02,0.6008,-1,-1,-1
237,29,587.22,360.75,61.65,188.81,0.5128,-1,-1,-1
237,35,1090.37,124.83,64.08,177.48,0.3747,-1,-1,-1
237,20,925.27,122.45,66.67,186.86,0.3100,-1,-1,-1
237,30,783.14,339.35,62.95,198.30,0.4106,-1,-1,-1
238,1,443.42,180.44,70.09,200.62,0.3879,-1,-1,-1
238,2,109.69,560.97,82.09,203.42,0.4703,-1,-1,-1
238,3,936.19,900.40,64.04,179.64,0.6801,-1,-1,-1
238,4,1721.59,459.51,73.01,208.34,0.6043,-1,-1,-1
238,5,1363.92,578.58,102.85,239.71,0.4166,-1,-1,-1
238,21,375.43,535.63,91.40,243.88,0.7075,-1,-1,-1
238,6,217.52,480.35,63.02,196.99,0.5441,-1,-1,-1
238,13,503.26,356.94,70.17,218.13,0.6982,-1,-1,-1
238,31,182.10,703.97,85.12,252.61,0.7751,-1,-1,-1
238,37,134.12,658.30,65.44,217.01,0.4653,-1,-1,-1
238,29,587.18,362.07,61.86,188.09,0.5444,-1,-1,-1
238,35,1090.01,124.41,60.12,180.26,0.4178,-1,-1,-1
238,20,926.14,120.48,67.48,188.11,0.3607,-1,-1,-1
238,30,784.04,340.04,63.57,198.11,0.4495,-1,-1,-1
239,1,443.91,179.10,71.09,200.38,0.4008,-1,-1,-1
239,2,110.77,561.61,81.91,227.68,0.4800,-1,-1,-1
239,3,936.39,900.16,62.81,179.84,0.7089,-1,-1,-1
239,4,1721.90,458.86,72.94,209.15,0.6240,-1,-1,-1
239,5,1360.06,577.32,108.92,240.59,0.4685,-1,-1,-1
239,21,378.99,531.59,87.29,240.74,0.7622,-1,-1,-1
239,6,218.19,479.51,62.96,197.48,0.5839,-1,-1,-1
239,13,501.79,357.95,70.67,216.69,0.6809,-1,-1,-1
239,31,185.40,705.57,85.46,251.42,0.7562,-1,-1,-1
239,37,138.35,657.78,65.94,218.57,0.5325,-1,-1,-1
239,29,587.45,362.58,62.61,187.73,0.5599,-1,-1,-1
239,35,1089.34,122.87,58.31,181.94,0.4246,-1,-1,-1
239,20,926.43,120.21,67.36,184.49,0.4367,-1,-1,-1
239,30,783.69,340.28,64.34,198.23,0.4084,-1,-1,-1
240,1,443.72,177.56,73.04,201.17,0.3619,-1,-1,-1
240,2,109.79,562.18,84.30,182.74,0.4946,-1,-1,-1
240,3,936.80,900.27,61.72,179.33,0.7054,-1,-1,-1
240,4,1721.37,459.11,74.00,208.97,0.5960,-1,-1,-1
240,5,1358.52,576.63,112.25,240.42,0.4574,-1,-1,-1
240,21,383.34,528.61,82.62,236.85,0.7467,-1,-1,-1
240,6,218.18,478.22,63.32,199.07,0.5943,-1,-1,-1
240,13,499.61,358.61,72.65,217.96,0.6509,-1,-1,-1
240,31,187.43,707.01,91.60,253.87,0.7576,-1,-1,-1
240,37,142.65,655.82,68.14,221.04,0.5604,-1,-1,-1
240,29,588.65,363.91,59.46,185.52,0.5469,-1,-1,-1
240,35,1088.18,122.25,57.45,180.92,0.3917,-1,-1,-1
240,20,925.76,118.88,66.66,185.19,0.4095,-1,-1,-1
240,30,783.95,340.63,65.31,197.52,0.4282,-1,-1,-1
241,1,444.57,177.90,73.97,200.71,0.3664,-1,-1,-1
241,2,110.59,562.63,83.65,161.91,0.5324,-1,-1,-1
241,3,936.55,900.13,61.08,179.59,0.7162,-1,-1,-1
241,4,1721.71,458.81,73.15,208.89,0.6290,-1,-1,-1
241,5,1357.09,573.57,118.04,241.97,0.5078,-1,-1,-1
241,21,386.71,525.88,79.35,234.38,0.7304,-1,-1,-1
241,6,218.15,476.49,63.65,201.41,0.6210,-1,-1,-1
241,13,497.86,358.99,73.45,218.84,0.6603,-1,-1,-1
241,31,189.63,709.15,97.31,256.25,0.7769,-1,-1,-1
241,37,148.59,653.16,67.23,168.03,0.4031,-1,-1,-1
241,29,588.92,365.47,59.09,183.02,0.5622,-1,-1,-1
241,35,1086.34,121.50,57.46,178.65,0.4318,-1,-1,-1
241,20,925.00,118.18,67.04,183.56,0.4465,-1,-1,-1
241,30,784.39,340.81,67.83,197.17,0.4428,-1,-1,-1
242,1,445.93,177.09,73.04,202.65,0.3642,-1,-1,-1
242,2,110.82,563.05,84.25,175.46,0.4398,-1,-1,-1
242,3,936.42,900.58,61.52,179.33,0.7259,-1,-1,-1
242,4,1721.68,459.26,72.77,208.50,0.6144,-1,-1,-1
242,5,1356.76,571.05,120.85,243.59,0.5357,-1,-1,-1
242,21,387.36,523.02,79.14,233.81,0.6991,-1,-1,-1
242,6,218.09,475.07,63.79,201.81,0.5969,-1,-1,-1
242,13,495.98,360.73,74.00,217.95,0.6504,-1,-1,-1
242,31,193.82,711.72,98.00,256.46,0.7483,-1,-1,-1
242,37,153.23,650.80,68.02,168.45,0.4305,-1,-1,-1
242,29,587.91,365.54,60.56,186.85,0.5493,-1,-1,-1
242,35,1084.11,119.28,58.76,178.92,0.4118,-1,-1,-1
242,20,929.14,120.07,62.98,181.30,0.4581,-1,-1,-1
242,30,785.17,342.31,68.13,196.61,0.4306,-1,-1,-1
243,1,447.66,176.30,71.45,204.10,0.3479,-1,-1,-1
243,2,112.33,561.46,82.99,214.15,0.5381,-1,-1,-1
243,3,936.00,900.45,61.24,179.55,0.7104,-1,-1,-1
243,4,1721.40,458.97,73.42,207.77,0.6317,-1,-1,-1
243,5,1356.85,568.80,120.45,245.94,0.5380,-1,-1,-1
243,21,388.72,520.21,77.87,235.24,0.6883,-1,-1,-1
243,6,217.78,474.34,64.41,202.43,0.6049,-1,-1,-1
243,13,494.29,361.02,73.71,218.37,0.6476,-1,-1,-1
243,31,197.43,716.38,99.39,255.90,0.6950,-1,-1,-1
243,37,156.27,651.06,71.87,163.41,0.4760,-1,-1,-1
243,29,587.34,365.69,61.65,192.19,0.5771,-1,-1,-1
243,35,1082.32,118.26,59.29,179.49,0.4664,-1,-1,-1
243,20,931.23,119.73,61.42,179.68,0.5040,-1,-1,-1
243,30,786.01,341.95,68.15,197.57,0.4228,-1,-1,-1
244,1,447.15,175.83,74.32,204.40,0.3518,-1,-1,-1
244,2,113.29,562.29,83.39,236.70,0.5662,-1,-1,-1
244,3,935.60,901.15,61.99,179.00,0.7835,-1,-1,-1
244,4,1721.18,458.88,73.42,207.76,0.6061,-1,-1,-1
244,5,1356.87,569.63,119.35,244.76,0.5077,-1,-1,-1
244,21,389.16,518.12,77.91,236.65,0.6919,-1,-1,-1
244,6,217.20,472.80,64.32,200.11,0.5755,-1,-1,-1
244,13,492.37,361.84,73.26,216.31,0.6436,-1,-1,-1
244,31,199.77,725.52,99.24,250.96,0.7041,-1,-1,-1
244,37,159.10,653.20,79.95,158.53,0.5560,-1,-1,-1
244,29,586.15,366.94,61.25,196.37,0.5805,-1,-1,-1
244,35,1080.61,117.91,59.96,179.72,0.4479,-1,-1,-1
244,20,932.65,118.32,60.30,179.22,0.4405,-1,-1,-1
244,30,788.61,342.73,64.85,196.77,0.3871,-1,-1,-1
244,44,786.93,152.12,68.49,170.17,0.3411,-1,-1,-1
245,1,447.63,175.69,74.33,203.91,0.3196,-1,-1,-1
245,2,115.72,564.92,82.32,246.01,0.6234,-1,-1,-1
245,3,935.14,902.31,63.00,177.77,0.7905,-1,-1,-1
245,4,1720.88,458.97,73.58,207.95,0.5892,-1,-1,-1
245,5,1359.18,569.86,116.96,244.65,0.4324,-1,-1,-1
245,21,389.16,517.68,78.79,237.44,0.6787,-1,-1,-1
245,6,217.03,471.38,64.30,200.91,0.5674,-1,-1,-1
245,13,491.60,362.10,72.85,218.46,0.6682,-1,-1,-1
245,31,199.24,729.14,99.88,250.66,0.7023,-1,-1,-1
245,37,163.63,654.93,79.46,152.26,0.5935,-1,-1,-1
245,29,585.96,369.05,60.32,198.70,0.5897,-1,-1,-1
245,35,1079.98,117.39,58.91,179.38,0.4497,-1,-1,-1
245,20,934.41,116.57,59.08,178.95,0.4541,-1,-1,-1
245,30,789.86,343.59,64.26,196.60,0.3798,-1,-1,-1
245,44,786.99,152.46,69.00,170.00,0.3184,-1,-1,-1
245,45,854.70,353.10,66.55,185.10,0.3902,-1,-1,-1
246,1,448.01,176.07,74.59,204.23,0.3246,-1,-1,-1
246,2,118.22,564.61,81.18,250.74,0.6373,-1,-1,-1
246,3,935.26,903.29,63.69,176.78,0.7800,-1,-1,-1
246,4,1720.89,458.53,73.93,209.39,0.6068,-1,-1,-1
246,5,1366.29,571.30,109.46,242.92,0.4674,-1,-1,-1
246,21,389.17,517.13,79.89,238.92,0.6971,-1,-1,-1
246,6,219.08,470.34,63.07,203.50,0.5838,-1,-1,-1
246,13,489.20,363.42,73.61,215.78,0.6925,-1,-1,-1
246,31,202.33,731.22,96.75,254.67,0.6849,-1,-1,-1
246,37,170.30,655.29,77.08,151.18,0.6018,-1,-1,-1
246,29,585.11,370.75,60.73,200.21,0.6292,-1,-1,-1
246,35,1079.32,117.54,58.93,178.70,0.4121,-1,-1,-1
246,20,936.16,115.76,57.44,179.39,0.4114,-1,-1,-1
246,30,791.05,344.97,63.64,195.92,0.3963,-1,-1,-1
246,44,784.85,152.68,71.63,170.18,0.3275,-1,-1,-1
246,45,859.79,352.17,64.16,187.17,0.3856,-1,-1,-1
247,1,448.15,175.59,76.16,204.68,0.3373,-1,-1,-1
247,2,119.70,563.91,83.25,254.60,0.6223,-1,-1,-1
247,3,935.69,903.76,63.60,176.26,0.7677,-1,-1,-1
247,4,1720.27,458.45,74.45,208.95,0.6209,-1,-1,-1
247,5,1369.92,568.69,107.20,247.21,0.5719,-1,-1,-1
247,21,389.46,516.82,80.47,240.20,0.7037,-1,-1,-1
247,6,219.35,468.97,62.63,205.32,0.5815,-1,-1,-1
247,13,487.66,364.44,73.88,215.10,0.7434,-1,-1,-1
247,31,204.54,733.29,96.11,256.07,0.6711,-1,-1,-1
247,37,175.21,656.44,79.94,145.74,0.4376,-1,-1,-1
247,29,584.46,372.32,61.57,203.40,0.6803,-1,-1,-1
247,35,1078.01,116.58,58.29,179.18,0.4382,-1,-1,-1
247,20,936.90,114.48,57.18,177.73,0.4336,-1,-1,-1
247,30,789.84,345.56,64.96,195.71,0.4094,-1,-1,-1
247,44,786.79,152.89,69.77,169.07,0.3060,-1,-1,-1
247,45,863.19,352.24,59.49,188.30,0.3747,-1,-1,-1
248,1,448.58,173.80,77.03,208.75,0.3513,-1,-1,-1
248,2,122.75,563.51,82.92,253.53,0.6796,-1,-1,-1
248,3,935.98,904.75,64.31,175.06,0.7521,-1,-1,-1
248,4,1719.36,459.23,75.23,208.47,0.6282,-1,-1,-1
248,5,1373.93,569.43,104.02,246.31,0.5477,-1,-1,-1
248,21,389.64,516.33,80.75,240.54,0.6928,-1,-1,-1
248,6,220.57,467.47,60.72,203.90,0.5748,-1,-1,-1
248,13,487.18,365.75,72.73,214.90,0.7417,-1,-1,-1
248,31,204.60,734.88,94.97,257.35,0.5897,-1,-1,-1
248,37,179.56,661.38,81.16,144.96,0.3692,-1,-1,-1
248,29,584.37,374.30,60.67,205.98,0.6461,-1,-1,-1
248,35,1077.07,116.27,57.56,180.47,0.4956,-1,-1,-1
248,20,938.43,113.56,56.76,176.22,0.4607,-1,-1,-1
248,30,791.21,345.79,65.20,198.80,0.4234,-1,-1,-1
248,45,863.50,352.81,62.90,190.09,0.4156,-1,-1,-1
249,1,449.19,172.16,77.26,210.35,0.3885,-1,-1,-1
249,2,125.17,564.09,81.35,254.29,0.6679,-1,-1,-1
249,3,936.22,905.32,65.21,174.67,0.7497,-1,-1,-1
249,4,1720.06,459.53,74.17,207.83,0.5910,-1,-1,-1
249,5,1380.12,569.94,96.35,247.34,0.5262,-1,-1,-1
249,21,388.81,515.73,82.50,240.38,0.6853,-1,-1,-1
249,6,220.80,466.78,59.66,197.39,0.5555,-1,-1,-1
249,13,486.51,367.20,72.30,215.67,0.7132,-1,-1,-1
249,31,206.18,740.51,90.81,252.95,0.4883,-1,-1,-1
249,37,181.84,665.24,86.20,208.12,0.4981,-1,-1,-1
249,29,583.71,377.79,60.08,205.41,0.6023,-1,-1,-1
249,35,1075.84,116.00,57.28,182.27,0.4615,-1,-1,-1
249,20,939.42,111.44,57.68,178.33,0.5151,-1,-1,-1
249,30,791.12,346.27,64.49,195.55,0.3833,-1,-1,-1
249,45,862.22,352.85,66.87,190.57,0.3774,-1,-1,-1
249,41,1148.85,111.25,56.54,166.58,0.3423,-1,-1,-1
250,1,449.65,170.49,76.86,211.31,0.3735,-1,-1,-1
250,2,127.84,565.63,81.13,251.54,0.6766,-1,-1,-1
250,3,936.38,905.77,66.35,174.27,0.7302,-1,-1,-1
250,4,1720.74,458.64,73.80,208.71,0.5973,-1,-1,-1
250,5,1385.03,569.73,90.55,246.85,0.5921,-1,-1,-1
250,21,388.70,515.52,83.78,239.34,0.6793,-1,-1,-1
250,6,221.89,465.04,59.31,195.87,0.5543,-1,-1,-1
250,13,486.30,368.91,72.24,217.83,0.6858,-1,-1,-1
250,31,210.38,745.66,89.98,246.42,0.4586,-1,-1,-1
250,37,183.83,668.69,89.42,175.28,0.4681,-1,-1,-1
250,29,582.60,380.74,60.32,203.67,0.6331,-1,-1,-1
250,35,1074.11,115.35,57.59,183.16,0.4139,-1,-1,-1
250,20,938.39,109.86,59.56,179.97,0.4961,-1,-1,-1
250,30,792.03,348.05,65.68,194.80,0.3414,-1,-1,-1
250,45,857.19,354.93,71.03,191.26,0.3943,-1,-1,-1
250,41,1147.52,110.67,56.73,166.36,0.3421,-1,-1,-1
251,1,450.02,168.71,75.23,211.58,0.3775,-1,-1,-1
251,2,130.88,565.69,80.94,252.55,0.7000,-1,-1,-1
251,3,937.55,907.37,66.42,172.85,0.7400,-1,-1,-1
251,4,1720.17,459.05,74.95,208.08,0.6042,-1,-1,-1
251,5,1387.68,568.94,88.92,247.34,0.6259,-1,-1,-1
251,21,388.24,513.23,84.83,239.69,0.6654,-1,-1,-1
251,6,221.99,462.11,59.37,196.72,0.5620,-1,-1,-1
251,13,488.52,369.52,69.70,223.73,0.6535,-1,-1,-1
251,31,211.58,745.78,89.25,247.52,0.5578,-1,-1,-1
251,37,185.75,673.29,91.18,151.58,0.5093,-1,-1,-1
251,29,581.65,383.06,60.31,203.61,0.6521,-1,-1,-1
251,35,1072.84,114.89,57.68,183.77,0.3954,-1,-1,-1
251,20,936.55,109.85,63.16,180.64,0.4688,-1,-1,-1
251,30,791.91,350.73,65.91,192.39,0.3647,-1,-1,-1
251,45,859.75,355.61,69.38,193.15,0.3471,-1,-1,-1
252,1,450.27,167.46,74.60,209.21,0.3792,-1,-1,-1
252,2,133.56,566.16,82.27,250.98,0.7027,-1,-1,-1
252,3,938.23,908.01,66.82,172.06,0.7127,-1,-1,-1
252,4,1720.41,459.51,74.38,207.44,0.5840,-1,-1,-1
252,5,1388.06,569.59,88.13,244.39,0.5677,-1,-1,-1
252,21,389.42,510.42,83.87,240.64,0.6639,-1,-1,-1
252,6,221.66,457.32,59.44,200.44,0.5736,-1,-1,-1
252,13,489.27,371.88,68.79,226.36,0.6547,-1,-1,-1
252,31,211.02,743.35,94.74,249.23,0.6631,-1,-1,-1
252,37,187.23,675.92,91.68,143.46,0.4683,-1,-1,-1
252,29,580.84,384.00,61.09,204.90,0.6667,-1,-1,-1
252,35,1071.95,114.35,57.73,184.14,0.3638,-1,-1,-1
252,20,936.66,107.52,64.20,182.11,0.4819,-1,-1,-1
252,45,862.67,358.75,63.70,190.62,0.3575,-1,-1,-1
253,1,451.81,166.64,72.32,208.32,0.3854,-1,-1,-1
253,2,135.92,566.06,83.72,249.15,0.6960,-1,-1,-1
253,3,938.55,908.26,67.95,171.74,0.7335,-1,-1,-1
253,4,1720.98,458.48,73.88,208.70,0.5705,-1,-1,-1
253,5,1388.95,570.21,87.58,246.10,0.6154,-1,-1,-1
253,21,389.38,507.62,83.57,240.06,0.6689,-1,-1,-1
253,6,221.47,456.56,61.08,199.09,0.6017,-1,-1,-1
253,13,489.05,374.05,69.19,226.28,0.6621,-1,-1,-1
253,31,215.79,740.16,92.70,250.85,0.7348,-1,-1,-1
253,37,193.26,677.43,84.64,137.59,0.4555,-1,-1,-1
253,29,579.29,384.13,61.81,207.29,0.6810,-1,-1,-1
253,35,1069.95,114.38,58.72,183.08,0.3580,-1,-1,-1
253,20,935.69,108.30,65.92,181.70,0.4965,-1,-1,-1
253,41,1144.84,108.35,56.05,170.18,0.3577,-1,-1,-1
254,1,452.57,165.97,71.13,205.50,0.3664,-1,-1,-1
254,2,137.58,565.93,84.89,247.01,0.6677,-1,-1,-1
254,3,939.43,909.33,68.25,170.67,0.7320,-1,-1,-1
254,4,1720.77,458.71,73.73,208.69,0.5815,-1,-1,-1
254,5,1390.03,570.08,87.04,245.94,0.6186,-1,-1,-1
254,21,390.23,504.98,81.36,238.76,0.6362,-1,-1,-1
254,6,221.20,455.73,61.85,198.80,0.5801,-1,-1,-1
254,13,488.81,374.22,69.04,229.47,0.6529,-1,-1,-1
254,31,220.83,738.33,89.40,253.18,0.7766,-1,-1,-1
254,37,194.94,678.39,83.37,136.75,0.4664,-1,-1,-1
254,29,577.95,385.82,62.46,207.54,0.6923,-1,-1,-1
254,35,1069.08,114.09,57.17,183.23,0.3857,-1,-1,-1
254,20,935.35,108.61,67.74,181.75,0.4886,-1,-1,-1
254,41,1144.04,108.02,55.04,169.61,0.3485,-1,-1,-1
254,30,794.88,350.97,68.17,193.35,0.3483,-1,-1,-1
254,45,866.18,361.47,60.28,190.47,0.3532,-1,-1,-1
255,1,455.07,165.27,66.74,202.20,0.3485,-1,-1,-1
255,2,139.84,564.32,84.84,246.10,0.6900,-1,-1,-1
255,3,939.48,909.55,69.77,169.72,0.7317,-1,-1,-1
255,4,1721.03,459.16,72.98,207.79,0.6054,-1,-1,-1
255,5,1390.93,569.56,86.69,248.17,0.6545,-1,-1,-1
255,21,391.38,502.27,80.69,234.35,0.6715,-1,-1,-1
255,6,221.16,455.05,62.73,198.04,0.6188,-1,-1,-1
255,13,488.53,374.81,69.31,230.51,0.6682,-1,-1,-1
255,31,222.10,736.46,91.06,259.05,0.7280,-1,-1,-1
255,37,198.56,680.01,82.49,136.11,0.4729,-1,-1,-1
255,29,577.00,386.18,62.48,208.01,0.7296,-1,-1,-1
255,35,1067.35,113.39,56.99,183.43,0.4076,-1,-1,-1
255,20,934.53,108.52,69.66,180.68,0.4828,-1,-1,-1
255,41,1142.44,107.11,55.20,171.04,0.3294,-1,-1,-1
255,30,797.27,351.14,69.12,198.91,0.3302,-1,-1,-1
255,45,866.00,360.60,67.69,193.04,0.3658,-1,-1,-1
256,1,455.03,164.51,66.92,199.60,0.3199,-1,-1,-1
256,2,141.05,564.62,85.38,244.98,0.6533,-1,-1,-1
256,3,939.39,909.96,71.18,169.82,0.7425,-1,-1,-1
256,4,1720.39,459.10,73.85,208.41,0.5660,-1,-1,-1
256,5,1392.37,568.89,87.10,246.84,0.6370,-1,-1,-1
256,21,391.75,499.02,79.71,231.79,0.6527,-1,-1,-1
256,6,221.08,454.60,62.84,196.83,0.5989,-1,-1,-1
256,13,489.38,375.64,68.17,230.37,0.6657,-1,-1,-1
256,31,226.88,736.75,88.86,265.05,0.7174,-1,-1,-1
256,37,202.52,678.97,87.19,143.77,0.5373,-1,-1,-1
256,29,576.08,387.12,62.51,207.73,0.7454,-1,-1,-1
256,35,1066.20,113.15,56.51,183.27,0.3978,-1,-1,-1
256,20,934.68,107.81,70.09,180.61,0.4858,-1,-1,-1
256,41,1140.49,106.26,55.80,171.46,0.3385,-1,-1,-1
256,45,868.94,362.32,65.77,192.40,0.3302,-1,-1,-1
257,1,455.52,163.37,66.77,197.23,0.3063,-1,-1,-1
257,2,141.43,564.57,88.28,244.64,0.6210,-1,-1,-1
257,3,939.20,910.97,73.05,168.78,0.7509,-1,-1,-1
257,4,1720.13,459.71,73.81,207.55,0.5789,-1,-1,-1
257,5,1394.23,567.81,86.50,245.34,0.6262,-1,-1,-1
257,21,392.15,495.10,79.90,231.99,0.6817,-1,-1,-1
257,6,220.60,453.95,64.25,197.51,0.5734,-1,-1,-1
257,13,488.33,378.13,69.32,228.43,0.6771,-1,-1,-1
257,31,232.77,743.25,86.22,266.96,0.7338,-1,-1,-1
257,37,204.52,679.05,88.40,150.17,0.5771,-1,-1,-1
257,29,575.19,387.54,62.44,206.67,0.7588,-1,-1,-1
257,35,1064.19,112.60,56.87,184.05,0.3663,-1,-1,-1
257,20,934.96,106.96,69.76,181.18,0.4313,-1,-1,-1
257,41,1138.67,105.83,57.23,170.61,0.3210,-1,-1,-1
257,45,870.19,363.70,59.82,187.86,0.3794,-1,-1,-1
258,1,455.78,163.14,67.51,196.21,0.3235,-1,-1,-1
258,2,142.66,564.72,90.20,246.68,0.5900,-1,-1,-1
258,3,938.96,912.55,74.08,166.61,0.7498,-1,-1,-1
258,4,1720.39,459.45,73.86,207.62,0.5669,-1,-1,-1
258,5,1395.70,566.87,85.88,242.08,0.6219,-1,-1,-1
258,21,390.81,492.84,80.47,233.06,0.6806,-1,-1,-1
258,6,221.06,453.15,64.41,197.53,0.5340,-1,-1,-1
258,13,488.90,377.78,68.46,228.95,0.6611,-1,-1,-1
258,31,234.06,747.78,86.40,269.46,0.7663,-1,-1,-1
258,37,210.63,680.18,84.28,154.66,0.5357,-1,-1,-1
258,29,574.93,388.23,61.85,205.25,0.7465,-1,-1,-1
258,35,1063.84,112.70,57.99,182.59,0.3173,-1,-1,-1
258,20,936.57,105.76,68.92,180.12,0.4246,-1,-1,-1
258,45,871.60,363.71,56.53,185.89,0.3488,-1,-1,-1
259,1,458.28,162.40,67.45,197.00,0.3507,-1,-1,-1
259,2,144.25,565.57,92.46,245.71,0.6283,-1,-1,-1
259,3,938.80,913.91,75.85,164.86,0.7305,-1,-1,-1
259,4,1720.04,459.36,74.61,208.29,0.5631,-1,-1,-1
259,5,1399.71,566.56,82.69,238.47,0.5865,-1,-1,-1
259,21,388.97,491.47,82.12,233.48,0.6567,-1,-1,-1
259,6,222.30,452.25,63.11,196.74,0.5074,-1,-1,-1
259,13,487.45,380.85,69.53,225.51,0.6670,-1,-1,-1
259,31,235.12,753.05,86.78,265.99,0.7464,-1,-1,-1
259,37,212.19,681.69,86.62,136.15,0.4737,-1,-1,-1
259,29,574.21,389.62,62.58,203.14,0.7487,-1,-1,-1
259,35,1062.63,112.16,58.22,181.83,0.3247,-1,-1,-1
259,20,938.79,103.79,66.28,179.40,0.4182,-1,-1,-1
259,45,872.44,367.00,52.76,181.58,0.3343,-1,-1,-1
259,30,803.24,353.26,71.26,202.11,0.4110,-1,-1,-1
260,1,458.18,162.21,68.72,197.51,0.3750,-1,-1,-1
260,2,149.65,565.07,89.64,246.39,0.6318,-1,-1,-1
260,3,939.30,914.81,77.89,162.83,0.7217,-1,-1,-1
260,4,1719.71,459.36,74.59,208.46,0.5879,-1,-1,-1
260,5,1402.85,565.91,79.84,239.28,0.5573,-1,-1,-1
260,21,385.09,490.22,85.79,234.80,0.6631,-1,-1,-1
260,6,222.45,451.37,63.06,195.18,0.5083,-1,-1,-1
260,13,489.12,380.76,68.30,226.00,0.6626,-1,-1,-1
260,31,237.40,756.90,85.76,266.91,0.7298,-1,-1,-1
260,37,215.73,682.67,86.52,127.17,0.5331,-1,-1,-1
260,29,573.59,390.89,62.31,200.65,0.7529,-1,-1,-1
260,35,1061.15,110.98,56.85,183.54,0.3457,-1,-1,-1
260,20,939.43,101.63,65.77,175.78,0.4327,-1,-1,-1
260,30,805.86,354.79,67.73,200.34,0.3902,-1,-1,-1
261,1,454.18,161.07,74.45,200.72,0.3851,-1,-1,-1
261,2,156.91,565.05,83.39,247.87,0.6509,-1,-1,-1
261,3,939.41,915.15,80.06,163.04,0.7260,-1,-1,-1
261,4,1720.36,459.54,73.94,208.72,0.5983,-1,-1,-1
261,5,1408.12,565.68,75.58,239.60,0.5527,-1,-1,-1
261,21,380.14,488.26,90.33,236.92,0.6510,-1,-1,-1
261,6,222.44,450.16,63.02,194.11,0.4815,-1,-1,-1
261,13,487.71,383.45,69.20,222.40,0.6898,-1,-1,-1
261,31,239.80,762.28,83.73,260.35,0.6983,-1,-1,-1
261,37,218.17,684.32,86.49,126.33,0.6275,-1,-1,-1
261,29,573.49,392.59,61.79,197.96,0.7489,-1,-1,-1
261,20,939.31,99.41,65.60,174.13,0.4453,-1,-1,-1
261,30,804.98,354.51,70.52,201.91,0.3709,-1,-1,-1
262,1,457.43,161.54,71.05,199.20,0.3845,-1,-1,-1
262,2,161.67,565.23,83.05,250.17,0.6473,-1,-1,-1
262,3,938.24,916.87,82.28,160.40,0.7269,-1,-1,-1
262,4,1720.27,459.91,74.15,208.38,0.5945,-1,-1,-1
262,5,1410.27,564.17,76.58,240.02,0.5657,-1,-1,-1
262,21,377.39,486.88,92.72,237.52,0.6311,-1,-1,-1
262,6,222.43,448.85,63.16,193.29,0.5126,-1,-1,-1
262,13,487.91,384.68,68.76,220.83,0.7157,-1,-1,-1
262,31,241.68,764.39,85.03,263.27,0.6922,-1,-1,-1
262,37,222.31,686.79,83.48,125.38,0.5634,-1,-1,-1
262,29,573.20,394.84,61.52,196.70,0.7372,-1,-1,-1
262,20,938.38,98.14,66.23,171.91,0.4972,-1,-1,-1
262,30,806.34,355.31,68.75,201.79,0.4087,-1,-1,-1
262,35,1058.39,108.47,57.12,184.04,0.3759,-1,-1,-1
263,1,455.83,160.43,70.66,201.38,0.3654,-1,-1,-1
263,2,165.83,565.38,80.40,251.38,0.6833,-1,-1,-1
263,3,937.05,918.15,84.60,158.73,0.7392,-1,-1,-1
263,4,1719.97,460.02,74.71,208.20,0.5727,-1,-1,-1
263,5,1411.19,564.85,76.20,237.49,0.5933,-1,-1,-1
263,21,375.94,485.51,93.45,238.51,0.6100,-1,-1,-1
263,6,223.53,446.62,62.47,191.57,0.5247,-1,-1,-1
263,13,487.64,385.22,68.86,220.06,0.6995,-1,-1,-1
263,31,243.30,767.90,85.58,262.97,0.6713,-1,-1,-1
263,37,224.77,688.64,83.83,124.27,0.4594,-1,-1,-1
263,29,572.51,396.50,62.17,198.14,0.7084,-1,-1,-1
263,20,938.71,96.34,65.70,174.03,0.4814,-1,-1,-1
263,30,805.02,355.47,72.60,204.63,0.4034,-1,-1,-1
263,35,1056.83,107.16,57.73,184.39,0.3885,-1,-1,-1
264,1,458.35,160.37,67.74,200.19,0.3312,-1,-1,-1
264,2,169.42,564.74,78.43,252.77,0.6903,-1,-1,-1
264,3,937.14,919.52,85.11,156.67,0.7567,-1,-1,-1
264,4,1720.51,459.83,74.30,208.48,0.5835,-1,-1,-1
264,5,1411.47,565.11,78.77,237.00,0.6156,-1,-1,-1
264,21,374.45,484.76,94.19,238.45,0.6064,-1,-1,-1
264,6,225.30,447.16,61.32,188.16,0.5598,-1,-1,-1
264,13,486.55,385.52,69.96,218.59,0.6892,-1,-1,-1
264,31,245.86,771.56,86.31,261.32,0.7472,-1,-1,-1
264,37,231.86,691.62,78.09,120.57,0.6105,-1,-1,-1
264,29,571.11,397.50,62.51,199.52,0.6841,-1,-1,-1
264,20,938.08,94.51,66.34,176.58,0.4408,-1,-1,-1
264,30,803.49,357.57,70.75,204.84,0.3898,-1,-1,-1
264,35,1054.87,106.91,57.67,179.27,0.3527,-1,-1,-1
265,1,459.71,161.06,64.95,199.47,0.3728,-1,-1,-1
265,2,173.07,565.43,76.25,254.24,0.6907,-1,-1,-1
265,3,937.99,920.12,85.33,156.24,0.7554,-1,-1,-1
265,4,1720.63,460.04,74.07,208.33,0.6007,-1,-1,-1
265,5,1411.76,565.47,79.05,239.02,0.5871,-1,-1,-1
265,21,373.50,484.07,94.50,238.54,0.6553,-1,-1,-1
265,6,226.66,444.73,60.82,188.44,0.5294,-1,-1,-1
265,13,486.09,385.78,69.73,218.35,0.6718,-1,-1,-1
265,31,247.29,772.53,86.12,261.38,0.7680,-1,-1,-1
265,37,238.07,694.78,72.44,119.78,0.5715,-1,-1,-1
265,29,570.11,399.02,63.07,198.99,0.7247,-1,-1,-1
265,20,938.98,93.17,64.95,178.85,0.4708,-1,-1,-1
265,30,803.04,358.38,72.88,207.41,0.3663,-1,-1,-1
265,35,1053.96,106.20,56.77,176.67,0.3830,-1,-1,-1
266,1,460.72,160.30,64.10,201.04,0.3284,-1,-1,-1
266,2,176.16,566.13,77.12,255.89,0.6934,-1,-1,-1
266,3,938.12,920.60,86.09,155.84,0.7624,-1,-1,-1
266,4,1720.47,460.32,74.12,208.13,0.5899,-1,-1,-1
266,5,1412.08,565.50,79.40,242.91,0.5707,-1,-1,-1
266,21,373.41,483.58,94.44,237.68,0.6407,-1,-1,-1
266,6,226.03,444.05,61.55,184.30,0.4924,-1,-1,-1
266,13,484.98,385.52,69.41,219.83,0.6286,-1,-1,-1
266,31,249.96,774.52,90.33,259.47,0.7715,-1,-1,-1
266,37,245.54,698.20,66.75,117.84,0.5293,-1,-1,-1
266,29,568.37,400.89,64.14,201.50,0.6708,-1,-1,-1
266,20,939.60,92.46,64.95,178.91,0.4589,-1,-1,-1
266,30,802.26,359.65,76.43,209.26,0.3991,-1,-1,-1
266,35,1053.31,105.20,56.52,177.65,0.4406,-1,-1,-1
266,41,1126.33,96.54,55.20,165.66,0.3526,-1,-1,-1
267,1,461.50,159.64,64.16,201.22,0.3720,-1,-1,-1
267,2,178.94,567.00,77.43,259.56,0.6873,-1,-1,-1
267,3,938.85,920.55,85.89,156.13,0.7636,-1,-1,-1
267,4,1720.27,460.11,74.84,208.18,0.5666,-1,-1,-1
267,5,1412.57,565.30,78.86,244.31,0.5651,-1,-1,-1
267,21,373.10,481.36,93.78,238.24,0.6064,-1,-1,-1
267,6,224.56,441.56,63.41,184.85,0.4865,-1,-1,-1
267,13,482.33,386.00,70.31,221.30,0.6257,-1,-1,-1
267,31,249.61,773.48,92.96,261.00,0.7581,-1,-1,-1
267,37,249.23,701.36,66.39,114.79,0.5142,-1,-1,-1
267,29,567.15,402.26,64.74,204.13,0.6510,-1,-1,-1
267,20,939.87,91.57,65.25,179.70,0.4571,-1,-1,-1
267,30,802.46,361.52,74.09,211.47,0.3821,-1,-1,-1
267,35,1051.33,104.32,57.83,178.65,0.4609,-1,-1,-1
267,41,1124.33,96.08,56.57,166.75,0.3902,-1,-1,-1
268,1,462.00,157.63,64.73,202.84,0.3731,-1,-1,-1
268,2,182.08,568.53,76.32,259.33,0.7073,-1,-1,-1
268,3,940.59,920.40,84.43,156.50,0.7583,-1,-1,-1
268,4,1720.39,460.09,74.17,208.15,0.5799,-1,-1,-1
268,5,1413.08,564.77,78.24,245.08,0.5938,-1,-1,-1
268,21,373.18,479.54,92.18,238.81,0.6349,-1,-1,-1
268,6,224.08,439.75,63.85,186.23,0.5369,-1,-1,-1
268,13,479.82,387.92,72.07,222.86,0.6267,-1,-1,-1
268,31,251.34,771.11,90.10,263.44,0.7429,-1,-1,-1
268,37,253.68,704.04,65.39,112.68,0.5485,-1,-1,-1
268,29,565.85,403.30,65.84,205.60,0.6221,-1,-1,-1
268,20,941.66,91.84,64.97,179.06,0.4517,-1,-1,-1
268,30,803.48,362.57,72.06,214.59,0.3771,-1,-1,-1
268,35,1049.90,104.69,58.75,178.00,0.4540,-1,-1,-1
268,41,1122.71,96.19,57.26,167.30,0.4121,-1,-1,-1
269,1,462.11,158.66,65.25,199.87,0.4035,-1,-1,-1
269,2,184.07,570.92,78.54,254.98,0.7132,-1,-1,-1
269,3,942.76,920.56,83.19,156.69,0.7533,-1,-1,-1
269,4,1720.65,460.47,73.96,207.21,0.5951,-1,-1,-1
269,5,1414.02,566.00,78.47,244.15,0.5817,-1,-1,-1
269,21,374.04,477.87,90.90,239.18,0.6510,-1,-1,-1
269,6,224.58,437.72,64.03,188.72,0.5009,-1,-1,-1
269,13,476.77,389.53,74.36,222.11,0.6336,-1,-1,-1
269,31,252.42,773.57,90.26,261.17,0.7193,-1,-1,-1
269,37,257.15,705.93,66.18,112.68,0.5752,-1,-1,-1
269,29,565.36,401.40,66.85,208.43,0.6021,-1,-1,-1
269,20,942.40,91.85,64.72,178.61,0.4962,-1,-1,-1
269,30,805.55,365.47,66.84,213.16,0.4108,-1,-1,-1
269,35,1048.58,104.56,59.04,176.29,0.4450,-1,-1,-1
269,41,1121.47,95.84,57.61,167.54,0.3738,-1,-1,-1
270,1,462.64,155.53,62.89,201.67,0.3787,-1,-1,-1
270,2,185.71,572.14,81.59,249.56,0.6871,-1,-1,-1
270,3,944.12,920.85,82.23,157.16,0.7538,-1,-1,-1
270,4,1720.63,460.97,73.94,206.68,0.5596,-1,-1,-1
270,5,1416.16,569.04,79.70,241.52,0.5699,-1,-1,-1
270,21,374.94,475.62,89.44,236.70,0.6327,-1,-1,-1
270,6,225.26,436.48,63.40,190.06,0.4791,-1,-1,-1
270,13,475.07,391.92,75.15,221.56,0.6353,-1,-1,-1
270,31,256.14,770.78,87.60,263.16,0.7716,-1,-1,-1
270,37,259.85,706.75,68.43,109.24,0.5492,-1,-1,-1
270,29,564.42,401.72,68.03,211.42,0.6105,-1,-1,-1
270,20,941.94,91.58,66.30,178.68,0.4809,-1,-1,-1
270,30,806.14,367.37,65.26,211.90,0.3770,-1,-1,-1
270,35,1047.00,104.17,59.14,176.67,0.4332,-1,-1,-1
270,41,1120.37,95.84,57.66,167.81,0.3589,-1,-1,-1
271,1,462.91,155.78,63.67,201.03,0.3588,-1,-1,-1
271,2,187.33,573.98,84.12,246.70,0.6547,-1,-1,-1
271,3,945.37,921.48,81.48,156.66,0.7319,-1,-1,-1
271,4,1720.03,460.45,74.74,207.92,0.5710,-1,-1,-1
271,5,1419.34,572.46,79.66,239.26,0.5320,-1,-1,-1
271,21,377.95,472.52,86.09,231.32,0.6257,-1,-1,-1
271,6,226.33,435.35,62.05,187.11,0.4749,-1,-1,-1
271,13,473.65,393.56,75.90,220.14,0.6234,-1,-1,-1
271,31,258.89,771.91,86.01,261.74,0.7423,-1,-1,-1
271,37,262.47,707.99,70.75,112.37,0.4877,-1,-1,-1
271,29,564.59,402.43,66.96,210.04,0.6058,-1,-1,-1
271,20,942.23,90.94,66.50,177.90,0.5078,-1,-1,-1
271,30,810.07,369.94,61.72,213.10,0.4078,-1,-1,-1
271,35,1045.13,103.76,59.73,177.94,0.4225,-1,-1,-1
271,41,1118.31,95.46,58.19,167.62,0.3163,-1,-1,-1
272,1,463.22,154.40,65.20,201.15,0.3685,-1,-1,-1
272,2,189.07,574.44,86.32,246.28,0.6721,-1,-1,-1
272,3,945.92,921.79,81.13,156.43,0.7196,-1,-1,-1
272,4,1720.03,460.31,74.48,207.31,0.5510,-1,-1,-1
272,5,1421.77,574.71,79.87,240.47,0.5202,-1,-1,-1
272,21,383.66,469.01,81.74,227.62,0.5986,-1,-1,-1
272,6,227.75,433.71,60.43,186.76,0.4508,-1,-1,-1
272,13,472.19,395.12,76.39,219.59,0.5954,-1,-1,-1
272,31,259.81,778.75,87.65,258.86,0.7314,-1,-1,-1
272,37,267.48,708.43,71.51,116.65,0.5237,-1,-1,-1
272,29,564.29,402.92,66.37,212.38,0.5543,-1,-1,-1
272,20,941.78,90.38,67.97,178.43,0.4844,-1,-1,-1
272,30,810.41,371.66,61.43,214.45,0.3818,-1,-1,-1
272,35,1042.56,103.51,60.65,178.60,0.3876,-1,-1,-1
272,41,1116.49,96.12,56.47,166.07,0.3192,-1,-1,-1
272,45,877.55,380.04,60.19,185.96,0.3475,-1,-1,-1
273,1,463.63,152.94,64.55,199.98,0.4018,-1,-1,-1
273,2,190.69,575.39,89.42,245.82,0.6831,-1,-1,-1
273,3,945.87,922.14,81.47,156.27,0.7230,-1,-1,-1
273,4,1719.99,460.48,74.11,207.32,0.5611,-1,-1,-1
273,5,1423.76,579.12,78.34,237.03,0.4939,-1,-1,-1
273,21,387.11,465.68,78.57,226.30,0.5863,-1,-1,-1
273,6,229.00,432.76,59.04,184.53,0.4703,-1,-1,-1
273,13,471.19,396.45,75.57,218.79,0.6026,-1,-1,-1
273,31,258.75,781.36,91.30,261.08,0.7240,-1,-1,-1
273,37,272.67,708.76,73.12,123.82,0.5733,-1,-1,-1
273,29,562.65,404.20,67.11,212.57,0.5500,-1,-1,-1
273,20,942.11,89.35,66.84,178.72,0.4868,-1,-1,-1
273,30,809.38,373.10,62.99,211.90,0.3547,-1,-1,-1
273,35,1039.95,102.71,62.41,178.14,0.3629,-1,-1,-1
273,41,1114.12,95.30,61.21,166.64,0.3025,-1,-1,-1
273,45,880.92,379.45,57.61,189.37,0.3398,-1,-1,-1
274,1,463.43,152.09,63.80,196.78,0.4003,-1,-1,-1
274,2,192.92,576.31,90.98,246.95,0.6954,-1,-1,-1
274,3,945.98,922.33,81.35,156.37,0.7052,-1,-1,-1
274,4,1720.39,460.36,73.73,207.52,0.5941,-1,-1,-1
274,5,1425.22,579.37,78.47,239.15,0.5281,-1,-1,-1
274,21,387.50,462.26,78.44,227.56,0.6227,-1,-1,-1
274,6,229.03,431.68,58.67,183.34,0.4639,-1,-1,-1
274,13,470.44,397.43,74.68,218.68,0.6236,-1,-1,-1
274,31,261.60,785.36,93.26,262.15,0.7130,-1,-1,-1
274,37,276.41,708.93,74.80,136.00,0.6443,-1,-1,-1
274,29,560.62,404.98,67.06,211.87,0.5339,-1,-1,-1
274,20,942.46,88.25,65.84,179.54,0.5138,-1,-1,-1
274,30,807.48,373.78,63.11,212.30,0.3452,-1,-1,-1
274,35,1036.06,102.19,66.42,178.42,0.3898,-1,-1,-1
274,41,1112.62,94.69,63.28,166.04,0.3419,-1,-1,-1
274,45,883.41,381.75,55.79,189.03,0.3506,-1,-1,-1
275,1,463.41,151.06,63.89,194.83,0.4032,-1,-1,-1
275,2,194.67,577.88,93.81,249.34,0.6725,-1,-1,-1
275,3,945.10,922.38,82.56,156.46,0.7234,-1,-1,-1
275,4,1720.46,460.16,73.61,207.57,0.5895,-1,-1,-1
275,5,1427.90,580.09,77.59,239.61,0.5103,-1,-1,-1
275,21,387.12,461.15,78.97,226.67,0.6139,-1,-1,-1
275,6,228.59,430.47,59.76,188.06,0.3371,-1,-1,-1
275,13,469.85,397.75,73.46,216.99,0.6620,-1,-1,-1
275,31,265.77,783.35,92.50,266.98,0.7037,-1,-1,-1
275,37,277.79,711.31,80.95,140.16,0.4186,-1,-1,-1
275,29,559.48,405.77,66.58,209.50,0.5952,-1,-1,-1
275,20,942.42,86.25,65.53,180.91,0.4998,-1,-1,-1
275,30,810.83,374.49,61.36,211.04,0.3944,-1,-1,-1
275,35,1032.67,102.38,69.05,178.95,0.3354,-1,-1,-1
275,41,1111.03,94.35,64.18,168.04,0.3063,-1,-1,-1
275,45,885.56,380.90,54.93,191.27,0.3567,-1,-1,-1
276,1,462.79,149.86,65.31,194.25,0.4030,-1,-1,-1
276,2,195.85,577.97,94.73,249.16,0.6740,-1,-1,-1
276,3,944.26,922.85,83.58,156.11,0.7484,-1,-1,-1
276,4,1719.79,460.42,74.25,206.98,0.5906,-1,-1,-1
276,5,1431.26,579.51,75.66,241.48,0.5310,-1,-1,-1
276,21,387.59,459.75,78.55,226.92,0.6325,-1,-1,-1
276,6,228.30,428.67,59.70,191.37,0.3359,-1,-1,-1
276,13,468.46,398.81,73.38,216.75,0.6650,-1,-1,-1
276,31,270.24,783.67,91.72,270.88,0.6299,-1,-1,-1
276,37,280.15,714.59,84.52,141.84,0.3168,-1,-1,-1
276,29,557.87,407.19,67.20,206.99,0.6338,-1,-1,-1
276,20,943.20,84.63,63.73,180.69,0.4536,-1,-1,-1
276,30,809.68,374.51,63.26,211.02,0.4044,-1,-1,-1
276,35,1031.22,102.53,68.99,179.64,0.3314,-1,-1,-1
276,45,886.23,382.05,56.06,191.06,0.3094,-1,-1,-1
277,1,463.26,147.70,65.88,195.29,0.3743,-1,-1,-1
277,2,196.88,577.36,91.93,249.66,0.6507,-1,-1,-1
277,3,943.84,923.48,84.19,155.10,0.7527,-1,-1,-1
277,4,1719.26,459.93,74.84,208.16,0.5905,-1,-1,-1
277,5,1434.24,580.02,74.26,242.51,0.4950,-1,-1,-1
277,21,388.51,458.91,78.44,227.61,0.6088,-1,-1,-1
277,6,228.80,426.66,58.69,186.56,0.3895,-1,-1,-1
277,13,466.86,400.80,72.59,216.35,0.6852,-1,-1,-1
277,31,272.75,784.11,89.12,276.31,0.6519,-1,-1,-1
277,37,282.54,718.05,88.75,142.91,0.5265,-1,-1,-1
277,29,557.12,409.41,66.57,204.55,0.6591,-1,-1,-1
277,20,943.83,83.81,60.59,176.37,0.4626,-1,-1,-1
277,30,809.50,375.23,64.51,210.34,0.3811,-1,-1,-1
277,35,1030.11,102.70,69.00,179.64,0.3398,-1,-1,-1
277,45,885.02,386.37,61.38,185.21,0.3402,-1,-1,-1
278,1,464.00,146.76,64.95,195.92,0.3478,-1,-1,-1
278,2,198.19,576.49,87.54,250.90,0.6512,-1,-1,-1
278,3,943.60,923.74,84.46,154.29,0.7646,-1,-1,-1
278,4,1719.31,459.57,75.17,209.00,0.5593,-1,-1,-1
278,5,1436.15,582.11,74.20,242.28,0.4393,-1,-1,-1
278,21,388.76,458.67,79.23,226.86,0.5992,-1,-1,-1
278,6,228.69,424.73,58.85,180.02,0.4276,-1,-1,-1
278,13,465.82,401.43,71.01,216.76,0.6676,-1,-1,-1
278,31,275.02,788.32,84.24,274.74,0.6252,-1,-1,-1
278,37,284.29,721.12,95.68,144.34,0.6426,-1,-1,-1
278,29,555.49,411.06,67.11,204.46,0.6520,-1,-1,-1
278,20,942.80,82.02,61.96,176.24,0.4516,-1,-1,-1
278,30,812.40,376.45,62.67,208.94,0.3481,-1,-1,-1
278,35,1030.84,102.02,65.16,178.41,0.3738,-1,-1,-1
278,45,884.76,388.05,63.21,184.02,0.3889,-1,-1,-1
279,1,463.95,146.52,64.94,196.52,0.3521,-1,-1,-1
279,2,201.50,577.19,80.71,250.69,0.5896,-1,-1,-1
279,3,942.98,924.03,85.06,154.03,0.7570,-1,-1,-1
279,4,1720.39,459.42,73.94,209.35,0.5667,-1,-1,-1
279,21,388.12,458.14,80.89,228.35,0.5898,-1,-1,-1
279,6,229.16,423.12,58.73,176.88,0.4414,-1,-1,-1
279,13,465.30,403.69,69.72,213.39,0.6848,-1,-1,-1
279,31,276.83,792.73,83.45,277.89,0.6414,-1,-1,-1
279,37,286.49,725.16,102.32,143.24,0.6490,-1,-1,-1
279,29,554.59,412.75,66.82,204.27,0.6604,-1,-1,-1
279,20,942.31,79.45,61.22,177.51,0.4324,-1,-1,-1
279,30,815.61,378.18,59.79,207.68,0.3967,-1,-1,-1
279,35,1030.57,101.58,63.25,177.22,0.3994,-1,-1,-1
279,45,884.64,390.12,62.54,185.47,0.3319,-1,-1,-1
279,46,747.25,333.53,55.35,187.70,0.4048,-1,-1,-1
280,1,463.58,145.01,66.18,198.73,0.3234,-1,-1,-1
280,2,207.63,581.58,70.01,245.30,0.5344,-1,-1,-1
280,3,942.20,924.53,86.22,153.35,0.7599,-1,-1,-1
280,4,1720.66,459.13,73.29,209.50,0.5722,-1,-1,-1
280,21,388.55,457.46,80.67,230.00,0.6086,-1,-1,-1
280,6,229.38,421.29,58.59,178.19,0.4718,-1,-1,-1
280,13,465.42,405.12,67.63,212.86,0.7120,-1,-1,-1
280,31,277.61,796.52,83.14,278.73,0.6422,-1,-1,-1
280,37,289.43,726.98,106.56,143.58,0.6615,-1,-1,-1
280,29,553.93,414.96,66.48,206.18,0.6500,-1,-1,-1
280,20,941.99,78.49,61.15,178.01,0.4328,-1,-1,-1
280,30,817.67,379.67,57.68,205.52,0.3634,-1,-1,-1
280,35,1028.17,100.49,67.69,179.51,0.4261,-1,-1,-1
280,45,883.71,391.82,63.69,187.97,0.3277,-1,-1,-1
280,46,748.47,337.73,59.66,187.56,0.4455,-1,-1,-1
281,1,463.66,143.97,66.72,199.80,0.3407,-1,-1,-1
281,2,209.33,581.26,70.10,248.76,0.5730,-1,-1,-1
281,3,941.53,924.06,86.69,154.07,0.7632,-1,-1,-1
281,4,1720.07,459.61,74.00,209.09,0.5691,-1,-1,-1
281,21,390.10,456.68,78.71,230.00,0.6385,-1,-1,-1
281,6,228.87,419.26,60.36,183.96,0.4025,-1,-1,-1
281,13,464.95,405.69,66.62,212.89,0.6512,-1,-1,-1
281,31,279.91,798.48,83.40,278.22,0.6532,-1,-1,-1
281,37,293.05,729.82,107.37,142.31,0.6484,-1,-1,-1
281,29,553.40,417.44,65.53,206.55,0.6400,-1,-1,-1
281,20,941.56,77.44,60.67,178.27,0.4340,-1,-1,-1
281,30,818.87,380.62,57.18,201.39,0.3211,-1,-1,-1
281,35,1027.64,100.50,64.26,176.80,0.4628,-1,-1,-1
281,45,885.73,394.62,63.50,185.86,0.3181,-1,-1,-1
281,46,752.02,340.56,57.81,182.93,0.3421,-1,-1,-1
281,5,1439.01,586.42,75.33,240.10,0.4650,-1,-1,-1
282,1,463.83,143.15,67.39,200.66,0.3178,-1,-1,-1
282,2,215.07,584.25,65.07,245.07,0.6071,-1,-1,-1
282,3,940.86,924.07,87.27,153.80,0.7612,-1,-1,-1
282,4,1719.88,460.23,73.77,209.11,0.6168,-1,-1,-1
282,21,390.50,455.40,76.93,229.09,0.6571,-1,-1,-1
282,6,228.47,416.68,61.34,188.71,0.4559,-1,-1,-1
282,13,465.18,406.35,64.90,211.44,0.6620,-1,-1,-1
282,31,281.80,800.35,83.70,277.20,0.7255,-1,-1,-1
282,37,297.76,733.22,107.64,144.58,0.6510,-1,-1,-1
282,29,552.44,419.19,64.87,205.05,0.6606,-1,-1,-1
282,20,940.58,77.21,61.25,177.91,0.4612,-1,-1,-1
282,30,819.98,382.22,57.49,189.86,0.3030,-1,-1,-1
282,35,1025.97,99.79,63.15,175.38,0.4269,-1,-1,-1
282,46,755.48,342.14,57.25,178.36,0.4132,-1,-1,-1
282,5,1439.32,585.76,76.02,240.46,0.4946,-1,-1,-1
282,41,1101.68,92.29,56.75,161.67,0.3526,-1,-1,-1
283,1,464.01,143.77,67.84,199.95,0.3090,-1,-1,-1
283,2,218.84,584.50,64.17,245.09,0.5963,-1,-1,-1
283,3,940.73,923.96,87.61,153.78,0.7738,-1,-1,-1
283,4,1720.45,459.72,73.51,209.41,0.6041,-1,-1,-1
283,21,389.45,452.23,77.88,230.91,0.6525,-1,-1,-1
283,6,228.54,415.02,61.74,185.21,0.4088,-1,-1,-1
283,13,465.47,407.58,64.39,212.07,0.6540,-1,-1,-1
283,31,283.25,800.38,84.56,277.54,0.7057,-1,-1,-1
283,37,302.38,736.35,106.81,140.24,0.5674,-1,-1,-1
283,29,552.61,421.02,62.63,205.67,0.6496,-1,-1,-1
283,20,940.61,78.44,59.25,173.08,0.4838,-1,-1,-1
283,30,820.04,383.14,58.25,194.49,0.3062,-1,-1,-1
283,35,1023.72,98.80,63.12,175.24,0.4518,-1,-1,-1
283,46,759.24,344.01,57.08,175.35,0.3830,-1,-1,-1
283,5,1440.16,584.45,76.67,241.75,0.4685,-1,-1,-1
283,41,1100.43,92.10,57.02,162.02,0.3741,-1,-1,-1
284,1,463.27,143.06,67.73,200.12,0.3430,-1,-1,-1
284,2,222.97,581.24,63.44,252.04,0.5659,-1,-1,-1
284,3,939.30,923.29,88.99,154.57,0.7676,-1,-1,-1
284,4,1720.29,460.05,73.88,209.05,0.5969,-1,-1,-1
284,21,391.15,449.76,75.70,232.03,0.6483,-1,-1,-1
284,6,228.76,412.81,60.60,179.20,0.3737,-1,-1,-1
284,13,464.63,409.16,65.93,214.87,0.6215,-1,-1,-1
284,31,283.55,801.33,86.07,277.13,0.7167,-1,-1,-1
284,37,307.03,738.71,104.37,138.47,0.5649,-1,-1,-1
284,29,552.06,423.23,62.94,208.55,0.6629,-1,-1,-1
284,20,940.73,78.59,58.96,172.09,0.4619,-1,-1,-1
284,35,1021.44,97.42,63.19,176.99,0.4284,-1,-1,-1
284,46,763.07,345.87,57.38,174.28,0.3533,-1,-1,-1
284,5,1440.88,582.34,77.28,244.03,0.4534,-1,-1,-1
284,41,1098.76,92.15,56.96,162.81,0.3392,-1,-1,-1
285,1,463.16,142.87,66.12,200.10,0.3239,-1,-1,-1
285,2,226.93,579.92,63.19,254.19,0.5491,-1,-1,-1
285,3,938.24,922.60,89.54,154.95,0.7723,-1,-1,-1
285,4,1720.43,460.29,74.09,208.45,0.5914,-1,-1,-1
285,21,391.94,448.13,74.35,232.11,0.6452,-1,-1,-1
285,6,227.82,412.46,62.41,183.72,0.3838,-1,-1,-1
285,13,464.45,409.99,66.19,217.33,0.6051,-1,-1,-1
285,31,284.21,802.28,87.34,276.28,0.6994,-1,-1,-1
285,37,308.16,740.83,104.71,138.12,0.5574,-1,-1,-1
285,29,551.24,424.16,61.64,210.65,0.6517,-1,-1,-1
285,20,940.55,78.83,60.15,173.47,0.4665,-1,-1,-1
285,35,1019.70,97.05,65.52,176.54,0.4519,-1,-1,-1
285,46,766.05,349.50,59.12,183.61,0.3533,-1,-1,-1
285,5,1443.81,580.31,78.48,245.64,0.5650,-1,-1,-1
285,41,1096.42,91.29,56.89,162.51,0.3303,-1,-1,-1
286,1,463.15,143.82,63.83,198.16,0.3005,-1,-1,-1
286,2,231.06,578.48,62.91,256.21,0.5470,-1,-1,-1
286,3,939.20,922.17,87.60,155.49,0.7622,-1,-1,-1
286,4,1720.85,460.08,73.26,208.51,0.6184,-1,-1,-1
286,21,392.25,445.92,73.52,231.35,0.6347,-1,-1,-1
286,6,228.71,411.24,62.34,195.94,0.3329,-1,-1,-1
286,13,464.03,411.06,66.42,222.02,0.6053,-1,-1,-1
286,31,284.57,804.14,90.33,273.80,0.7233,-1,-1,-1
286,37,308.73,742.78,104.40,137.76,0.5544,-1,-1,-1
286,29,549.03,425.32,62.75,211.49,0.6244,-1,-1,-1
286,20,940.44,78.54,60.58,174.42,0.4634,-1,-1,-1
286,35,1018.36,97.01,61.45,177.92,0.4906,-1,-1,-1
286,5,1446.44,580.00,78.79,247.30,0.4795,-1,-1,-1
286,41,1095.17,90.13,53.93,164.71,0.3440,-1,-1,-1
286,45,893.51,398.73,65.65,195.69,0.3613,-1,-1,-1
286,30,825.19,386.09,57.28,203.10,0.3702,-1,-1,-1
287,1,462.10,143.60,64.31,198.15,0.3315,-1,-1,-1
287,2,233.42,579.74,63.45,255.32,0.5447,-1,-1,-1
287,3,939.37,922.23,86.68,155.69,0.7800,-1,-1,-1
287,4,1720.66,459.78,73.26,208.93,0.6068,-1,-1,-1
287,21,392.43,444.09,73.57,226.00,0.6042,-1,-1,-1
287,6,229.36,411.42,62.67,207.65,0.3092,-1,-1,-1
287,13,463.93,412.33,65.91,224.06,0.5960,-1,-1,-1
287,31,285.60,808.05,92.83,268.95,0.7517,-1,-1,-1
287,37,310.38,742.86,103.06,139.04,0.5582,-1,-1,-1
287,29,545.72,426.11,64.72,211.34,0.6319,-1,-1,-1
287,20,940.06,78.07,61.12,176.15,0.4507,-1,-1,-1
287,35,1017.62,96.81,60.31,178.02,0.4811,-1,-1,-1
287,5,1449.28,579.79,79.63,247.33,0.5470,-1,-1,-1
287,41,1093.10,90.45,55.14,164.38,0.3661,-1,-1,-1
287,45,893.67,399.47,64.09,195.99,0.3728,-1,-1,-1
287,30,823.55,390.49,67.24,204.54,0.3712,-1,-1,-1
288,1,462.43,143.89,65.78,197.28,0.3234,-1,-1,-1
288,2,234.24,579.44,65.72,255.67,0.5792,-1,-1,-1
288,3,940.08,921.84,84.88,155.92,0.7600,-1,-1,-1
288,4,1720.64,460.03,73.06,208.60,0.6026,-1,-1,-1
288,21,393.15,441.58,72.54,222.80,0.6231,-1,-1,-1
288,6,230.12,410.54,62.71,203.33,0.3249,-1,-1,-1
288,13,462.25,409.60,66.18,227.50,0.5782,-1,-1,-1
288,31,286.50,811.42,94.34,267.36,0.7661,-1,-1,-1
288,37,310.88,743.38,99.11,138.82,0.5782,-1,-1,-1
288,29,542.98,426.64,66.35,210.80,0.6145,-1,-1,-1
288,20,939.00,75.42,59.56,176.20,0.5023,-1,-1,-1
288,35,1017.19,96.01,59.75,176.93,0.5123,-1,-1,-1
288,5,1450.84,582.47,80.93,242.17,0.5275,-1,-1,-1
288,41,1091.70,90.19,55.94,164.49,0.4101,-1,-1,-1
288,45,894.15,400.28,63.86,196.00,0.3706,-1,-1,-1
288,30,824.35,393.54,70.72,203.79,0.4151,-1,-1,-1
289,1,462.71,143.52,64.82,197.89,0.3106,-1,-1,-1
289,2,235.52,580.06,67.82,254.26,0.5509,-1,-1,-1
289,3,940.75,921.28,82.19,156.31,0.7492,-1,-1,-1
289,4,1720.09,459.32,73.88,210.18,0.5915,-1,-1,-1
289,21,393.43,439.33,72.38,221.38,0.6236,-1,-1,-1
289,6,231.56,409.18,61.42,191.02,0.4105,-1,-1,-1
289,13,461.77,411.36,65.43,227.88,0.6396,-1,-1,-1
289,31,288.71,812.63,95.46,266.81,0.7543,-1,-1,-1
289,37,310.69,743.62,98.43,142.06,0.5943,-1,-1,-1
289,29,540.77,427.35,67.64,210.39,0.6193,-1,-1,-1
289,20,938.34,73.91,58.17,175.58,0.5159,-1,-1,-1
289,35,1016.14,94.98,61.43,177.44,0.4767,-1,-1,-1
289,5,1452.10,582.19,82.77,240.43,0.4919,-1,-1,-1
289,41,1091.08,90.87,56.01,164.07,0.3941,-1,-1,-1
289,45,895.76,400.63,64.50,195.10,0.3241,-1,-1,-1
289,30,825.40,394.46,71.06,203.50,0.3776,-1,-1,-1
290,2,236.92,581.32,67.59,253.39,0.5761,-1,-1,-1
290,3,941.43,920.45,79.52,156.66,0.7535,-1,-1,-1
290,4,1720.20,459.41,73.94,209.62,0.5992,-1,-1,-1
290,21,390.46,437.34,75.32,223.66,0.6009,-1,-1,-1
290,6,233.33,408.57,59.94,184.84,0.4551,-1,-1,-1
290,13,460.40,411.77,66.09,230.51,0.6796,-1,-1,-1
290,31,290.45,815.62,96.84,264.69,0.7199,-1,-1,-1
290,37,312.50,744.45,93.59,144.06,0.6312,-1,-1,-1
290,29,539.30,427.56,68.11,210.05,0.6300,-1,-1,-1
290,20,938.13,72.46,56.58,175.60,0.5210,-1,-1,-1
290,35,1015.26,93.96,61.32,177.80,0.4978,-1,-1,-1
290,5,1452.66,587.69,85.66,231.90,0.4023,-1,-1,-1
290,41,1089.06,90.47,57.10,164.56,0.4081,-1,-1,-1
290,45,897.19,401.93,63.61,194.40,0.3320,-1,-1,-1
290,30,825.67,395.13,74.09,203.91,0.4387,-1,-1,-1
290,46,786.73,353.64,53.14,189.11,0.3684,-1,-1,-1
291,2,238.93,581.06,67.71,254.04,0.5583,-1,-1,-1
291,3,941.86,919.89,77.89,156.92,0.7535,-1,-1,-1
291,4,1721.10,459.73,73.41,209.06,0.5849,-1,-1,-1
291,21,386.67,435.41,79.34,226.07,0.5969,-1,-1,-1
291,6,233.29,408.05,60.60,182.73,0.4341,-1,-1,-1
291,13,460.18,412.67,66.29,231.08,0.6569,-1,-1,-1
291,31,292.71,819.70,96.30,260.86,0.7040,-1,-1,-1
291,37,313.31,746.17,91.13,144.07,0.6181,-1,-1,-1
291,29,536.99,428.16,68.82,209.57,0.6354,-1,-1,-1
291,20,938.00,71.07,56.02,177.68,0.5073,-1,-1,-1
291,35,1014.57,93.05,61.13,177.82,0.4531,-1,-1,-1
291,5,1453.51,592.74,86.99,223.61,0.3740,-1,-1,-1
291,41,1087.18,89.39,57.05,165.37,0.3653,-1,-1,-1
291,45,897.02,402.55,63.27,193.44,0.3259,-1,-1,-1
291,30,829.04,397.88,70.08,203.68,0.3208,-1,-1,-1
291,46,790.21,353.91,55.55,193.31,0.4370,-1,-1,-1
292,2,240.99,581.24,71.37,253.36,0.5465,-1,-1,-1
292,3,942.10,919.69,76.19,157.37,0.7396,-1,-1,-1
292,4,1720.29,460.40,74.22,208.64,0.5782,-1,-1,-1
292,21,384.61,434.78,80.82,227.27,0.5705,-1,-1,-1
292,6,232.84,407.35,60.60,183.50,0.4539,-1,-1,-1
292,13,460.22,414.06,66.25,230.70,0.5968,-1,-1,-1
292,31,295.01,825.93,98.90,253.60,0.6388,-1,-1,-1
292,37,315.64,748.85,87.76,142.25,0.5284,-1,-1,-1
292,29,536.90,429.66,68.67,208.03,0.6525,-1,-1,-1
292,20,937.82,69.90,56.29,175.98,0.5262,-1,-1,-1
292,35,1013.68,92.69,61.29,177.56,0.4208,-1,-1,-1
292,5,1460.83,598.05,82.16,222.61,0.4207,-1,-1,-1
292,41,1085.50,88.88,57.56,164.68,0.3721,-1,-1,-1
292,45,897.73,407.00,60.83,187.83,0.3526,-1,-1,-1
292,30,831.33,398.49,66.43,206.07,0.4409,-1,-1,-1
292,46,791.49,352.27,57.05,201.06,0.3079,-1,-1,-1
293,2,242.69,581.80,78.78,253.68,0.5522,-1,-1,-1
293,3,942.50,918.76,72.58,158.77,0.7357,-1,-1,-1
293,4,1720.71,460.71,73.61,208.04,0.5612,-1,-1,-1
293,21,382.28,433.14,82.64,228.37,0.5399,-1,-1,-1
293,6,232.33,406.08,60.82,183.66,0.5320,-1,-1,-1
293,13,459.94,415.03,67.27,228.44,0.5789,-1,-1,-1
293,31,296.27,831.12,95.26,247.34,0.6655,-1,-1,-1
293,37,316.12,751.52,86.48,138.31,0.4064,-1,-1,-1
293,29,535.51,431.99,69.00,206.83,0.6788,-1,-1,-1
293,20,938.05,68.68,56.02,173.37,0.4574,-1,-1,-1
293,35,1012.62,92.03,61.64,178.50,0.3502,-1,-1,-1
293,5,1463.05,598.55,84.19,224.76,0.4391,-1,-1,-1
293,41,1084.44,88.20,56.94,164.73,0.3250,-1,-1,-1
293,45,897.23,411.41,61.73,183.73,0.3423,-1,-1,-1
293,30,832.35,398.85,65.37,206.12,0.3864,-1,-1,-1
294,2,243.63,582.59,84.90,253.53,0.6085,-1,-1,-1
294,3,942.60,918.03,68.78,159.95,0.7533,-1,-1,-1
294,4,1720.36,459.85,74.24,209.45,0.5845,-1,-1,-1
294,21,379.90,432.67,84.16,229.65,0.5556,-1,-1,-1
294,6,232.28,404.86,60.93,181.30,0.5104,-1,-1,-1
294,13,459.18,415.67,68.56,227.36,0.6217,-1,-1,-1
294,31,298.07,836.10,92.94,242.52,0.7191,-1,-1,-1
294,37,323.63,755.01,78.88,136.62,0.4974,-1,-1,-1
294,29,535.06,434.18,69.20,208.51,0.6737,-1,-1,-1
294,20,938.43,67.43,54.68,171.49,0.4327,-1,-1,-1
294,35,1011.79,91.47,59.97,177.76,0.3570,-1,-1,-1
294,5,1458.94,595.69,91.29,228.54,0.5253,-1,-1,-1
294,41,1082.97,87.80,57.49,164.52,0.4089,-1,-1,-1
294,45,897.20,413.42,62.06,182.03,0.3590,-1,-1,-1
294,30,833.92,400.57,63.93,205.00,0.3705,-1,-1,-1
294,47,324.40,753.22,84.18,261.07,0.3935,-1,-1,-1
295,2,244.06,582.88,90.15,252.69,0.6484,-1,-1,-1
295,3,941.83,916.85,66.64,161.60,0.7396,-1,-1,-1
295,4,1719.97,460.15,74.52,209.34,0.5886,-1,-1,-1
295,21,377.09,432.75,86.69,230.49,0.5365,-1,-1,-1
295,6,231.85,402.13,60.73,183.06,0.4393,-1,-1,-1
295,13,459.25,416.16,68.47,225.53,0.6009,-1,-1,-1
295,31,300.37,839.78,90.84,239.54,0.7003,-1,-1,-1
295,37,327.91,758.98,75.96,137.80,0.5066,-1,-1,-1
295,29,534.05,436.06,68.97,209.90,0.6699,-1,-1,-1
295,20,937.87,66.86,54.38,172.47,0.4049,-1,-1,-1
295,35,1010.97,91.46,58.76,178.39,0.3921,-1,-1,-1
295,5,1458.58,595.91,93.39,228.17,0.4853,-1,-1,-1
295,41,1081.61,86.88,56.90,165.60,0.4010,-1,-1,-1
295,45,896.98,412.51,62.15,184.38,0.3723,-1,-1,-1
295,30,833.90,401.64,64.00,203.86,0.3745,-1,-1,-1
295,47,327.43,756.88,84.38,255.52,0.4057,-1,-1,-1
296,2,244.47,583.31,91.41,251.92,0.6710,-1,-1,-1
296,3,941.44,915.87,63.87,162.50,0.7561,-1,-1,-1
296,4,1720.14,460.03,73.98,209.22,0.5955,-1,-1,-1
296,21,376.29,431.18,86.34,232.14,0.5342,-1,-1,-1
296,6,231.78,400.65,61.85,181.92,0.5077,-1,-1,-1
296,13,458.28,418.38,70.38,223.80,0.6248,-1,-1,-1
296,31,301.98,842.83,90.98,236.53,0.7255,-1,-1,-1
296,37,329.57,761.62,76.81,138.71,0.4921,-1,-1,-1
296,29,534.32,438.45,67.96,206.96,0.6740,-1,-1,-1
296,20,937.61,65.89,54.00,172.19,0.4515,-1,-1,-1
296,35,1010.17,90.85,57.67,179.13,0.4056,-1,-1,-1
296,5,1459.90,598.06,95.53,226.93,0.4934,-1,-1,-1
296,41,1080.26,86.44,56.73,165.39,0.4088,-1,-1,-1
296,45,896.76,412.40,62.54,189.24,0.4579,-1,-1,-1
296,30,833.40,401.89,63.64,203.91,0.4096,-1,-1,-1
296,47,329.01,761.21,79.45,163.34,0.4921,-1,-1,-1
297,2,245.49,584.76,91.68,250.82,0.6618,-1,-1,-1
297,3,941.29,915.09,62.32,163.86,0.7560,-1,-1,-1
297,4,1719.79,460.32,73.84,208.98,0.5756,-1,-1,-1
297,21,376.32,429.91,85.44,233.19,0.5012,-1,-1,-1
297,6,232.89,399.80,61.37,182.67,0.5714,-1,-1,-1
297,13,457.55,419.48,69.59,222.32,0.6301,-1,-1,-1
297,31,303.39,843.82,91.32,235.94,0.7409,-1,-1,-1
297,37,331.83,764.92,76.68,139.49,0.5168,-1,-1,-1
297,29,534.41,440.77,66.07,205.88,0.6665,-1,-1,-1
297,20,936.98,64.82,54.16,173.45,0.4155,-1,-1,-1
297,35,1009.22,90.36,57.55,179.69,0.3721,-1,-1,-1
297,5,1461.10,597.14,99.41,228.87,0.5440,-1,-1,-1
297,41,1079.01,86.83,56.71,164.36,0.3425,-1,-1,-1
297,45,895.74,413.03,63.81,193.80,0.4661,-1,-1,-1
297,30,833.58,401.33,63.02,207.01,0.3726,-1,-1,-1
297,47,331.39,765.35,77.40,138.54,0.5168,-1,-1,-1
298,2,246.32,585.00,91.35,250.06,0.6280,-1,-1,-1
298,3,940.90,914.61,62.33,164.96,0.7687,-1,-1,-1
298,4,1720.69,460.75,73.40,208.29,0.5996,-1,-1,-1
298,21,375.97,429.50,85.15,230.60,0.5243,-1,-1,-1
298,6,234.00,398.66,61.22,184.13,0.5572,-1,-1,-1
298,13,456.92,420.14,69.17,221.69,0.6303,-1,-1,-1
298,31,304.78,845.42,92.52,234.78,0.7523,-1,-1,-1
298,37,334.12,767.56,77.86,142.92,0.5770,-1,-1,-1
298,29,534.51,442.88,65.27,202.86,0.6479,-1,-1,-1
298,20,936.58,64.15,55.10,172.35,0.4242,-1,-1,-1
298,35,1009.65,91.67,57.42,175.62,0.3666,-1,-1,-1
298,5,1462.68,598.55,102.72,229.21,0.5540,-1,-1,-1
298,41,1077.57,86.08,57.36,165.12,0.3685,-1,-1,-1
298,45,895.23,414.46,64.77,196.67,0.4875,-1,-1,-1
298,30,831.80,400.83,65.41,209.57,0.3240,-1,-1,-1
298,47,333.76,767.75,78.14,138.87,0.5770,-1,-1,-1
299,2,248.65,584.07,89.50,250.37,0.6829,-1,-1,-1
299,3,940.26,913.74,61.51,165.50,0.7748,-1,-1,-1
299,4,1720.59,461.35,73.39,207.70,0.5952,-1,-1,-1
299,21,377.01,428.31,83.49,228.82,0.5592,-1,-1,-1
299,6,233.83,397.56,61.58,183.96,0.5951,-1,-1,-1
299,13,456.66,421.08,68.66,223.18,0.6464,-1,-1,-1
299,31,305.77,846.56,93.22,233.67,0.7641,-1,-1,-1
299,37,338.60,770.46,77.41,144.24,0.6277,-1,-1,-1
299,29,534.92,444.40,64.24,203.17,0.6516,-1,-1,-1
299,20,936.43,63.67,55.97,171.32,0.4305,-1,-1,-1
299,35,1009.34,89.19,57.01,181.27,0.3995,-1,-1,-1
299,5,1463.06,594.38,104.41,234.50,0.5895,-1,-1,-1
299,41,1075.03,84.29,57.41,168.54,0.3209,-1,-1,-1
299,45,895.03,415.64,64.78,197.18,0.5023,-1,-1,-1
299,47,338.45,770.73,77.47,138.85,0.6277,-1,-1,-1
300,2,250.06,583.62,89.86,249.71,0.6895,-1,-1,-1
300,3,940.20,913.81,60.29,165.28,0.7696,-1,-1,-1
300,4,1721.48,460.90,72.47,208.22,0.5807,-1,-1,-1
300,21,379.03,426.10,81.23,225.22,0.5439,-1,-1,-1
300,6,234.04,397.28,60.71,183.93,0.5750,-1,-1,-1
300,13,456.31,423.13,68.51,223.82,0.6617,-1,-1,-1
300,31,307.13,847.31,94.24,232.89,0.7498,-1,-1,-1
300,37,343.54,772.65,75.89,146.04,0.6383,-1,-1,-1
300,29,534.67,445.74,64.19,204.05,0.6557,-1,-1,-1
300,20,935.78,63.03,56.49,172.54,0.4551,-1,-1,-1
300,35,1008.62,86.98,56.58,184.27,0.4005,-1,-1,-1
300,5,1464.26,591.28,105.02,238.27,0.5963,-1,-1,-1
300,45,895.65,416.56,63.57,198.00,0.4480,-1,-1,-1
300,47,343.53,772.82,75.82,141.21,0.6383,-1,-1,-1
