1,7,798.29,307.67,46.04,140.81,0.3543,-1,-1,-1
1,6,1058.82,293.53,82.78,324.77,0.4008,-1,-1,-1
1,5,740.97,330.80,42.17,124.87,0.4072,-1,-1,-1
1,4,403.99,277.97,107.41,319.40,0.8106,-1,-1,-1
1,3,546.17,271.41,94.46,315.82,0.8119,-1,-1,-1
1,2,874.76,152.61,238.81,626.87,0.8143,-1,-1,-1
1,1,0.00,8.85,351.22,1061.89,0.9275,-1,-1,-1
2,6,1053.54,291.45,87.62,330.35,0.4811,-1,-1,-1
2,4,397.44,274.23,111.17,321.43,0.8139,-1,-1,-1
2,3,542.37,266.29,95.57,322.59,0.8085,-1,-1,-1
2,2,869.90,148.58,234.31,629.16,0.8053,-1,-1,-1
2,1,0.35,6.12,344.95,1064.55,0.9307,-1,-1,-1
3,6,1047.81,293.71,91.76,333.77,0.5739,-1,-1,-1
3,5,738.72,329.40,39.37,123.91,0.3181,-1,-1,-1
3,4,390.27,274.51,108.39,322.70,0.8446,-1,-1,-1
3,3,536.26,265.86,97.32,327.52,0.8042,-1,-1,-1
3,2,864.86,152.67,225.76,627.16,0.8283,-1,-1,-1
3,1,0.48,5.08,338.75,1062.28,0.9292,-1,-1,-1
4,6,1044.01,292.53,90.68,344.46,0.5789,-1,-1,-1
4,5,732.75,324.51,41.52,129.64,0.4028,-1,-1,-1
4,4,381.03,270.58,112.41,328.24,0.8421,-1,-1,-1
4,3,531.73,264.83,95.92,328.89,0.8075,-1,-1,-1
4,2,870.60,153.17,216.99,629.10,0.8344,-1,-1,-1
4,1,0.43,3.40,324.55,1061.43,0.9252,-1,-1,-1
5,8,691.41,333.63,37.73,109.82,0.3967,-1,-1,-1
5,6,1049.60,292.17,82.05,343.44,0.5786,-1,-1,-1
5,5,730.38,321.19,43.90,125.73,0.3937,-1,-1,-1
5,4,376.61,264.07,111.32,332.41,0.8346,-1,-1,-1
5,3,526.08,262.09,97.59,334.87,0.8087,-1,-1,-1
5,2,880.17,151.48,204.92,638.45,0.8186,-1,-1,-1
5,1,0.66,3.44,308.87,1062.93,0.9159,-1,-1,-1
6,8,687.90,333.58,39.76,116.07,0.4196,-1,-1,-1
6,7,787.27,319.68,40.43,119.15,0.3039,-1,-1,-1
6,6,1046.35,293.57,81.60,344.60,0.5863,-1,-1,-1
6,5,728.44,324.58,38.14,110.69,0.3996,-1,-1,-1
6,4,372.56,261.79,110.81,334.82,0.8305,-1,-1,-1
6,3,519.69,262.36,102.16,335.24,0.7972,-1,-1,-1
6,2,885.41,150.71,197.17,624.63,0.8032,-1,-1,-1
6,1,0.74,21.68,288.57,1053.28,0.8776,-1,-1,-1
7,9,864.11,254.71,80.27,307.17,0.5744,-1,-1,-1
7,8,684.82,332.01,41.82,120.82,0.4064,-1,-1,-1
7,7,784.91,314.87,41.04,127.54,0.3461,-1,-1,-1
7,6,1040.53,296.98,85.01,346.15,0.6034,-1,-1,-1
7,5,726.09,321.41,39.46,124.33,0.4656,-1,-1,-1
7,4,363.01,260.81,114.46,338.42,0.8224,-1,-1,-1
7,3,515.26,258.97,101.98,345.69,0.7800,-1,-1,-1
7,2,892.16,153.32,189.08,619.36,0.8162,-1,-1,-1
7,1,0.90,79.64,270.38,990.61,0.9035,-1,-1,-1
8,9,863.31,265.41,71.96,298.48,0.5858,-1,-1,-1
8,8,682.69,331.91,39.89,120.97,0.5018,-1,-1,-1
8,7,782.96,301.84,50.55,146.27,0.4131,-1,-1,-1
8,6,1037.07,299.86,88.30,345.92,0.6753,-1,-1,-1
8,5,723.47,321.06,41.43,127.42,0.5083,-1,-1,-1
8,4,352.62,260.16,119.52,342.41,0.8266,-1,-1,-1
8,3,511.33,263.33,101.30,345.21,0.8154,-1,-1,-1
8,2,889.49,152.43,191.41,628.85,0.7931,-1,-1,-1
8,1,0.78,89.25,257.84,981.57,0.8960,-1,-1,-1
9,9,862.42,263.44,72.75,300.94,0.5881,-1,-1,-1
9,8,679.70,333.98,37.01,120.40,0.4072,-1,-1,-1
9,7,782.94,305.93,41.10,140.98,0.3866,-1,-1,-1
9,6,1036.77,303.90,84.13,348.25,0.6621,-1,-1,-1
9,5,721.41,321.22,38.67,131.84,0.5789,-1,-1,-1
9,4,348.07,261.12,120.09,343.23,0.8186,-1,-1,-1
9,3,506.55,262.45,103.18,342.61,0.8364,-1,-1,-1
9,2,886.75,154.37,188.52,625.91,0.7894,-1,-1,-1
9,1,0.06,99.86,220.91,972.59,0.8638,-1,-1,-1
10,9,861.72,260.52,72.80,304.15,0.5662,-1,-1,-1
10,8,676.50,336.69,41.69,123.56,0.4889,-1,-1,-1
10,7,776.91,297.02,49.89,156.61,0.4913,-1,-1,-1
10,6,1037.41,299.94,81.44,353.68,0.7003,-1,-1,-1
10,5,720.62,324.88,40.51,131.30,0.5862,-1,-1,-1
10,4,346.25,259.40,116.48,347.06,0.8078,-1,-1,-1
10,3,499.51,264.93,107.44,347.19,0.8259,-1,-1,-1
10,2,879.58,157.56,190.81,622.86,0.8161,-1,-1,-1
10,1,1.08,104.93,204.05,962.18,0.7268,-1,-1,-1
11,9,862.24,278.47,66.95,288.91,0.5329,-1,-1,-1
11,8,676.51,341.57,40.73,115.87,0.4718,-1,-1,-1
11,7,777.16,320.20,46.75,133.33,0.5637,-1,-1,-1
11,6,1039.35,295.57,73.44,360.95,0.6633,-1,-1,-1
11,5,719.26,326.61,38.64,129.06,0.5182,-1,-1,-1
11,4,337.20,262.55,121.44,348.76,0.7889,-1,-1,-1
11,3,492.56,261.80,109.99,354.10,0.8231,-1,-1,-1
11,2,878.47,156.27,188.65,631.71,0.8167,-1,-1,-1
11,1,0.92,108.33,174.50,957.97,0.7332,-1,-1,-1
12,10,828.96,324.19,43.23,122.09,0.3621,-1,-1,-1
12,9,864.20,240.01,67.40,325.54,0.3897,-1,-1,-1
12,8,673.83,339.17,40.58,121.73,0.4348,-1,-1,-1
12,7,773.81,320.12,53.11,134.24,0.5494,-1,-1,-1
12,6,1037.27,296.72,71.32,362.03,0.6770,-1,-1,-1
12,5,717.93,327.55,41.72,132.24,0.5499,-1,-1,-1
12,4,324.39,265.44,129.48,351.67,0.8274,-1,-1,-1
12,3,490.36,257.79,110.36,359.00,0.7974,-1,-1,-1
12,2,868.47,158.54,190.72,633.29,0.8356,-1,-1,-1
12,1,0.35,115.15,160.69,677.21,0.7881,-1,-1,-1
13,10,829.62,326.73,43.69,120.57,0.4357,-1,-1,-1
13,8,672.78,340.55,39.23,123.14,0.4347,-1,-1,-1
13,7,772.24,321.63,52.02,133.53,0.5424,-1,-1,-1
13,6,1035.50,300.46,73.80,351.38,0.6952,-1,-1,-1
13,5,717.10,328.03,40.31,133.17,0.4863,-1,-1,-1
13,4,317.74,264.92,134.83,356.38,0.8302,-1,-1,-1
13,3,482.32,255.15,114.44,362.09,0.8271,-1,-1,-1
13,2,860.51,155.18,198.82,640.29,0.8253,-1,-1,-1
13,1,0.52,141.86,139.12,592.94,0.8200,-1,-1,-1
14,10,828.28,325.21,44.03,122.71,0.4667,-1,-1,-1
14,8,672.30,343.04,36.73,119.31,0.3725,-1,-1,-1
14,7,773.23,324.19,46.54,129.18,0.5625,-1,-1,-1
14,6,1033.52,290.92,74.34,358.90,0.6842,-1,-1,-1
14,5,714.76,327.49,44.76,133.59,0.5337,-1,-1,-1
14,4,313.58,266.85,135.80,359.02,0.8351,-1,-1,-1
14,3,478.95,254.94,115.08,364.26,0.8364,-1,-1,-1
14,2,852.20,152.90,203.91,645.08,0.7862,-1,-1,-1
14,1,0.34,181.62,116.81,581.92,0.8183,-1,-1,-1
15,10,827.74,329.16,43.63,120.05,0.4348,-1,-1,-1
15,8,671.91,345.97,33.73,110.40,0.4075,-1,-1,-1
15,7,772.59,322.55,47.19,129.60,0.5425,-1,-1,-1
15,6,1028.86,282.00,79.40,371.67,0.6672,-1,-1,-1
15,5,713.70,330.64,46.50,129.82,0.5302,-1,-1,-1
15,4,316.23,269.88,130.85,359.49,0.8286,-1,-1,-1
15,3,474.90,257.30,119.93,360.73,0.8390,-1,-1,-1
15,2,839.20,153.23,211.24,637.07,0.7979,-1,-1,-1
15,1,0.00,244.21,83.04,548.67,0.5546,-1,-1,-1
16,10,828.73,333.60,42.20,115.86,0.4191,-1,-1,-1
16,8,671.20,349.26,32.27,108.27,0.4414,-1,-1,-1
16,7,770.99,323.44,49.88,129.23,0.5743,-1,-1,-1
16,6,1026.12,274.64,83.43,380.08,0.6328,-1,-1,-1
16,5,713.90,330.60,45.37,130.49,0.5304,-1,-1,-1
16,4,310.31,269.70,134.70,366.46,0.8396,-1,-1,-1
16,3,472.84,256.46,123.04,366.31,0.8447,-1,-1,-1
16,2,836.08,153.40,215.06,640.30,0.8020,-1,-1,-1
17,10,829.34,338.61,41.15,116.45,0.4206,-1,-1,-1
17,8,671.18,346.29,33.18,119.62,0.4480,-1,-1,-1
17,7,770.23,325.65,52.32,129.60,0.5934,-1,-1,-1
17,6,1022.56,275.41,89.19,377.74,0.6611,-1,-1,-1
17,5,713.16,329.72,46.85,136.38,0.5726,-1,-1,-1
17,4,309.38,275.41,132.77,367.59,0.8504,-1,-1,-1
17,3,471.80,259.01,123.12,367.22,0.8425,-1,-1,-1
17,2,834.99,155.04,218.12,643.47,0.8270,-1,-1,-1
18,10,829.16,338.81,42.68,118.29,0.3606,-1,-1,-1
18,7,772.57,316.20,50.01,144.94,0.4270,-1,-1,-1
18,6,1020.87,254.21,89.72,397.31,0.6970,-1,-1,-1
18,5,714.37,333.11,46.48,136.19,0.4783,-1,-1,-1
18,4,311.30,278.67,131.41,369.35,0.8304,-1,-1,-1
18,3,469.00,259.30,126.92,374.49,0.8380,-1,-1,-1
18,2,838.42,158.47,213.52,655.65,0.8572,-1,-1,-1
19,10,830.57,348.27,45.41,111.17,0.3046,-1,-1,-1
19,7,772.92,334.58,50.75,129.04,0.5105,-1,-1,-1
19,6,1013.85,255.20,96.12,398.79,0.7187,-1,-1,-1
19,5,715.97,338.52,45.38,138.70,0.4879,-1,-1,-1
19,4,294.37,281.09,147.63,379.33,0.8303,-1,-1,-1
19,3,467.36,264.84,130.85,379.45,0.8214,-1,-1,-1
19,2,845.40,159.76,199.32,658.78,0.8586,-1,-1,-1
20,10,827.42,357.33,49.73,106.42,0.3492,-1,-1,-1
20,7,773.03,334.80,51.96,131.48,0.5669,-1,-1,-1
20,6,1010.86,249.73,99.67,410.69,0.7665,-1,-1,-1
20,5,718.13,342.94,42.58,140.44,0.5284,-1,-1,-1
20,4,297.85,287.46,145.70,378.87,0.8284,-1,-1,-1
20,3,469.19,273.12,129.43,379.03,0.8268,-1,-1,-1
20,2,847.77,168.20,194.20,654.47,0.8635,-1,-1,-1
21,7,772.70,335.23,59.84,131.63,0.3777,-1,-1,-1
21,6,1016.88,249.92,107.79,414.99,0.8079,-1,-1,-1
21,4,305.04,287.34,144.65,384.47,0.8442,-1,-1,-1
21,3,472.34,273.76,134.08,389.12,0.8124,-1,-1,-1
21,2,863.42,170.03,184.15,656.78,0.8511,-1,-1,-1
22,9,853.14,358.04,52.07,109.09,0.3251,-1,-1,-1
22,7,798.15,340.93,52.08,136.76,0.5636,-1,-1,-1
22,6,1032.31,251.81,107.78,418.04,0.7957,-1,-1,-1
22,4,324.26,288.33,143.43,386.27,0.8275,-1,-1,-1
22,3,496.37,276.49,127.43,390.68,0.8248,-1,-1,-1
22,2,881.81,168.41,187.59,660.23,0.8537,-1,-1,-1
23,11,753.40,350.77,47.42,131.50,0.3741,-1,-1,-1
23,6,1040.16,255.19,113.77,421.05,0.8010,-1,-1,-1
23,5,705.44,366.35,40.38,126.94,0.4195,-1,-1,-1
23,4,332.28,291.55,144.87,386.26,0.8289,-1,-1,-1
23,3,508.09,281.92,128.52,392.95,0.8267,-1,-1,-1
23,2,882.96,170.94,190.59,664.28,0.8619,-1,-1,-1
24,11,767.79,352.00,42.38,138.62,0.5112,-1,-1,-1
24,10,824.68,347.55,47.36,132.68,0.5156,-1,-1,-1
24,6,1046.83,258.59,120.94,414.59,0.8175,-1,-1,-1
24,5,716.65,368.09,41.94,126.17,0.5326,-1,-1,-1
24,4,342.72,293.26,146.50,391.17,0.8330,-1,-1,-1
24,3,517.20,285.40,130.96,396.36,0.8445,-1,-1,-1
24,2,879.34,173.43,203.51,662.88,0.8683,-1,-1,-1
25,11,777.53,351.90,48.37,140.21,0.4209,-1,-1,-1
25,6,1057.66,259.51,123.59,417.56,0.8358,-1,-1,-1
25,5,731.94,368.16,39.20,130.14,0.4547,-1,-1,-1
25,4,355.25,294.79,144.54,387.71,0.8319,-1,-1,-1
25,3,523.56,284.77,134.74,405.13,0.8443,-1,-1,-1
25,2,874.13,173.31,210.93,658.25,0.8634,-1,-1,-1
26,11,794.69,353.68,44.85,132.13,0.3051,-1,-1,-1
26,6,1065.91,262.81,134.90,421.94,0.8313,-1,-1,-1
26,5,744.84,377.87,40.75,118.49,0.3271,-1,-1,-1
26,4,365.33,295.36,150.94,395.90,0.8537,-1,-1,-1
26,3,540.60,294.81,130.45,403.97,0.7980,-1,-1,-1
26,2,879.19,174.37,217.59,653.47,0.8694,-1,-1,-1
27,12,1875.92,551.37,43.51,206.76,0.3686,-1,-1,-1
27,11,806.74,355.05,50.84,137.41,0.3705,-1,-1,-1
27,9,868.01,339.40,52.81,150.33,0.3368,-1,-1,-1
27,6,1081.97,268.22,138.62,416.56,0.8297,-1,-1,-1
27,5,763.34,377.90,36.74,127.04,0.3307,-1,-1,-1
27,4,382.58,300.02,143.66,396.99,0.8406,-1,-1,-1
27,3,554.41,293.35,132.68,412.14,0.8309,-1,-1,-1
27,2,880.14,177.22,227.77,656.71,0.8630,-1,-1,-1
28,11,818.27,364.91,41.34,131.08,0.4378,-1,-1,-1
28,6,1087.19,275.49,139.05,415.71,0.8360,-1,-1,-1
28,5,768.94,382.76,39.51,126.45,0.4183,-1,-1,-1
28,4,385.13,306.73,148.49,398.48,0.8611,-1,-1,-1
28,3,562.31,300.19,131.67,412.75,0.8469,-1,-1,-1
28,2,883.20,185.69,234.60,658.15,0.8748,-1,-1,-1
29,10,819.34,368.20,45.40,145.37,0.5042,-1,-1,-1
29,6,1091.34,280.02,143.25,429.62,0.8128,-1,-1,-1
29,5,772.50,387.13,41.21,129.71,0.3731,-1,-1,-1
29,4,392.53,309.96,141.38,405.39,0.8420,-1,-1,-1
29,3,564.50,299.80,133.95,417.22,0.8639,-1,-1,-1
29,2,883.69,192.31,224.18,659.63,0.8794,-1,-1,-1
30,11,826.49,370.99,49.30,141.11,0.4914,-1,-1,-1
30,6,1097.74,282.10,151.00,432.58,0.8322,-1,-1,-1
30,4,396.95,312.59,144.46,412.76,0.8394,-1,-1,-1
30,3,567.78,299.45,137.84,416.20,0.8519,-1,-1,-1
30,2,887.62,196.62,224.87,661.05,0.8922,-1,-1,-1
31,11,837.75,380.15,42.78,137.84,0.5141,-1,-1,-1
31,6,1101.94,285.60,154.06,435.56,0.8545,-1,-1,-1
31,5,790.12,393.54,41.28,125.60,0.4837,-1,-1,-1
31,4,400.21,318.67,145.16,418.63,0.8435,-1,-1,-1
31,3,572.89,301.68,136.44,419.45,0.8356,-1,-1,-1
31,2,888.23,202.06,227.68,665.27,0.8832,-1,-1,-1
32,11,841.18,380.19,42.70,147.36,0.5932,-1,-1,-1
32,6,1103.29,290.81,155.37,430.44,0.8578,-1,-1,-1
32,5,792.92,399.93,46.38,127.85,0.3946,-1,-1,-1
32,4,401.77,323.97,145.53,418.18,0.8573,-1,-1,-1
32,3,577.86,304.91,134.21,429.68,0.8523,-1,-1,-1
32,2,889.80,209.68,232.11,669.04,0.8843,-1,-1,-1
33,11,846.00,388.92,44.85,144.68,0.5306,-1,-1,-1
33,6,1105.76,299.97,163.26,428.73,0.8557,-1,-1,-1
33,5,799.07,401.88,41.97,126.94,0.3542,-1,-1,-1
33,4,403.70,329.54,148.98,417.90,0.8586,-1,-1,-1
33,3,580.46,307.46,139.39,431.07,0.8464,-1,-1,-1
33,2,894.13,213.35,232.95,669.83,0.8824,-1,-1,-1
34,11,847.43,392.62,48.46,147.49,0.5586,-1,-1,-1
34,6,1107.96,303.01,163.24,421.77,0.8550,-1,-1,-1
34,5,799.85,407.74,48.58,130.69,0.3365,-1,-1,-1
34,4,399.73,333.09,149.88,427.06,0.8418,-1,-1,-1
34,3,585.53,308.99,135.49,433.70,0.8412,-1,-1,-1
34,2,895.03,220.48,241.36,672.78,0.8748,-1,-1,-1
35,11,849.60,396.99,48.66,146.03,0.5384,-1,-1,-1
35,6,1110.51,306.71,165.21,418.50,0.8461,-1,-1,-1
35,5,802.59,408.37,49.77,135.24,0.4807,-1,-1,-1
35,4,397.19,336.60,151.78,435.59,0.8268,-1,-1,-1
35,3,589.20,313.98,135.42,439.75,0.8299,-1,-1,-1
35,2,902.34,227.98,235.15,677.02,0.8777,-1,-1,-1
36,6,1113.75,311.61,161.86,418.37,0.8511,-1,-1,-1
36,5,804.93,413.39,50.10,134.36,0.4319,-1,-1,-1
36,4,392.15,340.78,152.20,440.52,0.8543,-1,-1,-1
36,3,591.40,319.27,140.34,441.56,0.8214,-1,-1,-1
36,2,906.37,233.92,230.90,678.08,0.8840,-1,-1,-1
37,11,861.60,414.60,42.56,131.95,0.4535,-1,-1,-1
37,6,1118.83,315.30,160.96,425.76,0.8438,-1,-1,-1
37,5,806.01,424.35,50.58,128.42,0.3624,-1,-1,-1
37,4,388.51,342.98,148.69,447.18,0.8665,-1,-1,-1
37,3,593.32,323.05,134.20,446.73,0.8044,-1,-1,-1
37,2,905.69,242.84,231.95,676.41,0.8903,-1,-1,-1
38,11,865.48,416.92,40.07,136.68,0.6131,-1,-1,-1
38,6,1118.64,321.49,162.89,420.56,0.8463,-1,-1,-1
38,5,808.24,433.07,53.79,129.13,0.3782,-1,-1,-1
38,4,381.31,347.32,153.73,447.84,0.8690,-1,-1,-1
38,3,594.26,329.09,135.12,450.45,0.8259,-1,-1,-1
38,2,913.44,248.31,226.50,676.53,0.8889,-1,-1,-1
39,11,863.70,424.79,43.84,134.43,0.5074,-1,-1,-1
39,6,1125.17,328.38,157.54,429.41,0.8541,-1,-1,-1
39,5,810.96,439.29,49.15,114.97,0.3247,-1,-1,-1
39,4,375.96,350.61,157.37,453.15,0.8802,-1,-1,-1
39,3,591.07,333.19,139.10,461.88,0.8165,-1,-1,-1
39,2,923.42,254.79,218.91,679.15,0.8846,-1,-1,-1
40,11,862.72,426.82,48.66,148.35,0.5479,-1,-1,-1
40,6,1128.15,335.57,157.10,432.63,0.8542,-1,-1,-1
40,4,371.11,356.01,159.45,455.45,0.8740,-1,-1,-1
40,3,584.48,344.43,146.04,468.98,0.7965,-1,-1,-1
40,2,928.10,256.19,214.64,686.82,0.8765,-1,-1,-1
41,11,862.58,432.93,48.00,145.05,0.4787,-1,-1,-1
41,10,806.05,452.27,56.10,127.24,0.3320,-1,-1,-1
41,6,1133.60,339.36,152.65,429.77,0.8500,-1,-1,-1
41,4,355.88,355.36,169.34,458.12,0.8626,-1,-1,-1
41,3,581.50,342.56,145.61,474.92,0.8022,-1,-1,-1
41,2,927.25,258.62,211.64,682.27,0.8804,-1,-1,-1
42,11,863.25,435.68,46.00,147.07,0.4658,-1,-1,-1
42,10,808.03,459.93,53.50,127.56,0.3295,-1,-1,-1
42,6,1134.71,348.25,149.20,427.51,0.8558,-1,-1,-1
42,4,343.50,357.05,174.27,466.42,0.8716,-1,-1,-1
42,3,576.48,347.61,149.83,480.60,0.7102,-1,-1,-1
42,2,931.52,266.00,207.24,672.33,0.8822,-1,-1,-1
43,11,859.52,442.01,46.28,134.87,0.3506,-1,-1,-1
43,6,1130.88,354.05,151.53,429.49,0.8571,-1,-1,-1
43,4,331.00,363.60,177.88,470.39,0.8483,-1,-1,-1
43,3,572.40,352.50,142.36,481.17,0.8054,-1,-1,-1
43,2,933.25,273.24,200.57,659.73,0.8819,-1,-1,-1
44,11,855.55,442.32,45.77,148.26,0.3893,-1,-1,-1
44,6,1128.01,363.14,152.11,423.54,0.8564,-1,-1,-1
44,4,315.91,366.46,183.80,477.55,0.8581,-1,-1,-1
44,3,566.92,357.13,141.60,491.95,0.8117,-1,-1,-1
44,2,931.49,279.57,199.72,657.73,0.8857,-1,-1,-1
45,11,847.13,450.26,49.79,146.63,0.4301,-1,-1,-1
45,6,1124.29,368.77,150.51,426.47,0.8408,-1,-1,-1
45,4,302.91,371.91,189.33,489.67,0.8454,-1,-1,-1
45,3,561.51,361.80,138.97,502.14,0.8246,-1,-1,-1
45,2,929.68,284.57,198.44,660.59,0.8876,-1,-1,-1
46,11,845.55,457.21,50.35,147.66,0.4778,-1,-1,-1
46,6,1121.59,376.92,150.08,434.07,0.8509,-1,-1,-1
46,4,292.56,379.25,188.88,504.08,0.8413,-1,-1,-1
46,3,554.46,364.22,140.79,507.85,0.8213,-1,-1,-1
46,2,925.43,293.69,198.24,667.44,0.8866,-1,-1,-1
47,6,1117.40,382.24,146.39,434.68,0.8357,-1,-1,-1
47,5,842.72,471.54,49.32,133.64,0.3350,-1,-1,-1
47,4,269.99,383.51,202.56,522.36,0.8436,-1,-1,-1
47,3,545.95,370.13,145.15,513.75,0.8248,-1,-1,-1
47,2,921.49,303.26,194.85,670.40,0.8781,-1,-1,-1
48,11,838.34,466.93,47.34,153.92,0.6837,-1,-1,-1
48,6,1113.63,390.13,138.35,435.60,0.8321,-1,-1,-1
48,4,256.54,393.32,206.56,529.40,0.8569,-1,-1,-1
48,3,531.81,372.06,151.83,525.17,0.8578,-1,-1,-1
48,2,915.66,309.97,196.55,680.61,0.8774,-1,-1,-1
49,11,831.80,472.51,50.19,151.34,0.4995,-1,-1,-1
49,6,1104.73,395.46,147.16,434.31,0.8530,-1,-1,-1
49,4,239.64,399.63,212.04,534.41,0.8719,-1,-1,-1
49,3,524.35,376.61,154.17,532.28,0.8508,-1,-1,-1
49,2,908.63,319.91,194.54,685.08,0.8784,-1,-1,-1
50,15,766.60,491.78,48.25,142.56,0.3133,-1,-1,-1
50,11,821.90,476.48,51.62,154.77,0.5770,-1,-1,-1
50,6,1099.77,399.58,142.70,440.12,0.8538,-1,-1,-1
50,5,869.31,486.09,34.72,126.96,0.3400,-1,-1,-1
50,4,223.87,406.84,219.28,521.45,0.8353,-1,-1,-1
50,3,520.20,383.41,154.98,537.64,0.8387,-1,-1,-1
50,2,903.87,328.39,193.31,684.24,0.8773,-1,-1,-1
51,11,815.82,480.00,56.33,156.28,0.5905,-1,-1,-1
51,6,1094.96,403.16,145.27,439.68,0.8680,-1,-1,-1
51,4,207.46,413.25,223.03,516.99,0.8440,-1,-1,-1
51,3,510.02,385.69,157.09,544.87,0.8470,-1,-1,-1
51,2,898.64,335.74,190.29,685.68,0.8694,-1,-1,-1
52,15,756.10,498.64,49.41,134.75,0.3138,-1,-1,-1
52,11,811.67,491.93,54.74,142.39,0.3282,-1,-1,-1
52,6,1091.95,404.19,146.31,443.03,0.8645,-1,-1,-1
52,4,195.40,417.04,225.93,559.58,0.8293,-1,-1,-1
52,3,501.29,388.02,160.22,545.63,0.8376,-1,-1,-1
52,2,893.39,342.50,189.41,684.34,0.8759,-1,-1,-1
53,15,753.91,501.90,52.21,139.10,0.3277,-1,-1,-1
53,11,810.84,491.91,52.87,146.90,0.6582,-1,-1,-1
53,6,1083.32,408.36,154.81,443.18,0.8652,-1,-1,-1
53,5,860.36,509.80,34.25,115.42,0.3062,-1,-1,-1
53,4,186.19,419.69,220.46,567.23,0.8704,-1,-1,-1
53,3,494.01,396.24,162.55,549.13,0.8404,-1,-1,-1
53,2,888.07,348.10,190.25,681.19,0.8783,-1,-1,-1
54,11,811.46,493.08,50.59,138.25,0.5952,-1,-1,-1
54,6,1077.27,409.19,160.25,446.09,0.8712,-1,-1,-1
54,4,175.05,420.67,224.58,574.71,0.8822,-1,-1,-1
54,3,483.12,395.66,170.92,558.38,0.8509,-1,-1,-1
54,2,881.91,350.41,193.91,678.68,0.8833,-1,-1,-1
55,15,747.41,508.32,51.09,140.08,0.5135,-1,-1,-1
55,11,807.37,492.39,52.97,143.72,0.4668,-1,-1,-1
55,6,1073.76,410.34,162.95,445.12,0.8756,-1,-1,-1
55,4,167.02,418.73,223.41,583.61,0.8952,-1,-1,-1
55,3,475.29,396.68,179.14,565.84,0.8581,-1,-1,-1
55,2,872.29,348.99,198.09,679.61,0.8837,-1,-1,-1
56,11,805.85,492.93,53.16,154.25,0.4625,-1,-1,-1
56,6,1076.23,412.09,162.11,439.57,0.8744,-1,-1,-1
56,4,159.13,417.59,221.89,594.38,0.8826,-1,-1,-1
56,3,470.51,398.92,185.12,578.95,0.8728,-1,-1,-1
56,2,868.73,348.04,197.41,683.48,0.8792,-1,-1,-1
57,15,745.44,525.74,45.96,124.60,0.3011,-1,-1,-1
57,11,806.08,498.60,52.84,154.88,0.3711,-1,-1,-1
57,6,1074.30,414.29,164.91,437.51,0.8674,-1,-1,-1
57,4,146.44,418.46,225.70,600.64,0.8887,-1,-1,-1
57,3,463.49,402.61,192.00,593.05,0.8758,-1,-1,-1
57,2,861.40,347.71,200.70,687.60,0.8752,-1,-1,-1
58,6,1070.07,411.65,168.16,445.51,0.8718,-1,-1,-1
58,4,138.60,417.15,228.41,611.81,0.8760,-1,-1,-1
58,3,458.46,398.43,196.53,609.75,0.8814,-1,-1,-1
58,2,856.30,347.20,204.60,676.57,0.8683,-1,-1,-1
59,15,745.51,514.64,39.68,120.75,0.3152,-1,-1,-1
59,11,801.85,502.73,52.08,145.53,0.3329,-1,-1,-1
59,6,1069.20,414.61,169.32,440.34,0.8702,-1,-1,-1
59,4,126.72,416.59,234.44,616.80,0.8969,-1,-1,-1
59,3,453.85,393.01,193.43,624.64,0.8830,-1,-1,-1
59,2,842.98,343.92,209.69,667.46,0.8827,-1,-1,-1
60,11,798.53,498.12,53.66,140.23,0.3746,-1,-1,-1
60,6,1065.88,415.00,173.86,442.69,0.8682,-1,-1,-1
60,4,114.40,415.89,239.27,622.26,0.9068,-1,-1,-1
60,3,452.76,397.54,190.57,623.84,0.8773,-1,-1,-1
60,2,835.94,345.21,211.30,664.86,0.8873,-1,-1,-1
61,11,797.78,498.11,53.38,139.70,0.4130,-1,-1,-1
61,6,1063.43,416.35,177.25,443.08,0.8656,-1,-1,-1
61,4,105.20,415.49,242.12,632.56,0.9052,-1,-1,-1
61,3,445.37,399.47,193.56,637.38,0.8643,-1,-1,-1
61,2,821.92,346.10,222.84,668.27,0.8888,-1,-1,-1
62,16,1022.27,432.91,62.04,315.77,0.3879,-1,-1,-1
62,11,796.67,495.39,52.52,142.87,0.3431,-1,-1,-1
62,6,1065.17,415.34,179.52,442.43,0.8628,-1,-1,-1
62,4,99.59,411.70,243.51,657.92,0.9003,-1,-1,-1
62,3,445.80,397.93,193.17,643.49,0.8512,-1,-1,-1
62,2,818.81,345.83,227.28,668.39,0.8800,-1,-1,-1
63,16,1018.35,430.80,67.76,322.15,0.7148,-1,-1,-1
63,6,1066.85,414.15,184.06,442.72,0.8705,-1,-1,-1
63,4,98.80,406.02,236.07,671.83,0.8924,-1,-1,-1
63,3,442.48,392.99,198.59,651.04,0.8613,-1,-1,-1
63,2,818.78,341.83,225.19,675.17,0.8811,-1,-1,-1
64,16,1020.02,435.20,68.37,314.80,0.7914,-1,-1,-1
64,15,739.47,508.57,53.35,144.28,0.3746,-1,-1,-1
64,11,802.59,494.17,46.54,149.64,0.3707,-1,-1,-1
64,6,1068.32,414.36,186.09,442.96,0.8700,-1,-1,-1
64,4,92.90,402.82,236.13,674.70,0.8872,-1,-1,-1
64,3,448.97,386.14,197.88,660.27,0.8709,-1,-1,-1
64,2,820.00,340.81,221.58,677.87,0.8784,-1,-1,-1
65,16,1021.30,435.95,70.99,312.18,0.7868,-1,-1,-1
65,15,740.48,508.69,59.46,143.01,0.5812,-1,-1,-1
65,11,803.12,489.85,45.86,157.56,0.4018,-1,-1,-1
65,6,1072.10,411.60,186.43,444.71,0.8626,-1,-1,-1
65,4,82.27,404.23,240.04,674.21,0.8834,-1,-1,-1
65,3,446.49,379.68,203.62,667.78,0.8722,-1,-1,-1
65,2,815.91,339.29,227.81,680.81,0.8890,-1,-1,-1
66,16,1022.52,434.57,74.35,311.94,0.7797,-1,-1,-1
66,15,743.33,503.43,58.64,146.89,0.4667,-1,-1,-1
66,11,808.89,488.25,39.08,149.98,0.3335,-1,-1,-1
66,6,1081.80,405.12,187.80,452.97,0.8392,-1,-1,-1
66,4,73.75,402.23,244.77,673.30,0.8885,-1,-1,-1
66,3,443.89,372.47,211.09,676.17,0.8764,-1,-1,-1
66,2,819.12,337.59,225.34,682.88,0.8875,-1,-1,-1
67,16,1023.17,431.00,77.50,308.92,0.7461,-1,-1,-1
67,15,745.45,495.90,60.02,150.67,0.6051,-1,-1,-1
67,6,1085.38,402.07,190.94,457.74,0.8461,-1,-1,-1
67,4,63.28,396.82,246.55,680.36,0.8880,-1,-1,-1
67,3,443.63,366.33,215.15,682.69,0.8733,-1,-1,-1
67,2,819.60,337.69,226.89,683.37,0.8931,-1,-1,-1
68,16,1026.73,422.77,79.23,315.58,0.7259,-1,-1,-1
68,15,747.55,498.05,60.06,145.04,0.5304,-1,-1,-1
68,6,1091.91,399.45,180.35,454.09,0.8456,-1,-1,-1
68,4,48.10,394.61,253.86,675.88,0.8889,-1,-1,-1
68,3,441.58,355.48,221.83,691.76,0.8708,-1,-1,-1
68,2,822.40,336.16,227.13,684.73,0.8934,-1,-1,-1
69,16,1030.90,419.28,77.93,315.82,0.7208,-1,-1,-1
69,15,750.84,490.78,59.41,149.68,0.6034,-1,-1,-1
69,6,1094.70,395.15,181.43,456.26,0.8726,-1,-1,-1
69,4,34.40,383.07,263.52,684.28,0.8998,-1,-1,-1
69,3,442.00,347.15,225.34,700.27,0.8775,-1,-1,-1
69,2,830.58,330.79,222.62,685.58,0.8878,-1,-1,-1
70,18,1544.37,449.64,57.44,64.24,0.3554,-1,-1,-1
70,16,1032.64,415.78,78.90,315.53,0.7091,-1,-1,-1
70,15,753.09,486.97,58.95,151.41,0.5373,-1,-1,-1
70,11,817.74,468.79,46.95,163.83,0.3136,-1,-1,-1
70,6,1097.30,390.90,182.30,456.46,0.8721,-1,-1,-1
70,4,15.86,375.20,274.10,695.97,0.9135,-1,-1,-1
70,3,436.91,341.24,232.75,707.68,0.8913,-1,-1,-1
70,2,829.84,328.23,225.87,682.16,0.8967,-1,-1,-1
71,18,1541.92,447.46,60.95,62.21,0.4409,-1,-1,-1
71,16,1033.03,412.31,80.21,316.26,0.7217,-1,-1,-1
71,15,753.06,484.97,60.15,151.16,0.5789,-1,-1,-1
71,6,1100.55,386.41,179.62,453.54,0.8643,-1,-1,-1
71,4,2.91,368.03,267.61,703.60,0.9096,-1,-1,-1
71,3,431.96,334.02,236.64,721.77,0.8901,-1,-1,-1
71,2,833.42,325.60,224.13,681.24,0.8904,-1,-1,-1
72,18,1553.14,445.40,50.70,61.92,0.4067,-1,-1,-1
72,16,1034.60,410.94,78.72,314.84,0.7227,-1,-1,-1
72,15,754.34,484.79,60.17,150.07,0.5615,-1,-1,-1
72,6,1103.03,384.64,178.65,450.59,0.8592,-1,-1,-1
72,4,0.00,360.50,257.27,711.69,0.9195,-1,-1,-1
72,3,426.90,323.92,240.00,748.00,0.8916,-1,-1,-1
72,2,832.66,319.23,226.45,682.28,0.8906,-1,-1,-1
73,18,1544.89,442.18,60.30,61.41,0.4260,-1,-1,-1
73,16,1035.88,410.72,77.61,312.35,0.6758,-1,-1,-1
73,15,753.24,476.55,56.18,153.10,0.4691,-1,-1,-1
73,6,1104.59,381.38,176.96,444.24,0.8556,-1,-1,-1
73,4,0.00,347.31,241.97,725.05,0.9111,-1,-1,-1
73,3,420.67,314.29,243.65,762.26,0.8933,-1,-1,-1
73,2,834.43,313.16,224.56,678.64,0.8855,-1,-1,-1
74,18,1547.14,440.84,62.70,61.72,0.4308,-1,-1,-1
74,16,1035.20,410.29,79.37,310.84,0.6848,-1,-1,-1
74,15,750.05,475.21,59.76,152.48,0.5560,-1,-1,-1
74,6,1106.04,377.79,172.75,441.65,0.8565,-1,-1,-1
74,4,0.19,342.82,223.97,733.25,0.9065,-1,-1,-1
74,3,412.35,310.72,247.05,763.45,0.8907,-1,-1,-1
74,2,833.40,308.28,224.92,664.08,0.8805,-1,-1,-1
75,18,1546.53,438.41,64.78,61.94,0.4430,-1,-1,-1
75,16,1035.31,425.41,75.42,292.80,0.6642,-1,-1,-1
75,15,748.86,471.71,58.01,153.42,0.5618,-1,-1,-1
75,11,817.26,456.38,44.90,159.62,0.3709,-1,-1,-1
75,6,1105.34,375.35,173.41,440.49,0.8616,-1,-1,-1
75,4,0.56,329.79,207.59,746.49,0.8958,-1,-1,-1
75,3,401.80,302.70,250.01,771.45,0.8954,-1,-1,-1
75,2,837.19,304.38,219.29,661.92,0.8721,-1,-1,-1
76,18,1543.34,438.02,69.70,61.97,0.4525,-1,-1,-1
76,16,1035.88,437.39,76.02,276.54,0.7228,-1,-1,-1
76,15,747.03,472.52,63.04,146.85,0.5169,-1,-1,-1
76,11,817.21,452.22,44.32,163.60,0.3975,-1,-1,-1
76,6,1109.41,373.41,166.86,439.92,0.8559,-1,-1,-1
76,4,0.69,322.76,192.02,749.80,0.8883,-1,-1,-1
76,3,391.32,296.55,254.75,774.14,0.8894,-1,-1,-1
76,2,842.50,300.55,215.27,661.34,0.8691,-1,-1,-1
77,18,1540.64,437.73,72.21,60.90,0.4086,-1,-1,-1
77,16,1034.08,436.37,77.42,278.17,0.6324,-1,-1,-1
77,15,745.69,471.36,65.83,148.65,0.5040,-1,-1,-1
77,11,817.37,450.65,44.59,159.81,0.4081,-1,-1,-1
77,6,1109.35,371.94,167.05,443.02,0.8657,-1,-1,-1
77,4,0.79,317.48,176.36,758.05,0.8802,-1,-1,-1
77,3,381.81,294.47,257.56,772.08,0.8913,-1,-1,-1
77,2,847.37,298.41,207.33,664.69,0.8786,-1,-1,-1
78,18,1544.41,437.16,67.98,61.74,0.4210,-1,-1,-1
78,16,1029.61,417.07,78.47,300.20,0.7076,-1,-1,-1
78,15,743.56,464.41,65.95,157.57,0.5499,-1,-1,-1
78,11,814.72,451.44,45.93,162.28,0.6321,-1,-1,-1
78,6,1108.81,370.80,166.61,444.09,0.8640,-1,-1,-1
78,4,0.59,311.78,157.79,760.08,0.8673,-1,-1,-1
78,3,366.55,289.94,265.09,781.06,0.8972,-1,-1,-1
78,2,852.22,295.84,197.92,667.60,0.8637,-1,-1,-1
79,18,1540.41,435.49,67.27,61.81,0.3016,-1,-1,-1
79,16,1024.42,400.61,80.41,314.81,0.7189,-1,-1,-1
79,15,742.86,471.05,50.55,150.55,0.4962,-1,-1,-1
79,11,811.22,449.44,47.15,166.43,0.6450,-1,-1,-1
79,6,1108.42,367.76,165.67,445.53,0.8600,-1,-1,-1
79,4,0.35,310.82,143.53,762.60,0.8291,-1,-1,-1
79,3,350.39,284.92,266.95,786.51,0.9003,-1,-1,-1
79,2,852.96,292.13,197.76,673.34,0.8592,-1,-1,-1
80,16,1023.13,398.12,74.52,317.76,0.7097,-1,-1,-1
80,15,738.50,470.25,51.36,153.67,0.5411,-1,-1,-1
80,11,801.08,445.64,57.92,172.40,0.6151,-1,-1,-1
80,6,1105.92,363.94,162.16,448.65,0.8433,-1,-1,-1
80,4,0.49,430.54,118.92,362.93,0.5093,-1,-1,-1
80,3,331.59,275.38,276.24,795.00,0.8965,-1,-1,-1
80,2,851.63,289.64,192.42,677.22,0.8566,-1,-1,-1
81,19,1872.19,881.94,47.01,197.65,0.3592,-1,-1,-1
81,18,1534.64,430.98,69.53,63.54,0.3117,-1,-1,-1
81,16,1017.33,406.03,73.94,307.96,0.6937,-1,-1,-1
81,15,732.15,462.71,52.80,154.66,0.5612,-1,-1,-1
81,11,796.95,444.46,56.23,168.15,0.6196,-1,-1,-1
81,6,1103.89,364.32,156.70,445.79,0.8567,-1,-1,-1
81,4,0.31,438.09,92.10,435.28,0.6418,-1,-1,-1
81,3,314.88,266.21,279.41,803.22,0.9018,-1,-1,-1
81,2,849.78,293.73,190.11,675.83,0.8514,-1,-1,-1
82,16,1014.87,390.93,74.48,316.32,0.6466,-1,-1,-1
82,15,725.28,455.52,54.19,159.79,0.6341,-1,-1,-1
82,11,793.52,440.93,56.07,168.98,0.6749,-1,-1,-1
82,6,1098.64,359.55,154.79,448.07,0.8627,-1,-1,-1
82,4,0.31,444.19,70.98,355.24,0.7815,-1,-1,-1
82,3,291.39,252.04,297.58,820.24,0.8974,-1,-1,-1
82,2,846.49,294.59,186.10,674.70,0.8529,-1,-1,-1
83,16,1001.85,381.67,82.91,325.04,0.5449,-1,-1,-1
83,15,720.84,451.99,60.63,155.68,0.3876,-1,-1,-1
83,11,792.07,436.55,52.59,164.54,0.5785,-1,-1,-1
83,6,1095.72,358.40,151.98,452.69,0.8518,-1,-1,-1
83,3,268.33,239.45,303.59,830.96,0.8896,-1,-1,-1
83,2,845.31,292.59,178.82,673.52,0.8514,-1,-1,-1
84,19,1875.50,872.54,44.02,179.11,0.3651,-1,-1,-1
84,16,995.16,376.11,80.92,321.10,0.7452,-1,-1,-1
84,15,712.40,450.17,55.19,154.65,0.5917,-1,-1,-1
84,11,783.88,434.99,51.74,166.11,0.5587,-1,-1,-1
84,6,1086.45,354.37,155.15,457.59,0.8586,-1,-1,-1
84,3,239.02,228.06,304.65,844.91,0.9033,-1,-1,-1
84,2,835.72,292.36,178.19,675.27,0.8476,-1,-1,-1
85,16,984.33,374.02,82.16,317.17,0.7616,-1,-1,-1
85,15,707.02,452.14,52.87,150.56,0.4575,-1,-1,-1
85,11,772.05,425.72,55.30,171.94,0.5998,-1,-1,-1
85,6,1079.50,354.44,149.14,452.89,0.8485,-1,-1,-1
85,3,205.68,215.94,333.19,858.27,0.9170,-1,-1,-1
85,2,824.40,290.42,178.19,671.18,0.8275,-1,-1,-1
86,21,480.47,412.12,80.01,286.51,0.7152,-1,-1,-1
86,16,970.89,369.44,90.58,319.97,0.8069,-1,-1,-1
86,15,695.40,444.21,58.34,155.65,0.5367,-1,-1,-1
86,11,770.36,419.72,46.36,177.28,0.5159,-1,-1,-1
86,6,1071.54,348.83,151.39,454.15,0.8318,-1,-1,-1
86,3,184.97,202.48,323.26,872.19,0.9056,-1,-1,-1
86,2,809.57,283.58,183.76,671.85,0.8417,-1,-1,-1
87,21,472.98,410.93,76.41,285.49,0.7296,-1,-1,-1
87,18,1529.12,420.97,39.73,55.59,0.3009,-1,-1,-1
87,16,962.68,366.94,91.49,319.93,0.7796,-1,-1,-1
87,15,689.13,448.35,59.90,150.29,0.4641,-1,-1,-1
87,11,760.52,413.15,48.14,181.66,0.6884,-1,-1,-1
87,6,1062.39,346.99,153.56,451.90,0.8509,-1,-1,-1
87,3,152.58,187.55,332.37,887.61,0.9104,-1,-1,-1
87,2,796.20,277.80,190.72,676.90,0.8524,-1,-1,-1
88,21,445.64,408.12,95.18,286.75,0.7607,-1,-1,-1
88,18,1521.87,416.57,38.02,57.03,0.3523,-1,-1,-1
88,16,949.03,358.34,96.44,325.24,0.7449,-1,-1,-1
88,15,680.50,439.64,56.44,155.51,0.6147,-1,-1,-1
88,11,747.55,410.05,50.62,175.84,0.4646,-1,-1,-1
88,6,1052.44,339.61,152.34,454.59,0.8485,-1,-1,-1
88,3,129.13,180.07,338.51,896.52,0.9155,-1,-1,-1
88,2,779.80,274.30,201.42,669.92,0.8571,-1,-1,-1
89,21,428.97,396.54,105.63,301.53,0.7739,-1,-1,-1
89,19,1850.70,855.73,68.68,194.59,0.3690,-1,-1,-1
89,16,941.12,359.60,99.09,316.72,0.8162,-1,-1,-1
89,15,672.15,436.33,59.27,157.57,0.5573,-1,-1,-1
89,11,743.97,408.94,40.75,181.37,0.3303,-1,-1,-1
89,6,1042.42,333.62,161.04,454.46,0.8534,-1,-1,-1
89,3,100.42,167.75,353.06,907.01,0.9201,-1,-1,-1
89,2,765.23,267.79,203.78,668.75,0.8477,-1,-1,-1
90,21,421.24,388.87,104.77,303.43,0.7799,-1,-1,-1
90,20,1727.82,860.85,94.58,216.11,0.3733,-1,-1,-1
90,16,937.85,355.07,95.84,314.82,0.7823,-1,-1,-1
90,15,666.47,433.17,62.75,155.79,0.4318,-1,-1,-1
90,6,1037.02,328.10,159.42,460.62,0.8482,-1,-1,-1
90,3,70.47,151.78,375.03,922.75,0.9241,-1,-1,-1
90,2,747.70,260.05,218.56,655.87,0.8689,-1,-1,-1
91,21,413.75,386.87,103.51,305.03,0.7615,-1,-1,-1
91,18,1506.63,396.98,40.23,62.60,0.3419,-1,-1,-1
91,16,930.06,350.12,100.58,318.54,0.7997,-1,-1,-1
91,15,658.99,425.40,53.70,156.83,0.4526,-1,-1,-1
91,6,1030.59,324.52,164.61,455.79,0.8681,-1,-1,-1
91,3,49.34,141.57,384.32,930.50,0.9224,-1,-1,-1
91,2,734.94,257.03,224.61,647.68,0.8808,-1,-1,-1
92,21,404.02,385.07,106.83,307.09,0.8223,-1,-1,-1
92,19,1846.43,836.97,72.65,195.50,0.3515,-1,-1,-1
92,18,1505.81,396.29,37.08,60.07,0.4943,-1,-1,-1
92,16,923.90,349.63,96.53,316.60,0.7895,-1,-1,-1
92,15,654.03,423.10,60.00,158.44,0.5489,-1,-1,-1
92,6,1024.60,317.45,167.71,453.77,0.8636,-1,-1,-1
92,3,20.23,125.68,405.48,946.51,0.9221,-1,-1,-1
92,2,722.97,250.64,227.85,652.02,0.8787,-1,-1,-1
93,21,397.34,379.07,107.68,312.27,0.8071,-1,-1,-1
93,20,1724.97,851.66,95.94,223.42,0.4156,-1,-1,-1
93,19,1845.28,839.96,74.08,194.32,0.3963,-1,-1,-1
93,18,1496.93,389.93,43.43,62.58,0.4659,-1,-1,-1
93,16,922.48,347.77,97.78,316.83,0.7763,-1,-1,-1
93,15,653.42,420.85,54.77,157.20,0.3373,-1,-1,-1
93,6,1017.44,313.74,172.26,454.29,0.8705,-1,-1,-1
93,3,0.43,116.35,413.00,956.26,0.9244,-1,-1,-1
93,2,714.80,244.59,235.84,656.46,0.8891,-1,-1,-1
94,21,389.49,378.82,110.89,308.13,0.8026,-1,-1,-1
94,20,1725.81,854.27,94.08,219.93,0.3618,-1,-1,-1
94,18,1495.73,390.69,41.63,58.52,0.4162,-1,-1,-1
94,16,918.76,346.48,99.91,319.30,0.8026,-1,-1,-1
94,6,1012.88,312.87,175.68,453.73,0.8726,-1,-1,-1
94,3,0.00,106.81,403.55,969.20,0.9323,-1,-1,-1
94,2,708.15,241.22,229.61,660.46,0.8729,-1,-1,-1
95,21,384.27,374.98,111.81,314.85,0.8174,-1,-1,-1
95,20,1724.31,855.51,95.21,219.28,0.3667,-1,-1,-1
95,18,1493.92,391.19,40.72,57.80,0.3194,-1,-1,-1
95,16,917.03,344.04,98.60,320.51,0.7805,-1,-1,-1
95,6,1007.21,311.67,179.44,453.55,0.8644,-1,-1,-1
95,3,0.25,96.65,401.78,978.88,0.9307,-1,-1,-1
95,2,701.82,240.05,230.97,667.21,0.8860,-1,-1,-1
96,21,379.82,374.64,110.71,321.84,0.8098,-1,-1,-1
96,20,1723.57,856.07,97.84,220.88,0.4038,-1,-1,-1
96,18,1490.65,392.38,41.21,57.15,0.3033,-1,-1,-1
96,16,912.18,345.37,102.47,319.96,0.7540,-1,-1,-1
96,15,633.61,428.08,67.26,154.51,0.3024,-1,-1,-1
96,6,1003.60,311.21,183.90,456.58,0.8598,-1,-1,-1
96,3,0.49,85.00,379.65,990.28,0.9349,-1,-1,-1
96,2,693.34,243.18,231.74,665.46,0.9045,-1,-1,-1
97,21,377.71,370.31,112.37,327.09,0.8189,-1,-1,-1
97,20,1727.32,855.62,97.01,221.32,0.4493,-1,-1,-1
97,19,1849.38,834.86,70.03,185.27,0.3590,-1,-1,-1
97,16,903.69,342.77,108.68,319.16,0.7328,-1,-1,-1
97,15,632.71,418.20,61.26,162.55,0.5593,-1,-1,-1
97,6,1001.87,311.27,187.34,456.53,0.8618,-1,-1,-1
97,3,0.51,75.27,368.57,999.75,0.9338,-1,-1,-1
97,2,695.51,241.64,227.49,673.04,0.8996,-1,-1,-1
98,21,377.07,368.55,112.55,330.40,0.8255,-1,-1,-1
98,20,1731.87,857.54,97.58,220.34,0.4000,-1,-1,-1
98,16,907.47,343.48,104.52,321.00,0.7306,-1,-1,-1
98,15,632.14,415.53,59.38,167.25,0.6311,-1,-1,-1
98,6,1001.11,310.80,192.22,459.44,0.8591,-1,-1,-1
98,3,0.32,56.06,358.47,1015.02,0.9344,-1,-1,-1
98,2,694.17,243.94,226.29,676.61,0.8996,-1,-1,-1
99,21,375.58,366.59,113.59,334.00,0.8214,-1,-1,-1
99,18,1497.48,383.23,39.99,67.04,0.3077,-1,-1,-1
99,16,908.79,343.59,104.27,320.96,0.7370,-1,-1,-1
99,15,633.31,416.44,54.25,165.08,0.6340,-1,-1,-1
99,6,1002.52,311.50,197.50,461.15,0.8700,-1,-1,-1
99,3,0.79,46.58,347.37,1025.57,0.9272,-1,-1,-1
99,2,693.49,248.23,226.57,677.69,0.8985,-1,-1,-1
100,21,373.06,369.05,115.15,332.62,0.8323,-1,-1,-1
100,18,1496.11,380.56,43.69,67.38,0.4183,-1,-1,-1
100,16,911.13,349.77,105.60,316.69,0.7435,-1,-1,-1
100,15,630.85,415.12,59.46,166.21,0.6493,-1,-1,-1
100,6,1005.50,313.24,199.06,460.55,0.8763,-1,-1,-1
100,3,0.87,35.56,333.51,1034.99,0.9225,-1,-1,-1
100,2,695.23,251.06,222.54,675.08,0.8988,-1,-1,-1
101,21,375.06,365.87,114.71,337.56,0.8239,-1,-1,-1
101,16,913.82,348.34,104.79,317.25,0.7682,-1,-1,-1
101,15,633.63,414.00,59.20,164.84,0.7018,-1,-1,-1
101,6,1007.26,312.19,201.24,463.74,0.8568,-1,-1,-1
101,3,0.86,16.32,315.82,1059.24,0.9144,-1,-1,-1
101,2,702.07,250.85,215.49,675.58,0.8890,-1,-1,-1
102,21,375.49,365.08,116.66,341.43,0.8319,-1,-1,-1
102,16,920.73,347.07,102.47,319.69,0.7923,-1,-1,-1
102,15,637.52,414.32,59.74,165.53,0.5224,-1,-1,-1
102,6,1015.47,312.96,197.89,465.29,0.8308,-1,-1,-1
102,3,0.83,13.86,295.50,1058.83,0.9190,-1,-1,-1
102,2,703.77,251.47,220.30,668.39,0.8948,-1,-1,-1
103,21,386.23,366.99,113.45,335.92,0.8037,-1,-1,-1
103,16,931.65,340.66,100.44,323.12,0.7443,-1,-1,-1
103,15,643.35,408.80,61.12,166.40,0.5544,-1,-1,-1
103,6,1023.19,316.06,201.95,465.78,0.8433,-1,-1,-1
103,3,1.14,9.96,278.53,1061.65,0.9092,-1,-1,-1
103,2,716.46,251.04,221.61,665.92,0.8881,-1,-1,-1
104,21,396.19,371.13,112.91,333.32,0.8112,-1,-1,-1
104,16,941.65,338.27,107.17,322.57,0.7345,-1,-1,-1
104,11,658.84,407.24,56.36,169.18,0.6639,-1,-1,-1
104,6,1042.51,308.02,202.58,470.09,0.8582,-1,-1,-1
104,3,0.88,14.30,259.68,1045.43,0.8316,-1,-1,-1
104,2,726.04,246.63,222.29,668.73,0.8919,-1,-1,-1
105,23,1804.98,861.45,107.65,218.21,0.4947,-1,-1,-1
105,22,1546.07,374.21,47.03,67.87,0.4179,-1,-1,-1
105,21,404.51,365.78,111.38,337.74,0.8087,-1,-1,-1
105,16,953.13,333.33,103.75,329.01,0.7371,-1,-1,-1
105,15,663.74,409.33,60.27,165.93,0.3739,-1,-1,-1
105,6,1053.01,308.94,200.28,469.31,0.8547,-1,-1,-1
105,3,0.88,252.06,235.90,817.23,0.7801,-1,-1,-1
105,2,739.59,245.23,220.26,663.46,0.8861,-1,-1,-1
106,23,1817.96,857.21,101.06,222.79,0.6350,-1,-1,-1
106,22,1557.36,373.01,44.28,67.49,0.4629,-1,-1,-1
106,21,411.45,365.40,111.52,335.49,0.8015,-1,-1,-1
106,16,958.93,332.51,104.09,329.50,0.7895,-1,-1,-1
106,15,668.31,405.50,62.78,167.67,0.6820,-1,-1,-1
106,6,1066.18,303.31,205.31,478.03,0.8421,-1,-1,-1
106,3,0.24,247.79,133.84,660.45,0.6228,-1,-1,-1
106,2,748.67,242.29,213.29,649.05,0.8781,-1,-1,-1
107,23,1831.76,855.37,87.62,222.15,0.4784,-1,-1,-1
107,22,1568.25,372.02,44.23,66.66,0.3619,-1,-1,-1
107,21,414.61,361.63,112.70,338.79,0.7888,-1,-1,-1
107,16,963.66,330.70,107.17,326.59,0.7449,-1,-1,-1
107,15,669.69,404.28,67.28,169.51,0.6755,-1,-1,-1
107,6,1072.93,303.26,195.45,474.22,0.8424,-1,-1,-1
107,3,0.28,246.99,103.27,794.44,0.7251,-1,-1,-1
107,2,757.09,235.93,211.73,644.29,0.8783,-1,-1,-1
108,22,1575.20,370.16,43.13,65.26,0.4637,-1,-1,-1
108,21,416.69,360.58,112.96,345.76,0.7966,-1,-1,-1
108,16,967.99,328.38,106.41,329.31,0.7282,-1,-1,-1
108,15,672.72,403.67,67.91,170.16,0.7286,-1,-1,-1
108,6,1081.11,301.61,173.73,471.23,0.8386,-1,-1,-1
108,2,761.93,233.24,209.18,645.23,0.8828,-1,-1,-1
109,22,1583.75,373.71,42.71,62.15,0.6009,-1,-1,-1
109,21,414.24,358.01,116.21,350.46,0.8082,-1,-1,-1
109,16,972.09,327.15,95.72,325.55,0.5493,-1,-1,-1
109,15,678.03,400.82,63.98,170.82,0.6812,-1,-1,-1
109,6,1085.07,297.57,170.65,468.57,0.8704,-1,-1,-1
109,2,771.90,232.27,201.58,645.87,0.8753,-1,-1,-1
110,22,1587.66,367.08,40.19,65.69,0.4036,-1,-1,-1
110,21,411.22,353.38,118.35,357.71,0.7983,-1,-1,-1
110,16,976.55,323.99,103.58,327.32,0.6669,-1,-1,-1
110,15,679.55,397.56,67.17,170.98,0.6261,-1,-1,-1
110,6,1089.29,294.53,171.34,464.80,0.8721,-1,-1,-1
110,2,772.31,230.66,203.14,648.28,0.8753,-1,-1,-1
111,22,1600.09,371.68,38.45,62.35,0.4412,-1,-1,-1
111,21,409.83,352.75,120.46,354.53,0.8059,-1,-1,-1
111,16,974.80,324.33,105.73,324.41,0.6149,-1,-1,-1
111,15,682.79,394.50,65.57,173.98,0.6588,-1,-1,-1
111,6,1093.11,291.43,169.17,461.52,0.8667,-1,-1,-1
111,2,776.68,229.87,198.53,651.40,0.8721,-1,-1,-1
112,23,1878.94,878.92,40.43,199.29,0.3187,-1,-1,-1
112,21,412.93,349.01,117.07,359.38,0.7482,-1,-1,-1
112,16,974.14,324.05,110.17,326.41,0.6338,-1,-1,-1
112,15,685.10,395.34,67.40,174.33,0.6441,-1,-1,-1
112,6,1098.34,288.66,169.45,459.94,0.8549,-1,-1,-1
112,2,777.28,229.50,197.52,650.31,0.8674,-1,-1,-1
113,21,411.15,347.88,117.99,363.40,0.7392,-1,-1,-1
113,16,980.11,323.59,108.37,325.42,0.6026,-1,-1,-1
113,15,686.68,390.53,68.21,180.82,0.7009,-1,-1,-1
113,6,1104.38,286.14,165.92,463.90,0.8511,-1,-1,-1
113,2,779.72,229.06,194.87,651.04,0.8648,-1,-1,-1
114,22,1612.92,375.22,38.93,52.15,0.3496,-1,-1,-1
114,21,412.58,344.89,116.90,366.02,0.7352,-1,-1,-1
114,16,987.48,321.05,102.35,319.78,0.5927,-1,-1,-1
114,15,690.73,394.04,66.74,174.95,0.6295,-1,-1,-1
114,6,1110.10,285.11,162.87,467.58,0.8578,-1,-1,-1
114,2,786.26,231.44,190.58,652.08,0.8545,-1,-1,-1
115,22,1623.17,364.88,35.69,62.33,0.3317,-1,-1,-1
115,21,410.59,344.15,120.59,368.18,0.7379,-1,-1,-1
115,16,997.22,321.01,99.34,323.13,0.7349,-1,-1,-1
115,15,695.09,390.84,65.66,179.49,0.5955,-1,-1,-1
115,6,1112.19,286.64,163.71,466.20,0.8679,-1,-1,-1
115,2,791.82,232.96,191.59,651.94,0.8444,-1,-1,-1
116,22,1625.24,363.46,38.85,63.81,0.3823,-1,-1,-1
116,21,403.60,342.65,127.37,369.92,0.7733,-1,-1,-1
116,16,992.90,323.08,109.18,319.51,0.7067,-1,-1,-1
116,15,693.35,393.29,69.11,179.19,0.5573,-1,-1,-1
116,6,1113.99,286.31,165.08,464.11,0.8630,-1,-1,-1
116,2,792.47,233.40,192.51,652.56,0.8509,-1,-1,-1
117,21,401.28,343.76,129.45,368.47,0.7213,-1,-1,-1
117,16,993.39,321.11,107.77,321.51,0.6699,-1,-1,-1
117,15,689.28,389.27,75.25,179.37,0.6245,-1,-1,-1
117,6,1116.86,284.94,165.11,467.67,0.8591,-1,-1,-1
117,2,791.11,233.87,190.02,652.61,0.8521,-1,-1,-1
118,21,395.19,338.65,132.09,375.81,0.7031,-1,-1,-1
118,16,981.75,322.69,120.01,321.96,0.7296,-1,-1,-1
118,15,688.06,392.36,75.32,179.12,0.6155,-1,-1,-1
118,6,1118.56,285.86,166.28,471.03,0.8564,-1,-1,-1
118,2,783.81,235.70,190.19,648.91,0.8566,-1,-1,-1
119,21,390.55,338.23,132.74,376.76,0.8252,-1,-1,-1
119,16,978.07,324.54,124.45,322.37,0.7557,-1,-1,-1
119,15,690.97,393.23,72.68,178.97,0.5529,-1,-1,-1
119,6,1122.95,287.81,162.20,473.45,0.8511,-1,-1,-1
119,2,781.79,234.81,189.42,649.73,0.8667,-1,-1,-1
120,21,386.49,333.51,132.64,384.54,0.8358,-1,-1,-1
120,16,972.89,324.86,126.96,323.66,0.7074,-1,-1,-1
120,15,686.13,392.31,77.01,178.45,0.5289,-1,-1,-1
120,6,1122.28,288.37,162.17,474.59,0.8532,-1,-1,-1
120,2,775.16,232.20,194.48,649.41,0.8782,-1,-1,-1
121,21,380.14,333.68,134.30,386.36,0.8384,-1,-1,-1
121,16,968.85,326.19,130.24,322.18,0.6075,-1,-1,-1
121,15,683.38,394.37,81.08,183.28,0.4325,-1,-1,-1
121,6,1119.67,290.56,163.58,475.73,0.8470,-1,-1,-1
121,2,768.92,227.71,197.19,644.19,0.8741,-1,-1,-1
122,22,1638.42,372.59,44.70,59.61,0.3643,-1,-1,-1
122,21,369.18,333.37,139.43,395.14,0.8261,-1,-1,-1
122,16,968.82,325.36,130.94,322.71,0.6372,-1,-1,-1
122,6,1117.33,291.42,163.30,477.44,0.8405,-1,-1,-1
122,2,760.81,227.59,196.53,634.29,0.8656,-1,-1,-1
123,22,1633.99,372.08,48.30,60.21,0.4418,-1,-1,-1
123,21,363.68,332.15,137.06,402.92,0.8542,-1,-1,-1
123,16,957.04,326.26,138.40,324.31,0.6224,-1,-1,-1
123,6,1115.09,290.67,161.50,478.17,0.8582,-1,-1,-1
123,2,748.60,226.07,203.28,635.74,0.8671,-1,-1,-1
124,22,1632.32,372.35,48.35,62.66,0.4495,-1,-1,-1
124,21,355.28,332.66,139.92,404.73,0.8591,-1,-1,-1
124,16,956.47,327.59,122.12,325.46,0.6116,-1,-1,-1
124,6,1111.18,289.07,159.12,484.77,0.8491,-1,-1,-1
124,2,739.55,227.07,206.78,637.69,0.8720,-1,-1,-1
125,22,1628.49,372.23,47.30,64.08,0.3825,-1,-1,-1
125,21,346.41,339.51,141.21,402.14,0.8451,-1,-1,-1
125,16,951.93,324.10,125.86,331.50,0.6953,-1,-1,-1
125,15,676.53,393.15,67.60,193.22,0.4485,-1,-1,-1
125,6,1106.89,289.54,160.73,479.94,0.8453,-1,-1,-1
125,2,731.44,228.16,210.30,641.88,0.8767,-1,-1,-1
126,22,1626.46,370.43,45.98,65.35,0.4171,-1,-1,-1
126,21,333.11,336.88,143.85,407.92,0.8397,-1,-1,-1
126,16,952.72,320.40,126.20,334.23,0.5801,-1,-1,-1
126,15,669.12,393.93,68.41,188.21,0.3808,-1,-1,-1
126,6,1100.62,290.34,161.27,475.88,0.8445,-1,-1,-1
126,2,711.52,228.90,225.47,646.61,0.8684,-1,-1,-1
127,22,1622.97,372.11,43.93,64.85,0.4368,-1,-1,-1
127,21,327.18,343.49,142.27,407.94,0.8475,-1,-1,-1
127,16,942.39,320.24,138.70,336.89,0.7700,-1,-1,-1
127,6,1093.84,290.90,166.43,481.80,0.8566,-1,-1,-1
127,2,708.93,231.69,224.90,647.21,0.8698,-1,-1,-1
128,22,1620.48,370.92,41.67,66.34,0.3540,-1,-1,-1
128,21,318.45,341.30,144.90,411.63,0.8530,-1,-1,-1
128,16,932.22,323.63,144.98,334.25,0.6102,-1,-1,-1
128,15,659.97,389.52,74.79,192.99,0.3734,-1,-1,-1
128,6,1087.75,288.88,170.65,482.46,0.8706,-1,-1,-1
128,2,706.79,231.40,225.41,651.98,0.8799,-1,-1,-1
129,22,1616.50,367.75,45.14,69.75,0.3771,-1,-1,-1
129,21,313.67,336.90,146.97,423.82,0.8338,-1,-1,-1
129,16,935.54,321.77,106.95,334.88,0.6498,-1,-1,-1
129,15,660.49,389.22,65.40,192.93,0.5347,-1,-1,-1
129,6,1082.73,286.34,175.77,483.29,0.8741,-1,-1,-1
129,2,710.55,235.90,219.10,648.06,0.8803,-1,-1,-1
130,22,1618.39,367.40,42.06,69.93,0.4036,-1,-1,-1
130,21,310.85,333.05,148.67,432.40,0.8405,-1,-1,-1
130,16,934.54,320.24,105.14,334.74,0.7349,-1,-1,-1
130,15,659.73,389.16,62.18,192.89,0.5535,-1,-1,-1
130,6,1081.55,286.78,174.85,482.69,0.8673,-1,-1,-1
130,2,708.02,237.02,221.53,649.13,0.8819,-1,-1,-1
131,25,1012.03,370.48,70.06,222.89,0.5431,-1,-1,-1
131,22,1619.36,365.96,42.87,69.25,0.3856,-1,-1,-1
131,21,309.50,331.21,145.49,435.96,0.8388,-1,-1,-1
131,16,927.96,318.81,110.96,332.84,0.7373,-1,-1,-1
131,15,657.19,389.48,63.84,193.23,0.5875,-1,-1,-1
131,6,1080.22,283.91,176.74,482.43,0.8665,-1,-1,-1
131,2,708.61,238.91,222.71,649.35,0.8799,-1,-1,-1
132,25,1013.28,366.44,69.59,227.51,0.5586,-1,-1,-1
132,22,1619.27,365.01,41.83,69.07,0.4077,-1,-1,-1
132,21,309.88,332.67,141.87,435.77,0.8290,-1,-1,-1
132,16,925.15,317.39,111.56,333.64,0.7335,-1,-1,-1
132,15,657.05,388.85,64.37,195.02,0.5692,-1,-1,-1
132,6,1080.35,282.49,174.84,481.40,0.8634,-1,-1,-1
132,2,710.35,238.62,220.93,649.58,0.8754,-1,-1,-1
133,25,1012.60,368.06,72.60,225.03,0.5763,-1,-1,-1
133,22,1621.19,364.27,41.70,70.83,0.3852,-1,-1,-1
133,21,294.00,329.84,156.32,441.33,0.8195,-1,-1,-1
133,16,926.30,316.16,107.54,336.50,0.7468,-1,-1,-1
133,15,657.47,389.47,62.59,195.01,0.4432,-1,-1,-1
133,6,1076.54,282.34,179.69,481.90,0.8685,-1,-1,-1
133,2,713.93,238.94,220.68,646.84,0.8755,-1,-1,-1
134,25,1011.38,367.62,73.76,223.22,0.6110,-1,-1,-1
134,22,1622.65,364.56,41.85,71.75,0.3579,-1,-1,-1
134,21,288.92,324.44,156.21,455.36,0.8404,-1,-1,-1
134,16,928.85,318.53,100.94,337.83,0.7328,-1,-1,-1
134,15,655.82,392.25,68.71,194.68,0.5317,-1,-1,-1
134,6,1074.66,284.17,183.87,486.11,0.8678,-1,-1,-1
134,2,715.78,238.34,215.81,649.79,0.8765,-1,-1,-1
135,25,1010.46,370.37,76.20,218.87,0.6537,-1,-1,-1
135,21,287.44,330.38,153.60,452.75,0.8316,-1,-1,-1
135,16,927.26,318.09,98.86,341.79,0.7097,-1,-1,-1
135,15,651.43,393.73,72.95,195.46,0.5442,-1,-1,-1
135,6,1073.33,285.15,184.41,489.07,0.8648,-1,-1,-1
135,2,717.93,239.89,213.85,648.10,0.8799,-1,-1,-1
136,25,1010.96,364.04,77.20,231.37,0.7067,-1,-1,-1
136,21,281.85,327.40,158.06,459.55,0.8387,-1,-1,-1
136,16,926.25,320.60,99.80,339.21,0.7318,-1,-1,-1
136,15,644.39,395.00,81.40,196.99,0.6849,-1,-1,-1
136,6,1071.81,287.97,188.12,490.14,0.8665,-1,-1,-1
136,2,723.25,240.15,210.52,641.56,0.8737,-1,-1,-1
137,25,1014.08,370.00,76.79,225.04,0.7447,-1,-1,-1
137,22,1632.09,368.51,44.21,68.75,0.4985,-1,-1,-1
137,21,284.49,323.59,154.12,465.75,0.8409,-1,-1,-1
137,16,928.07,319.51,97.17,341.63,0.7313,-1,-1,-1
137,15,649.03,395.08,77.12,201.79,0.6352,-1,-1,-1
137,6,1070.48,291.08,193.64,492.40,0.8635,-1,-1,-1
137,2,723.95,240.62,211.82,624.30,0.8833,-1,-1,-1
138,25,1018.24,368.18,75.57,229.44,0.7447,-1,-1,-1
138,22,1637.89,371.70,45.71,69.22,0.3217,-1,-1,-1
138,21,279.49,322.98,157.54,469.12,0.8038,-1,-1,-1
138,16,928.36,321.42,96.93,342.10,0.7456,-1,-1,-1
138,15,651.64,397.23,71.27,200.45,0.5942,-1,-1,-1
138,6,1078.04,295.19,192.28,490.68,0.8618,-1,-1,-1
138,2,722.39,242.39,217.94,622.24,0.8864,-1,-1,-1
139,25,1021.26,364.20,75.55,230.59,0.7169,-1,-1,-1
139,21,269.81,320.16,164.34,475.37,0.8146,-1,-1,-1
139,16,930.39,320.94,97.17,343.78,0.7266,-1,-1,-1
139,15,651.88,395.48,71.01,204.88,0.5823,-1,-1,-1
139,6,1082.44,295.72,193.24,490.91,0.8479,-1,-1,-1
139,2,729.65,242.39,212.47,622.53,0.8851,-1,-1,-1
140,25,1022.88,369.02,76.55,226.48,0.7775,-1,-1,-1
140,22,1646.91,367.89,47.33,68.48,0.3396,-1,-1,-1
140,21,268.68,318.57,166.23,486.73,0.8302,-1,-1,-1
140,16,938.16,320.04,92.45,345.47,0.7149,-1,-1,-1
140,15,648.63,396.95,76.19,204.95,0.6319,-1,-1,-1
140,6,1089.70,296.84,188.58,489.10,0.8453,-1,-1,-1
140,2,743.82,241.32,200.18,629.20,0.8780,-1,-1,-1
141,25,1024.36,366.84,80.36,228.08,0.6852,-1,-1,-1
141,22,1650.08,367.95,48.92,70.32,0.3900,-1,-1,-1
141,21,272.34,319.98,164.17,497.87,0.8246,-1,-1,-1
141,16,934.68,322.38,97.42,344.00,0.7389,-1,-1,-1
141,15,647.08,395.13,80.08,206.86,0.7632,-1,-1,-1
141,6,1093.67,295.75,188.71,496.64,0.8582,-1,-1,-1
141,2,749.28,246.09,195.36,631.27,0.8735,-1,-1,-1
142,25,1029.75,372.69,78.91,225.89,0.7247,-1,-1,-1
142,21,271.42,323.29,167.33,500.47,0.8492,-1,-1,-1
142,16,935.28,325.73,97.49,340.27,0.7639,-1,-1,-1
142,15,648.30,400.37,86.36,201.93,0.6909,-1,-1,-1
142,6,1101.11,296.61,186.15,499.86,0.8516,-1,-1,-1
142,2,754.70,252.06,192.38,628.83,0.8694,-1,-1,-1
143,25,1038.23,372.38,72.71,225.87,0.7463,-1,-1,-1
143,22,1671.03,376.00,43.38,61.29,0.3949,-1,-1,-1
143,21,269.22,326.40,171.36,502.49,0.8474,-1,-1,-1
143,16,953.28,325.78,85.96,340.68,0.7232,-1,-1,-1
143,15,654.93,400.38,83.34,204.31,0.6631,-1,-1,-1
143,6,1107.99,296.76,186.69,502.75,0.8675,-1,-1,-1
143,2,768.76,253.87,185.85,634.45,0.8787,-1,-1,-1
144,25,1040.27,372.54,78.34,227.47,0.7546,-1,-1,-1
144,22,1671.72,369.41,52.11,68.95,0.4201,-1,-1,-1
144,21,267.14,325.50,175.25,511.12,0.8580,-1,-1,-1
144,16,959.30,331.61,83.04,332.18,0.8004,-1,-1,-1
144,15,662.99,396.90,75.43,208.06,0.7032,-1,-1,-1
144,6,1112.45,296.76,186.68,500.95,0.8615,-1,-1,-1
144,2,771.79,256.09,186.48,633.71,0.8729,-1,-1,-1
145,25,1041.91,376.09,79.30,222.44,0.7400,-1,-1,-1
145,22,1681.20,370.59,50.23,70.56,0.4226,-1,-1,-1
145,21,264.87,324.72,178.81,513.16,0.8532,-1,-1,-1
145,16,961.88,329.04,83.56,338.27,0.7497,-1,-1,-1
145,15,664.31,396.43,80.33,210.48,0.7018,-1,-1,-1
145,6,1121.80,296.60,186.92,500.44,0.8608,-1,-1,-1
145,2,779.17,258.39,185.04,634.85,0.8604,-1,-1,-1
146,25,1048.46,378.49,77.89,219.07,0.6476,-1,-1,-1
146,22,1695.20,380.05,44.23,61.06,0.3286,-1,-1,-1
146,21,268.36,324.64,177.88,524.58,0.8772,-1,-1,-1
146,16,969.15,332.12,86.70,337.41,0.6867,-1,-1,-1
146,15,669.90,397.73,80.25,209.89,0.6982,-1,-1,-1
146,6,1129.21,301.46,183.30,491.84,0.8740,-1,-1,-1
146,2,780.46,262.71,189.27,636.58,0.8638,-1,-1,-1
147,25,1049.92,382.13,80.40,220.66,0.6330,-1,-1,-1
147,22,1699.65,375.29,47.14,68.54,0.4336,-1,-1,-1
147,21,262.32,326.12,182.54,528.76,0.8601,-1,-1,-1
147,16,964.34,330.77,92.10,341.28,0.7115,-1,-1,-1
147,15,670.06,395.98,80.45,216.38,0.7260,-1,-1,-1
147,6,1134.09,298.25,187.64,490.37,0.8670,-1,-1,-1
147,2,781.60,265.46,190.37,637.61,0.8650,-1,-1,-1
148,25,1053.86,376.55,77.45,228.45,0.6768,-1,-1,-1
148,22,1699.54,374.90,52.05,68.97,0.3775,-1,-1,-1
148,21,257.87,325.75,186.31,542.02,0.8684,-1,-1,-1
148,16,969.00,331.13,91.29,341.14,0.7303,-1,-1,-1
148,15,673.65,395.03,75.45,218.79,0.7258,-1,-1,-1
148,6,1140.63,297.42,181.91,491.01,0.8671,-1,-1,-1
148,2,790.00,265.67,184.95,635.52,0.8554,-1,-1,-1
149,25,1055.79,378.42,77.42,229.42,0.6365,-1,-1,-1
149,22,1707.20,381.84,49.32,64.71,0.3492,-1,-1,-1
149,21,251.59,322.89,182.51,550.11,0.8649,-1,-1,-1
149,16,973.31,336.58,86.88,337.78,0.7344,-1,-1,-1
149,15,675.38,401.57,76.29,217.03,0.6009,-1,-1,-1
149,6,1148.24,298.52,178.47,487.84,0.8619,-1,-1,-1
149,2,793.71,266.14,183.89,638.17,0.8616,-1,-1,-1
150,25,1056.61,368.81,76.36,239.78,0.6722,-1,-1,-1
150,22,1711.38,381.28,51.87,67.26,0.4523,-1,-1,-1
150,21,246.65,318.06,179.37,559.32,0.8501,-1,-1,-1
150,16,975.69,340.04,89.33,338.97,0.7367,-1,-1,-1
150,15,673.53,406.26,79.41,215.39,0.6131,-1,-1,-1
150,6,1151.31,300.04,178.57,490.56,0.8644,-1,-1,-1
150,2,793.02,266.50,185.33,637.31,0.8498,-1,-1,-1
151,25,1056.39,369.30,77.16,241.71,0.5983,-1,-1,-1
151,22,1711.80,379.68,54.44,70.15,0.4878,-1,-1,-1
151,21,233.29,317.49,185.34,568.96,0.8507,-1,-1,-1
151,16,981.04,340.74,84.40,342.26,0.7332,-1,-1,-1
151,15,675.40,409.98,77.51,212.84,0.6688,-1,-1,-1
151,6,1152.33,299.37,180.20,501.89,0.8714,-1,-1,-1
151,2,792.43,266.46,188.99,632.93,0.8409,-1,-1,-1
152,25,1054.21,373.08,79.56,236.97,0.6059,-1,-1,-1
152,22,1715.97,378.56,54.76,71.07,0.5259,-1,-1,-1
152,21,225.49,313.61,188.40,578.09,0.8509,-1,-1,-1
152,16,977.97,341.45,86.89,341.27,0.7104,-1,-1,-1
152,15,675.21,409.71,81.21,215.76,0.7133,-1,-1,-1
152,6,1153.33,300.31,181.57,499.32,0.8801,-1,-1,-1
152,2,789.02,265.03,192.82,624.22,0.8417,-1,-1,-1
153,25,1055.55,372.49,79.21,239.07,0.6199,-1,-1,-1
153,22,1719.76,386.47,49.83,66.07,0.4315,-1,-1,-1
153,21,212.95,311.09,196.12,582.60,0.8585,-1,-1,-1
153,16,983.62,341.31,82.44,346.09,0.7248,-1,-1,-1
153,15,675.38,410.07,84.04,219.59,0.7124,-1,-1,-1
153,6,1158.19,302.71,179.40,498.30,0.8824,-1,-1,-1
153,2,782.86,262.58,202.85,617.35,0.8418,-1,-1,-1
154,25,1053.78,374.21,80.77,238.47,0.6567,-1,-1,-1
154,22,1723.18,385.22,50.63,68.43,0.4097,-1,-1,-1
154,21,201.10,308.95,203.23,588.36,0.8723,-1,-1,-1
154,16,980.22,341.17,84.59,344.46,0.7265,-1,-1,-1
154,15,676.02,411.14,86.96,220.90,0.7176,-1,-1,-1
154,6,1158.89,303.02,178.69,496.11,0.8731,-1,-1,-1
154,2,776.33,260.97,211.04,618.25,0.8594,-1,-1,-1
155,25,1053.92,372.59,80.23,238.88,0.7016,-1,-1,-1
155,22,1720.93,377.55,52.32,73.50,0.3247,-1,-1,-1
155,21,190.78,306.43,208.18,591.96,0.8712,-1,-1,-1
155,16,984.01,340.02,80.43,342.28,0.7272,-1,-1,-1
155,15,671.58,406.54,100.08,224.43,0.7297,-1,-1,-1
155,6,1160.63,302.59,177.37,500.11,0.8790,-1,-1,-1
155,2,769.08,258.52,218.22,619.89,0.8684,-1,-1,-1
156,25,1052.33,370.16,80.34,243.18,0.6923,-1,-1,-1
156,22,1720.38,381.82,53.00,71.53,0.3494,-1,-1,-1
156,21,180.82,301.91,207.18,598.91,0.8714,-1,-1,-1
156,16,981.38,339.58,83.63,344.12,0.7022,-1,-1,-1
156,15,672.23,405.01,99.60,226.60,0.7665,-1,-1,-1
156,6,1158.88,306.62,180.46,507.13,0.8774,-1,-1,-1
156,2,764.67,257.48,225.88,623.66,0.8702,-1,-1,-1
157,25,1049.37,370.09,82.65,244.11,0.6787,-1,-1,-1
157,22,1721.33,380.43,53.58,75.22,0.4142,-1,-1,-1
157,21,170.41,300.73,211.65,604.32,0.8634,-1,-1,-1
157,16,971.23,341.16,93.78,346.95,0.6965,-1,-1,-1
157,15,667.37,407.21,99.84,225.80,0.7038,-1,-1,-1
157,6,1155.26,308.14,178.03,508.25,0.8730,-1,-1,-1
157,2,758.94,260.16,231.23,625.97,0.8774,-1,-1,-1
158,25,1044.31,371.10,85.53,243.40,0.7391,-1,-1,-1
158,22,1716.03,384.03,55.38,69.73,0.4162,-1,-1,-1
158,21,155.87,297.08,214.56,611.31,0.8608,-1,-1,-1
158,16,967.04,341.51,90.90,344.31,0.7418,-1,-1,-1
158,15,661.79,405.69,79.14,228.14,0.6732,-1,-1,-1
158,6,1149.75,304.73,177.21,507.41,0.8647,-1,-1,-1
158,2,760.33,257.11,225.33,630.78,0.8731,-1,-1,-1
159,25,1040.30,378.02,85.73,236.55,0.7010,-1,-1,-1
159,22,1710.04,377.13,59.25,75.68,0.5084,-1,-1,-1
159,21,137.85,294.59,218.15,622.49,0.8558,-1,-1,-1
159,16,965.98,341.84,86.31,339.35,0.6546,-1,-1,-1
159,15,658.75,400.93,85.32,230.86,0.6600,-1,-1,-1
159,6,1146.47,306.93,174.95,503.49,0.8761,-1,-1,-1
159,2,766.16,263.12,216.96,628.99,0.8666,-1,-1,-1
160,27,748.73,355.26,70.16,277.92,0.5033,-1,-1,-1
160,25,1037.59,378.83,83.05,234.35,0.6979,-1,-1,-1
160,22,1706.53,374.27,57.94,78.41,0.3370,-1,-1,-1
160,21,126.93,290.85,221.84,642.23,0.8640,-1,-1,-1
160,16,961.67,338.84,91.39,340.08,0.7255,-1,-1,-1
160,15,649.87,401.74,96.15,229.59,0.6724,-1,-1,-1
160,6,1141.60,305.94,173.69,506.90,0.8769,-1,-1,-1
160,2,769.02,265.17,211.18,630.84,0.8642,-1,-1,-1
161,27,735.32,363.19,72.47,273.16,0.4955,-1,-1,-1
161,25,1032.86,385.26,84.98,226.82,0.7512,-1,-1,-1
161,22,1706.28,372.59,55.66,81.24,0.3376,-1,-1,-1
161,21,112.52,290.61,225.50,659.42,0.8549,-1,-1,-1
161,16,955.69,338.65,88.54,341.59,0.6698,-1,-1,-1
161,15,645.82,397.66,91.17,237.00,0.6919,-1,-1,-1
161,6,1138.26,306.20,172.36,506.04,0.8782,-1,-1,-1
161,2,770.99,271.49,209.29,628.17,0.8709,-1,-1,-1
162,27,730.61,360.43,78.52,279.44,0.6036,-1,-1,-1
162,25,1025.73,386.61,83.25,224.80,0.7441,-1,-1,-1
162,22,1699.92,381.64,56.43,74.20,0.4564,-1,-1,-1
162,21,94.67,283.39,230.46,660.26,0.8687,-1,-1,-1
162,16,950.44,335.86,81.65,348.97,0.6473,-1,-1,-1
162,15,637.66,395.17,77.84,239.66,0.7041,-1,-1,-1
162,6,1132.97,298.92,171.52,513.97,0.8733,-1,-1,-1
162,2,774.13,271.50,204.65,626.73,0.8824,-1,-1,-1
163,27,725.78,357.54,76.42,280.97,0.6666,-1,-1,-1
163,25,1020.07,387.27,84.48,224.21,0.6823,-1,-1,-1
163,22,1694.02,382.34,55.12,74.59,0.4453,-1,-1,-1
163,21,82.25,284.69,221.75,678.84,0.8466,-1,-1,-1
163,16,946.65,331.30,85.72,352.51,0.6175,-1,-1,-1
163,15,629.54,394.46,83.30,240.56,0.7249,-1,-1,-1
163,6,1122.38,299.69,176.37,512.26,0.8682,-1,-1,-1
163,2,774.07,270.19,200.43,629.14,0.8929,-1,-1,-1
164,27,713.18,362.72,79.09,278.09,0.6744,-1,-1,-1
164,25,1018.71,390.64,78.49,218.99,0.7023,-1,-1,-1
164,21,55.93,282.60,246.47,697.58,0.8834,-1,-1,-1
164,16,943.24,333.50,82.57,350.07,0.6623,-1,-1,-1
164,15,619.00,392.44,87.32,244.02,0.7237,-1,-1,-1
164,6,1112.82,297.40,183.92,510.08,0.8672,-1,-1,-1
164,2,767.26,267.76,203.80,624.30,0.8909,-1,-1,-1
165,27,707.66,364.09,79.01,277.23,0.7069,-1,-1,-1
165,25,1014.56,391.20,78.55,215.01,0.6871,-1,-1,-1
165,22,1682.62,377.53,56.42,74.92,0.3299,-1,-1,-1
165,21,37.00,280.35,249.91,716.06,0.8713,-1,-1,-1
165,16,942.08,332.90,81.86,346.93,0.6922,-1,-1,-1
165,15,610.05,393.08,85.21,243.82,0.6888,-1,-1,-1
165,6,1106.88,299.25,181.79,505.41,0.8747,-1,-1,-1
165,2,763.77,262.77,198.15,628.04,0.8865,-1,-1,-1
166,27,704.28,365.09,80.05,277.92,0.7309,-1,-1,-1
166,25,1008.62,390.00,79.75,214.07,0.6685,-1,-1,-1
166,22,1677.99,375.44,53.65,75.34,0.3933,-1,-1,-1
166,21,19.22,278.59,262.21,726.53,0.8876,-1,-1,-1
166,16,932.99,325.79,85.36,353.06,0.6957,-1,-1,-1
166,15,605.66,391.08,88.90,246.83,0.7174,-1,-1,-1
166,6,1100.28,297.21,186.34,500.59,0.8768,-1,-1,-1
166,2,766.16,258.65,194.69,631.68,0.8856,-1,-1,-1
167,27,697.63,361.69,87.82,282.32,0.7083,-1,-1,-1
167,25,1008.86,397.84,77.22,207.93,0.5622,-1,-1,-1
167,22,1679.28,374.61,55.20,74.47,0.3863,-1,-1,-1
167,21,5.64,273.69,255.51,737.37,0.8650,-1,-1,-1
167,16,934.12,325.06,83.96,349.49,0.6918,-1,-1,-1
167,15,601.13,389.75,86.49,248.97,0.7259,-1,-1,-1
167,6,1093.99,291.94,192.17,505.84,0.8659,-1,-1,-1
167,2,767.14,256.05,192.65,631.02,0.8746,-1,-1,-1
168,27,682.50,356.77,97.80,287.31,0.7777,-1,-1,-1
168,25,1007.66,374.77,77.99,234.17,0.6034,-1,-1,-1
168,22,1672.63,371.21,60.37,78.51,0.3809,-1,-1,-1
168,21,0.53,263.88,256.92,752.07,0.8876,-1,-1,-1
168,16,930.38,329.68,86.54,348.76,0.6991,-1,-1,-1
168,15,596.63,389.54,88.23,248.78,0.6911,-1,-1,-1
168,6,1090.88,291.61,191.48,504.06,0.8647,-1,-1,-1
168,2,774.00,253.34,184.53,619.42,0.8656,-1,-1,-1
169,27,680.30,356.10,96.27,281.55,0.7693,-1,-1,-1
169,25,1004.11,374.94,80.63,228.91,0.6366,-1,-1,-1
169,22,1672.84,370.87,58.07,77.78,0.4163,-1,-1,-1
169,21,0.08,256.77,241.47,763.87,0.9024,-1,-1,-1
169,16,930.52,329.39,82.73,342.27,0.6958,-1,-1,-1
169,15,590.76,387.36,91.21,252.25,0.7353,-1,-1,-1
169,6,1086.88,291.48,193.84,502.59,0.8698,-1,-1,-1
169,2,777.62,248.87,184.03,611.44,0.8632,-1,-1,-1
170,27,672.51,352.22,104.55,288.23,0.7918,-1,-1,-1
170,25,1004.22,371.10,80.83,232.69,0.6332,-1,-1,-1
170,22,1676.67,368.87,52.18,77.23,0.3145,-1,-1,-1
170,21,0.00,250.33,228.91,776.85,0.9022,-1,-1,-1
170,16,928.15,329.65,81.55,342.63,0.6886,-1,-1,-1
170,15,588.95,386.80,80.92,251.29,0.6201,-1,-1,-1
170,6,1081.19,290.89,198.53,506.06,0.8706,-1,-1,-1
170,2,778.65,247.90,181.01,610.45,0.8545,-1,-1,-1
171,27,664.04,352.45,112.62,292.70,0.8041,-1,-1,-1
171,25,1005.92,366.55,77.16,230.59,0.6707,-1,-1,-1
171,21,0.01,245.72,217.68,789.82,0.9018,-1,-1,-1
171,16,927.63,328.52,83.57,348.21,0.7115,-1,-1,-1
171,15,580.95,382.03,90.71,260.23,0.6402,-1,-1,-1
171,6,1078.88,290.61,201.06,510.05,0.8685,-1,-1,-1
171,2,777.54,245.97,180.30,614.38,0.8563,-1,-1,-1
172,27,659.12,350.65,117.60,295.89,0.8317,-1,-1,-1
172,25,1002.23,367.14,78.63,229.78,0.6558,-1,-1,-1
172,21,0.00,240.95,204.60,799.67,0.8958,-1,-1,-1
172,16,928.31,338.86,80.47,332.53,0.6798,-1,-1,-1
172,15,573.46,384.73,99.43,260.96,0.6855,-1,-1,-1
172,6,1075.54,290.23,204.35,509.30,0.8735,-1,-1,-1
172,2,775.34,247.36,184.23,618.96,0.8505,-1,-1,-1
173,27,656.75,347.57,122.89,299.20,0.8321,-1,-1,-1
173,25,1002.39,372.99,78.60,220.68,0.6627,-1,-1,-1
173,22,1674.80,363.89,53.15,76.46,0.4416,-1,-1,-1
173,21,0.00,235.82,194.35,816.51,0.8878,-1,-1,-1
173,16,926.72,336.47,78.03,335.46,0.6678,-1,-1,-1
173,15,565.45,385.95,103.30,261.33,0.7057,-1,-1,-1
173,6,1074.40,288.92,202.85,511.53,0.8676,-1,-1,-1
173,2,777.29,245.37,180.19,621.73,0.8552,-1,-1,-1
174,27,655.48,345.39,125.58,301.28,0.8182,-1,-1,-1
174,25,1002.93,367.40,76.75,228.45,0.6675,-1,-1,-1
174,22,1676.08,362.75,54.52,75.20,0.4160,-1,-1,-1
174,21,0.07,231.94,186.83,828.15,0.8844,-1,-1,-1
174,16,928.19,335.29,77.66,337.03,0.6463,-1,-1,-1
174,15,562.65,380.15,94.79,270.33,0.6958,-1,-1,-1
174,6,1076.91,288.83,204.51,516.18,0.8719,-1,-1,-1
174,2,775.93,246.25,182.80,623.31,0.8592,-1,-1,-1
175,27,653.82,345.06,128.71,304.11,0.8186,-1,-1,-1
175,25,1004.06,367.74,76.26,231.03,0.6663,-1,-1,-1
175,22,1679.98,363.19,56.69,75.95,0.4673,-1,-1,-1
175,21,0.16,226.50,179.01,836.97,0.8854,-1,-1,-1
175,16,930.25,329.19,77.97,343.19,0.6395,-1,-1,-1
175,15,559.89,379.18,95.92,272.98,0.6820,-1,-1,-1
175,6,1080.53,289.00,203.78,520.37,0.8729,-1,-1,-1
175,2,780.12,247.57,178.32,628.25,0.8637,-1,-1,-1
176,27,654.39,345.39,126.84,310.70,0.8107,-1,-1,-1
176,25,1008.38,365.72,74.64,231.92,0.6799,-1,-1,-1
176,22,1686.49,364.42,49.65,71.30,0.3565,-1,-1,-1
176,21,0.15,226.94,172.62,844.08,0.8836,-1,-1,-1
176,16,932.90,325.16,74.34,347.78,0.6373,-1,-1,-1
176,15,555.34,378.56,100.86,276.48,0.7237,-1,-1,-1
176,6,1084.19,289.78,203.02,520.13,0.8721,-1,-1,-1
176,2,785.18,254.34,175.66,628.36,0.8478,-1,-1,-1
177,27,654.35,346.01,127.12,311.20,0.8152,-1,-1,-1
177,25,1009.18,368.37,75.04,228.85,0.6887,-1,-1,-1
177,22,1683.69,358.74,58.69,74.91,0.3952,-1,-1,-1
177,21,0.30,225.17,162.25,850.61,0.8760,-1,-1,-1
177,16,935.05,323.87,64.27,349.45,0.5903,-1,-1,-1
177,15,554.29,380.00,101.98,274.35,0.7126,-1,-1,-1
177,6,1087.06,290.81,202.49,517.31,0.8748,-1,-1,-1
177,2,786.75,258.59,176.61,626.71,0.8483,-1,-1,-1
178,27,653.84,348.77,133.04,314.39,0.8253,-1,-1,-1
178,25,1014.38,371.09,74.41,228.39,0.6444,-1,-1,-1
178,22,1690.88,360.01,57.08,75.08,0.3317,-1,-1,-1
178,21,0.32,222.35,155.22,853.95,0.8740,-1,-1,-1
178,16,940.85,328.50,57.53,352.55,0.4079,-1,-1,-1
178,15,554.70,379.75,100.14,277.34,0.7328,-1,-1,-1
178,6,1090.92,290.18,205.85,524.33,0.8788,-1,-1,-1
178,2,790.30,262.54,177.80,625.36,0.8574,-1,-1,-1
179,27,651.03,349.84,140.76,314.58,0.8254,-1,-1,-1
179,25,1015.73,375.27,75.24,222.24,0.6751,-1,-1,-1
179,22,1685.95,356.51,69.77,80.04,0.4426,-1,-1,-1
179,21,0.53,227.42,143.74,849.16,0.8739,-1,-1,-1
179,16,931.02,300.50,72.94,372.90,0.5756,-1,-1,-1
179,15,553.28,379.62,102.23,279.98,0.7101,-1,-1,-1
179,6,1099.41,287.54,200.89,527.41,0.8803,-1,-1,-1
179,2,792.17,263.54,177.25,624.19,0.8564,-1,-1,-1
180,27,653.69,351.39,134.99,315.47,0.7987,-1,-1,-1
180,25,1018.95,384.64,74.14,214.97,0.6105,-1,-1,-1
180,22,1696.81,358.15,65.22,76.36,0.4638,-1,-1,-1
180,21,0.63,231.42,133.51,846.12,0.8652,-1,-1,-1
180,16,944.18,321.37,57.87,352.67,0.3246,-1,-1,-1
180,15,553.07,378.75,104.52,283.92,0.7641,-1,-1,-1
180,6,1104.46,290.68,201.77,523.05,0.8717,-1,-1,-1
180,2,795.63,267.09,180.72,616.47,0.8630,-1,-1,-1
181,27,654.42,351.27,137.47,320.60,0.8163,-1,-1,-1
181,25,1019.03,370.97,77.48,228.75,0.6325,-1,-1,-1
181,22,1713.16,355.56,51.61,77.23,0.4132,-1,-1,-1
181,21,0.54,261.48,127.29,816.05,0.8625,-1,-1,-1
181,16,942.58,311.37,60.08,360.05,0.3641,-1,-1,-1
181,15,554.32,382.49,103.26,283.25,0.7259,-1,-1,-1
181,6,1114.27,284.60,196.57,527.59,0.8748,-1,-1,-1
181,2,796.37,265.67,183.85,618.32,0.8678,-1,-1,-1
182,27,654.58,351.42,137.27,323.63,0.8205,-1,-1,-1
182,25,1022.15,378.39,80.51,219.88,0.7335,-1,-1,-1
182,22,1713.88,355.29,59.53,77.43,0.5690,-1,-1,-1
182,21,0.42,288.59,118.25,789.70,0.8565,-1,-1,-1
182,16,944.55,313.82,63.63,360.61,0.4416,-1,-1,-1
182,15,555.26,383.38,107.08,286.62,0.7499,-1,-1,-1
182,6,1120.93,286.13,196.58,526.35,0.8726,-1,-1,-1
182,2,796.50,264.95,185.05,617.53,0.8722,-1,-1,-1
183,27,654.64,348.81,143.70,324.73,0.8300,-1,-1,-1
183,25,1024.81,384.73,80.42,214.74,0.6706,-1,-1,-1
183,22,1715.42,353.73,60.70,78.16,0.4129,-1,-1,-1
183,21,0.74,313.49,105.27,763.48,0.8433,-1,-1,-1
183,16,947.26,314.94,64.52,354.59,0.3319,-1,-1,-1
183,15,555.03,387.01,107.36,286.33,0.7397,-1,-1,-1
183,6,1131.93,282.44,191.18,519.00,0.8705,-1,-1,-1
183,2,799.41,263.17,191.91,610.28,0.8732,-1,-1,-1
184,27,660.63,347.39,143.98,327.57,0.8309,-1,-1,-1
184,25,1031.36,381.17,80.86,222.53,0.6438,-1,-1,-1
184,22,1726.86,353.76,61.03,77.56,0.4384,-1,-1,-1
184,21,0.56,383.87,93.12,692.04,0.8429,-1,-1,-1
184,16,951.23,305.43,67.44,370.22,0.4225,-1,-1,-1
184,15,555.60,389.73,110.79,283.38,0.7550,-1,-1,-1
184,6,1133.57,282.58,193.02,515.12,0.8755,-1,-1,-1
184,2,801.97,264.87,193.22,596.76,0.8759,-1,-1,-1
185,27,670.11,328.60,136.78,350.33,0.8513,-1,-1,-1
185,25,1037.39,384.78,76.88,216.82,0.6756,-1,-1,-1
185,22,1727.44,350.52,64.93,79.82,0.4079,-1,-1,-1
185,21,0.47,390.44,85.55,685.07,0.8066,-1,-1,-1
185,16,958.11,313.05,70.62,362.58,0.6058,-1,-1,-1
185,15,557.61,390.75,116.70,285.57,0.7165,-1,-1,-1
185,6,1139.91,283.36,192.54,512.10,0.8707,-1,-1,-1
185,2,802.00,261.99,194.43,598.58,0.8585,-1,-1,-1
186,27,669.80,324.42,138.51,357.06,0.8471,-1,-1,-1
186,25,1037.30,383.63,82.71,218.57,0.6856,-1,-1,-1
186,22,1738.95,352.30,61.87,78.69,0.4772,-1,-1,-1
186,21,0.48,396.93,84.40,678.79,0.7608,-1,-1,-1
186,16,962.54,319.05,66.81,358.25,0.5453,-1,-1,-1
186,15,558.23,390.80,119.14,287.98,0.7527,-1,-1,-1
186,6,1149.92,284.73,185.42,514.60,0.8792,-1,-1,-1
186,2,803.83,257.18,192.87,605.79,0.8641,-1,-1,-1
187,27,671.10,328.67,138.16,350.88,0.8511,-1,-1,-1
187,25,1042.73,377.76,79.69,221.13,0.7038,-1,-1,-1
187,22,1755.84,354.38,54.72,76.28,0.3293,-1,-1,-1
187,21,0.00,416.79,61.06,657.70,0.4279,-1,-1,-1
187,16,971.23,349.18,59.18,327.35,0.3711,-1,-1,-1
187,15,557.77,385.43,124.43,294.80,0.7652,-1,-1,-1
187,6,1153.85,279.39,189.61,521.73,0.8826,-1,-1,-1
187,2,805.96,253.57,195.17,605.00,0.8674,-1,-1,-1
188,27,668.80,325.67,139.05,352.10,0.8549,-1,-1,-1
188,25,1037.14,376.60,85.43,223.85,0.7109,-1,-1,-1
188,22,1762.53,354.28,50.28,73.16,0.4171,-1,-1,-1
188,15,557.02,385.16,125.78,294.13,0.7757,-1,-1,-1
188,6,1154.80,279.07,189.68,520.61,0.8860,-1,-1,-1
188,2,800.63,252.41,203.55,607.58,0.8690,-1,-1,-1
189,27,666.73,325.07,141.79,355.49,0.8495,-1,-1,-1
189,25,1037.45,375.06,85.40,224.31,0.7259,-1,-1,-1
189,22,1760.31,351.61,57.21,75.07,0.4733,-1,-1,-1
189,15,554.04,381.47,131.20,298.73,0.7088,-1,-1,-1
189,6,1159.89,275.91,182.22,523.93,0.8822,-1,-1,-1
189,2,798.96,252.84,203.93,611.11,0.8673,-1,-1,-1
190,27,672.01,323.04,136.25,360.07,0.8446,-1,-1,-1
190,25,1031.62,376.28,91.50,221.32,0.7129,-1,-1,-1
190,22,1756.92,353.14,61.97,76.87,0.4658,-1,-1,-1
190,15,547.92,379.76,141.31,301.84,0.7273,-1,-1,-1
190,6,1159.86,275.32,185.68,527.36,0.8806,-1,-1,-1
190,2,803.60,251.49,199.60,613.89,0.8584,-1,-1,-1
191,27,671.48,324.80,135.56,361.16,0.8073,-1,-1,-1
191,25,1034.14,373.90,89.71,226.05,0.6989,-1,-1,-1
191,22,1758.66,355.21,60.62,78.97,0.4879,-1,-1,-1
191,16,978.08,328.08,56.48,355.60,0.3142,-1,-1,-1
191,15,546.04,378.07,136.57,305.86,0.6629,-1,-1,-1
191,6,1161.26,278.44,185.69,529.24,0.8796,-1,-1,-1
191,2,805.42,253.18,197.82,618.73,0.8553,-1,-1,-1
192,27,666.38,325.70,140.22,361.48,0.8327,-1,-1,-1
192,25,1031.92,378.77,89.69,222.54,0.7029,-1,-1,-1
192,22,1757.05,360.57,63.82,77.36,0.4314,-1,-1,-1
192,15,541.18,377.60,100.99,307.25,0.7031,-1,-1,-1
192,6,1160.40,285.77,183.73,527.86,0.8861,-1,-1,-1
192,2,811.58,260.78,191.50,618.17,0.8579,-1,-1,-1
193,27,657.04,330.90,148.83,359.79,0.7862,-1,-1,-1
193,25,1030.55,376.04,88.96,227.42,0.6982,-1,-1,-1
193,22,1754.23,361.05,69.60,77.43,0.4426,-1,-1,-1
193,15,535.64,377.13,130.99,308.62,0.6637,-1,-1,-1
193,6,1160.30,285.20,179.31,531.16,0.8836,-1,-1,-1
193,2,810.07,264.84,194.48,617.36,0.8681,-1,-1,-1
194,27,656.24,332.31,145.82,365.26,0.8255,-1,-1,-1
194,25,1034.89,378.37,84.75,227.22,0.7260,-1,-1,-1
194,22,1756.31,362.69,67.87,80.15,0.4234,-1,-1,-1
194,15,530.63,377.63,132.80,313.35,0.7530,-1,-1,-1
194,6,1158.82,288.13,177.57,534.91,0.8792,-1,-1,-1
194,2,806.42,268.58,198.58,613.67,0.8654,-1,-1,-1
195,27,645.34,337.67,153.12,367.30,0.8444,-1,-1,-1
195,25,1026.48,381.21,90.61,225.16,0.7374,-1,-1,-1
195,22,1757.68,367.67,64.86,79.49,0.5028,-1,-1,-1
195,15,521.46,380.75,112.67,316.51,0.7483,-1,-1,-1
195,6,1155.07,291.43,175.83,534.23,0.8688,-1,-1,-1
195,2,802.14,274.61,205.60,609.58,0.8796,-1,-1,-1
196,27,643.92,342.91,151.16,365.48,0.8285,-1,-1,-1
196,25,1021.12,384.14,93.28,223.02,0.7186,-1,-1,-1
196,22,1761.42,369.37,59.03,79.06,0.3740,-1,-1,-1
196,15,514.72,379.75,115.28,323.61,0.7627,-1,-1,-1
196,6,1148.62,294.64,176.46,536.94,0.8562,-1,-1,-1
196,2,798.31,270.62,206.75,615.66,0.8865,-1,-1,-1
197,27,634.07,342.37,154.02,369.85,0.8226,-1,-1,-1
197,25,1018.62,388.53,93.25,221.64,0.7606,-1,-1,-1
197,22,1758.21,376.74,61.59,72.60,0.3221,-1,-1,-1
197,15,506.59,383.47,114.92,323.74,0.7714,-1,-1,-1
197,6,1144.33,294.99,173.92,536.31,0.8556,-1,-1,-1
197,2,796.20,271.34,208.95,615.25,0.8946,-1,-1,-1
198,27,619.12,343.53,159.27,375.72,0.8376,-1,-1,-1
198,25,1015.42,391.17,91.67,220.70,0.7204,-1,-1,-1
198,15,495.16,385.86,118.90,330.98,0.7919,-1,-1,-1
198,6,1137.85,297.27,177.94,526.29,0.8549,-1,-1,-1
198,2,797.85,273.06,207.34,615.84,0.8890,-1,-1,-1
199,27,604.21,348.51,164.82,383.33,0.8336,-1,-1,-1
199,25,1010.03,398.06,91.21,214.44,0.7434,-1,-1,-1
199,15,488.38,388.82,122.33,332.43,0.8202,-1,-1,-1
199,6,1133.17,297.91,180.36,544.46,0.8627,-1,-1,-1
199,2,806.59,276.46,195.52,593.36,0.8820,-1,-1,-1
200,27,609.21,349.43,150.87,383.61,0.8438,-1,-1,-1
200,25,1009.66,406.99,87.47,208.56,0.6664,-1,-1,-1
200,22,1734.49,381.07,72.24,80.04,0.5505,-1,-1,-1
200,15,478.48,393.77,132.44,336.00,0.7002,-1,-1,-1
200,6,1124.95,299.65,183.81,541.66,0.8619,-1,-1,-1
200,2,801.06,281.33,201.39,584.56,0.8845,-1,-1,-1
201,27,581.54,347.27,166.32,383.66,0.7975,-1,-1,-1
201,25,1009.29,393.43,81.09,223.77,0.7350,-1,-1,-1
201,22,1732.07,384.55,72.68,79.14,0.4134,-1,-1,-1
201,15,467.42,396.23,115.23,333.66,0.7716,-1,-1,-1
201,6,1116.21,304.33,188.29,529.70,0.8699,-1,-1,-1
201,2,801.20,281.14,195.05,588.69,0.8868,-1,-1,-1
202,27,584.85,346.03,152.93,389.82,0.8090,-1,-1,-1
202,25,1005.86,405.73,79.71,213.92,0.6839,-1,-1,-1
202,22,1725.47,383.68,75.48,81.93,0.4240,-1,-1,-1
202,15,457.54,400.00,129.90,334.28,0.8075,-1,-1,-1
202,6,1110.67,304.20,190.47,531.57,0.8721,-1,-1,-1
202,2,796.22,281.23,194.20,593.68,0.8919,-1,-1,-1
203,32,761.22,397.52,63.90,241.61,0.4422,-1,-1,-1
203,27,578.69,344.03,155.91,397.48,0.8280,-1,-1,-1
203,25,1001.10,409.08,82.10,215.09,0.7236,-1,-1,-1
203,22,1728.94,384.41,67.66,82.42,0.4239,-1,-1,-1
203,15,443.58,396.31,107.97,345.48,0.6158,-1,-1,-1
203,6,1106.45,304.49,193.26,531.86,0.8731,-1,-1,-1
203,2,800.15,281.95,186.62,595.84,0.8817,-1,-1,-1
204,32,758.41,400.21,68.42,240.69,0.6658,-1,-1,-1
204,27,572.83,344.47,156.45,397.28,0.8171,-1,-1,-1
204,25,1004.33,413.12,77.14,217.21,0.7367,-1,-1,-1
204,22,1730.64,384.99,64.27,81.78,0.3563,-1,-1,-1
204,15,434.38,398.92,143.11,346.56,0.7255,-1,-1,-1
204,6,1104.28,303.45,191.34,530.68,0.8712,-1,-1,-1
204,2,807.67,284.99,175.85,596.77,0.8649,-1,-1,-1
205,32,758.86,397.07,68.39,245.17,0.6578,-1,-1,-1
205,27,564.56,343.46,152.42,399.99,0.8010,-1,-1,-1
205,25,1002.58,413.96,76.34,214.35,0.7010,-1,-1,-1
205,22,1722.42,382.44,70.48,84.67,0.4830,-1,-1,-1
205,15,425.21,399.04,146.05,348.74,0.7800,-1,-1,-1
205,6,1102.99,303.67,192.89,529.46,0.8741,-1,-1,-1
205,2,807.84,286.35,174.50,598.40,0.8644,-1,-1,-1
206,32,756.00,396.43,69.41,249.36,0.6906,-1,-1,-1
206,27,558.91,342.51,155.63,405.02,0.8320,-1,-1,-1
206,25,999.79,415.61,79.02,210.95,0.6888,-1,-1,-1
206,22,1730.82,381.98,62.16,84.23,0.4236,-1,-1,-1
206,15,418.53,396.67,150.66,352.79,0.7962,-1,-1,-1
206,6,1099.61,307.22,199.68,531.71,0.8667,-1,-1,-1
206,2,808.13,287.93,172.54,599.96,0.8670,-1,-1,-1
207,32,753.58,396.00,71.84,248.47,0.6905,-1,-1,-1
207,27,551.32,344.27,161.99,406.57,0.8532,-1,-1,-1
207,25,1000.04,413.99,78.20,214.67,0.6986,-1,-1,-1
207,22,1735.64,382.28,57.89,84.04,0.3862,-1,-1,-1
207,15,412.33,394.98,148.14,356.44,0.8315,-1,-1,-1
207,6,1096.03,307.84,204.59,533.94,0.8681,-1,-1,-1
207,2,808.31,289.33,171.12,598.53,0.8645,-1,-1,-1
208,32,753.76,393.74,71.48,250.57,0.6877,-1,-1,-1
208,27,546.13,335.31,161.61,414.74,0.8587,-1,-1,-1
208,25,1003.27,409.08,75.07,211.76,0.7247,-1,-1,-1
208,22,1741.66,383.73,52.90,82.07,0.3024,-1,-1,-1
208,15,404.39,394.74,143.45,358.13,0.8411,-1,-1,-1
208,6,1094.17,304.03,207.96,540.31,0.8680,-1,-1,-1
208,2,809.06,290.02,169.19,598.05,0.8560,-1,-1,-1
209,32,754.61,394.25,67.33,251.85,0.6307,-1,-1,-1
209,27,536.75,335.41,174.32,420.65,0.8638,-1,-1,-1
209,25,1002.22,402.75,76.08,217.45,0.7160,-1,-1,-1
209,22,1746.39,383.66,50.70,80.19,0.3860,-1,-1,-1
209,15,399.55,391.04,147.50,362.56,0.8272,-1,-1,-1
209,6,1095.17,305.16,209.34,542.08,0.8675,-1,-1,-1
209,2,807.52,291.50,170.03,598.30,0.8554,-1,-1,-1
210,32,748.05,392.88,71.89,254.94,0.6420,-1,-1,-1
210,27,532.05,339.99,177.62,422.38,0.8501,-1,-1,-1
210,25,1001.76,404.00,78.05,216.59,0.5573,-1,-1,-1
210,22,1724.17,382.67,72.07,84.61,0.4027,-1,-1,-1
210,15,392.34,389.21,146.84,365.99,0.8246,-1,-1,-1
210,6,1096.41,308.91,210.79,539.79,0.8719,-1,-1,-1
210,2,804.44,294.90,173.13,597.38,0.8648,-1,-1,-1
211,32,745.41,394.25,72.08,258.02,0.6483,-1,-1,-1
211,27,519.80,328.38,186.72,443.00,0.8324,-1,-1,-1
211,25,1004.16,419.92,73.64,200.85,0.5491,-1,-1,-1
211,22,1747.58,382.34,50.38,83.12,0.4628,-1,-1,-1
211,15,384.58,389.37,147.87,367.07,0.8250,-1,-1,-1
211,6,1096.98,310.20,210.30,545.27,0.8726,-1,-1,-1
211,2,803.28,293.85,175.03,601.28,0.8701,-1,-1,-1
212,32,742.32,395.41,75.05,258.85,0.6523,-1,-1,-1
212,27,503.27,331.12,200.73,448.82,0.8214,-1,-1,-1
212,25,999.05,404.07,79.26,219.65,0.6687,-1,-1,-1
212,15,376.86,389.46,143.35,376.55,0.8260,-1,-1,-1
212,6,1095.61,315.05,213.58,540.55,0.8651,-1,-1,-1
212,2,796.92,291.92,184.18,600.50,0.8608,-1,-1,-1
213,32,740.11,396.83,69.99,263.48,0.6698,-1,-1,-1
213,27,507.77,341.21,191.84,443.00,0.8368,-1,-1,-1
213,25,995.59,402.23,82.25,222.68,0.7168,-1,-1,-1
213,15,368.24,390.86,150.88,387.35,0.8420,-1,-1,-1
213,6,1095.53,310.84,212.56,546.80,0.8610,-1,-1,-1
213,2,793.37,293.44,183.34,600.25,0.8643,-1,-1,-1
214,32,739.01,403.45,69.07,259.51,0.6716,-1,-1,-1
214,27,505.92,344.40,191.22,448.01,0.8454,-1,-1,-1
214,25,995.09,411.64,83.67,218.92,0.7440,-1,-1,-1
214,15,364.54,397.64,150.64,391.24,0.8434,-1,-1,-1
214,6,1096.51,319.37,212.77,545.04,0.8704,-1,-1,-1
214,2,790.89,299.25,184.91,589.26,0.8605,-1,-1,-1
215,32,738.50,401.25,68.12,259.88,0.6939,-1,-1,-1
215,27,503.52,341.38,193.61,455.97,0.8642,-1,-1,-1
215,25,994.50,406.37,86.21,222.84,0.7162,-1,-1,-1
215,22,1749.61,393.82,54.75,75.96,0.3458,-1,-1,-1
215,15,360.39,396.79,150.10,396.86,0.8483,-1,-1,-1
215,6,1101.60,312.78,208.89,555.86,0.8721,-1,-1,-1
215,2,788.10,293.28,188.76,582.25,0.8647,-1,-1,-1
216,32,741.28,400.48,67.13,258.81,0.6173,-1,-1,-1
216,27,501.38,336.86,192.03,467.45,0.8712,-1,-1,-1
216,25,1004.21,414.27,79.35,215.38,0.7528,-1,-1,-1
216,22,1763.42,397.21,49.36,76.18,0.3596,-1,-1,-1
216,15,357.99,397.07,149.65,402.61,0.8468,-1,-1,-1
216,6,1112.42,310.26,199.84,559.99,0.8832,-1,-1,-1
216,2,786.06,291.37,192.92,588.46,0.8661,-1,-1,-1
217,32,743.21,398.20,67.71,267.85,0.6353,-1,-1,-1
217,27,501.41,333.19,191.45,474.75,0.8698,-1,-1,-1
217,25,1007.44,417.84,80.89,213.55,0.7733,-1,-1,-1
217,22,1769.63,393.64,45.52,78.78,0.3736,-1,-1,-1
217,15,356.39,397.84,149.45,401.83,0.8455,-1,-1,-1
217,6,1116.69,308.70,201.42,559.54,0.8829,-1,-1,-1
217,2,785.93,290.28,194.97,589.55,0.8724,-1,-1,-1
218,33,663.50,400.37,54.93,197.96,0.4525,-1,-1,-1
218,32,748.12,397.19,65.11,270.88,0.6781,-1,-1,-1
218,27,503.77,325.59,188.03,485.60,0.8720,-1,-1,-1
218,25,1011.23,424.47,79.87,206.81,0.7528,-1,-1,-1
218,15,354.08,397.17,157.98,409.69,0.8515,-1,-1,-1
218,6,1125.29,313.02,195.99,551.14,0.8742,-1,-1,-1
218,2,790.85,289.91,194.05,592.31,0.8777,-1,-1,-1
219,33,666.39,407.64,56.18,183.25,0.3872,-1,-1,-1
219,32,750.34,398.02,67.03,273.16,0.6841,-1,-1,-1
219,27,507.57,323.73,188.38,488.34,0.8773,-1,-1,-1
219,25,1016.38,419.41,81.65,217.52,0.7159,-1,-1,-1
219,22,1783.63,395.00,51.36,81.91,0.3228,-1,-1,-1
219,15,353.28,396.74,166.09,414.73,0.8510,-1,-1,-1
219,6,1131.55,313.61,196.34,546.13,0.8746,-1,-1,-1
219,2,795.21,290.86,194.94,592.72,0.8762,-1,-1,-1
220,33,665.11,404.79,60.72,179.09,0.5582,-1,-1,-1
220,32,750.25,398.76,72.58,272.60,0.6722,-1,-1,-1
220,27,510.41,322.79,187.95,491.16,0.8668,-1,-1,-1
220,25,1020.39,419.22,81.22,216.84,0.7220,-1,-1,-1
220,22,1793.59,394.03,48.88,81.92,0.4108,-1,-1,-1
220,15,353.48,395.01,168.06,416.88,0.8581,-1,-1,-1
220,6,1136.53,314.39,196.84,545.33,0.8721,-1,-1,-1
220,2,794.13,296.20,198.27,593.23,0.8704,-1,-1,-1
221,33,664.96,404.25,65.07,185.51,0.5404,-1,-1,-1
221,32,753.77,396.46,75.60,277.04,0.7016,-1,-1,-1
221,27,510.68,318.19,188.23,496.99,0.8653,-1,-1,-1
221,25,1026.05,423.22,80.74,214.33,0.7112,-1,-1,-1
221,22,1797.96,394.48,53.29,85.95,0.4935,-1,-1,-1
221,15,352.15,389.49,171.30,423.83,0.8507,-1,-1,-1
221,6,1145.73,314.76,199.43,545.64,0.8733,-1,-1,-1
221,2,802.13,298.36,199.16,596.00,0.8588,-1,-1,-1
222,34,1428.06,502.27,163.13,355.57,0.3899,-1,-1,-1
222,33,667.65,406.67,69.01,188.46,0.5041,-1,-1,-1
222,32,757.08,397.12,78.14,277.87,0.7172,-1,-1,-1
222,27,511.28,315.38,189.01,502.96,0.8747,-1,-1,-1
222,25,1023.05,423.58,88.18,216.90,0.7122,-1,-1,-1
222,22,1812.43,399.82,49.41,80.50,0.4911,-1,-1,-1
222,15,350.94,386.43,172.69,428.33,0.8545,-1,-1,-1
222,6,1155.70,318.49,192.71,545.72,0.8892,-1,-1,-1
222,2,807.96,300.22,195.68,598.54,0.8566,-1,-1,-1
223,34,1432.15,529.14,155.70,328.87,0.3556,-1,-1,-1
223,33,668.84,406.90,70.26,190.82,0.5440,-1,-1,-1
223,32,759.69,395.73,79.72,279.38,0.7202,-1,-1,-1
223,27,511.17,312.67,192.20,501.68,0.8739,-1,-1,-1
223,25,1035.14,420.42,77.81,219.66,0.7051,-1,-1,-1
223,22,1815.84,395.76,53.31,86.04,0.4958,-1,-1,-1
223,15,347.87,385.61,175.61,430.18,0.8504,-1,-1,-1
223,6,1163.28,317.43,190.21,548.12,0.8806,-1,-1,-1
223,2,817.62,302.96,191.69,596.13,0.8708,-1,-1,-1
224,34,1444.72,532.56,144.67,324.89,0.4133,-1,-1,-1
224,33,671.45,406.24,69.52,196.22,0.4122,-1,-1,-1
224,32,760.59,392.69,83.21,286.03,0.8185,-1,-1,-1
224,27,508.89,304.78,196.56,513.80,0.8765,-1,-1,-1
224,25,1038.44,418.50,80.81,219.18,0.7568,-1,-1,-1
224,22,1821.96,394.37,57.29,88.62,0.4425,-1,-1,-1
224,15,347.48,384.98,173.34,430.95,0.8485,-1,-1,-1
224,6,1169.09,311.28,189.18,556.30,0.8861,-1,-1,-1
224,2,823.13,305.30,193.76,593.32,0.8797,-1,-1,-1
225,33,672.68,404.20,68.80,202.19,0.5329,-1,-1,-1
225,32,760.31,393.33,89.06,286.50,0.8125,-1,-1,-1
225,27,506.70,300.18,201.47,526.03,0.8707,-1,-1,-1
225,25,1038.82,421.12,81.95,215.48,0.7665,-1,-1,-1
225,22,1834.97,398.44,53.34,83.13,0.4401,-1,-1,-1
225,15,347.82,384.37,167.63,434.76,0.8530,-1,-1,-1
225,6,1175.97,313.86,188.97,555.10,0.8826,-1,-1,-1
225,2,826.65,303.88,200.39,593.63,0.8805,-1,-1,-1
226,33,672.14,405.42,72.03,215.04,0.6472,-1,-1,-1
226,32,759.77,393.89,95.05,287.64,0.7940,-1,-1,-1
226,27,498.65,300.69,208.57,533.32,0.8716,-1,-1,-1
226,25,1038.31,422.90,82.90,212.81,0.7551,-1,-1,-1
226,22,1835.14,394.87,59.91,87.54,0.6333,-1,-1,-1
226,15,340.48,381.82,170.45,438.14,0.8617,-1,-1,-1
226,6,1179.27,313.52,187.31,558.11,0.8712,-1,-1,-1
226,2,837.33,301.72,195.30,586.87,0.8722,-1,-1,-1
227,33,671.76,403.13,73.27,218.12,0.6699,-1,-1,-1
227,32,754.71,393.59,101.92,290.28,0.7859,-1,-1,-1
227,27,492.19,296.27,212.83,546.97,0.8763,-1,-1,-1
227,25,1041.10,427.02,85.96,207.69,0.7622,-1,-1,-1
227,22,1837.75,398.29,64.73,85.23,0.4282,-1,-1,-1
227,15,333.96,378.64,171.08,449.35,0.8501,-1,-1,-1
227,6,1182.45,314.76,188.58,558.32,0.8638,-1,-1,-1
227,2,837.80,301.30,197.44,578.67,0.8734,-1,-1,-1
228,33,666.98,400.66,78.99,226.77,0.6484,-1,-1,-1
228,32,754.53,393.24,104.97,293.21,0.7976,-1,-1,-1
228,27,472.08,291.70,231.99,554.13,0.8746,-1,-1,-1
228,25,1043.26,419.80,85.52,214.31,0.7658,-1,-1,-1
228,22,1840.89,397.86,66.39,85.15,0.3610,-1,-1,-1
228,15,330.43,371.38,162.25,464.11,0.8496,-1,-1,-1
228,6,1184.36,315.47,187.28,564.09,0.8641,-1,-1,-1
228,2,841.16,298.47,195.22,597.88,0.8665,-1,-1,-1
229,33,663.00,401.09,81.07,226.55,0.6377,-1,-1,-1
229,32,754.66,393.79,103.07,296.21,0.8026,-1,-1,-1
229,27,471.54,291.03,227.07,554.86,0.8691,-1,-1,-1
229,25,1046.73,420.58,82.76,213.13,0.7604,-1,-1,-1
229,22,1847.44,396.55,61.49,89.03,0.4352,-1,-1,-1
229,15,321.00,368.72,162.26,474.52,0.8458,-1,-1,-1
229,6,1184.05,316.70,187.18,565.46,0.8665,-1,-1,-1
229,2,848.67,296.37,188.93,592.83,0.8580,-1,-1,-1
230,33,658.28,397.89,86.13,231.95,0.6842,-1,-1,-1
230,32,755.24,396.17,101.93,297.28,0.8083,-1,-1,-1
230,27,451.19,291.10,243.84,567.52,0.8506,-1,-1,-1
230,25,1048.49,419.04,80.28,216.31,0.7609,-1,-1,-1
230,22,1849.04,398.91,65.55,89.16,0.4773,-1,-1,-1
230,15,307.89,371.67,175.34,482.58,0.8696,-1,-1,-1
230,6,1185.27,316.78,186.70,564.88,0.8679,-1,-1,-1
230,2,855.25,297.35,186.47,582.03,0.8512,-1,-1,-1
231,33,653.01,397.82,91.59,245.76,0.6946,-1,-1,-1
231,32,755.18,395.75,102.06,300.34,0.8188,-1,-1,-1
231,27,444.19,288.78,248.57,582.03,0.8316,-1,-1,-1
231,25,1047.68,416.66,80.68,219.23,0.7491,-1,-1,-1
231,22,1850.03,401.65,66.56,89.18,0.5354,-1,-1,-1
231,15,293.52,376.88,177.75,480.57,0.8452,-1,-1,-1
231,6,1184.56,315.81,187.08,567.49,0.8617,-1,-1,-1
231,2,862.30,298.69,180.77,574.55,0.8567,-1,-1,-1
232,34,1469.98,477.50,148.23,411.68,0.3151,-1,-1,-1
232,33,646.36,398.72,93.24,267.73,0.7757,-1,-1,-1
232,32,749.81,400.65,102.62,300.02,0.8368,-1,-1,-1
232,27,438.13,287.63,243.50,589.49,0.8571,-1,-1,-1
232,25,1045.08,422.25,79.47,214.60,0.7542,-1,-1,-1
232,22,1851.41,402.77,65.30,91.17,0.5292,-1,-1,-1
232,15,275.21,372.91,178.15,494.67,0.8270,-1,-1,-1
232,6,1182.76,316.40,186.80,570.85,0.8625,-1,-1,-1
232,2,863.02,298.64,179.63,574.20,0.8496,-1,-1,-1
233,33,636.62,406.21,95.50,279.61,0.7755,-1,-1,-1
233,32,734.43,394.83,112.43,307.34,0.8272,-1,-1,-1
233,27,425.94,284.65,245.90,606.44,0.8819,-1,-1,-1
233,25,1042.21,422.07,79.99,220.13,0.7542,-1,-1,-1
233,22,1849.15,408.39,66.94,88.21,0.5331,-1,-1,-1
233,15,252.64,370.37,194.16,511.10,0.8721,-1,-1,-1
233,6,1178.74,318.32,190.36,577.42,0.8611,-1,-1,-1
233,2,855.88,301.80,183.96,583.79,0.8623,-1,-1,-1
234,33,630.72,403.69,96.98,287.43,0.7805,-1,-1,-1
234,32,735.12,391.03,107.57,312.81,0.8215,-1,-1,-1
234,27,410.69,280.41,242.87,616.85,0.8917,-1,-1,-1
234,25,1036.36,426.75,81.25,217.97,0.7213,-1,-1,-1
234,22,1848.12,412.68,66.75,84.87,0.4891,-1,-1,-1
234,15,247.67,367.78,189.58,522.69,0.8781,-1,-1,-1
234,6,1173.09,322.04,194.18,574.78,0.8715,-1,-1,-1
234,2,856.45,303.18,184.38,585.35,0.8706,-1,-1,-1
235,33,624.46,404.80,94.64,289.96,0.7867,-1,-1,-1
235,32,722.08,391.43,111.48,314.37,0.8083,-1,-1,-1
235,27,394.78,272.51,248.29,626.60,0.8765,-1,-1,-1
235,25,1037.28,426.69,78.81,217.16,0.7092,-1,-1,-1
235,22,1850.30,413.70,64.45,86.29,0.4453,-1,-1,-1
235,15,231.87,363.70,190.33,534.25,0.8850,-1,-1,-1
235,6,1162.85,320.96,199.45,577.32,0.8778,-1,-1,-1
235,2,855.45,304.31,185.17,588.89,0.8744,-1,-1,-1
236,33,612.69,405.89,100.88,302.83,0.8305,-1,-1,-1
236,32,721.78,392.31,108.81,319.21,0.7960,-1,-1,-1
236,27,386.18,269.35,241.81,635.65,0.8691,-1,-1,-1
236,25,1032.22,428.95,82.21,213.55,0.6683,-1,-1,-1
236,22,1850.16,415.87,65.61,85.60,0.5014,-1,-1,-1
236,15,218.20,362.86,194.41,536.18,0.8437,-1,-1,-1
236,6,1156.67,323.43,204.51,576.43,0.8717,-1,-1,-1
236,2,856.96,307.41,181.22,589.95,0.8761,-1,-1,-1
237,33,607.12,406.47,98.62,304.76,0.7909,-1,-1,-1
237,32,708.82,393.47,118.75,322.22,0.7992,-1,-1,-1
237,27,375.60,265.77,242.20,642.46,0.8657,-1,-1,-1
237,25,1035.35,427.68,76.68,219.84,0.6896,-1,-1,-1
237,22,1849.18,416.24,66.91,88.28,0.5012,-1,-1,-1
237,15,203.59,360.86,198.60,542.83,0.8654,-1,-1,-1
237,6,1153.31,325.09,208.41,570.00,0.8788,-1,-1,-1
237,2,858.57,312.10,177.23,588.93,0.8785,-1,-1,-1
238,33,598.87,406.32,102.90,306.12,0.7959,-1,-1,-1
238,32,713.84,388.18,112.41,327.16,0.8140,-1,-1,-1
238,27,360.09,260.08,239.86,658.13,0.8688,-1,-1,-1
238,25,1036.80,427.02,74.32,222.35,0.5363,-1,-1,-1
238,22,1846.42,416.12,69.10,91.89,0.5427,-1,-1,-1
238,15,190.14,351.12,197.87,557.64,0.8589,-1,-1,-1
238,6,1148.12,329.39,213.43,562.91,0.8780,-1,-1,-1
238,2,857.89,312.90,174.13,592.86,0.8762,-1,-1,-1
239,33,593.06,404.96,101.02,312.44,0.7616,-1,-1,-1
239,32,701.99,387.64,118.87,331.16,0.8319,-1,-1,-1
239,27,337.11,257.71,256.20,661.69,0.8638,-1,-1,-1
239,25,1031.87,426.89,71.42,225.76,0.5558,-1,-1,-1
239,22,1847.22,418.58,65.98,91.27,0.5648,-1,-1,-1
239,15,176.09,349.81,192.67,565.50,0.8871,-1,-1,-1
239,6,1145.95,327.76,212.44,564.02,0.8812,-1,-1,-1
239,2,856.24,318.65,173.43,590.67,0.8674,-1,-1,-1
240,33,588.56,407.24,100.92,313.43,0.7664,-1,-1,-1
240,32,697.50,388.10,119.14,334.59,0.8188,-1,-1,-1
240,27,307.49,252.64,282.96,670.55,0.8766,-1,-1,-1
240,25,1030.47,433.82,73.98,228.30,0.5879,-1,-1,-1
240,22,1841.22,420.93,68.58,92.51,0.5892,-1,-1,-1
240,15,151.89,345.64,205.20,575.23,0.8435,-1,-1,-1
240,6,1135.83,327.29,218.72,568.24,0.8883,-1,-1,-1
240,2,850.44,322.90,169.82,589.44,0.8587,-1,-1,-1
241,33,578.39,407.08,102.32,323.10,0.8254,-1,-1,-1
241,32,692.01,389.94,120.95,334.55,0.8160,-1,-1,-1
241,27,305.55,250.48,264.10,676.98,0.8830,-1,-1,-1
241,25,1018.87,426.83,80.83,226.04,0.4998,-1,-1,-1
241,22,1840.73,424.20,68.06,88.37,0.4500,-1,-1,-1
241,15,136.28,347.71,207.21,572.43,0.8463,-1,-1,-1
241,6,1132.37,326.35,216.96,571.46,0.8764,-1,-1,-1
241,2,844.00,323.34,168.30,589.36,0.8660,-1,-1,-1
242,33,569.34,403.85,103.16,328.17,0.8342,-1,-1,-1
242,32,682.74,389.83,121.94,338.09,0.8128,-1,-1,-1
242,27,282.27,245.62,280.17,696.07,0.8867,-1,-1,-1
242,25,1012.45,424.01,78.43,233.49,0.5242,-1,-1,-1
242,22,1828.87,421.44,76.97,94.24,0.4364,-1,-1,-1
242,15,98.57,340.00,232.24,590.83,0.8461,-1,-1,-1
242,6,1130.06,328.48,215.50,570.27,0.8684,-1,-1,-1
242,2,833.73,324.11,169.75,588.45,0.8503,-1,-1,-1
243,34,1442.05,473.72,159.94,425.09,0.4276,-1,-1,-1
243,33,553.66,402.72,113.23,330.47,0.8132,-1,-1,-1
243,32,681.33,389.62,115.33,343.27,0.8159,-1,-1,-1
243,27,247.19,241.24,305.98,720.37,0.8871,-1,-1,-1
243,25,1007.73,426.33,78.30,242.73,0.5489,-1,-1,-1
243,22,1825.83,420.67,71.21,94.31,0.5534,-1,-1,-1
243,15,81.74,338.49,231.91,597.53,0.8168,-1,-1,-1
243,6,1124.59,329.50,213.75,571.80,0.8706,-1,-1,-1
243,2,824.78,318.63,174.59,592.10,0.8415,-1,-1,-1
244,33,543.50,400.20,114.10,338.44,0.7690,-1,-1,-1
244,32,675.67,392.86,113.38,342.01,0.8387,-1,-1,-1
244,27,214.53,236.75,327.79,761.36,0.8653,-1,-1,-1
244,25,1005.32,426.07,78.65,234.31,0.6817,-1,-1,-1
244,22,1823.64,421.52,70.68,92.11,0.5685,-1,-1,-1
244,15,64.22,336.12,231.91,629.47,0.8239,-1,-1,-1
244,6,1117.78,332.58,215.62,571.09,0.8609,-1,-1,-1
244,2,815.19,317.16,178.88,591.93,0.8400,-1,-1,-1
245,33,531.78,398.77,114.79,345.53,0.7877,-1,-1,-1
245,32,666.01,393.57,118.22,345.58,0.8310,-1,-1,-1
245,27,202.78,236.77,328.22,746.95,0.8578,-1,-1,-1
245,25,1003.68,411.96,75.91,242.44,0.5797,-1,-1,-1
245,22,1821.61,422.03,68.10,92.47,0.5657,-1,-1,-1
245,15,21.88,336.08,256.38,635.55,0.8574,-1,-1,-1
245,6,1114.56,333.05,214.97,571.31,0.8653,-1,-1,-1
245,2,802.09,316.75,185.18,585.88,0.8471,-1,-1,-1
246,36,956.80,378.42,56.45,350.88,0.3243,-1,-1,-1
246,33,520.52,397.40,121.73,350.35,0.8030,-1,-1,-1
246,32,653.00,392.14,123.25,353.61,0.8207,-1,-1,-1
246,27,183.17,233.10,339.98,802.34,0.8850,-1,-1,-1
246,25,998.79,418.86,74.83,231.10,0.6104,-1,-1,-1
246,22,1818.03,422.08,67.72,91.88,0.5318,-1,-1,-1
246,15,14.01,334.36,243.70,643.23,0.8508,-1,-1,-1
246,6,1109.78,333.35,217.74,573.56,0.8730,-1,-1,-1
246,2,792.95,316.58,193.04,577.06,0.8483,-1,-1,-1
247,36,952.00,394.05,59.22,336.99,0.3252,-1,-1,-1
247,33,514.10,398.61,117.28,359.38,0.7666,-1,-1,-1
247,32,646.53,393.40,126.95,355.61,0.8231,-1,-1,-1
247,27,146.36,230.35,363.36,814.46,0.8750,-1,-1,-1
247,25,995.14,432.07,74.37,220.21,0.5127,-1,-1,-1
247,22,1810.35,420.37,70.28,92.68,0.5252,-1,-1,-1
247,15,0.00,336.37,245.43,657.30,0.8650,-1,-1,-1
247,6,1105.25,335.60,220.55,573.53,0.8730,-1,-1,-1
247,2,789.00,316.74,195.46,576.22,0.8436,-1,-1,-1
248,36,946.18,384.99,61.30,360.21,0.4082,-1,-1,-1
248,33,505.78,400.10,115.37,366.85,0.8087,-1,-1,-1
248,32,640.39,397.56,125.08,358.21,0.7830,-1,-1,-1
248,27,110.11,230.12,386.67,810.26,0.8776,-1,-1,-1
248,25,992.40,424.99,72.36,239.77,0.4317,-1,-1,-1
248,22,1817.95,425.77,57.64,91.71,0.3505,-1,-1,-1
248,15,0.00,335.83,233.09,679.50,0.8501,-1,-1,-1
248,6,1100.34,335.76,221.53,583.98,0.8771,-1,-1,-1
248,2,783.50,320.21,203.47,577.25,0.8275,-1,-1,-1
249,36,940.55,366.15,67.34,382.57,0.5871,-1,-1,-1
249,34,1409.50,480.52,170.27,437.75,0.3770,-1,-1,-1
249,33,497.28,403.55,122.69,377.31,0.7966,-1,-1,-1
249,32,631.71,395.47,131.56,368.14,0.7800,-1,-1,-1
249,27,95.30,225.64,382.67,837.62,0.8827,-1,-1,-1
249,25,988.41,439.98,72.17,244.40,0.3219,-1,-1,-1
249,22,1804.40,425.30,71.08,91.13,0.4912,-1,-1,-1
249,15,0.00,354.99,202.57,685.96,0.8293,-1,-1,-1
249,6,1101.90,338.68,218.32,586.94,0.8771,-1,-1,-1
249,2,779.45,323.00,194.19,578.94,0.8299,-1,-1,-1
250,36,937.80,373.30,71.78,378.00,0.5598,-1,-1,-1
250,33,493.61,406.96,120.27,379.89,0.7876,-1,-1,-1
250,32,628.85,396.12,131.55,373.13,0.8157,-1,-1,-1
250,27,81.27,220.85,382.19,848.85,0.8587,-1,-1,-1
250,22,1811.31,426.83,65.83,90.36,0.3874,-1,-1,-1
250,15,0.19,342.78,184.90,724.21,0.8306,-1,-1,-1
250,6,1102.05,339.46,217.76,589.13,0.8789,-1,-1,-1
250,2,775.44,321.61,196.26,584.14,0.8366,-1,-1,-1
251,36,939.72,371.62,67.02,382.88,0.4813,-1,-1,-1
251,33,486.66,412.85,127.08,380.75,0.8384,-1,-1,-1
251,32,625.68,398.53,133.74,376.02,0.8166,-1,-1,-1
251,27,73.75,216.72,372.86,856.88,0.8853,-1,-1,-1
251,25,983.44,455.87,73.67,293.46,0.3724,-1,-1,-1
251,22,1809.27,429.21,70.42,87.32,0.3562,-1,-1,-1
251,15,0.22,338.74,174.03,730.92,0.8394,-1,-1,-1
251,6,1103.50,338.49,216.62,592.42,0.8795,-1,-1,-1
251,2,774.82,326.97,195.06,586.50,0.8484,-1,-1,-1
252,36,936.89,360.73,76.65,396.63,0.4311,-1,-1,-1
252,33,478.26,414.53,132.44,382.48,0.8333,-1,-1,-1
252,32,610.60,399.87,146.28,379.97,0.8205,-1,-1,-1
252,27,68.90,210.85,364.19,863.12,0.8886,-1,-1,-1
252,22,1806.68,430.34,78.36,88.17,0.3158,-1,-1,-1
252,15,0.40,338.34,156.65,732.58,0.8276,-1,-1,-1
252,6,1104.28,341.52,216.41,591.63,0.8808,-1,-1,-1
252,2,774.45,329.32,190.25,591.92,0.8512,-1,-1,-1
253,36,933.16,372.15,79.27,383.90,0.4849,-1,-1,-1
253,33,473.14,412.76,136.12,389.96,0.8361,-1,-1,-1
253,32,602.17,397.24,153.19,378.39,0.8347,-1,-1,-1
253,27,70.42,201.84,349.50,865.43,0.9057,-1,-1,-1
253,25,951.44,431.35,102.88,326.35,0.3775,-1,-1,-1
253,22,1813.55,427.09,71.94,89.16,0.3173,-1,-1,-1
253,15,0.58,335.50,138.35,738.80,0.8348,-1,-1,-1
253,6,1109.81,340.73,214.12,595.57,0.8716,-1,-1,-1
253,2,773.98,330.20,190.97,597.65,0.8523,-1,-1,-1
254,33,470.69,416.65,134.03,395.74,0.8382,-1,-1,-1
254,32,603.35,399.03,152.97,380.31,0.8475,-1,-1,-1
254,27,50.53,197.03,352.62,871.88,0.9119,-1,-1,-1
254,25,943.65,391.01,111.83,373.50,0.6339,-1,-1,-1
254,22,1818.41,425.08,70.08,81.43,0.3260,-1,-1,-1
254,15,1.09,336.80,123.59,735.51,0.8302,-1,-1,-1
254,6,1112.65,339.58,211.15,591.84,0.8703,-1,-1,-1
254,2,775.05,334.46,194.29,595.65,0.8485,-1,-1,-1
255,33,469.49,416.34,133.86,400.30,0.8348,-1,-1,-1
255,32,601.15,399.54,156.25,384.14,0.8397,-1,-1,-1
255,27,31.77,188.02,364.47,884.14,0.9113,-1,-1,-1
255,25,945.73,396.96,120.02,369.60,0.6908,-1,-1,-1
255,22,1821.59,423.27,75.52,91.32,0.4643,-1,-1,-1
255,15,0.95,333.24,105.63,740.58,0.7595,-1,-1,-1
255,6,1116.12,337.99,213.83,589.83,0.8780,-1,-1,-1
255,2,777.56,339.45,200.08,592.97,0.8591,-1,-1,-1
256,33,466.60,415.59,139.80,407.36,0.8295,-1,-1,-1
256,32,596.83,402.10,163.15,388.39,0.8377,-1,-1,-1
256,27,14.24,178.14,375.29,896.73,0.9073,-1,-1,-1
256,25,949.08,396.49,127.31,372.48,0.6646,-1,-1,-1
256,22,1822.49,424.56,84.71,92.94,0.5408,-1,-1,-1
256,15,0.63,334.24,93.07,736.82,0.7023,-1,-1,-1
256,6,1121.27,341.60,215.82,583.12,0.8771,-1,-1,-1
256,2,786.33,347.02,192.16,588.13,0.8654,-1,-1,-1
257,33,464.83,415.66,140.40,411.82,0.8237,-1,-1,-1
257,32,595.83,400.79,162.25,397.57,0.8299,-1,-1,-1
257,27,7.31,180.25,372.67,887.51,0.9080,-1,-1,-1
257,25,954.80,423.14,127.60,348.20,0.5346,-1,-1,-1
257,22,1832.31,425.93,76.76,92.86,0.3610,-1,-1,-1
257,15,0.00,430.24,82.00,634.26,0.5348,-1,-1,-1
257,6,1128.39,341.87,213.30,578.71,0.8827,-1,-1,-1
257,2,791.22,352.30,193.94,581.88,0.8738,-1,-1,-1
258,33,464.13,412.74,137.13,414.29,0.8268,-1,-1,-1
258,32,593.45,400.77,164.20,405.91,0.8384,-1,-1,-1
258,27,1.57,174.08,373.40,893.57,0.9188,-1,-1,-1
258,25,961.21,441.66,125.66,328.39,0.5035,-1,-1,-1
258,22,1826.41,420.91,87.74,96.43,0.4481,-1,-1,-1
258,6,1134.62,340.47,211.11,580.97,0.8779,-1,-1,-1
258,2,797.62,349.90,190.26,584.69,0.8659,-1,-1,-1
259,33,458.56,409.62,137.09,413.81,0.8326,-1,-1,-1
259,32,586.67,405.10,170.67,401.44,0.8511,-1,-1,-1
259,27,0.00,168.54,371.60,899.46,0.9223,-1,-1,-1
259,25,963.10,426.11,125.74,345.53,0.5845,-1,-1,-1
259,22,1849.48,421.71,68.91,93.59,0.4239,-1,-1,-1
259,6,1139.11,340.51,208.81,581.30,0.8936,-1,-1,-1
259,2,800.37,350.37,191.09,587.34,0.8702,-1,-1,-1
260,33,452.17,407.27,142.74,421.43,0.8239,-1,-1,-1
260,32,583.51,409.85,174.33,401.03,0.8414,-1,-1,-1
260,27,0.00,159.12,366.40,910.66,0.9303,-1,-1,-1
260,25,979.96,431.73,113.67,336.76,0.5952,-1,-1,-1
260,22,1852.51,423.59,66.84,93.28,0.3695,-1,-1,-1
260,6,1145.64,339.90,205.36,588.43,0.8958,-1,-1,-1
260,2,804.83,347.37,192.14,588.73,0.8502,-1,-1,-1
261,37,784.37,454.34,56.64,205.71,0.5749,-1,-1,-1
261,33,449.46,403.80,143.94,424.85,0.8192,-1,-1,-1
261,32,586.00,411.04,169.14,405.67,0.8246,-1,-1,-1
261,27,0.00,150.32,359.03,921.79,0.9334,-1,-1,-1
261,25,976.32,430.71,119.83,341.78,0.6731,-1,-1,-1
261,22,1853.40,424.19,65.97,94.54,0.3948,-1,-1,-1
261,6,1148.27,340.28,204.23,589.56,0.9040,-1,-1,-1
261,2,817.63,343.23,183.03,573.99,0.8507,-1,-1,-1
262,37,783.93,455.29,58.49,207.86,0.5735,-1,-1,-1
262,33,445.24,403.61,143.65,433.24,0.8476,-1,-1,-1
262,32,592.75,411.04,157.03,409.12,0.7842,-1,-1,-1
262,27,0.00,142.51,348.72,930.42,0.9328,-1,-1,-1
262,25,977.04,428.51,123.34,344.31,0.6616,-1,-1,-1
262,22,1860.88,423.08,58.46,95.18,0.4682,-1,-1,-1
262,6,1151.58,339.47,203.69,591.31,0.9056,-1,-1,-1
262,2,822.38,341.30,180.98,567.85,0.8614,-1,-1,-1
263,37,784.31,451.20,60.90,212.34,0.5929,-1,-1,-1
263,33,439.46,400.39,144.02,440.76,0.8473,-1,-1,-1
263,32,589.32,407.44,153.52,420.03,0.7176,-1,-1,-1
263,27,0.14,129.00,336.38,943.03,0.9311,-1,-1,-1
263,25,984.53,426.11,121.47,346.51,0.6632,-1,-1,-1
263,22,1864.22,423.54,55.13,93.62,0.3664,-1,-1,-1
263,6,1156.18,336.90,202.53,594.60,0.9056,-1,-1,-1
263,2,826.85,341.00,175.41,564.92,0.8498,-1,-1,-1
264,37,787.18,448.49,58.74,216.78,0.6359,-1,-1,-1
264,33,425.00,394.45,158.58,456.66,0.8482,-1,-1,-1
264,32,585.52,403.19,152.43,425.95,0.7754,-1,-1,-1
264,27,0.40,122.70,322.42,946.99,0.9193,-1,-1,-1
264,25,983.66,420.25,131.94,353.58,0.6286,-1,-1,-1
264,22,1865.14,420.00,45.89,93.52,0.3383,-1,-1,-1
264,6,1158.28,335.69,203.05,595.98,0.8981,-1,-1,-1
264,2,825.73,339.77,176.64,564.24,0.8389,-1,-1,-1
265,37,786.58,444.77,62.15,229.44,0.6921,-1,-1,-1
265,33,413.33,394.96,164.71,455.31,0.8464,-1,-1,-1
265,32,583.42,395.90,146.34,423.27,0.7812,-1,-1,-1
265,27,0.60,114.09,303.68,953.41,0.8963,-1,-1,-1
265,25,997.31,413.12,125.31,357.36,0.7844,-1,-1,-1
265,22,1868.78,420.06,50.61,95.12,0.3794,-1,-1,-1
265,6,1159.27,333.82,203.63,598.43,0.8976,-1,-1,-1
265,2,829.88,328.94,169.57,569.75,0.8412,-1,-1,-1
266,37,785.79,443.74,65.55,229.52,0.7491,-1,-1,-1
266,33,405.48,397.60,159.41,454.69,0.8254,-1,-1,-1
266,32,574.17,389.07,151.96,427.92,0.7627,-1,-1,-1
266,27,0.62,120.03,279.86,940.30,0.8295,-1,-1,-1
266,25,997.23,408.11,139.72,359.76,0.7645,-1,-1,-1
266,22,1877.48,419.49,41.93,95.35,0.4603,-1,-1,-1
266,6,1160.50,331.40,203.24,601.75,0.8978,-1,-1,-1
266,2,832.42,323.67,168.83,578.30,0.8497,-1,-1,-1
267,38,722.04,467.43,41.20,141.32,0.3074,-1,-1,-1
267,37,786.29,442.65,67.97,234.90,0.7602,-1,-1,-1
267,33,404.23,389.70,152.77,465.77,0.8342,-1,-1,-1
267,32,544.76,378.83,179.24,446.33,0.8280,-1,-1,-1
267,27,0.34,240.87,250.73,813.98,0.8200,-1,-1,-1
267,25,1008.04,405.50,131.46,359.42,0.7736,-1,-1,-1
267,22,1882.32,418.62,37.10,94.77,0.4990,-1,-1,-1
267,6,1162.65,330.35,203.22,603.45,0.8954,-1,-1,-1
267,2,837.03,323.43,164.95,579.23,0.8438,-1,-1,-1
268,38,721.27,466.98,40.83,140.50,0.3101,-1,-1,-1
268,37,785.26,441.29,71.70,236.10,0.7922,-1,-1,-1
268,33,402.01,389.80,153.20,469.29,0.8424,-1,-1,-1
268,32,552.30,373.78,168.22,453.03,0.8387,-1,-1,-1
268,27,0.44,239.15,208.85,750.35,0.8357,-1,-1,-1
268,25,1011.21,403.62,130.11,362.90,0.8020,-1,-1,-1
268,22,1883.73,416.13,35.67,95.81,0.4883,-1,-1,-1
268,6,1163.01,327.66,203.43,604.70,0.8972,-1,-1,-1
268,2,843.59,324.30,155.97,580.35,0.8447,-1,-1,-1
269,37,784.59,438.44,70.86,234.84,0.7774,-1,-1,-1
269,33,393.86,379.23,156.28,483.00,0.8692,-1,-1,-1
269,32,548.27,362.15,167.10,464.37,0.8324,-1,-1,-1
269,27,0.36,222.74,182.46,821.73,0.8226,-1,-1,-1
269,25,1002.57,400.65,142.90,371.92,0.7270,-1,-1,-1
269,22,1885.06,412.39,34.34,99.51,0.4548,-1,-1,-1
269,6,1162.41,324.38,204.48,612.58,0.8879,-1,-1,-1
269,2,847.34,325.14,151.04,579.58,0.8459,-1,-1,-1
270,37,782.78,434.26,71.14,231.89,0.7537,-1,-1,-1
270,36,830.92,319.60,168.37,582.99,0.8153,-1,-1,-1
270,33,384.42,369.53,164.32,489.87,0.8760,-1,-1,-1
270,32,543.13,350.40,171.82,474.01,0.8409,-1,-1,-1
270,27,0.08,219.85,152.52,511.90,0.5937,-1,-1,-1
270,25,1002.61,396.46,147.18,373.37,0.6428,-1,-1,-1
270,22,1888.00,409.93,31.37,100.95,0.3745,-1,-1,-1
270,6,1161.17,317.40,203.60,615.58,0.8820,-1,-1,-1
271,37,780.68,430.17,71.56,231.59,0.7619,-1,-1,-1
271,36,832.32,320.77,164.59,578.72,0.7983,-1,-1,-1
271,33,374.34,364.18,170.92,495.02,0.8749,-1,-1,-1
271,32,536.19,347.88,175.54,474.41,0.8422,-1,-1,-1
271,27,0.23,218.88,126.67,587.04,0.3991,-1,-1,-1
271,25,1010.47,396.36,137.93,373.97,0.7599,-1,-1,-1
271,22,1891.16,404.37,28.25,104.72,0.3268,-1,-1,-1
271,6,1160.83,316.05,202.59,610.82,0.8906,-1,-1,-1
272,38,710.54,458.68,40.93,134.25,0.3521,-1,-1,-1
272,37,776.10,425.38,71.79,227.58,0.7917,-1,-1,-1
272,36,839.67,318.31,148.12,576.20,0.8418,-1,-1,-1
272,33,355.89,350.94,171.29,508.13,0.8721,-1,-1,-1
272,32,530.22,344.72,174.73,477.17,0.8574,-1,-1,-1
272,27,0.00,246.79,98.07,572.29,0.3162,-1,-1,-1
272,25,1009.79,393.82,137.91,372.29,0.7888,-1,-1,-1
272,22,1887.16,403.82,32.21,101.21,0.3497,-1,-1,-1
272,6,1159.12,309.21,200.38,610.05,0.8949,-1,-1,-1
273,40,961.61,359.83,66.32,397.60,0.3727,-1,-1,-1
273,38,702.98,448.67,44.89,139.88,0.3989,-1,-1,-1
273,37,768.08,418.89,74.41,227.74,0.7439,-1,-1,-1
273,36,830.35,317.41,154.49,570.82,0.8372,-1,-1,-1
273,33,341.25,343.13,169.76,512.72,0.8806,-1,-1,-1
273,32,524.36,340.01,171.72,478.31,0.8676,-1,-1,-1
273,25,1007.47,391.63,138.23,374.77,0.7886,-1,-1,-1
273,22,1881.77,396.84,37.59,104.11,0.4526,-1,-1,-1
273,6,1154.69,304.81,201.07,609.02,0.8988,-1,-1,-1
274,38,699.90,444.03,41.99,139.33,0.4363,-1,-1,-1
274,37,765.67,412.85,71.34,242.35,0.7058,-1,-1,-1
274,36,825.57,306.38,155.25,577.83,0.8516,-1,-1,-1
274,33,330.99,333.42,166.25,517.69,0.8700,-1,-1,-1
274,32,518.48,334.79,181.72,489.84,0.8622,-1,-1,-1
274,25,998.03,387.26,146.49,378.33,0.7956,-1,-1,-1
274,22,1879.82,389.79,39.55,108.68,0.4729,-1,-1,-1
274,6,1149.85,301.47,204.14,604.07,0.8962,-1,-1,-1
275,41,0.68,659.96,193.49,420.04,0.5319,-1,-1,-1
275,37,758.34,403.16,71.37,251.27,0.6670,-1,-1,-1
275,36,811.98,300.99,169.09,575.37,0.8568,-1,-1,-1
275,33,316.22,321.48,177.47,524.80,0.8608,-1,-1,-1
275,32,506.81,325.89,187.38,496.93,0.8633,-1,-1,-1
275,25,987.39,380.36,154.52,382.29,0.8150,-1,-1,-1
275,22,1872.48,394.28,46.90,101.58,0.4513,-1,-1,-1
275,6,1138.78,293.93,212.65,599.29,0.8891,-1,-1,-1
276,40,941.47,325.00,61.34,415.03,0.4663,-1,-1,-1
276,37,752.38,398.53,69.02,252.74,0.6718,-1,-1,-1
276,36,804.39,288.05,165.26,582.82,0.8376,-1,-1,-1
276,33,299.26,316.77,183.08,531.56,0.8738,-1,-1,-1
276,32,498.34,317.98,187.80,507.43,0.8690,-1,-1,-1
276,25,981.93,372.78,154.81,387.91,0.8268,-1,-1,-1
276,22,1871.28,391.48,47.94,100.47,0.3667,-1,-1,-1
276,6,1135.52,288.65,213.86,594.44,0.8892,-1,-1,-1
277,37,743.82,392.16,68.17,247.65,0.6602,-1,-1,-1
277,36,796.98,282.30,164.98,566.82,0.8437,-1,-1,-1
277,33,288.64,302.62,176.43,548.83,0.8822,-1,-1,-1
277,32,488.77,304.58,188.10,508.53,0.8566,-1,-1,-1
277,25,993.64,366.29,139.43,394.91,0.7620,-1,-1,-1
277,22,1869.41,385.55,49.96,97.72,0.3428,-1,-1,-1
277,6,1130.20,280.51,216.15,595.31,0.8845,-1,-1,-1
277,2,939.93,327.50,67.24,411.77,0.4947,-1,-1,-1
278,38,672.95,420.71,44.07,134.42,0.3245,-1,-1,-1
278,37,740.82,388.03,63.35,237.77,0.6231,-1,-1,-1
278,36,785.85,277.98,168.79,561.11,0.8565,-1,-1,-1
278,33,273.69,301.38,176.42,554.41,0.8597,-1,-1,-1
278,32,481.03,298.22,182.95,527.29,0.8625,-1,-1,-1
278,25,977.47,354.27,153.72,400.07,0.7672,-1,-1,-1
278,22,1864.58,379.87,54.82,97.80,0.3423,-1,-1,-1
278,6,1124.80,274.86,215.05,596.62,0.8731,-1,-1,-1
278,2,936.75,346.92,91.86,379.78,0.4707,-1,-1,-1
279,40,926.09,304.56,72.32,408.29,0.6059,-1,-1,-1
279,37,732.99,376.35,66.46,242.29,0.6374,-1,-1,-1
279,36,775.49,268.74,176.79,563.70,0.8402,-1,-1,-1
279,33,257.54,293.80,188.18,569.38,0.8748,-1,-1,-1
279,32,473.18,294.65,183.69,531.14,0.8795,-1,-1,-1
279,25,976.46,345.22,153.60,402.80,0.7963,-1,-1,-1
279,22,1862.54,374.86,56.82,98.35,0.4471,-1,-1,-1
279,6,1121.76,266.30,217.54,597.51,0.8720,-1,-1,-1
280,40,925.90,299.50,75.73,409.46,0.4325,-1,-1,-1
280,37,730.14,370.67,65.89,246.97,0.6923,-1,-1,-1
280,36,773.68,259.89,172.93,562.30,0.8442,-1,-1,-1
280,33,246.09,277.99,188.22,581.98,0.8669,-1,-1,-1
280,32,469.59,281.31,183.33,545.47,0.8746,-1,-1,-1
280,25,981.44,334.28,148.28,407.70,0.7760,-1,-1,-1
280,22,1862.80,370.60,56.57,95.98,0.4226,-1,-1,-1
280,6,1117.72,256.63,220.17,602.23,0.8696,-1,-1,-1
281,40,922.82,278.34,83.01,421.20,0.6057,-1,-1,-1
281,37,729.20,366.61,61.18,234.62,0.6351,-1,-1,-1
281,36,776.56,250.61,173.11,555.65,0.8473,-1,-1,-1
281,33,234.17,270.78,200.04,590.49,0.8721,-1,-1,-1
281,32,463.99,271.33,187.91,554.40,0.8881,-1,-1,-1
281,25,983.05,319.38,148.10,420.16,0.7970,-1,-1,-1
281,22,1866.30,363.18,53.08,96.00,0.4036,-1,-1,-1
281,6,1120.49,250.43,217.92,600.80,0.8828,-1,-1,-1
282,40,919.73,270.77,77.31,411.88,0.4657,-1,-1,-1
282,38,661.82,384.67,41.10,151.02,0.3102,-1,-1,-1
282,37,727.56,354.67,62.70,247.58,0.6158,-1,-1,-1
282,36,762.27,236.78,187.45,571.15,0.8555,-1,-1,-1
282,33,225.57,250.40,205.83,600.29,0.8828,-1,-1,-1
282,32,458.97,244.96,193.28,573.13,0.8818,-1,-1,-1
282,25,986.17,306.65,144.36,422.54,0.7747,-1,-1,-1
282,22,1870.21,353.42,49.19,100.17,0.3748,-1,-1,-1
282,6,1117.03,239.72,219.91,606.50,0.8779,-1,-1,-1
283,40,920.01,262.37,73.60,414.48,0.5167,-1,-1,-1
283,38,663.32,378.32,37.47,140.53,0.3452,-1,-1,-1
283,37,726.06,345.55,62.52,252.55,0.6340,-1,-1,-1
283,36,762.17,230.63,188.30,569.32,0.8245,-1,-1,-1
283,33,211.79,237.91,214.70,610.77,0.8723,-1,-1,-1
283,32,452.54,228.62,199.13,576.59,0.8750,-1,-1,-1
283,25,984.45,298.30,148.04,429.62,0.7853,-1,-1,-1
283,22,1870.40,344.22,49.00,102.53,0.4122,-1,-1,-1
283,6,1118.95,228.38,221.79,608.44,0.8831,-1,-1,-1
284,40,918.92,254.57,73.49,418.92,0.5821,-1,-1,-1
284,37,724.73,341.97,64.39,244.17,0.6227,-1,-1,-1
284,36,764.34,222.98,188.70,569.13,0.8240,-1,-1,-1
284,33,204.38,225.72,216.91,630.21,0.8726,-1,-1,-1
284,32,442.34,220.69,210.47,573.18,0.8763,-1,-1,-1
284,25,976.67,288.63,162.03,435.87,0.7919,-1,-1,-1
284,6,1120.94,220.47,222.94,616.15,0.8842,-1,-1,-1
285,40,922.38,248.06,71.30,420.76,0.3604,-1,-1,-1
285,38,664.77,364.48,37.88,139.22,0.4339,-1,-1,-1
285,37,725.71,332.79,65.59,251.57,0.6385,-1,-1,-1
285,36,767.98,215.30,184.72,573.95,0.8502,-1,-1,-1
285,33,194.04,212.82,222.96,635.58,0.8813,-1,-1,-1
285,32,435.47,207.38,218.70,591.03,0.8819,-1,-1,-1
285,25,980.75,282.55,162.03,439.57,0.7200,-1,-1,-1
285,22,1878.05,317.42,41.34,113.22,0.3140,-1,-1,-1
285,6,1122.33,212.80,225.34,619.95,0.8894,-1,-1,-1
286,40,920.78,236.41,75.15,425.73,0.4858,-1,-1,-1
286,38,666.34,360.70,37.70,145.17,0.4432,-1,-1,-1
286,37,724.54,323.37,69.46,254.13,0.6690,-1,-1,-1
286,36,772.65,210.54,182.03,573.74,0.8569,-1,-1,-1
286,33,180.54,200.15,226.20,645.64,0.8713,-1,-1,-1
286,32,434.88,191.13,219.42,596.78,0.8973,-1,-1,-1
286,25,972.57,273.08,179.30,457.08,0.7824,-1,-1,-1
286,6,1124.96,206.38,225.25,623.87,0.8912,-1,-1,-1
287,40,922.31,232.37,80.20,421.57,0.5895,-1,-1,-1
287,38,671.16,348.66,34.55,149.77,0.3275,-1,-1,-1
287,37,726.09,312.85,72.99,260.88,0.7310,-1,-1,-1
287,36,779.55,203.63,175.35,574.01,0.8645,-1,-1,-1
287,33,172.84,186.54,227.90,653.87,0.8782,-1,-1,-1
287,32,432.60,178.16,221.81,607.26,0.9020,-1,-1,-1
287,25,973.80,261.37,185.59,458.65,0.7522,-1,-1,-1
287,6,1125.13,201.89,233.39,619.24,0.8860,-1,-1,-1
288,40,919.65,227.47,83.58,412.13,0.4549,-1,-1,-1
288,38,672.44,340.01,40.72,152.25,0.4636,-1,-1,-1
288,37,731.01,304.38,70.20,260.84,0.7738,-1,-1,-1
288,36,778.61,200.43,180.77,569.47,0.8553,-1,-1,-1
288,33,168.06,177.65,226.54,660.26,0.8819,-1,-1,-1
288,32,430.89,166.49,222.98,619.70,0.8978,-1,-1,-1
288,25,987.09,258.49,180.90,462.38,0.6565,-1,-1,-1
288,6,1141.01,191.94,226.43,624.63,0.8755,-1,-1,-1
289,40,928.80,224.75,73.84,400.93,0.5344,-1,-1,-1
289,38,678.82,333.84,39.50,152.51,0.3445,-1,-1,-1
289,37,731.85,298.12,73.99,269.06,0.7492,-1,-1,-1
289,36,782.28,189.73,187.02,568.92,0.8407,-1,-1,-1
289,33,153.38,161.62,233.84,674.88,0.8979,-1,-1,-1
289,32,419.52,161.80,236.94,635.79,0.9002,-1,-1,-1
289,25,1006.95,255.37,164.91,467.01,0.6330,-1,-1,-1
289,6,1147.70,184.57,229.77,627.49,0.8709,-1,-1,-1
290,40,939.52,227.03,100.06,408.97,0.4262,-1,-1,-1
290,38,685.02,332.82,40.91,153.42,0.4234,-1,-1,-1
290,37,734.89,295.91,74.08,265.99,0.7407,-1,-1,-1
290,36,789.37,189.25,191.15,570.24,0.8398,-1,-1,-1
290,33,148.71,148.73,231.57,687.30,0.9037,-1,-1,-1
290,32,414.83,154.48,243.05,654.55,0.9080,-1,-1,-1
290,25,1025.50,246.06,155.10,481.23,0.7886,-1,-1,-1
290,6,1160.60,183.28,222.27,623.24,0.8728,-1,-1,-1
291,40,944.26,215.11,90.01,412.42,0.3618,-1,-1,-1
291,37,738.61,288.40,76.79,268.42,0.7280,-1,-1,-1
291,36,798.50,184.92,182.52,565.28,0.8223,-1,-1,-1
291,33,136.37,140.80,239.45,696.21,0.9061,-1,-1,-1
291,32,408.62,151.86,251.42,659.28,0.9072,-1,-1,-1
291,25,1029.57,239.01,160.71,490.89,0.7919,-1,-1,-1
291,6,1175.03,179.54,214.36,621.18,0.8647,-1,-1,-1
292,40,948.39,206.49,83.48,416.06,0.3778,-1,-1,-1
292,37,740.10,282.76,81.31,272.52,0.7387,-1,-1,-1
292,36,797.85,181.10,188.88,559.24,0.8275,-1,-1,-1
292,33,129.57,135.42,234.09,711.45,0.9045,-1,-1,-1
292,32,404.66,150.97,257.40,672.02,0.9081,-1,-1,-1
292,25,1032.97,232.76,167.13,490.53,0.8051,-1,-1,-1
292,6,1183.13,172.40,216.32,616.28,0.8790,-1,-1,-1
293,40,961.54,200.94,92.49,415.07,0.6720,-1,-1,-1
293,37,744.80,278.46,84.01,273.98,0.7462,-1,-1,-1
293,36,810.32,175.28,182.17,552.61,0.8413,-1,-1,-1
293,33,109.00,134.88,247.88,736.13,0.8796,-1,-1,-1
293,32,399.51,146.69,259.27,689.82,0.9056,-1,-1,-1
293,25,1036.80,230.29,179.63,495.75,0.8317,-1,-1,-1
293,6,1192.11,170.60,213.43,608.34,0.8885,-1,-1,-1
294,40,964.86,200.55,98.13,431.60,0.7163,-1,-1,-1
294,37,750.68,279.24,87.99,273.41,0.7554,-1,-1,-1
294,36,820.14,172.72,177.29,553.10,0.8254,-1,-1,-1
294,33,76.48,134.48,275.10,757.30,0.8919,-1,-1,-1
294,32,397.54,145.34,259.87,702.01,0.9051,-1,-1,-1
294,25,1045.70,226.54,180.21,499.43,0.8480,-1,-1,-1
294,6,1209.39,170.51,207.21,610.95,0.8750,-1,-1,-1
295,40,971.80,201.85,87.03,431.62,0.6422,-1,-1,-1
295,37,757.33,278.98,89.28,277.04,0.7888,-1,-1,-1
295,36,828.39,182.81,179.15,549.96,0.8325,-1,-1,-1
295,33,52.91,131.24,292.45,770.05,0.8917,-1,-1,-1
295,32,393.44,142.15,264.76,732.83,0.9053,-1,-1,-1
295,25,1052.87,220.41,184.21,512.92,0.8542,-1,-1,-1
295,6,1225.02,171.66,199.16,614.61,0.8756,-1,-1,-1
296,40,973.32,200.42,97.15,428.74,0.6068,-1,-1,-1
296,37,759.98,277.20,92.86,279.13,0.7958,-1,-1,-1
296,36,838.79,176.07,172.13,556.00,0.8425,-1,-1,-1
296,33,32.43,131.97,304.31,780.69,0.8953,-1,-1,-1
296,32,387.84,136.43,273.23,748.85,0.9053,-1,-1,-1
296,25,1061.53,209.54,183.53,536.48,0.8659,-1,-1,-1
296,6,1236.26,173.18,195.72,617.73,0.8677,-1,-1,-1
297,40,979.16,208.20,115.07,411.08,0.6991,-1,-1,-1
297,37,768.61,276.49,88.76,278.17,0.7940,-1,-1,-1
297,36,851.65,178.03,160.84,556.75,0.8252,-1,-1,-1
297,33,28.60,127.52,302.80,802.31,0.8992,-1,-1,-1
297,32,379.57,129.80,278.01,760.02,0.9120,-1,-1,-1
297,25,1070.68,207.25,194.06,539.90,0.8557,-1,-1,-1
297,6,1250.72,172.24,192.09,627.21,0.8732,-1,-1,-1
298,40,986.04,215.53,102.67,418.35,0.6981,-1,-1,-1
298,37,773.36,278.85,89.07,273.27,0.8058,-1,-1,-1
298,36,856.97,180.18,163.87,556.57,0.8207,-1,-1,-1
298,33,28.12,124.34,297.28,817.74,0.9006,-1,-1,-1
298,32,374.14,117.60,281.28,778.14,0.9057,-1,-1,-1
298,25,1077.37,204.35,196.07,547.00,0.8600,-1,-1,-1
298,6,1261.65,171.80,188.37,631.58,0.8681,-1,-1,-1
299,40,991.79,202.10,97.98,429.36,0.6974,-1,-1,-1
299,37,778.39,277.70,91.22,279.46,0.7901,-1,-1,-1
299,36,866.53,181.46,155.95,555.70,0.8375,-1,-1,-1
299,33,20.73,112.29,301.27,848.24,0.8969,-1,-1,-1
299,32,366.04,105.03,284.64,796.42,0.9076,-1,-1,-1
299,25,1077.26,204.50,208.32,552.53,0.8726,-1,-1,-1
299,6,1263.21,168.71,191.10,636.95,0.8652,-1,-1,-1
300,40,998.49,201.58,96.04,426.18,0.7376,-1,-1,-1
300,37,781.50,277.06,94.65,279.36,0.7573,-1,-1,-1
300,36,867.51,184.64,156.51,559.39,0.8303,-1,-1,-1
300,33,9.19,105.59,309.33,876.78,0.8934,-1,-1,-1
300,32,351.44,94.95,298.69,811.93,0.9086,-1,-1,-1
300,25,1084.84,201.76,214.47,570.91,0.8651,-1,-1,-1
300,6,1256.35,168.66,205.08,640.93,0.8556,-1,-1,-1
