1,13,504.23,134.74,51.32,176.84,0.3702,-1,-1,-1
1,12,273.15,379.05,52.48,212.40,0.3728,-1,-1,-1
1,11,1047.12,133.11,62.93,182.85,0.4447,-1,-1,-1
1,10,789.24,145.32,64.25,178.73,0.4614,-1,-1,-1
1,9,225.79,399.57,64.29,198.91,0.5118,-1,-1,-1
1,8,546.15,146.37,57.89,183.43,0.5198,-1,-1,-1
1,7,1103.64,210.05,56.21,179.71,0.5269,-1,-1,-1
1,6,0.22,880.53,41.50,199.47,0.5315,-1,-1,-1
1,5,1355.87,569.75,82.08,221.03,0.5500,-1,-1,-1
1,4,1732.44,452.89,73.78,221.06,0.6220,-1,-1,-1
1,3,1095.29,980.85,73.73,99.15,0.6920,-1,-1,-1
1,2,104.37,546.39,73.25,245.35,0.7260,-1,-1,-1
1,1,371.74,408.30,79.69,239.71,0.7909,-1,-1,-1
2,13,503.49,134.34,51.08,176.80,0.3706,-1,-1,-1
2,12,267.80,379.29,55.12,210.44,0.4318,-1,-1,-1
2,11,1046.10,132.97,63.96,181.97,0.4650,-1,-1,-1
2,10,789.64,145.31,64.44,178.91,0.4606,-1,-1,-1
2,9,225.14,398.12,65.27,199.34,0.4910,-1,-1,-1
2,8,545.60,146.85,57.53,184.07,0.5070,-1,-1,-1
2,7,1098.12,211.84,58.33,178.31,0.4729,-1,-1,-1
2,6,0.21,877.97,39.84,201.48,0.3839,-1,-1,-1
2,5,1355.91,570.14,81.69,217.33,0.5680,-1,-1,-1
2,4,1730.49,455.08,75.25,215.36,0.6073,-1,-1,-1
2,3,1101.04,981.21,71.39,98.79,0.6895,-1,-1,-1
2,2,104.29,546.55,72.95,245.64,0.7255,-1,-1,-1
2,1,372.25,408.13,80.23,239.83,0.7973,-1,-1,-1
3,13,504.08,133.73,49.71,168.80,0.3938,-1,-1,-1
3,12,259.66,365.54,66.12,227.41,0.3911,-1,-1,-1
3,11,1045.33,132.76,64.48,179.36,0.4988,-1,-1,-1
3,10,788.77,145.16,64.98,178.55,0.4541,-1,-1,-1
3,9,223.02,396.59,67.79,202.30,0.4723,-1,-1,-1
3,8,544.84,147.54,58.27,183.55,0.4875,-1,-1,-1
3,7,1092.12,213.76,61.98,177.20,0.5645,-1,-1,-1
3,6,0.23,877.51,39.69,201.51,0.3544,-1,-1,-1
3,5,1356.47,570.01,81.15,216.77,0.5666,-1,-1,-1
3,4,1731.06,452.80,73.85,220.23,0.6000,-1,-1,-1
3,3,1105.43,980.85,71.89,99.15,0.6963,-1,-1,-1
3,2,104.65,546.07,73.46,246.88,0.7315,-1,-1,-1
3,1,373.52,407.78,78.76,241.42,0.7819,-1,-1,-1
4,13,500.40,135.63,53.40,174.27,0.4398,-1,-1,-1
4,12,265.55,384.65,56.67,209.32,0.4012,-1,-1,-1
4,11,1045.42,133.68,63.02,179.73,0.4595,-1,-1,-1
4,10,789.57,144.63,64.01,178.13,0.4697,-1,-1,-1
4,9,221.53,396.88,69.81,202.32,0.4799,-1,-1,-1
4,8,546.48,145.14,55.85,183.75,0.4674,-1,-1,-1
4,7,1087.09,210.85,64.02,180.47,0.5528,-1,-1,-1
4,6,0.30,876.14,43.68,203.36,0.5373,-1,-1,-1
4,5,1356.13,570.24,82.89,217.35,0.5754,-1,-1,-1
4,4,1729.40,452.63,73.99,216.60,0.6199,-1,-1,-1
4,3,1108.33,978.74,72.30,101.26,0.6950,-1,-1,-1
4,2,104.13,545.74,73.17,247.19,0.7230,-1,-1,-1
4,1,372.59,407.25,80.10,241.00,0.7959,-1,-1,-1
5,13,501.54,135.44,50.77,167.76,0.4855,-1,-1,-1
5,12,267.89,380.43,50.89,208.59,0.3873,-1,-1,-1
5,11,1044.06,134.18,65.43,161.03,0.3774,-1,-1,-1
5,10,789.04,145.93,65.09,176.60,0.4967,-1,-1,-1
5,9,220.99,396.97,72.08,200.11,0.3747,-1,-1,-1
5,8,545.84,145.06,56.38,186.79,0.5050,-1,-1,-1
5,7,1072.27,210.42,79.10,178.51,0.5394,-1,-1,-1
5,6,0.34,874.13,45.27,204.93,0.5592,-1,-1,-1
5,5,1355.81,570.08,82.32,213.72,0.6076,-1,-1,-1
5,4,1728.62,452.21,74.17,218.64,0.6542,-1,-1,-1
5,3,1112.75,975.87,72.25,104.13,0.6964,-1,-1,-1
5,2,104.16,545.92,72.44,246.95,0.7243,-1,-1,-1
5,1,374.76,406.77,78.77,241.19,0.7978,-1,-1,-1
6,13,502.43,136.93,49.22,167.25,0.5138,-1,-1,-1
6,12,267.93,379.69,48.23,208.57,0.3933,-1,-1,-1
6,11,1043.64,135.21,64.39,154.16,0.3077,-1,-1,-1
6,10,787.80,145.24,65.12,178.22,0.5056,-1,-1,-1
6,9,218.98,392.42,75.33,204.08,0.3017,-1,-1,-1
6,8,545.22,148.12,55.42,186.14,0.5159,-1,-1,-1
6,7,1062.85,209.00,88.99,179.75,0.5797,-1,-1,-1
6,6,0.37,871.82,46.09,207.61,0.6048,-1,-1,-1
6,5,1356.92,570.14,81.32,213.42,0.6186,-1,-1,-1
6,4,1726.79,455.07,75.14,215.62,0.6514,-1,-1,-1
6,3,1114.36,975.84,72.92,104.16,0.6912,-1,-1,-1
6,2,104.39,546.14,72.63,246.62,0.7309,-1,-1,-1
6,1,375.00,405.93,79.37,239.88,0.7852,-1,-1,-1
7,13,501.86,139.33,48.82,165.61,0.4799,-1,-1,-1
7,12,266.26,380.41,48.86,197.40,0.3576,-1,-1,-1
7,10,788.45,145.44,65.60,177.93,0.5154,-1,-1,-1
7,8,544.21,148.75,54.16,186.97,0.5409,-1,-1,-1
7,7,1054.30,208.05,98.87,181.32,0.5515,-1,-1,-1
7,6,0.35,870.97,47.04,208.49,0.5963,-1,-1,-1
7,5,1356.30,570.36,82.18,212.89,0.6334,-1,-1,-1
7,4,1726.49,454.38,74.55,212.32,0.6315,-1,-1,-1
7,3,1116.55,973.95,70.91,106.05,0.7056,-1,-1,-1
7,2,104.12,545.99,72.65,245.82,0.7311,-1,-1,-1
7,1,375.75,404.67,80.52,239.99,0.7800,-1,-1,-1
8,13,499.35,141.56,52.89,174.82,0.4575,-1,-1,-1
8,12,264.52,381.26,49.49,188.14,0.3175,-1,-1,-1
8,10,788.00,146.04,65.59,176.71,0.5034,-1,-1,-1
8,8,544.70,146.58,52.99,188.92,0.5501,-1,-1,-1
8,7,1053.39,211.85,100.63,177.04,0.5409,-1,-1,-1
8,6,0.25,871.73,46.37,206.82,0.5826,-1,-1,-1
8,5,1356.58,569.91,81.47,214.89,0.6125,-1,-1,-1
8,4,1724.08,454.81,75.86,208.55,0.6454,-1,-1,-1
8,3,1119.06,973.44,70.23,106.56,0.7071,-1,-1,-1
8,2,104.89,546.16,72.93,246.68,0.7358,-1,-1,-1
8,1,376.74,402.04,80.01,238.82,0.7696,-1,-1,-1
9,14,1799.40,208.20,62.02,186.65,0.3266,-1,-1,-1
9,13,500.74,141.82,49.61,174.03,0.4449,-1,-1,-1
9,10,787.95,145.72,65.38,175.61,0.4782,-1,-1,-1
9,8,544.79,147.87,51.78,189.61,0.4971,-1,-1,-1
9,7,1049.56,210.75,105.36,175.10,0.5086,-1,-1,-1
9,6,0.27,869.63,46.48,209.48,0.5596,-1,-1,-1
9,5,1356.71,570.49,81.16,214.26,0.6143,-1,-1,-1
9,4,1723.74,454.34,75.38,210.52,0.6349,-1,-1,-1
9,3,1124.61,973.78,67.52,106.22,0.6692,-1,-1,-1
9,2,104.66,546.08,73.72,246.85,0.7443,-1,-1,-1
9,1,376.87,401.75,81.45,237.09,0.7678,-1,-1,-1
10,14,1799.56,211.99,64.65,187.57,0.3421,-1,-1,-1
10,13,498.35,142.15,52.14,174.97,0.4337,-1,-1,-1
10,12,265.17,384.45,45.76,171.79,0.3154,-1,-1,-1
10,10,788.14,145.80,65.12,177.33,0.4860,-1,-1,-1
10,8,543.44,148.82,52.08,192.06,0.4782,-1,-1,-1
10,7,1046.33,211.70,107.51,172.68,0.4661,-1,-1,-1
10,6,0.27,864.37,46.95,214.16,0.5661,-1,-1,-1
10,5,1356.16,569.36,82.46,216.37,0.6147,-1,-1,-1
10,4,1724.34,454.70,74.35,210.05,0.6104,-1,-1,-1
10,3,1127.93,973.37,67.05,106.63,0.6880,-1,-1,-1
10,2,104.84,545.87,74.00,246.63,0.7400,-1,-1,-1
10,1,377.35,400.27,81.32,236.04,0.7579,-1,-1,-1
11,14,1802.52,218.37,62.49,177.29,0.3489,-1,-1,-1
11,13,498.58,142.67,51.09,175.87,0.4252,-1,-1,-1
11,10,788.05,145.67,65.52,177.37,0.4864,-1,-1,-1
11,9,261.16,385.07,49.45,194.41,0.3796,-1,-1,-1
11,8,542.08,148.69,52.56,192.95,0.4813,-1,-1,-1
11,7,1044.95,209.63,102.35,174.56,0.4522,-1,-1,-1
11,6,0.25,862.01,46.07,216.36,0.5584,-1,-1,-1
11,5,1356.34,569.74,82.38,216.01,0.6406,-1,-1,-1
11,4,1723.82,459.66,75.01,205.46,0.6067,-1,-1,-1
11,3,1130.35,974.03,67.76,105.97,0.6688,-1,-1,-1
11,2,104.52,546.21,74.08,246.76,0.7417,-1,-1,-1
11,1,378.65,397.91,80.70,233.79,0.7550,-1,-1,-1
12,14,1802.25,219.74,64.23,175.06,0.3372,-1,-1,-1
12,13,497.10,144.17,52.88,174.26,0.4129,-1,-1,-1
12,10,788.08,145.86,65.27,177.80,0.4828,-1,-1,-1
12,8,541.82,149.32,53.16,191.46,0.5006,-1,-1,-1
12,7,1046.15,207.35,95.15,176.90,0.3598,-1,-1,-1
12,6,0.50,855.27,46.97,222.16,0.5764,-1,-1,-1
12,5,1357.04,569.59,80.38,215.27,0.6329,-1,-1,-1
12,4,1723.61,459.64,75.14,205.44,0.6362,-1,-1,-1
12,3,1133.88,973.47,67.32,106.53,0.6720,-1,-1,-1
12,2,104.23,546.13,75.12,247.13,0.7371,-1,-1,-1
12,1,378.12,396.63,81.69,233.93,0.7530,-1,-1,-1
13,14,1802.07,221.68,68.06,177.96,0.3713,-1,-1,-1
13,13,496.70,144.86,52.85,175.00,0.3769,-1,-1,-1
13,10,788.29,146.41,65.20,177.42,0.5103,-1,-1,-1
13,8,539.62,149.62,55.69,191.86,0.5203,-1,-1,-1
13,6,0.22,850.72,46.04,226.51,0.5896,-1,-1,-1
13,5,1356.60,570.17,81.17,213.31,0.6359,-1,-1,-1
13,4,1724.42,457.78,73.74,207.67,0.6621,-1,-1,-1
13,3,1135.84,973.00,66.32,107.00,0.6339,-1,-1,-1
13,2,104.23,545.90,75.73,247.93,0.7420,-1,-1,-1
13,1,378.37,395.27,81.90,232.05,0.7610,-1,-1,-1
14,16,880.61,130.07,87.14,177.90,0.4139,-1,-1,-1
14,15,209.60,396.99,64.13,178.28,0.3795,-1,-1,-1
14,14,1802.95,222.46,66.66,177.10,0.3743,-1,-1,-1
14,13,494.39,143.81,54.53,176.54,0.4112,-1,-1,-1
14,10,788.67,146.12,64.11,177.52,0.5246,-1,-1,-1
14,8,538.37,151.07,55.81,191.30,0.5044,-1,-1,-1
14,6,0.22,849.20,46.86,228.57,0.6077,-1,-1,-1
14,5,1357.30,569.93,80.45,214.53,0.6135,-1,-1,-1
14,4,1722.95,459.68,76.40,206.75,0.6575,-1,-1,-1
14,3,1139.15,972.76,64.22,107.24,0.6305,-1,-1,-1
14,2,104.05,545.91,75.95,248.49,0.7475,-1,-1,-1
14,1,379.22,394.80,81.16,231.23,0.7606,-1,-1,-1
15,16,879.72,130.61,86.46,177.62,0.3794,-1,-1,-1
15,15,208.81,390.39,62.82,184.39,0.3146,-1,-1,-1
15,14,1804.20,223.34,67.12,185.47,0.3943,-1,-1,-1
15,13,494.14,143.35,53.87,177.89,0.3866,-1,-1,-1
15,10,787.89,147.03,65.50,175.46,0.5364,-1,-1,-1
15,8,537.18,152.08,55.70,191.43,0.5038,-1,-1,-1
15,6,0.22,849.33,47.37,229.48,0.5862,-1,-1,-1
15,5,1356.77,570.63,80.50,212.76,0.6056,-1,-1,-1
15,4,1724.37,454.71,74.25,211.74,0.6507,-1,-1,-1
15,3,1140.55,973.38,64.38,106.05,0.5995,-1,-1,-1
15,2,104.39,546.03,75.66,248.00,0.7549,-1,-1,-1
15,1,379.85,393.57,81.24,231.73,0.7611,-1,-1,-1
16,16,880.05,131.83,86.09,179.20,0.3332,-1,-1,-1
16,15,208.12,382.36,58.81,193.81,0.3669,-1,-1,-1
16,14,1804.60,224.29,69.25,188.87,0.3867,-1,-1,-1
16,13,493.42,143.10,54.57,178.58,0.3327,-1,-1,-1
16,12,249.63,386.20,55.49,184.18,0.3551,-1,-1,-1
16,10,788.98,147.00,64.19,175.49,0.5039,-1,-1,-1
16,8,534.11,153.93,57.34,188.05,0.5244,-1,-1,-1
16,6,0.20,849.54,48.70,229.10,0.5054,-1,-1,-1
16,5,1356.75,570.17,80.24,213.81,0.6194,-1,-1,-1
16,4,1725.16,455.05,72.94,210.54,0.6556,-1,-1,-1
16,3,1145.08,972.95,62.85,105.98,0.5672,-1,-1,-1
16,2,104.51,546.34,75.25,246.84,0.7503,-1,-1,-1
16,1,380.21,393.05,80.71,232.53,0.7659,-1,-1,-1
17,16,880.85,132.28,84.79,177.26,0.3201,-1,-1,-1
17,15,207.37,379.98,58.63,197.32,0.3340,-1,-1,-1
17,14,1806.38,225.71,66.72,191.44,0.3620,-1,-1,-1
17,13,493.40,145.03,54.13,177.01,0.3616,-1,-1,-1
17,12,247.26,381.56,57.57,189.61,0.3619,-1,-1,-1
17,10,788.70,147.12,64.40,174.57,0.4923,-1,-1,-1
17,8,533.13,156.40,58.47,187.30,0.6085,-1,-1,-1
17,6,0.26,848.53,50.87,231.47,0.5549,-1,-1,-1
17,5,1356.60,569.94,81.83,215.14,0.6041,-1,-1,-1
17,4,1722.96,458.67,76.40,208.76,0.6399,-1,-1,-1
17,3,1148.84,973.15,59.70,106.85,0.5345,-1,-1,-1
17,2,104.04,546.93,76.82,245.80,0.7453,-1,-1,-1
17,1,380.64,391.64,81.42,234.83,0.7511,-1,-1,-1
18,16,880.45,132.77,84.70,178.24,0.3421,-1,-1,-1
18,15,207.65,383.04,56.01,192.66,0.3618,-1,-1,-1
18,14,1806.35,226.34,69.09,191.36,0.3825,-1,-1,-1
18,13,493.20,143.22,53.62,179.15,0.3680,-1,-1,-1
18,12,246.72,383.72,56.75,187.47,0.4081,-1,-1,-1
18,11,1031.69,143.99,60.32,183.55,0.3230,-1,-1,-1
18,10,789.20,147.25,63.95,174.39,0.5330,-1,-1,-1
18,8,531.60,156.04,57.66,186.63,0.6042,-1,-1,-1
18,6,0.25,847.88,52.18,232.02,0.5066,-1,-1,-1
18,5,1356.67,569.90,80.78,214.50,0.6182,-1,-1,-1
18,4,1723.39,458.02,76.13,208.48,0.6457,-1,-1,-1
18,3,1151.97,973.31,57.48,106.69,0.5305,-1,-1,-1
18,2,104.22,546.52,76.36,245.84,0.7479,-1,-1,-1
18,1,380.59,389.83,81.89,237.55,0.7520,-1,-1,-1
19,15,206.45,382.11,56.79,195.78,0.4001,-1,-1,-1
19,14,1808.79,227.08,69.11,190.40,0.3604,-1,-1,-1
19,12,246.30,379.98,55.54,191.61,0.4172,-1,-1,-1
19,11,1030.44,143.82,61.03,185.57,0.4152,-1,-1,-1
19,10,789.06,146.84,63.75,174.54,0.4808,-1,-1,-1
19,8,530.07,159.53,58.06,182.89,0.5466,-1,-1,-1
19,6,0.26,845.80,52.48,234.09,0.5326,-1,-1,-1
19,5,1357.01,569.99,80.17,214.99,0.6405,-1,-1,-1
19,4,1723.72,454.90,74.95,211.45,0.6467,-1,-1,-1
19,3,1154.01,972.76,57.69,107.24,0.5198,-1,-1,-1
19,2,104.41,546.57,76.05,246.19,0.7459,-1,-1,-1
19,1,380.77,388.52,82.75,238.77,0.7551,-1,-1,-1
20,15,204.72,389.66,58.07,185.32,0.4155,-1,-1,-1
20,14,1809.84,227.39,69.95,189.42,0.3427,-1,-1,-1
20,12,245.11,375.29,54.26,193.61,0.3149,-1,-1,-1
20,11,1027.41,144.51,63.42,234.26,0.4028,-1,-1,-1
20,10,789.14,147.88,64.16,173.93,0.4956,-1,-1,-1
20,8,530.53,158.61,55.24,184.04,0.5439,-1,-1,-1
20,6,0.25,845.97,52.43,234.03,0.4771,-1,-1,-1
20,5,1357.06,570.68,80.07,213.99,0.6494,-1,-1,-1
20,4,1723.66,458.92,75.82,207.01,0.6295,-1,-1,-1
20,3,1157.15,972.95,55.67,107.05,0.5105,-1,-1,-1
20,2,104.31,546.57,75.87,245.94,0.7456,-1,-1,-1
20,1,380.63,387.08,82.82,240.27,0.7480,-1,-1,-1
21,15,203.58,376.47,57.86,197.79,0.4005,-1,-1,-1
21,12,245.28,375.76,51.53,189.35,0.3460,-1,-1,-1
21,10,788.62,147.63,64.81,174.44,0.4867,-1,-1,-1
21,8,530.75,158.79,54.21,183.78,0.5888,-1,-1,-1
21,6,0.34,838.98,53.61,238.69,0.5228,-1,-1,-1
21,5,1357.72,570.40,79.19,216.27,0.6137,-1,-1,-1
21,4,1723.51,458.13,75.78,208.42,0.6341,-1,-1,-1
21,3,1157.48,973.57,57.25,106.43,0.5021,-1,-1,-1
21,2,104.28,546.41,75.88,246.45,0.7433,-1,-1,-1
21,1,380.45,386.34,83.33,240.31,0.7588,-1,-1,-1
22,15,203.86,370.92,61.72,202.45,0.3304,-1,-1,-1
22,11,1002.27,144.76,88.47,234.90,0.3479,-1,-1,-1
22,10,789.32,147.73,64.36,175.31,0.4618,-1,-1,-1
22,8,528.92,155.47,54.40,187.67,0.5037,-1,-1,-1
22,6,0.26,842.27,53.37,237.73,0.5434,-1,-1,-1
22,5,1357.42,570.10,79.54,214.93,0.6385,-1,-1,-1
22,4,1724.16,458.50,74.50,207.42,0.6682,-1,-1,-1
22,3,1156.33,974.81,58.91,105.19,0.5591,-1,-1,-1
22,2,104.10,546.88,76.17,245.45,0.7385,-1,-1,-1
22,1,380.84,386.40,82.99,239.38,0.7578,-1,-1,-1
23,10,790.47,148.62,61.23,174.16,0.4303,-1,-1,-1
23,8,527.86,157.57,51.94,187.02,0.4697,-1,-1,-1
23,7,1025.06,146.17,64.60,179.98,0.3871,-1,-1,-1
23,6,0.27,842.96,53.32,235.81,0.5669,-1,-1,-1
23,5,1356.80,569.92,80.73,215.20,0.6141,-1,-1,-1
23,4,1724.54,457.38,74.07,207.84,0.6392,-1,-1,-1
23,3,1158.40,973.84,61.25,106.16,0.5504,-1,-1,-1
23,2,104.26,546.47,75.91,245.62,0.7394,-1,-1,-1
23,1,381.76,385.50,81.67,238.35,0.7569,-1,-1,-1
24,15,202.37,354.01,66.56,218.10,0.3055,-1,-1,-1
24,14,1821.10,230.55,68.33,189.50,0.3512,-1,-1,-1
24,10,789.42,148.30,64.61,173.62,0.4291,-1,-1,-1
24,8,524.62,157.17,55.23,187.82,0.4250,-1,-1,-1
24,7,1022.84,147.39,66.30,178.68,0.3215,-1,-1,-1
24,6,0.27,839.72,54.50,235.97,0.5361,-1,-1,-1
24,5,1356.60,569.69,80.96,217.80,0.5891,-1,-1,-1
24,4,1723.96,455.15,74.33,211.33,0.6434,-1,-1,-1
24,3,1159.21,974.99,61.46,105.01,0.5497,-1,-1,-1
24,2,104.29,546.56,76.29,245.73,0.7382,-1,-1,-1
24,1,381.54,385.18,81.57,237.53,0.7574,-1,-1,-1
25,14,1822.43,233.36,68.32,193.62,0.3875,-1,-1,-1
25,10,789.22,147.39,64.85,175.36,0.4319,-1,-1,-1
25,8,524.81,159.28,54.44,184.35,0.4365,-1,-1,-1
25,6,0.33,835.31,54.98,238.79,0.5031,-1,-1,-1
25,5,1357.15,570.37,79.10,212.58,0.6125,-1,-1,-1
25,4,1722.36,458.22,76.16,208.81,0.6544,-1,-1,-1
25,3,1159.84,974.81,62.09,105.19,0.5631,-1,-1,-1
25,2,103.90,546.90,76.72,246.03,0.7384,-1,-1,-1
25,1,381.64,384.18,80.62,236.83,0.7571,-1,-1,-1
26,14,1826.36,236.55,66.20,192.47,0.3700,-1,-1,-1
26,10,788.65,147.91,66.27,175.36,0.4471,-1,-1,-1
26,8,525.66,161.00,52.69,183.26,0.4214,-1,-1,-1
26,6,0.26,833.65,55.82,231.39,0.5684,-1,-1,-1
26,5,1356.77,570.62,80.57,213.16,0.6084,-1,-1,-1
26,4,1723.25,453.25,73.91,214.45,0.6365,-1,-1,-1
26,3,1161.25,975.14,61.94,104.86,0.5967,-1,-1,-1
26,2,103.35,546.11,77.42,247.47,0.7375,-1,-1,-1
26,1,382.34,382.91,79.68,237.22,0.7684,-1,-1,-1
27,15,198.95,348.29,72.78,223.00,0.3685,-1,-1,-1
27,14,1827.94,238.15,65.39,191.25,0.3461,-1,-1,-1
27,11,978.22,206.39,104.81,170.77,0.4321,-1,-1,-1
27,10,789.62,147.90,64.87,174.77,0.4484,-1,-1,-1
27,8,526.15,160.81,51.97,185.43,0.3655,-1,-1,-1
27,6,0.34,829.95,56.77,235.02,0.6075,-1,-1,-1
27,5,1356.55,569.99,80.41,214.84,0.5868,-1,-1,-1
27,4,1722.75,459.39,74.76,206.80,0.6521,-1,-1,-1
27,3,1162.96,975.06,62.60,104.94,0.6073,-1,-1,-1
27,2,103.38,546.10,76.85,247.22,0.7377,-1,-1,-1
27,1,381.57,381.21,81.05,237.46,0.7790,-1,-1,-1
28,12,197.82,351.71,71.87,222.66,0.3995,-1,-1,-1
28,10,790.71,148.75,60.05,173.46,0.4501,-1,-1,-1
28,6,0.04,827.62,58.87,232.51,0.6340,-1,-1,-1
28,5,1356.75,569.37,80.85,216.43,0.5881,-1,-1,-1
28,4,1723.23,455.40,73.73,211.62,0.6400,-1,-1,-1
28,3,1164.46,975.87,63.23,104.13,0.6165,-1,-1,-1
28,2,103.00,546.85,77.20,245.94,0.7386,-1,-1,-1
28,1,381.77,379.27,82.37,238.10,0.7725,-1,-1,-1
29,17,1593.31,241.52,64.12,182.01,0.3305,-1,-1,-1
29,12,197.30,354.51,70.52,217.20,0.3247,-1,-1,-1
29,10,791.08,148.59,59.45,174.36,0.4573,-1,-1,-1
29,7,1025.96,151.38,60.55,169.46,0.3194,-1,-1,-1
29,6,0.20,826.22,59.63,228.07,0.6978,-1,-1,-1
29,5,1356.62,569.84,81.35,215.21,0.6246,-1,-1,-1
29,4,1723.13,457.53,74.28,208.49,0.6502,-1,-1,-1
29,3,1165.14,975.87,65.33,104.13,0.6355,-1,-1,-1
29,2,102.79,546.29,77.59,246.53,0.7455,-1,-1,-1
29,1,382.81,377.72,81.87,238.08,0.7810,-1,-1,-1
30,17,1593.94,240.28,61.50,183.45,0.3559,-1,-1,-1
30,12,196.20,356.85,68.92,213.00,0.3162,-1,-1,-1
30,10,790.65,148.28,59.51,174.36,0.4582,-1,-1,-1
30,8,523.37,163.69,53.45,187.26,0.3043,-1,-1,-1
30,6,0.01,822.90,60.09,228.25,0.6767,-1,-1,-1
30,5,1356.84,569.89,79.79,215.75,0.6171,-1,-1,-1
30,4,1723.08,457.51,75.15,208.49,0.6633,-1,-1,-1
30,3,1167.13,977.04,65.16,102.90,0.6211,-1,-1,-1
30,2,103.11,547.25,77.42,245.28,0.7384,-1,-1,-1
30,1,383.00,376.30,83.77,236.76,0.7847,-1,-1,-1
31,17,1589.87,238.47,62.07,181.35,0.3096,-1,-1,-1
31,12,194.78,357.74,68.60,209.49,0.3465,-1,-1,-1
31,10,790.45,148.08,60.22,175.62,0.4282,-1,-1,-1
31,7,1021.86,154.92,68.11,183.85,0.3513,-1,-1,-1
31,6,0.33,817.18,59.62,238.90,0.6491,-1,-1,-1
31,5,1356.66,569.74,80.36,213.77,0.5914,-1,-1,-1
31,4,1723.28,455.02,73.37,212.43,0.6545,-1,-1,-1
31,3,1168.25,977.37,66.03,102.63,0.6157,-1,-1,-1
31,2,103.10,546.83,76.79,246.43,0.7404,-1,-1,-1
31,1,383.77,374.74,87.17,232.93,0.7516,-1,-1,-1
32,17,1589.36,236.39,59.50,183.36,0.3030,-1,-1,-1
32,12,192.85,348.80,70.24,215.28,0.3971,-1,-1,-1
32,10,791.69,148.88,58.94,174.78,0.4570,-1,-1,-1
32,6,0.42,815.19,59.83,243.80,0.6162,-1,-1,-1
32,5,1356.48,569.80,80.06,214.33,0.6039,-1,-1,-1
32,4,1722.68,457.49,75.31,209.04,0.6534,-1,-1,-1
32,3,1169.10,978.24,66.70,101.76,0.6746,-1,-1,-1
32,2,103.10,546.68,76.37,246.51,0.7472,-1,-1,-1
32,1,383.72,373.17,91.28,232.25,0.7457,-1,-1,-1
33,14,1834.81,250.15,71.62,191.26,0.3130,-1,-1,-1
33,12,190.09,348.76,70.65,217.40,0.4230,-1,-1,-1
33,10,790.75,149.10,59.63,174.05,0.4375,-1,-1,-1
33,8,492.90,159.45,84.18,196.51,0.3918,-1,-1,-1
33,7,1019.48,157.05,67.34,183.92,0.3643,-1,-1,-1
33,6,0.38,813.51,60.86,248.86,0.6217,-1,-1,-1
33,5,1356.12,569.35,81.35,217.79,0.6021,-1,-1,-1
33,4,1722.37,457.36,75.12,210.33,0.6571,-1,-1,-1
33,3,1170.87,979.19,66.95,100.81,0.6781,-1,-1,-1
33,2,102.75,546.74,78.09,246.59,0.7486,-1,-1,-1
33,1,384.19,370.79,93.05,232.83,0.7501,-1,-1,-1
34,14,1835.88,250.55,68.42,190.07,0.3188,-1,-1,-1
34,12,188.70,353.67,69.27,208.60,0.4157,-1,-1,-1
34,10,790.49,148.57,59.20,175.32,0.4324,-1,-1,-1
34,8,493.06,160.64,81.90,195.01,0.3893,-1,-1,-1
34,7,1021.61,154.96,61.42,187.78,0.4152,-1,-1,-1
34,6,0.45,811.61,61.20,249.19,0.6135,-1,-1,-1
34,5,1356.91,569.29,80.92,216.61,0.5996,-1,-1,-1
34,4,1722.78,458.30,74.10,207.85,0.6499,-1,-1,-1
34,3,1173.90,981.25,66.45,98.75,0.6763,-1,-1,-1
34,2,102.74,546.84,77.72,246.54,0.7391,-1,-1,-1
34,1,384.98,370.48,92.32,231.57,0.7515,-1,-1,-1
35,14,1837.35,251.17,68.41,187.63,0.3249,-1,-1,-1
35,12,186.83,344.10,64.93,212.89,0.4548,-1,-1,-1
35,11,960.65,200.96,61.33,173.51,0.3348,-1,-1,-1
35,10,791.12,148.53,59.03,175.15,0.4427,-1,-1,-1
35,8,494.15,160.80,79.90,194.68,0.3989,-1,-1,-1
35,7,1022.13,156.20,60.56,184.25,0.4622,-1,-1,-1
35,6,0.45,811.04,63.34,253.30,0.5751,-1,-1,-1
35,5,1355.83,569.43,81.80,215.57,0.6011,-1,-1,-1
35,4,1722.49,457.47,73.92,208.66,0.6606,-1,-1,-1
35,3,1177.75,982.54,64.11,97.46,0.6624,-1,-1,-1
35,2,102.48,546.87,78.55,247.09,0.7346,-1,-1,-1
35,1,384.79,369.51,93.15,233.01,0.7410,-1,-1,-1
36,18,384.64,994.97,90.57,85.03,0.4535,-1,-1,-1
36,14,1839.89,249.36,66.89,189.12,0.3537,-1,-1,-1
36,12,188.80,367.18,61.33,192.00,0.3995,-1,-1,-1
36,11,954.36,200.82,64.45,174.10,0.3265,-1,-1,-1
36,10,790.98,149.20,59.01,173.89,0.4402,-1,-1,-1
36,8,494.92,160.84,77.06,193.75,0.4165,-1,-1,-1
36,7,1021.91,156.83,61.73,181.64,0.5125,-1,-1,-1
36,6,0.54,810.35,63.17,248.38,0.5426,-1,-1,-1
36,5,1355.94,569.44,82.26,216.78,0.5767,-1,-1,-1
36,4,1722.95,458.82,74.16,207.70,0.6161,-1,-1,-1
36,3,1179.86,984.35,64.33,95.65,0.6412,-1,-1,-1
36,2,102.88,547.13,77.31,246.33,0.7385,-1,-1,-1
36,1,385.24,369.04,91.98,233.18,0.7009,-1,-1,-1
37,18,384.27,993.93,92.28,86.07,0.5152,-1,-1,-1
37,14,1839.98,252.43,63.39,184.05,0.3773,-1,-1,-1
37,12,187.21,362.10,62.29,194.96,0.4086,-1,-1,-1
37,11,946.17,200.80,69.18,173.42,0.4378,-1,-1,-1
37,10,790.27,148.72,59.94,175.00,0.4360,-1,-1,-1
37,8,494.99,162.38,75.72,192.69,0.4226,-1,-1,-1
37,7,1021.83,158.12,61.69,183.73,0.5344,-1,-1,-1
37,6,0.53,809.14,65.51,248.26,0.6285,-1,-1,-1
37,5,1356.26,569.06,82.10,219.25,0.5677,-1,-1,-1
37,4,1723.08,457.35,73.97,209.55,0.6401,-1,-1,-1
37,3,1182.53,984.49,64.81,95.51,0.6850,-1,-1,-1
37,2,103.02,547.28,76.61,245.57,0.7344,-1,-1,-1
37,1,386.13,367.84,88.93,234.07,0.6902,-1,-1,-1
38,18,384.46,992.80,93.44,87.20,0.5469,-1,-1,-1
38,14,1840.54,252.39,63.03,185.44,0.3217,-1,-1,-1
38,12,185.84,364.98,61.52,191.27,0.4321,-1,-1,-1
38,11,935.69,202.09,75.84,172.73,0.3836,-1,-1,-1
38,10,791.10,149.12,58.90,175.22,0.4243,-1,-1,-1
38,8,494.29,162.75,75.76,192.62,0.4184,-1,-1,-1
38,7,1023.73,158.63,60.31,184.31,0.5451,-1,-1,-1
38,6,0.54,808.86,66.09,245.25,0.6404,-1,-1,-1
38,5,1355.87,569.44,81.73,213.64,0.6049,-1,-1,-1
38,4,1722.63,458.46,74.59,207.29,0.6428,-1,-1,-1
38,3,1184.16,984.24,66.98,95.76,0.6922,-1,-1,-1
38,2,102.77,546.88,76.43,245.40,0.7328,-1,-1,-1
38,1,387.46,366.64,85.18,235.42,0.6937,-1,-1,-1
39,18,384.56,991.55,92.84,88.45,0.5276,-1,-1,-1
39,14,1840.38,252.80,64.32,184.73,0.3539,-1,-1,-1
39,12,183.20,361.83,63.58,195.40,0.4939,-1,-1,-1
39,11,923.72,201.00,86.76,172.69,0.5013,-1,-1,-1
39,10,790.88,148.78,58.90,175.14,0.4153,-1,-1,-1
39,8,494.63,163.39,74.59,191.40,0.4237,-1,-1,-1
39,7,1022.08,158.85,62.10,182.82,0.5211,-1,-1,-1
39,6,0.52,807.56,65.90,244.29,0.6523,-1,-1,-1
39,5,1357.09,567.86,81.04,217.79,0.5814,-1,-1,-1
39,4,1722.55,456.71,73.48,210.02,0.6227,-1,-1,-1
39,3,1186.90,983.51,68.73,96.49,0.6789,-1,-1,-1
39,2,102.35,547.26,77.58,244.84,0.7308,-1,-1,-1
39,1,387.52,365.37,84.44,237.15,0.6891,-1,-1,-1
40,18,385.16,989.85,92.83,90.15,0.5279,-1,-1,-1
40,14,1837.89,252.72,68.04,187.62,0.3340,-1,-1,-1
40,12,181.03,363.50,62.76,192.53,0.4306,-1,-1,-1
40,11,914.79,197.08,96.53,176.59,0.5105,-1,-1,-1
40,10,791.11,148.98,58.11,176.20,0.4046,-1,-1,-1
40,8,494.30,167.58,72.89,191.53,0.4405,-1,-1,-1
40,7,1021.73,159.09,62.55,182.40,0.5093,-1,-1,-1
40,6,0.68,806.54,65.65,241.81,0.6072,-1,-1,-1
40,5,1357.58,569.75,79.99,212.02,0.6151,-1,-1,-1
40,4,1722.71,456.19,73.52,211.11,0.6273,-1,-1,-1
40,3,1190.80,983.65,69.31,96.35,0.6545,-1,-1,-1
40,2,102.19,547.00,77.51,244.88,0.7335,-1,-1,-1
40,1,387.90,367.06,86.60,234.99,0.6972,-1,-1,-1
41,18,385.22,989.24,93.41,90.76,0.4924,-1,-1,-1
41,12,179.53,360.70,62.35,195.52,0.3636,-1,-1,-1
41,11,911.66,203.40,99.91,169.77,0.5440,-1,-1,-1
41,10,791.41,149.20,57.25,174.94,0.4079,-1,-1,-1
41,8,495.87,165.70,75.21,190.83,0.3632,-1,-1,-1
41,7,1021.40,159.09,62.68,180.82,0.4771,-1,-1,-1
41,6,0.47,805.43,66.52,242.97,0.6001,-1,-1,-1
41,5,1356.78,568.63,81.06,215.93,0.6073,-1,-1,-1
41,4,1722.49,455.83,73.86,211.10,0.6395,-1,-1,-1
41,3,1193.20,985.00,67.51,95.00,0.6802,-1,-1,-1
41,2,102.31,546.67,77.69,245.78,0.7313,-1,-1,-1
41,1,389.54,366.16,85.25,235.38,0.6909,-1,-1,-1
42,18,384.21,987.73,94.62,92.27,0.5331,-1,-1,-1
42,12,179.82,370.90,59.25,186.95,0.3295,-1,-1,-1
42,11,908.32,200.03,102.88,173.64,0.5451,-1,-1,-1
42,10,791.09,148.73,57.46,177.40,0.4202,-1,-1,-1
42,8,495.40,167.27,75.17,192.15,0.3718,-1,-1,-1
42,7,1021.12,159.46,62.77,182.23,0.4734,-1,-1,-1
42,6,0.27,802.61,66.70,242.95,0.6312,-1,-1,-1
42,5,1356.93,569.43,80.29,214.24,0.6145,-1,-1,-1
42,4,1721.94,454.92,74.07,211.51,0.6461,-1,-1,-1
42,3,1195.65,984.78,69.10,95.22,0.6923,-1,-1,-1
42,2,102.24,546.70,78.41,245.76,0.7402,-1,-1,-1
42,1,390.43,364.55,84.90,235.51,0.7104,-1,-1,-1
43,18,383.21,987.78,95.31,92.22,0.5402,-1,-1,-1
43,11,904.24,195.77,105.06,177.19,0.4978,-1,-1,-1
43,10,790.40,149.38,58.95,175.95,0.4042,-1,-1,-1
43,8,493.89,167.93,77.00,195.17,0.3847,-1,-1,-1
43,7,1021.46,159.76,62.17,183.59,0.4672,-1,-1,-1
43,6,0.20,797.95,66.92,231.73,0.6608,-1,-1,-1
43,5,1356.76,569.13,80.53,214.51,0.6090,-1,-1,-1
43,4,1722.36,454.65,73.58,212.24,0.6162,-1,-1,-1
43,3,1198.45,985.05,70.78,94.94,0.6623,-1,-1,-1
43,2,101.82,546.84,78.42,245.91,0.7338,-1,-1,-1
43,1,391.27,365.15,85.09,233.13,0.7374,-1,-1,-1
44,18,382.53,985.24,96.11,94.76,0.5968,-1,-1,-1
44,14,1840.73,255.20,78.60,195.35,0.3252,-1,-1,-1
44,12,175.17,364.50,58.36,191.39,0.3525,-1,-1,-1
44,11,902.66,193.02,100.94,180.41,0.3167,-1,-1,-1
44,10,790.98,149.09,58.06,176.11,0.4005,-1,-1,-1
44,8,494.28,169.13,76.26,195.85,0.3771,-1,-1,-1
44,7,1021.56,160.20,61.35,184.63,0.4379,-1,-1,-1
44,6,0.19,794.66,67.33,229.15,0.6726,-1,-1,-1
44,5,1356.80,568.89,81.17,216.95,0.6236,-1,-1,-1
44,4,1721.01,457.80,75.24,208.94,0.6474,-1,-1,-1
44,3,1198.95,985.38,71.72,94.62,0.6688,-1,-1,-1
44,2,101.99,547.20,77.83,245.34,0.7334,-1,-1,-1
44,1,391.56,364.74,85.94,231.42,0.7343,-1,-1,-1
45,18,381.19,984.85,95.64,95.15,0.5952,-1,-1,-1
45,14,1842.14,256.76,73.14,197.61,0.3492,-1,-1,-1
45,12,173.62,357.51,55.83,196.86,0.3643,-1,-1,-1
45,10,790.49,149.17,58.83,175.58,0.4243,-1,-1,-1
45,8,495.66,173.08,73.96,193.47,0.3115,-1,-1,-1
45,7,1019.47,161.89,65.56,182.10,0.3991,-1,-1,-1
45,6,0.29,792.60,67.43,229.06,0.6685,-1,-1,-1
45,5,1356.35,568.81,81.01,216.28,0.6345,-1,-1,-1
45,4,1721.67,458.84,74.31,207.52,0.6321,-1,-1,-1
45,3,1200.19,985.71,72.58,94.28,0.6709,-1,-1,-1
45,2,101.74,546.73,77.49,245.84,0.7425,-1,-1,-1
45,1,393.14,361.76,85.07,232.35,0.7371,-1,-1,-1
46,18,379.74,978.00,97.15,102.00,0.6033,-1,-1,-1
46,14,1843.19,257.03,74.45,201.74,0.3300,-1,-1,-1
46,12,172.21,352.40,54.99,201.78,0.3621,-1,-1,-1
46,10,790.70,149.32,58.20,174.97,0.3893,-1,-1,-1
46,8,491.92,174.11,78.40,193.58,0.3314,-1,-1,-1
46,7,1019.13,161.97,65.60,182.18,0.4088,-1,-1,-1
46,6,0.45,790.47,68.23,229.75,0.6718,-1,-1,-1
46,5,1356.15,569.43,82.46,216.97,0.6039,-1,-1,-1
46,4,1720.77,459.25,75.03,206.47,0.6155,-1,-1,-1
46,3,1200.56,986.22,71.77,93.78,0.6854,-1,-1,-1
46,2,101.69,546.34,77.86,246.29,0.7447,-1,-1,-1
46,1,395.21,360.63,82.60,231.87,0.7422,-1,-1,-1
47,18,379.71,971.91,97.78,108.09,0.5909,-1,-1,-1
47,14,1844.57,259.22,73.57,202.40,0.3460,-1,-1,-1
47,12,169.58,343.24,59.25,210.81,0.3911,-1,-1,-1
47,11,903.59,171.62,75.95,201.68,0.3144,-1,-1,-1
47,10,789.95,149.40,60.34,174.76,0.4296,-1,-1,-1
47,8,508.63,181.27,56.21,184.43,0.3161,-1,-1,-1
47,7,1018.95,162.83,63.79,183.97,0.3951,-1,-1,-1
47,6,0.67,789.29,68.98,232.48,0.6183,-1,-1,-1
47,5,1356.64,569.56,81.37,215.63,0.5933,-1,-1,-1
47,4,1721.35,458.87,74.79,208.24,0.6306,-1,-1,-1
47,3,1201.39,986.19,73.12,93.81,0.6670,-1,-1,-1
47,2,101.44,546.31,78.03,246.24,0.7292,-1,-1,-1
47,1,395.51,358.31,83.45,232.19,0.7461,-1,-1,-1
48,18,378.57,964.72,99.52,115.28,0.6089,-1,-1,-1
48,14,1847.94,263.49,66.64,199.81,0.3696,-1,-1,-1
48,12,168.96,344.67,57.23,211.52,0.3360,-1,-1,-1
48,10,790.61,149.47,59.80,175.80,0.4552,-1,-1,-1
48,8,507.36,183.58,56.76,182.11,0.3326,-1,-1,-1
48,7,1018.68,163.13,63.12,182.83,0.3309,-1,-1,-1
48,6,0.94,788.87,70.44,234.82,0.5857,-1,-1,-1
48,5,1356.48,569.00,82.99,217.06,0.6132,-1,-1,-1
48,4,1721.53,459.65,74.26,205.91,0.6357,-1,-1,-1
48,3,1203.13,984.41,76.77,95.53,0.6326,-1,-1,-1
48,2,101.66,546.06,77.82,247.01,0.7353,-1,-1,-1
48,1,396.35,356.93,83.62,229.63,0.7647,-1,-1,-1
49,18,378.44,963.76,99.71,116.24,0.5888,-1,-1,-1
49,16,862.89,153.02,54.94,174.32,0.3164,-1,-1,-1
49,14,1849.64,264.52,64.49,200.58,0.3337,-1,-1,-1
49,12,167.33,354.68,58.12,201.26,0.3555,-1,-1,-1
49,10,790.40,149.12,60.42,176.16,0.4317,-1,-1,-1
49,8,491.76,179.07,76.49,190.12,0.3703,-1,-1,-1
49,7,1016.43,164.84,65.36,182.92,0.3711,-1,-1,-1
49,6,0.75,785.00,72.65,247.67,0.6188,-1,-1,-1
49,5,1356.50,569.52,82.54,218.14,0.6018,-1,-1,-1
49,4,1720.89,458.65,74.79,207.55,0.6575,-1,-1,-1
49,3,1203.39,983.37,77.71,96.63,0.6518,-1,-1,-1
49,2,101.55,546.08,77.85,246.96,0.7393,-1,-1,-1
49,1,396.26,356.44,84.52,226.44,0.7608,-1,-1,-1
50,18,380.94,961.45,97.57,117.29,0.5867,-1,-1,-1
50,14,1852.62,266.31,65.98,199.66,0.3915,-1,-1,-1
50,10,790.39,148.94,59.69,177.27,0.4070,-1,-1,-1
50,8,491.99,178.84,77.17,192.21,0.3775,-1,-1,-1
50,7,1017.18,164.90,61.34,175.56,0.3841,-1,-1,-1
50,6,1.07,785.21,74.07,249.20,0.6055,-1,-1,-1
50,5,1357.15,569.92,81.36,215.22,0.6122,-1,-1,-1
50,4,1721.08,459.13,74.29,206.66,0.6391,-1,-1,-1
50,3,1203.54,982.70,78.48,97.30,0.6281,-1,-1,-1
50,2,101.65,546.14,77.88,246.48,0.7482,-1,-1,-1
50,1,395.85,355.01,85.81,225.96,0.7546,-1,-1,-1
51,18,380.94,956.60,98.05,123.32,0.5503,-1,-1,-1
51,14,1854.41,267.25,62.41,195.24,0.3626,-1,-1,-1
51,10,790.52,148.60,59.76,177.85,0.4134,-1,-1,-1
51,8,493.41,180.07,76.11,191.64,0.3679,-1,-1,-1
51,7,1016.81,166.93,61.64,173.97,0.4440,-1,-1,-1
51,6,1.22,783.35,73.76,247.04,0.6422,-1,-1,-1
51,5,1357.11,569.21,81.28,214.67,0.6198,-1,-1,-1
51,4,1720.59,460.24,74.63,205.05,0.6227,-1,-1,-1
51,3,1204.30,981.50,78.93,98.50,0.6111,-1,-1,-1
51,2,101.84,545.48,77.58,247.40,0.7505,-1,-1,-1
51,1,395.92,354.38,86.62,223.10,0.7538,-1,-1,-1
52,18,381.98,952.45,98.69,127.55,0.5450,-1,-1,-1
52,10,789.66,149.17,60.76,178.19,0.3952,-1,-1,-1
52,8,489.41,179.82,81.00,191.12,0.3819,-1,-1,-1
52,7,1016.01,168.14,63.48,180.57,0.4711,-1,-1,-1
52,6,2.25,782.44,74.64,244.41,0.6113,-1,-1,-1
52,5,1356.87,569.12,81.33,215.52,0.6233,-1,-1,-1
52,4,1722.16,455.69,73.24,210.97,0.6266,-1,-1,-1
52,3,1203.84,981.71,79.19,98.29,0.6304,-1,-1,-1
52,2,102.19,545.43,76.85,247.00,0.7519,-1,-1,-1
52,1,396.93,353.10,86.63,224.21,0.7677,-1,-1,-1
53,18,382.01,950.00,101.30,129.55,0.6933,-1,-1,-1
53,14,1860.00,264.76,59.48,197.88,0.3205,-1,-1,-1
53,10,789.21,148.38,61.48,177.73,0.4121,-1,-1,-1
53,8,488.64,180.31,82.97,190.67,0.4034,-1,-1,-1
53,7,1015.86,168.96,62.77,182.23,0.4505,-1,-1,-1
53,6,3.55,781.15,72.47,241.50,0.6510,-1,-1,-1
53,5,1357.17,569.61,81.64,213.44,0.6401,-1,-1,-1
53,4,1722.20,456.02,73.38,209.29,0.6261,-1,-1,-1
53,3,1203.82,979.92,79.19,100.08,0.6525,-1,-1,-1
53,2,102.56,545.16,75.62,247.52,0.7453,-1,-1,-1
53,1,398.54,351.37,85.13,226.21,0.7697,-1,-1,-1
54,18,383.03,948.96,103.43,129.21,0.7180,-1,-1,-1
54,14,1861.74,261.88,57.79,205.35,0.3113,-1,-1,-1
54,10,789.63,148.92,61.54,176.69,0.3981,-1,-1,-1
54,8,488.26,180.19,84.32,190.63,0.3868,-1,-1,-1
54,7,1013.87,171.42,62.21,181.78,0.4274,-1,-1,-1
54,6,6.60,778.41,70.18,236.69,0.6455,-1,-1,-1
54,5,1356.94,569.10,82.17,214.12,0.6411,-1,-1,-1
54,4,1722.01,456.03,73.50,209.98,0.6240,-1,-1,-1
54,3,1202.87,979.79,80.50,100.21,0.6571,-1,-1,-1
54,2,102.52,544.87,75.71,248.18,0.7479,-1,-1,-1
54,1,398.48,350.93,85.61,226.72,0.7711,-1,-1,-1
55,18,383.10,947.22,106.49,131.62,0.6929,-1,-1,-1
55,14,1864.40,261.69,55.23,208.31,0.3406,-1,-1,-1
55,10,790.07,149.04,60.93,176.72,0.4251,-1,-1,-1
55,8,488.49,179.78,84.08,191.55,0.4235,-1,-1,-1
55,7,1012.25,173.63,62.92,181.58,0.4561,-1,-1,-1
55,6,8.30,774.22,69.49,237.45,0.6805,-1,-1,-1
55,5,1357.61,568.95,80.94,215.65,0.6082,-1,-1,-1
55,4,1722.22,456.91,74.20,210.81,0.6376,-1,-1,-1
55,3,1203.19,978.98,80.68,101.02,0.6651,-1,-1,-1
55,2,102.51,545.17,75.78,248.60,0.7363,-1,-1,-1
55,1,399.54,349.66,84.74,228.70,0.7785,-1,-1,-1
56,18,384.01,946.78,106.01,132.88,0.6985,-1,-1,-1
56,10,790.05,148.69,61.54,177.98,0.4100,-1,-1,-1
56,8,488.67,179.95,81.78,191.42,0.4782,-1,-1,-1
56,7,1014.15,175.15,60.03,179.95,0.4680,-1,-1,-1
56,6,8.13,772.02,70.21,234.98,0.6943,-1,-1,-1
56,5,1357.06,569.19,80.74,216.44,0.6102,-1,-1,-1
56,4,1721.94,455.81,73.48,210.60,0.6445,-1,-1,-1
56,3,1202.85,977.26,80.96,102.74,0.6744,-1,-1,-1
56,2,102.53,544.37,75.98,249.34,0.7376,-1,-1,-1
56,1,400.06,349.35,84.25,229.87,0.7878,-1,-1,-1
57,19,1470.91,215.79,64.72,189.98,0.3341,-1,-1,-1
57,18,385.74,946.00,105.47,133.31,0.7176,-1,-1,-1
57,11,832.64,162.35,105.81,208.69,0.3014,-1,-1,-1
57,10,789.81,148.63,62.18,178.97,0.4009,-1,-1,-1
57,8,488.01,180.98,81.34,190.71,0.4590,-1,-1,-1
57,7,1011.33,176.51,61.04,179.62,0.4636,-1,-1,-1
57,6,5.61,771.13,71.94,230.42,0.7197,-1,-1,-1
57,5,1356.92,569.23,81.51,213.12,0.6174,-1,-1,-1
57,4,1721.82,458.87,73.33,206.82,0.6509,-1,-1,-1
57,3,1202.05,976.14,81.75,103.86,0.6850,-1,-1,-1
57,2,102.35,544.92,76.07,249.49,0.7329,-1,-1,-1
57,1,400.00,348.12,83.77,230.89,0.7938,-1,-1,-1
58,19,1469.42,214.40,64.35,188.78,0.3099,-1,-1,-1
58,18,387.45,944.87,104.01,135.06,0.6723,-1,-1,-1
58,10,790.27,149.05,61.48,178.43,0.3946,-1,-1,-1
58,8,488.41,181.47,80.10,191.10,0.4484,-1,-1,-1
58,7,1011.14,179.49,59.79,178.94,0.4566,-1,-1,-1
58,6,7.14,767.34,74.15,229.03,0.7118,-1,-1,-1
58,5,1357.12,569.42,81.17,215.05,0.6247,-1,-1,-1
58,4,1722.17,455.44,72.90,210.00,0.6400,-1,-1,-1
58,3,1201.24,976.28,83.15,103.72,0.6688,-1,-1,-1
58,2,102.75,545.32,75.41,249.05,0.7288,-1,-1,-1
58,1,399.75,347.20,84.58,231.54,0.7873,-1,-1,-1
59,18,388.24,943.60,103.08,136.01,0.7142,-1,-1,-1
59,10,789.51,148.84,60.77,178.46,0.3894,-1,-1,-1
59,8,488.38,181.91,81.65,191.61,0.4378,-1,-1,-1
59,7,1009.93,180.38,60.70,178.23,0.3744,-1,-1,-1
59,6,6.42,765.34,75.83,224.80,0.7217,-1,-1,-1
59,5,1357.01,568.70,81.39,212.98,0.6413,-1,-1,-1
59,4,1722.99,455.95,72.98,211.01,0.6377,-1,-1,-1
59,3,1199.31,975.73,85.21,104.27,0.6719,-1,-1,-1
59,2,102.70,545.12,75.29,249.47,0.7327,-1,-1,-1
59,1,401.30,345.58,83.53,233.32,0.7851,-1,-1,-1
60,19,1466.58,211.76,64.30,192.89,0.3100,-1,-1,-1
60,18,387.68,940.33,105.46,138.68,0.7101,-1,-1,-1
60,10,789.55,148.39,61.83,185.37,0.4231,-1,-1,-1
60,8,488.90,183.25,80.17,191.05,0.4531,-1,-1,-1
60,7,1006.68,181.24,63.25,177.96,0.3406,-1,-1,-1
60,6,9.31,760.23,70.26,225.37,0.7345,-1,-1,-1
60,5,1356.79,568.94,81.34,215.54,0.6262,-1,-1,-1
60,4,1722.04,458.96,73.50,207.09,0.6275,-1,-1,-1
60,3,1198.98,974.70,85.20,105.30,0.6700,-1,-1,-1
60,2,102.16,545.17,75.86,250.58,0.7259,-1,-1,-1
60,1,402.07,346.04,82.15,231.48,0.7925,-1,-1,-1
61,18,386.94,938.96,107.77,140.55,0.6141,-1,-1,-1
61,10,788.70,148.42,63.13,188.15,0.3661,-1,-1,-1
61,8,493.65,190.37,71.99,186.25,0.4803,-1,-1,-1
61,7,1007.23,181.91,61.71,176.50,0.3029,-1,-1,-1
61,6,9.94,758.05,68.94,225.90,0.7307,-1,-1,-1
61,5,1357.33,569.35,80.83,213.99,0.6299,-1,-1,-1
61,4,1722.71,457.66,72.06,207.60,0.6112,-1,-1,-1
61,3,1196.38,971.98,86.25,108.02,0.6306,-1,-1,-1
61,2,103.06,546.43,74.07,247.49,0.7279,-1,-1,-1
61,1,401.70,344.36,82.46,230.91,0.7977,-1,-1,-1
62,18,385.60,936.67,108.47,141.91,0.5694,-1,-1,-1
62,10,790.36,148.20,60.80,186.45,0.3199,-1,-1,-1
62,8,492.85,190.12,73.03,189.27,0.4967,-1,-1,-1
62,7,1008.31,184.20,60.55,174.71,0.3032,-1,-1,-1
62,6,11.08,756.38,68.88,225.96,0.7302,-1,-1,-1
62,5,1357.69,569.23,80.45,214.78,0.6174,-1,-1,-1
62,4,1722.47,456.37,73.34,209.44,0.6000,-1,-1,-1
62,3,1195.83,972.44,86.44,107.56,0.6220,-1,-1,-1
62,2,103.06,546.85,74.22,247.43,0.7287,-1,-1,-1
62,1,402.14,343.04,81.71,230.90,0.7907,-1,-1,-1
63,18,385.84,934.63,106.92,144.31,0.6604,-1,-1,-1
63,8,491.10,188.01,74.89,196.64,0.5326,-1,-1,-1
63,6,10.38,755.36,71.43,229.91,0.7189,-1,-1,-1
63,5,1356.95,568.93,81.14,213.44,0.6020,-1,-1,-1
63,4,1721.54,458.75,74.27,207.30,0.5906,-1,-1,-1
63,3,1194.17,971.94,87.50,108.06,0.6573,-1,-1,-1
63,2,103.22,546.70,73.86,247.38,0.7298,-1,-1,-1
63,1,402.04,341.00,82.26,232.20,0.7965,-1,-1,-1
64,18,384.97,930.48,109.05,148.92,0.6716,-1,-1,-1
64,8,493.36,191.83,72.39,193.98,0.4907,-1,-1,-1
64,7,1003.87,186.47,62.26,170.96,0.3625,-1,-1,-1
64,6,11.01,753.71,70.88,229.84,0.7204,-1,-1,-1
64,5,1356.03,569.42,81.71,216.16,0.5977,-1,-1,-1
64,4,1721.93,456.25,73.82,209.82,0.6059,-1,-1,-1
64,3,1192.89,973.46,86.82,106.54,0.6856,-1,-1,-1
64,2,102.41,546.38,74.81,248.76,0.7195,-1,-1,-1
64,1,402.30,338.43,82.41,232.17,0.7907,-1,-1,-1
65,18,385.23,923.08,107.89,156.70,0.5634,-1,-1,-1
65,8,494.05,191.71,72.07,194.92,0.5081,-1,-1,-1
65,7,1003.55,187.06,62.53,171.87,0.3134,-1,-1,-1
65,6,10.61,752.71,71.06,233.26,0.7136,-1,-1,-1
65,5,1356.07,569.20,82.94,214.11,0.6283,-1,-1,-1
65,4,1720.53,459.88,75.30,206.36,0.6133,-1,-1,-1
65,3,1192.23,973.44,85.06,106.56,0.6846,-1,-1,-1
65,2,102.78,547.14,74.56,246.77,0.7280,-1,-1,-1
65,1,402.01,336.80,82.77,232.18,0.7933,-1,-1,-1
66,18,387.06,917.03,104.47,162.97,0.5605,-1,-1,-1
66,8,496.26,190.58,68.88,196.18,0.5281,-1,-1,-1
66,7,1004.13,187.69,60.28,175.37,0.3622,-1,-1,-1
66,6,10.55,751.33,71.36,234.41,0.7134,-1,-1,-1
66,5,1355.78,568.47,83.44,216.51,0.6046,-1,-1,-1
66,4,1719.73,459.29,75.88,207.88,0.6260,-1,-1,-1
66,3,1189.99,971.65,84.86,108.35,0.7063,-1,-1,-1
66,2,102.78,546.29,75.67,248.02,0.7208,-1,-1,-1
66,1,402.23,334.91,83.23,231.93,0.7929,-1,-1,-1
67,18,385.57,913.47,105.65,164.85,0.6553,-1,-1,-1
67,8,495.28,190.82,70.02,200.02,0.5657,-1,-1,-1
67,7,1002.47,187.41,59.55,175.57,0.4069,-1,-1,-1
67,6,9.97,749.13,71.76,237.43,0.7028,-1,-1,-1
67,5,1356.95,569.21,81.45,214.01,0.5982,-1,-1,-1
67,4,1720.64,458.98,74.84,206.72,0.5965,-1,-1,-1
67,3,1188.57,971.80,86.45,108.20,0.6942,-1,-1,-1
67,2,102.78,546.81,75.81,247.48,0.7250,-1,-1,-1
67,1,402.10,333.99,84.68,228.87,0.7944,-1,-1,-1
68,18,384.89,912.02,106.49,165.92,0.7051,-1,-1,-1
68,8,495.28,192.58,69.06,196.93,0.5750,-1,-1,-1
68,7,1001.01,187.99,61.42,176.95,0.4874,-1,-1,-1
68,6,10.10,746.64,72.03,241.36,0.7077,-1,-1,-1
68,5,1356.50,568.03,82.31,216.34,0.5953,-1,-1,-1
68,4,1721.54,459.47,74.10,207.01,0.6081,-1,-1,-1
68,3,1185.10,969.75,86.15,110.25,0.6957,-1,-1,-1
68,2,102.64,546.61,75.95,247.86,0.7294,-1,-1,-1
68,1,403.00,333.62,84.18,226.69,0.7902,-1,-1,-1
69,18,384.56,910.56,106.96,168.18,0.6853,-1,-1,-1
69,8,492.35,193.46,74.94,195.29,0.5869,-1,-1,-1
69,7,1000.71,187.70,62.12,177.31,0.5338,-1,-1,-1
69,6,10.38,744.82,71.98,241.92,0.7102,-1,-1,-1
69,5,1356.78,568.69,81.82,217.36,0.5962,-1,-1,-1
69,4,1722.59,456.80,74.67,212.94,0.5947,-1,-1,-1
69,3,1183.76,969.66,86.05,110.29,0.6797,-1,-1,-1
69,2,102.79,546.61,75.20,248.27,0.7309,-1,-1,-1
69,1,402.60,332.30,85.55,225.69,0.7834,-1,-1,-1
70,18,384.05,907.37,107.28,172.26,0.6793,-1,-1,-1
70,8,490.41,195.53,78.11,193.30,0.5919,-1,-1,-1
70,7,1000.37,187.61,61.38,178.15,0.5581,-1,-1,-1
70,6,10.91,743.34,71.75,237.36,0.7152,-1,-1,-1
70,5,1356.24,568.39,83.20,217.71,0.6087,-1,-1,-1
70,4,1722.96,455.29,74.29,212.50,0.6157,-1,-1,-1
70,3,1182.35,969.21,85.72,110.79,0.6649,-1,-1,-1
70,2,103.17,546.27,74.69,248.44,0.7319,-1,-1,-1
70,1,402.67,331.49,86.07,223.93,0.7903,-1,-1,-1
71,18,380.48,905.19,111.15,174.81,0.7093,-1,-1,-1
71,16,846.78,168.11,50.45,174.66,0.3337,-1,-1,-1
71,11,786.52,150.82,76.68,219.44,0.3588,-1,-1,-1
71,8,492.28,193.06,77.70,196.11,0.6135,-1,-1,-1
71,7,998.53,188.07,60.14,178.21,0.5614,-1,-1,-1
71,6,11.53,741.64,72.23,230.52,0.7212,-1,-1,-1
71,5,1357.03,568.84,82.07,218.75,0.5627,-1,-1,-1
71,4,1722.33,456.68,74.81,210.90,0.6225,-1,-1,-1
71,3,1181.27,968.21,86.01,111.79,0.6676,-1,-1,-1
71,2,102.19,545.06,76.11,250.56,0.7292,-1,-1,-1
71,1,403.07,329.95,85.45,223.73,0.7909,-1,-1,-1
72,18,379.87,903.79,111.20,176.21,0.7213,-1,-1,-1
72,16,843.86,169.51,52.93,176.19,0.3494,-1,-1,-1
72,10,780.06,146.87,85.09,223.06,0.3792,-1,-1,-1
72,8,487.30,193.28,84.20,196.36,0.5970,-1,-1,-1
72,7,998.27,188.42,58.29,178.99,0.5725,-1,-1,-1
72,6,10.67,737.68,73.63,228.28,0.7274,-1,-1,-1
72,5,1357.24,569.17,82.18,218.07,0.6062,-1,-1,-1
72,4,1722.43,457.12,74.42,210.21,0.6192,-1,-1,-1
72,3,1180.13,965.74,85.23,114.26,0.5933,-1,-1,-1
72,2,102.12,544.48,76.04,250.76,0.7259,-1,-1,-1
72,1,403.37,328.34,85.60,225.77,0.7885,-1,-1,-1
73,18,378.53,902.92,112.42,177.08,0.7151,-1,-1,-1
73,16,845.30,170.49,51.61,178.09,0.3473,-1,-1,-1
73,11,776.06,149.11,88.36,219.59,0.3039,-1,-1,-1
73,8,485.04,193.03,87.92,196.82,0.5927,-1,-1,-1
73,7,996.87,189.59,57.31,178.90,0.5500,-1,-1,-1
73,6,10.61,734.28,74.25,229.21,0.7478,-1,-1,-1
73,5,1356.85,569.53,83.07,215.78,0.6160,-1,-1,-1
73,4,1722.82,456.05,74.57,213.38,0.6133,-1,-1,-1
73,3,1179.24,965.12,86.20,114.88,0.6094,-1,-1,-1
73,2,101.85,545.21,76.31,249.96,0.7321,-1,-1,-1
73,1,404.49,327.82,84.83,227.30,0.7872,-1,-1,-1
74,18,378.86,900.78,111.85,179.22,0.6885,-1,-1,-1
74,16,844.85,171.27,53.43,179.88,0.3055,-1,-1,-1
74,8,484.75,195.07,88.77,194.68,0.5599,-1,-1,-1
74,7,998.12,190.02,54.62,181.31,0.5586,-1,-1,-1
74,6,10.80,732.19,74.81,225.33,0.7514,-1,-1,-1
74,5,1356.49,569.60,82.88,214.88,0.6195,-1,-1,-1
74,4,1721.94,460.34,74.22,206.44,0.5958,-1,-1,-1
74,3,1178.16,965.06,87.37,114.94,0.6237,-1,-1,-1
74,2,102.35,545.62,75.31,248.59,0.7220,-1,-1,-1
74,1,405.30,327.79,84.06,226.34,0.7842,-1,-1,-1
75,18,379.48,898.32,110.83,181.68,0.6778,-1,-1,-1
75,16,842.93,171.89,55.05,186.06,0.3013,-1,-1,-1
75,8,482.89,196.66,89.43,193.48,0.5708,-1,-1,-1
75,7,994.49,188.91,57.83,184.20,0.6141,-1,-1,-1
75,6,10.54,731.23,74.68,227.62,0.7486,-1,-1,-1
75,5,1356.85,570.06,82.38,211.66,0.6548,-1,-1,-1
75,4,1722.19,456.91,74.43,212.34,0.6187,-1,-1,-1
75,3,1176.96,964.57,88.55,115.43,0.6363,-1,-1,-1
75,2,101.79,545.08,75.44,249.57,0.7284,-1,-1,-1
75,1,405.11,326.94,84.34,226.99,0.7785,-1,-1,-1
76,19,1436.74,205.80,65.55,190.98,0.3226,-1,-1,-1
76,18,381.01,895.16,108.23,184.84,0.6904,-1,-1,-1
76,8,486.47,200.44,86.49,190.89,0.5540,-1,-1,-1
76,7,994.07,189.04,57.63,181.89,0.5748,-1,-1,-1
76,6,10.78,729.39,74.14,231.17,0.7470,-1,-1,-1
76,5,1356.13,570.59,83.22,212.51,0.6477,-1,-1,-1
76,4,1721.13,459.77,74.63,206.17,0.6303,-1,-1,-1
76,3,1176.80,963.96,88.65,116.04,0.6886,-1,-1,-1
76,2,102.00,544.11,74.82,250.55,0.7220,-1,-1,-1
76,1,406.70,326.64,83.00,227.66,0.7724,-1,-1,-1
77,19,1436.24,205.67,64.70,188.99,0.3562,-1,-1,-1
77,18,382.73,893.23,106.08,186.77,0.7466,-1,-1,-1
77,8,494.39,201.85,77.47,188.36,0.5687,-1,-1,-1
77,7,993.36,190.20,58.33,180.33,0.5922,-1,-1,-1
77,6,11.00,728.05,74.10,231.27,0.7515,-1,-1,-1
77,5,1355.80,569.76,84.90,215.19,0.6321,-1,-1,-1
77,4,1721.18,458.78,74.69,206.21,0.6226,-1,-1,-1
77,3,1176.73,963.96,88.20,116.04,0.6972,-1,-1,-1
77,2,102.17,544.28,73.84,250.33,0.7224,-1,-1,-1
77,1,407.04,325.21,83.42,229.60,0.7668,-1,-1,-1
78,19,1434.30,205.13,65.07,190.13,0.3353,-1,-1,-1
78,18,382.91,890.82,104.93,189.18,0.7540,-1,-1,-1
78,8,490.67,205.33,78.30,186.17,0.6007,-1,-1,-1
78,7,994.38,188.74,56.39,181.22,0.5644,-1,-1,-1
78,6,10.73,726.95,75.96,234.11,0.7458,-1,-1,-1
78,5,1355.41,571.58,85.28,214.50,0.6380,-1,-1,-1
78,4,1720.88,459.90,75.36,205.64,0.6372,-1,-1,-1
78,3,1176.35,963.09,88.33,116.91,0.7207,-1,-1,-1
78,2,101.78,544.24,73.74,249.87,0.7233,-1,-1,-1
78,1,406.79,324.79,83.51,229.47,0.7694,-1,-1,-1
79,18,385.90,887.11,101.71,192.89,0.7680,-1,-1,-1
79,8,489.52,202.27,81.12,192.93,0.5841,-1,-1,-1
79,7,992.17,190.59,58.28,178.24,0.5754,-1,-1,-1
79,6,11.86,726.73,75.81,232.94,0.7472,-1,-1,-1
79,5,1355.23,572.53,85.23,213.41,0.6071,-1,-1,-1
79,4,1720.90,458.47,74.76,206.91,0.6468,-1,-1,-1
79,3,1176.28,963.20,88.03,116.80,0.7240,-1,-1,-1
79,2,102.08,545.37,73.39,248.23,0.7258,-1,-1,-1
79,1,408.09,324.60,82.23,230.48,0.7798,-1,-1,-1
80,18,387.07,881.95,100.33,198.05,0.7885,-1,-1,-1
80,8,491.59,203.41,79.48,194.70,0.5726,-1,-1,-1
80,7,990.79,190.40,58.55,184.53,0.6078,-1,-1,-1
80,6,12.63,725.47,76.87,234.05,0.7277,-1,-1,-1
80,5,1356.41,572.14,85.80,217.16,0.5754,-1,-1,-1
80,4,1721.08,460.02,75.10,206.03,0.6344,-1,-1,-1
80,3,1175.34,962.42,88.32,117.58,0.7371,-1,-1,-1
80,2,102.25,545.65,72.97,248.19,0.7273,-1,-1,-1
80,1,409.67,324.43,80.78,229.34,0.7780,-1,-1,-1
81,19,1427.38,202.37,60.22,187.53,0.3166,-1,-1,-1
81,18,387.92,878.91,99.72,201.09,0.7855,-1,-1,-1
81,8,492.16,204.14,78.58,196.87,0.5467,-1,-1,-1
81,7,989.86,191.28,58.35,182.72,0.6100,-1,-1,-1
81,6,13.13,724.93,75.28,233.64,0.7207,-1,-1,-1
81,5,1355.59,571.64,85.98,217.79,0.5507,-1,-1,-1
81,4,1721.60,459.16,74.79,206.53,0.6201,-1,-1,-1
81,3,1176.76,961.91,86.33,118.09,0.7442,-1,-1,-1
81,2,102.70,544.80,72.09,248.55,0.7278,-1,-1,-1
81,1,410.09,323.79,80.37,227.29,0.7615,-1,-1,-1
82,19,1426.03,199.47,60.57,189.00,0.3005,-1,-1,-1
82,18,386.82,875.41,101.86,204.59,0.7833,-1,-1,-1
82,8,494.80,207.37,76.45,194.65,0.5545,-1,-1,-1
82,7,988.67,190.95,57.59,183.24,0.6095,-1,-1,-1
82,6,13.65,721.79,77.30,236.65,0.7266,-1,-1,-1
82,5,1355.87,571.93,85.73,217.58,0.5451,-1,-1,-1
82,4,1721.47,459.36,74.48,206.76,0.6201,-1,-1,-1
82,3,1176.22,961.42,85.43,118.58,0.7317,-1,-1,-1
82,2,102.38,545.98,72.25,246.67,0.7279,-1,-1,-1
82,1,412.54,323.63,79.68,226.33,0.7528,-1,-1,-1
83,19,1424.43,201.55,60.52,186.86,0.3057,-1,-1,-1
83,18,388.09,873.42,101.61,206.58,0.7796,-1,-1,-1
83,8,494.27,207.12,78.72,194.89,0.5793,-1,-1,-1
83,7,987.03,191.56,57.69,182.34,0.5994,-1,-1,-1
83,6,15.07,720.48,75.62,237.87,0.7177,-1,-1,-1
83,5,1356.22,571.18,85.71,219.11,0.5500,-1,-1,-1
83,4,1722.17,459.68,73.61,204.77,0.6159,-1,-1,-1
83,3,1175.54,961.92,84.63,118.08,0.7057,-1,-1,-1
83,2,101.78,545.83,72.46,247.49,0.7278,-1,-1,-1
83,1,411.91,321.82,81.53,226.16,0.7641,-1,-1,-1
84,18,388.25,871.15,102.54,208.85,0.7700,-1,-1,-1
84,10,794.01,149.22,55.39,170.87,0.3684,-1,-1,-1
84,8,496.06,208.37,77.13,196.72,0.5983,-1,-1,-1
84,7,985.95,191.86,57.46,182.17,0.6085,-1,-1,-1
84,6,14.40,718.64,75.40,239.85,0.7199,-1,-1,-1
84,5,1356.33,572.11,85.25,216.35,0.5437,-1,-1,-1
84,4,1721.58,459.49,74.56,206.02,0.5940,-1,-1,-1
84,3,1174.81,961.54,84.49,118.46,0.7224,-1,-1,-1
84,2,102.20,545.95,72.49,247.46,0.7183,-1,-1,-1
84,1,413.65,320.00,79.89,225.95,0.7627,-1,-1,-1
85,18,388.76,869.29,102.76,210.71,0.7789,-1,-1,-1
85,10,793.32,149.35,54.95,170.88,0.3151,-1,-1,-1
85,8,496.07,209.27,77.44,194.83,0.5914,-1,-1,-1
85,7,983.01,190.37,59.67,185.26,0.5486,-1,-1,-1
85,6,16.31,717.86,76.59,240.31,0.7212,-1,-1,-1
85,5,1356.67,572.90,86.13,222.18,0.4904,-1,-1,-1
85,4,1721.03,460.60,75.17,205.76,0.5994,-1,-1,-1
85,3,1174.61,961.56,83.87,118.44,0.7154,-1,-1,-1
85,2,101.76,544.91,73.13,249.39,0.7187,-1,-1,-1
85,1,413.46,318.44,81.93,224.41,0.7575,-1,-1,-1
86,19,1419.60,198.14,60.63,190.29,0.3150,-1,-1,-1
86,18,389.50,866.55,102.81,213.45,0.7884,-1,-1,-1
86,11,748.45,186.71,51.25,178.13,0.3357,-1,-1,-1
86,10,792.95,149.40,56.31,172.90,0.3062,-1,-1,-1
86,8,496.18,208.88,78.47,198.05,0.6102,-1,-1,-1
86,7,980.58,191.42,60.74,185.01,0.4825,-1,-1,-1
86,6,17.58,716.05,75.69,234.76,0.7461,-1,-1,-1
86,5,1357.47,574.04,84.83,213.15,0.5336,-1,-1,-1
86,4,1722.03,457.24,75.08,210.15,0.6081,-1,-1,-1
86,3,1172.54,961.16,85.47,118.84,0.7081,-1,-1,-1
86,2,102.08,546.13,73.38,247.22,0.7209,-1,-1,-1
86,1,414.55,317.39,81.55,221.26,0.7630,-1,-1,-1
87,18,389.76,864.77,103.93,215.23,0.7884,-1,-1,-1
87,16,835.16,179.45,61.36,189.22,0.3396,-1,-1,-1
87,11,747.51,186.89,51.98,178.14,0.4062,-1,-1,-1
87,10,791.94,149.10,57.29,173.69,0.3228,-1,-1,-1
87,8,495.75,209.92,80.47,195.60,0.6204,-1,-1,-1
87,7,978.72,191.90,62.29,180.63,0.4578,-1,-1,-1
87,6,19.16,713.75,74.02,224.76,0.7605,-1,-1,-1
87,5,1357.05,573.66,84.05,215.16,0.5166,-1,-1,-1
87,4,1721.19,460.44,74.44,206.37,0.6337,-1,-1,-1
87,3,1173.41,960.69,83.31,119.31,0.7056,-1,-1,-1
87,2,102.00,545.66,73.61,247.17,0.7339,-1,-1,-1
87,1,413.97,316.70,84.17,220.30,0.7753,-1,-1,-1
88,18,390.17,862.30,105.67,217.70,0.8054,-1,-1,-1
88,11,742.55,187.12,56.01,176.93,0.3602,-1,-1,-1
88,10,791.88,150.54,56.67,169.99,0.3240,-1,-1,-1
88,8,497.18,209.29,81.44,198.01,0.6166,-1,-1,-1
88,7,976.53,190.94,63.59,187.07,0.4209,-1,-1,-1
88,6,18.29,710.11,75.08,226.01,0.7287,-1,-1,-1
88,5,1357.26,572.69,84.15,216.18,0.5495,-1,-1,-1
88,4,1720.67,460.20,74.91,206.26,0.6468,-1,-1,-1
88,3,1170.85,960.27,84.24,119.73,0.7422,-1,-1,-1
88,2,101.98,546.32,73.59,246.26,0.7177,-1,-1,-1
88,1,413.71,315.42,85.08,220.09,0.7855,-1,-1,-1
89,18,391.61,861.75,103.76,218.25,0.8131,-1,-1,-1
89,8,497.46,208.00,83.20,199.63,0.6147,-1,-1,-1
89,7,975.57,193.66,64.01,184.82,0.4931,-1,-1,-1
89,6,17.83,705.36,76.94,227.85,0.7358,-1,-1,-1
89,5,1357.11,573.79,84.55,218.18,0.5392,-1,-1,-1
89,4,1720.08,458.91,74.97,207.55,0.6361,-1,-1,-1
89,3,1171.28,959.80,81.33,120.11,0.7522,-1,-1,-1
89,2,101.94,546.36,73.56,245.52,0.7233,-1,-1,-1
89,1,413.97,313.78,84.70,220.15,0.7766,-1,-1,-1
90,18,392.60,860.24,102.75,219.76,0.8173,-1,-1,-1
90,8,499.11,207.24,84.18,198.86,0.5991,-1,-1,-1
90,7,974.26,195.52,64.94,184.54,0.4124,-1,-1,-1
90,6,20.49,703.92,74.21,227.98,0.7339,-1,-1,-1
90,5,1356.81,573.05,82.91,216.33,0.5371,-1,-1,-1
90,4,1720.44,459.44,74.39,206.66,0.6227,-1,-1,-1
90,3,1170.62,958.52,80.90,121.48,0.7640,-1,-1,-1
90,2,101.72,546.69,73.82,245.18,0.7134,-1,-1,-1
90,1,414.98,312.43,84.22,220.54,0.7463,-1,-1,-1
91,18,391.93,857.82,104.33,222.18,0.8023,-1,-1,-1
91,8,501.97,208.55,78.69,199.15,0.5637,-1,-1,-1
91,7,974.14,193.28,62.93,183.79,0.3692,-1,-1,-1
91,6,21.32,700.77,73.82,226.91,0.7229,-1,-1,-1
91,5,1356.77,571.87,83.87,220.23,0.5257,-1,-1,-1
91,4,1720.18,460.33,74.64,206.58,0.6289,-1,-1,-1
91,3,1169.32,957.26,80.83,122.74,0.7737,-1,-1,-1
91,2,102.18,546.95,73.60,244.69,0.7042,-1,-1,-1
91,1,416.36,311.01,82.10,223.23,0.7441,-1,-1,-1
92,18,392.74,854.20,102.55,225.80,0.7953,-1,-1,-1
92,8,500.13,212.46,79.56,195.05,0.5911,-1,-1,-1
92,7,972.43,195.92,63.00,182.84,0.3984,-1,-1,-1
92,6,22.39,696.64,72.10,229.75,0.7176,-1,-1,-1
92,5,1357.29,572.32,82.88,215.73,0.5328,-1,-1,-1
92,4,1720.83,459.97,74.49,206.87,0.6310,-1,-1,-1
92,3,1169.10,956.92,78.99,123.08,0.7608,-1,-1,-1
92,2,102.20,546.66,73.37,245.12,0.7011,-1,-1,-1
92,1,416.72,310.93,82.52,224.01,0.7394,-1,-1,-1
93,18,393.81,850.90,102.77,229.10,0.8024,-1,-1,-1
93,8,501.60,208.99,78.88,198.75,0.5532,-1,-1,-1
93,7,973.01,195.25,61.90,186.72,0.3527,-1,-1,-1
93,6,23.57,698.37,71.16,225.28,0.7093,-1,-1,-1
93,5,1356.89,571.89,82.76,216.46,0.5182,-1,-1,-1
93,4,1720.72,459.99,74.73,206.37,0.6208,-1,-1,-1
93,3,1168.12,956.72,78.35,123.28,0.7792,-1,-1,-1
93,2,102.21,547.05,72.88,244.77,0.6920,-1,-1,-1
93,1,417.13,309.78,82.43,225.06,0.7306,-1,-1,-1
94,18,394.27,849.02,102.69,230.98,0.7916,-1,-1,-1
94,8,501.33,211.07,77.60,199.17,0.5256,-1,-1,-1
94,7,972.00,197.21,61.92,186.10,0.3334,-1,-1,-1
94,6,23.58,697.39,70.81,224.67,0.7143,-1,-1,-1
94,5,1356.89,572.43,83.58,217.32,0.4741,-1,-1,-1
94,4,1721.64,460.19,74.37,207.11,0.6233,-1,-1,-1
94,3,1167.29,955.50,76.77,124.50,0.7913,-1,-1,-1
94,2,102.16,547.14,73.65,244.60,0.6883,-1,-1,-1
94,1,417.10,309.21,82.44,225.01,0.7310,-1,-1,-1
95,18,395.23,843.61,100.99,236.39,0.7974,-1,-1,-1
95,8,503.56,213.34,76.10,199.27,0.4969,-1,-1,-1
95,7,971.05,197.34,61.63,188.63,0.3203,-1,-1,-1
95,6,25.47,696.37,68.96,226.38,0.7151,-1,-1,-1
95,5,1356.82,573.80,83.39,216.16,0.4456,-1,-1,-1
95,4,1721.78,460.02,73.29,206.96,0.6117,-1,-1,-1
95,3,1165.52,953.64,77.71,126.36,0.7874,-1,-1,-1
95,2,101.91,547.11,73.77,244.34,0.6853,-1,-1,-1
95,1,416.41,307.95,82.91,226.95,0.7427,-1,-1,-1
96,20,1170.26,155.97,89.21,167.17,0.3009,-1,-1,-1
96,18,395.22,841.38,100.58,238.62,0.8076,-1,-1,-1
96,8,507.82,211.69,78.64,204.47,0.5504,-1,-1,-1
96,7,968.47,199.74,61.11,190.27,0.4080,-1,-1,-1
96,6,26.10,694.04,68.36,229.60,0.7193,-1,-1,-1
96,5,1356.86,573.34,84.72,221.65,0.4978,-1,-1,-1
96,4,1721.56,458.95,73.70,207.10,0.6219,-1,-1,-1
96,3,1164.86,953.17,75.91,126.83,0.7955,-1,-1,-1
96,2,101.76,546.88,73.61,243.92,0.6778,-1,-1,-1
96,1,417.74,307.31,84.03,227.08,0.7600,-1,-1,-1
97,18,395.46,841.32,98.20,238.68,0.8020,-1,-1,-1
97,8,509.99,213.51,74.78,204.47,0.5288,-1,-1,-1
97,7,966.42,199.35,61.16,190.94,0.3787,-1,-1,-1
97,6,25.39,693.24,69.16,228.82,0.7185,-1,-1,-1
97,5,1356.53,572.37,83.77,221.49,0.5215,-1,-1,-1
97,4,1721.80,459.47,74.11,207.82,0.6386,-1,-1,-1
97,3,1163.28,951.47,74.93,128.53,0.7830,-1,-1,-1
97,2,101.97,546.98,73.43,245.01,0.6833,-1,-1,-1
97,1,417.50,306.80,83.25,227.40,0.7582,-1,-1,-1
98,18,395.08,839.09,97.13,240.91,0.8025,-1,-1,-1
98,8,511.13,214.35,73.17,204.55,0.5613,-1,-1,-1
98,7,964.52,199.72,62.18,190.14,0.4792,-1,-1,-1
98,6,25.82,692.83,69.04,229.32,0.7197,-1,-1,-1
98,5,1357.20,573.21,81.68,217.89,0.5183,-1,-1,-1
98,4,1721.98,455.56,73.92,211.84,0.6372,-1,-1,-1
98,3,1160.97,949.23,76.28,130.77,0.7766,-1,-1,-1
98,2,101.74,546.75,73.51,244.77,0.6731,-1,-1,-1
98,1,418.34,305.11,82.64,229.26,0.7627,-1,-1,-1
99,20,1165.42,159.85,89.88,163.61,0.3311,-1,-1,-1
99,18,394.71,833.93,97.09,246.07,0.8040,-1,-1,-1
99,8,512.77,214.50,70.76,204.41,0.5247,-1,-1,-1
99,7,962.72,200.41,61.60,189.58,0.4278,-1,-1,-1
99,6,26.58,692.13,69.15,228.98,0.7220,-1,-1,-1
99,5,1357.10,573.61,81.89,212.82,0.5439,-1,-1,-1
99,4,1722.21,459.49,73.55,208.05,0.6248,-1,-1,-1
99,3,1159.59,946.32,76.82,133.68,0.7661,-1,-1,-1
99,2,101.68,546.41,73.56,245.26,0.6740,-1,-1,-1
99,1,418.62,305.12,83.35,228.73,0.7623,-1,-1,-1
100,20,1167.03,161.52,88.71,161.81,0.3744,-1,-1,-1
100,18,393.55,831.84,97.18,248.16,0.7951,-1,-1,-1
100,8,511.25,213.68,70.58,207.10,0.4418,-1,-1,-1
100,7,961.49,201.60,60.45,188.09,0.4511,-1,-1,-1
100,6,26.61,690.05,70.39,230.01,0.7321,-1,-1,-1
100,5,1356.86,574.20,82.31,214.35,0.5219,-1,-1,-1
100,4,1721.85,459.52,73.76,207.85,0.6092,-1,-1,-1
100,3,1158.88,946.13,74.76,133.87,0.7549,-1,-1,-1
100,2,101.95,545.05,72.98,248.72,0.6635,-1,-1,-1
100,1,419.79,303.19,82.98,229.36,0.7518,-1,-1,-1
101,21,477.68,133.39,57.83,199.77,0.3147,-1,-1,-1
101,20,1167.74,163.25,84.07,160.31,0.3462,-1,-1,-1
101,18,391.68,830.40,98.01,249.60,0.7904,-1,-1,-1
101,8,511.80,217.01,71.85,207.46,0.5113,-1,-1,-1
101,7,960.30,202.06,60.17,183.25,0.4394,-1,-1,-1
101,6,28.33,687.73,69.69,226.09,0.7360,-1,-1,-1
101,5,1356.85,574.50,82.47,214.68,0.5131,-1,-1,-1
101,4,1721.71,459.76,74.21,207.86,0.6193,-1,-1,-1
101,3,1157.14,945.54,74.70,133.75,0.7602,-1,-1,-1
101,2,102.13,545.02,73.16,248.63,0.6691,-1,-1,-1
101,1,419.90,302.24,83.52,229.51,0.7660,-1,-1,-1
102,21,477.82,135.92,58.22,194.73,0.3717,-1,-1,-1
102,18,390.23,827.13,99.37,252.87,0.7981,-1,-1,-1
102,8,512.19,217.45,72.32,207.31,0.5148,-1,-1,-1
102,7,957.27,203.49,60.76,183.40,0.4930,-1,-1,-1
102,6,28.21,685.06,70.18,223.61,0.7533,-1,-1,-1
102,5,1356.90,574.26,82.63,217.51,0.5021,-1,-1,-1
102,4,1721.98,460.11,73.36,207.01,0.6224,-1,-1,-1
102,3,1156.16,944.03,72.97,134.60,0.7409,-1,-1,-1
102,2,102.41,544.66,73.30,248.71,0.6745,-1,-1,-1
102,1,420.74,299.91,82.49,229.73,0.7644,-1,-1,-1
103,18,388.36,825.73,101.14,254.27,0.7944,-1,-1,-1
103,8,511.14,216.50,74.43,210.33,0.5130,-1,-1,-1
103,7,954.23,200.34,61.15,185.26,0.4965,-1,-1,-1
103,6,30.92,684.33,68.94,219.20,0.7641,-1,-1,-1
103,5,1357.39,573.76,82.98,218.51,0.4881,-1,-1,-1
103,4,1721.04,459.89,74.53,206.52,0.6110,-1,-1,-1
103,3,1154.52,941.02,72.13,137.63,0.7410,-1,-1,-1
103,2,102.40,544.73,73.07,249.26,0.6718,-1,-1,-1
103,1,420.41,299.08,82.64,227.70,0.7478,-1,-1,-1
104,18,386.88,822.75,102.19,257.25,0.8052,-1,-1,-1
104,8,512.58,216.48,76.90,209.71,0.5278,-1,-1,-1
104,7,952.68,201.49,60.89,184.95,0.4648,-1,-1,-1
104,6,32.67,682.01,68.13,219.99,0.7643,-1,-1,-1
104,5,1357.28,574.34,83.20,219.12,0.4486,-1,-1,-1
104,4,1721.67,459.10,73.03,206.85,0.6162,-1,-1,-1
104,3,1151.98,941.69,70.95,137.06,0.7273,-1,-1,-1
104,2,102.75,543.94,72.95,250.24,0.6567,-1,-1,-1
104,1,421.13,299.37,81.29,224.09,0.7410,-1,-1,-1
105,21,477.34,143.19,56.64,185.22,0.3206,-1,-1,-1
105,18,386.66,821.43,102.18,258.57,0.8103,-1,-1,-1
105,8,514.53,221.75,73.41,204.09,0.5061,-1,-1,-1
105,7,950.64,200.84,60.56,187.50,0.4982,-1,-1,-1
105,6,35.42,681.13,67.89,222.32,0.7763,-1,-1,-1
105,5,1356.99,574.20,85.59,226.63,0.4627,-1,-1,-1
105,4,1721.11,458.75,74.73,207.06,0.6148,-1,-1,-1
105,3,1150.93,940.66,69.48,137.43,0.7222,-1,-1,-1
105,2,102.76,544.46,73.22,249.60,0.6829,-1,-1,-1
105,1,420.53,298.26,82.53,218.70,0.7366,-1,-1,-1
106,18,385.45,819.28,102.54,260.72,0.8043,-1,-1,-1
106,8,513.91,219.67,73.54,205.51,0.4992,-1,-1,-1
106,7,949.08,201.38,59.68,186.22,0.5160,-1,-1,-1
106,6,35.84,679.88,71.10,222.94,0.7827,-1,-1,-1
106,5,1357.15,574.43,82.12,218.35,0.4964,-1,-1,-1
106,4,1721.33,459.87,73.84,206.71,0.6220,-1,-1,-1
106,3,1149.87,939.87,68.78,138.87,0.7098,-1,-1,-1
106,2,103.00,546.00,73.19,248.29,0.6617,-1,-1,-1
106,1,421.40,296.96,81.56,215.40,0.7385,-1,-1,-1
107,18,385.63,818.11,101.00,261.89,0.8076,-1,-1,-1
107,8,514.09,224.09,72.27,201.33,0.5120,-1,-1,-1
107,7,949.45,204.79,58.38,186.59,0.5247,-1,-1,-1
107,6,36.01,679.19,76.84,222.49,0.7871,-1,-1,-1
107,5,1356.83,574.32,85.06,223.73,0.4665,-1,-1,-1
107,4,1720.93,459.61,74.44,206.82,0.6308,-1,-1,-1
107,3,1147.49,938.26,70.74,140.56,0.7247,-1,-1,-1
107,2,103.22,546.27,73.28,248.97,0.6631,-1,-1,-1
107,1,420.83,295.64,81.72,215.67,0.7489,-1,-1,-1
108,20,1162.63,153.16,56.91,169.53,0.3970,-1,-1,-1
108,18,385.81,816.39,100.40,263.61,0.8065,-1,-1,-1
108,8,515.52,223.85,67.57,202.07,0.4524,-1,-1,-1
108,7,946.07,205.61,60.55,189.70,0.5481,-1,-1,-1
108,6,36.97,676.87,81.23,225.25,0.8082,-1,-1,-1
108,5,1356.84,575.26,85.39,221.31,0.4991,-1,-1,-1
108,4,1720.84,459.07,74.34,207.20,0.6401,-1,-1,-1
108,3,1145.56,938.11,71.10,140.21,0.7298,-1,-1,-1
108,2,102.98,545.89,73.92,250.72,0.6416,-1,-1,-1
108,1,420.77,294.27,82.01,216.70,0.7383,-1,-1,-1
109,20,1160.95,153.23,56.78,167.26,0.3705,-1,-1,-1
109,18,385.73,810.97,99.67,269.03,0.8131,-1,-1,-1
109,8,515.73,225.35,67.29,200.63,0.4467,-1,-1,-1
109,7,945.58,204.56,59.13,188.13,0.6071,-1,-1,-1
109,6,38.15,676.29,78.62,225.65,0.8145,-1,-1,-1
109,5,1356.53,575.65,82.76,215.96,0.5245,-1,-1,-1
109,4,1721.92,458.64,72.77,206.27,0.6151,-1,-1,-1
109,3,1143.58,937.11,71.35,142.16,0.7533,-1,-1,-1
109,2,102.97,545.46,73.39,251.79,0.6548,-1,-1,-1
109,1,419.36,294.01,83.97,216.51,0.7413,-1,-1,-1
110,20,1158.12,149.77,58.39,174.13,0.3678,-1,-1,-1
110,18,386.41,805.44,98.14,274.56,0.8169,-1,-1,-1
110,8,513.96,227.67,64.23,197.87,0.4354,-1,-1,-1
110,7,944.85,206.03,57.42,186.53,0.6181,-1,-1,-1
110,6,38.98,673.47,89.04,226.44,0.7994,-1,-1,-1
110,5,1356.71,576.27,84.41,218.11,0.5024,-1,-1,-1
110,4,1721.43,459.48,73.75,208.00,0.6224,-1,-1,-1
110,3,1140.56,936.91,72.74,142.84,0.7566,-1,-1,-1
110,2,102.99,544.86,73.63,254.96,0.6552,-1,-1,-1
110,1,419.29,291.33,84.77,219.13,0.7467,-1,-1,-1
111,20,1154.13,149.79,56.26,169.98,0.3393,-1,-1,-1
111,18,387.92,801.34,97.24,278.66,0.8207,-1,-1,-1
111,8,516.37,227.57,73.75,199.42,0.5173,-1,-1,-1
111,7,942.66,207.05,59.30,187.00,0.6484,-1,-1,-1
111,6,41.41,671.44,90.72,226.20,0.7702,-1,-1,-1
111,5,1356.85,575.83,81.55,212.64,0.5081,-1,-1,-1
111,4,1721.96,456.04,73.47,210.78,0.5936,-1,-1,-1
111,3,1138.29,936.04,73.27,143.96,0.7606,-1,-1,-1
111,2,102.70,544.72,73.39,255.38,0.6583,-1,-1,-1
111,1,419.98,288.79,84.92,222.63,0.7341,-1,-1,-1
112,20,1151.25,149.73,59.44,168.63,0.4271,-1,-1,-1
112,18,388.71,799.88,96.01,275.89,0.8148,-1,-1,-1
112,8,517.56,231.28,73.89,198.00,0.5553,-1,-1,-1
112,7,940.72,209.67,59.48,185.03,0.6367,-1,-1,-1
112,6,43.86,670.39,89.85,225.95,0.7174,-1,-1,-1
112,5,1357.35,574.97,81.12,211.68,0.5605,-1,-1,-1
112,4,1721.99,456.48,73.78,210.72,0.6127,-1,-1,-1
112,3,1138.15,934.72,72.36,145.28,0.7561,-1,-1,-1
112,2,103.15,544.74,72.61,254.84,0.6414,-1,-1,-1
112,1,419.19,287.84,84.94,223.15,0.7348,-1,-1,-1
113,20,1146.36,150.63,63.50,166.76,0.4302,-1,-1,-1
113,18,388.46,797.68,95.88,271.43,0.8059,-1,-1,-1
113,8,518.05,233.49,73.41,198.31,0.5480,-1,-1,-1
113,7,940.38,210.13,57.94,185.23,0.6518,-1,-1,-1
113,6,46.10,670.39,79.68,224.97,0.6615,-1,-1,-1
113,5,1356.63,575.38,83.74,216.97,0.5355,-1,-1,-1
113,4,1721.69,460.41,73.81,205.24,0.6321,-1,-1,-1
113,3,1134.97,934.44,73.89,145.56,0.7561,-1,-1,-1
113,2,103.75,545.66,71.94,251.55,0.6696,-1,-1,-1
113,1,420.23,287.18,85.12,224.16,0.7437,-1,-1,-1
114,21,475.63,154.52,60.17,178.28,0.3257,-1,-1,-1
114,20,1132.89,149.86,75.63,167.38,0.3072,-1,-1,-1
114,18,389.15,794.11,95.84,270.50,0.8079,-1,-1,-1
114,8,519.63,235.26,74.34,201.44,0.5681,-1,-1,-1
114,7,937.05,209.46,58.66,185.69,0.6028,-1,-1,-1
114,6,48.46,667.98,82.04,226.25,0.6566,-1,-1,-1
114,5,1356.96,575.29,81.98,215.27,0.5363,-1,-1,-1
114,4,1721.76,456.26,73.70,210.87,0.6197,-1,-1,-1
114,3,1133.13,933.47,73.29,146.53,0.7547,-1,-1,-1
114,2,103.66,545.48,72.09,251.19,0.6596,-1,-1,-1
114,1,419.63,286.21,87.25,223.18,0.7351,-1,-1,-1
115,21,476.32,154.89,58.78,175.61,0.3448,-1,-1,-1
115,18,389.28,790.67,98.13,269.54,0.8049,-1,-1,-1
115,8,521.59,236.41,74.99,201.55,0.6077,-1,-1,-1
115,7,937.32,210.52,57.05,183.76,0.6124,-1,-1,-1
115,6,53.60,665.83,81.46,227.41,0.6841,-1,-1,-1
115,5,1357.01,574.85,82.91,213.97,0.5490,-1,-1,-1
115,4,1721.55,456.79,74.53,210.84,0.6517,-1,-1,-1
115,3,1128.94,933.97,75.81,146.03,0.7633,-1,-1,-1
115,2,103.93,545.34,71.35,253.24,0.6313,-1,-1,-1
115,1,420.15,286.89,86.92,222.39,0.7587,-1,-1,-1
116,21,474.89,153.27,60.85,178.02,0.3677,-1,-1,-1
116,20,1116.77,149.86,85.84,169.23,0.3418,-1,-1,-1
116,18,390.69,788.31,98.77,272.54,0.8108,-1,-1,-1
116,8,519.99,235.21,74.53,203.22,0.5904,-1,-1,-1
116,7,934.96,211.04,58.58,182.31,0.5616,-1,-1,-1
116,6,59.57,664.82,76.09,220.70,0.6925,-1,-1,-1
116,5,1356.42,574.91,83.99,218.33,0.5442,-1,-1,-1
116,4,1721.68,460.71,73.77,206.24,0.6297,-1,-1,-1
116,3,1126.62,934.38,75.19,145.55,0.7660,-1,-1,-1
116,2,103.34,546.49,70.80,247.07,0.5932,-1,-1,-1
116,1,419.40,285.66,87.19,223.73,0.7554,-1,-1,-1
117,20,1108.69,146.62,90.74,173.78,0.3494,-1,-1,-1
117,18,390.21,787.18,100.08,272.09,0.8087,-1,-1,-1
117,8,520.28,236.05,74.09,203.65,0.5523,-1,-1,-1
117,7,934.43,210.80,56.21,180.47,0.5329,-1,-1,-1
117,6,67.90,664.90,73.44,216.21,0.7182,-1,-1,-1
117,5,1356.01,576.01,84.93,221.73,0.5567,-1,-1,-1
117,4,1721.26,459.62,74.24,206.64,0.6431,-1,-1,-1
117,3,1124.26,934.32,76.00,145.04,0.7593,-1,-1,-1
117,2,103.27,545.88,70.81,244.77,0.5549,-1,-1,-1
117,1,419.81,285.30,86.83,223.92,0.7546,-1,-1,-1
118,20,1107.81,146.80,89.26,173.31,0.3865,-1,-1,-1
118,18,390.20,785.34,101.59,276.08,0.7998,-1,-1,-1
118,8,519.92,235.09,74.50,207.58,0.5837,-1,-1,-1
118,7,929.99,211.27,59.37,183.83,0.5609,-1,-1,-1
118,6,72.26,666.77,70.69,211.15,0.6107,-1,-1,-1
118,5,1356.64,576.09,83.55,213.71,0.5140,-1,-1,-1
118,4,1721.53,459.88,73.85,206.48,0.6523,-1,-1,-1
118,3,1121.02,934.18,77.86,145.60,0.7776,-1,-1,-1
118,2,98.78,545.03,75.36,246.82,0.5335,-1,-1,-1
118,1,420.85,284.95,85.44,223.76,0.7446,-1,-1,-1
119,21,478.51,160.83,56.04,170.74,0.3114,-1,-1,-1
119,20,1104.62,145.78,91.39,175.22,0.4330,-1,-1,-1
119,18,392.48,784.16,100.34,274.48,0.8012,-1,-1,-1
119,8,520.10,237.23,72.48,207.27,0.6031,-1,-1,-1
119,7,930.88,210.41,55.95,186.24,0.5357,-1,-1,-1
119,6,77.12,669.52,72.24,208.37,0.5400,-1,-1,-1
119,5,1356.87,575.70,83.28,217.86,0.4828,-1,-1,-1
119,4,1720.63,459.55,75.17,206.91,0.6540,-1,-1,-1
119,3,1117.73,934.24,78.31,145.76,0.7949,-1,-1,-1
119,2,99.06,546.38,75.43,256.22,0.5138,-1,-1,-1
119,1,420.69,284.66,85.29,223.68,0.7466,-1,-1,-1
120,20,1102.82,146.25,92.43,174.14,0.4382,-1,-1,-1
120,18,392.68,782.94,100.58,274.81,0.8033,-1,-1,-1
120,8,521.04,240.81,71.10,202.07,0.5786,-1,-1,-1
120,7,929.25,211.12,56.81,186.69,0.5363,-1,-1,-1
120,6,81.84,666.26,68.96,207.63,0.5924,-1,-1,-1
120,5,1356.39,577.54,83.11,211.59,0.4812,-1,-1,-1
120,4,1720.85,459.89,75.11,206.97,0.6276,-1,-1,-1
120,3,1114.10,933.54,78.84,146.46,0.7978,-1,-1,-1
120,2,99.19,545.40,75.10,257.31,0.5082,-1,-1,-1
120,1,420.97,284.01,84.88,224.57,0.7468,-1,-1,-1
121,22,625.39,750.18,57.10,170.53,0.3399,-1,-1,-1
121,21,479.10,166.04,54.39,163.25,0.3195,-1,-1,-1
121,20,1104.52,145.86,85.80,173.40,0.4002,-1,-1,-1
121,18,392.83,780.32,101.07,276.74,0.8022,-1,-1,-1
121,8,521.98,242.99,67.41,199.17,0.5770,-1,-1,-1
121,7,926.79,211.28,57.70,186.96,0.4909,-1,-1,-1
121,6,80.84,663.81,72.97,212.04,0.6927,-1,-1,-1
121,5,1356.48,575.88,82.67,212.93,0.5522,-1,-1,-1
121,4,1721.81,455.60,73.86,211.54,0.6353,-1,-1,-1
121,3,1110.23,932.74,80.05,147.26,0.7761,-1,-1,-1
121,2,100.33,544.56,74.20,244.98,0.4923,-1,-1,-1
121,1,421.14,281.83,83.93,225.27,0.7512,-1,-1,-1
122,22,625.81,751.22,57.37,168.43,0.3503,-1,-1,-1
122,20,1105.67,145.33,82.47,172.73,0.3583,-1,-1,-1
122,18,392.41,779.98,102.06,276.78,0.7995,-1,-1,-1
122,8,520.95,242.31,66.43,199.56,0.5996,-1,-1,-1
122,7,926.15,211.24,55.79,187.10,0.4256,-1,-1,-1
122,6,83.81,660.97,76.67,214.32,0.6641,-1,-1,-1
122,5,1356.69,576.06,84.24,217.05,0.4780,-1,-1,-1
122,4,1720.26,459.81,75.71,206.86,0.6479,-1,-1,-1
122,3,1106.34,932.39,80.59,147.61,0.7837,-1,-1,-1
122,2,102.46,546.63,70.66,207.87,0.4591,-1,-1,-1
122,1,421.33,281.19,84.08,223.26,0.7521,-1,-1,-1
123,22,625.48,752.37,57.02,167.40,0.3276,-1,-1,-1
123,20,1107.26,144.76,75.55,172.70,0.3435,-1,-1,-1
123,18,392.22,778.48,102.14,276.79,0.7933,-1,-1,-1
123,8,521.59,244.69,66.35,196.39,0.5735,-1,-1,-1
123,7,925.67,209.56,56.02,189.14,0.4608,-1,-1,-1
123,6,84.34,658.88,77.03,215.06,0.6610,-1,-1,-1
123,5,1356.51,576.50,84.01,212.40,0.5540,-1,-1,-1
123,4,1720.91,458.94,75.55,207.85,0.6469,-1,-1,-1
123,3,1104.63,931.49,79.44,148.04,0.7825,-1,-1,-1
123,2,102.75,546.26,70.41,207.10,0.4804,-1,-1,-1
123,1,422.31,280.28,82.79,220.51,0.7330,-1,-1,-1
124,20,1105.37,143.20,72.31,171.92,0.3047,-1,-1,-1
124,18,393.35,778.17,102.79,273.54,0.7934,-1,-1,-1
124,8,522.63,244.66,69.32,197.82,0.5242,-1,-1,-1
124,7,922.63,209.97,57.12,188.55,0.4639,-1,-1,-1
124,6,92.14,656.67,70.75,217.50,0.5096,-1,-1,-1
124,5,1356.82,576.31,83.52,214.76,0.5143,-1,-1,-1
124,4,1720.74,459.63,75.33,206.71,0.6137,-1,-1,-1
124,3,1101.02,929.85,79.57,149.55,0.7832,-1,-1,-1
124,2,102.02,544.96,71.19,214.90,0.3543,-1,-1,-1
124,1,422.28,279.00,82.48,217.29,0.7284,-1,-1,-1
125,20,1106.04,141.45,68.86,173.73,0.3247,-1,-1,-1
125,18,393.26,775.01,101.82,276.32,0.7895,-1,-1,-1
125,8,522.77,247.56,67.26,190.46,0.5251,-1,-1,-1
125,7,920.99,210.52,56.12,188.76,0.4718,-1,-1,-1
125,6,97.32,653.13,64.89,221.10,0.4099,-1,-1,-1
125,5,1357.10,575.77,83.01,215.05,0.4869,-1,-1,-1
125,4,1720.94,457.95,74.68,208.93,0.6329,-1,-1,-1
125,3,1097.23,929.75,80.21,150.11,0.7885,-1,-1,-1
125,2,102.39,545.20,70.60,210.36,0.3387,-1,-1,-1
125,1,422.82,278.34,81.66,213.31,0.7079,-1,-1,-1
126,20,1104.98,140.82,62.66,172.20,0.3627,-1,-1,-1
126,18,393.42,770.02,98.87,279.15,0.8007,-1,-1,-1
126,8,523.14,248.66,67.83,192.12,0.5492,-1,-1,-1
126,7,919.91,211.09,53.48,189.14,0.4829,-1,-1,-1
126,5,1357.59,575.94,82.03,212.37,0.5259,-1,-1,-1
126,4,1720.38,458.53,74.97,208.88,0.6346,-1,-1,-1
126,3,1093.75,929.10,80.97,150.43,0.8040,-1,-1,-1
126,2,102.58,543.50,70.13,163.36,0.3044,-1,-1,-1
126,1,421.69,277.41,82.47,213.64,0.7058,-1,-1,-1
127,20,1105.44,141.03,57.10,172.78,0.3619,-1,-1,-1
127,18,394.23,765.46,96.22,276.48,0.7937,-1,-1,-1
127,8,523.94,252.03,67.07,188.51,0.5626,-1,-1,-1
127,7,918.62,210.82,53.53,189.10,0.4226,-1,-1,-1
127,6,103.20,544.31,72.94,321.23,0.3014,-1,-1,-1
127,5,1357.56,576.70,82.67,213.69,0.5202,-1,-1,-1
127,4,1721.00,459.08,74.77,207.42,0.6575,-1,-1,-1
127,3,1090.55,929.09,82.56,150.91,0.8076,-1,-1,-1
127,1,422.77,276.99,80.52,213.54,0.6877,-1,-1,-1
128,20,1100.69,140.75,59.33,172.28,0.3974,-1,-1,-1
128,18,393.46,760.88,97.88,276.11,0.7918,-1,-1,-1
128,8,524.81,254.48,65.50,188.55,0.5367,-1,-1,-1
128,7,914.41,212.42,55.30,189.68,0.4353,-1,-1,-1
128,5,1357.19,576.71,83.03,214.99,0.5055,-1,-1,-1
128,4,1720.95,459.25,75.38,207.00,0.6282,-1,-1,-1
128,3,1087.74,928.11,81.29,151.51,0.7922,-1,-1,-1
128,2,102.61,543.62,70.61,155.38,0.3952,-1,-1,-1
128,1,422.48,276.45,80.05,213.19,0.6688,-1,-1,-1
129,18,395.78,756.29,94.88,270.70,0.7937,-1,-1,-1
129,8,525.46,255.13,64.08,192.44,0.5923,-1,-1,-1
129,7,911.55,213.24,56.57,187.17,0.4731,-1,-1,-1
129,6,102.56,540.76,72.39,249.25,0.3534,-1,-1,-1
129,5,1365.05,575.70,78.04,221.49,0.4777,-1,-1,-1
129,4,1720.76,458.30,74.93,206.44,0.6354,-1,-1,-1
129,3,1085.82,927.66,80.91,151.75,0.7887,-1,-1,-1
129,1,419.00,275.70,81.12,216.80,0.6899,-1,-1,-1
130,22,624.91,752.05,57.24,165.83,0.3088,-1,-1,-1
130,18,397.11,754.33,93.23,264.55,0.7504,-1,-1,-1
130,8,527.37,257.61,61.33,193.33,0.5550,-1,-1,-1
130,7,904.27,214.47,63.28,186.49,0.4832,-1,-1,-1
130,6,102.85,544.11,71.60,244.80,0.5555,-1,-1,-1
130,5,1358.82,575.50,83.19,217.61,0.4890,-1,-1,-1
130,4,1721.41,458.37,74.44,207.90,0.6125,-1,-1,-1
130,3,1082.02,926.88,82.04,152.23,0.7803,-1,-1,-1
130,1,418.87,273.89,81.20,218.67,0.7042,-1,-1,-1
131,18,395.99,752.41,93.20,263.24,0.7422,-1,-1,-1
131,8,528.10,257.20,60.94,200.51,0.5050,-1,-1,-1
131,7,900.83,214.16,64.48,186.42,0.4995,-1,-1,-1
131,6,103.02,543.40,71.63,244.23,0.6451,-1,-1,-1
131,5,1360.67,576.85,81.29,214.16,0.5041,-1,-1,-1
131,4,1721.32,459.12,74.22,207.02,0.6176,-1,-1,-1
131,3,1080.88,926.91,80.44,151.17,0.7587,-1,-1,-1
131,1,420.39,272.86,79.72,219.16,0.6626,-1,-1,-1
132,23,575.96,247.70,52.11,177.63,0.3107,-1,-1,-1
132,20,1090.13,139.91,57.93,169.33,0.3921,-1,-1,-1
132,18,393.50,750.12,94.36,265.95,0.7529,-1,-1,-1
132,8,529.61,252.24,62.56,205.88,0.5009,-1,-1,-1
132,7,900.13,212.91,67.22,187.88,0.4835,-1,-1,-1
132,6,102.57,544.54,73.55,246.01,0.5842,-1,-1,-1
132,5,1359.35,576.16,81.62,215.16,0.5141,-1,-1,-1
132,4,1721.35,459.31,74.26,207.02,0.6174,-1,-1,-1
132,3,1079.86,927.63,80.77,150.69,0.7711,-1,-1,-1
132,1,419.24,273.10,81.08,219.41,0.6495,-1,-1,-1
133,23,574.52,247.78,55.58,181.98,0.3166,-1,-1,-1
133,20,1082.60,140.07,59.72,169.55,0.3848,-1,-1,-1
133,18,389.96,749.05,98.22,265.53,0.7542,-1,-1,-1
133,8,530.92,252.75,60.35,207.34,0.5161,-1,-1,-1
133,7,900.14,210.44,67.55,192.12,0.4768,-1,-1,-1
133,6,102.30,544.77,74.55,245.59,0.5375,-1,-1,-1
133,5,1357.67,576.80,83.85,213.83,0.4921,-1,-1,-1
133,4,1720.85,458.74,74.68,206.64,0.6036,-1,-1,-1
133,3,1078.16,927.67,80.80,150.90,0.7793,-1,-1,-1
133,1,418.57,271.99,81.45,219.84,0.6420,-1,-1,-1
134,23,575.11,246.13,54.48,184.26,0.4136,-1,-1,-1
134,20,1074.02,139.44,68.53,171.87,0.4332,-1,-1,-1
134,18,388.78,748.15,98.93,266.01,0.7698,-1,-1,-1
134,8,531.54,255.49,57.22,203.08,0.5157,-1,-1,-1
134,7,899.03,211.91,66.36,190.04,0.4615,-1,-1,-1
134,6,102.26,545.34,76.14,233.91,0.5149,-1,-1,-1
134,5,1358.57,575.63,83.64,217.09,0.4819,-1,-1,-1
134,4,1721.11,459.66,74.08,206.98,0.5937,-1,-1,-1
134,3,1076.25,927.15,78.78,150.69,0.7850,-1,-1,-1
134,1,418.12,273.03,81.40,218.51,0.6426,-1,-1,-1
135,23,575.94,247.02,54.12,184.86,0.4340,-1,-1,-1
135,20,1057.39,140.47,82.82,172.64,0.4568,-1,-1,-1
135,18,388.98,745.71,98.35,268.67,0.7788,-1,-1,-1
135,8,530.32,259.12,57.92,202.76,0.5556,-1,-1,-1
135,7,898.92,210.78,66.19,191.59,0.4350,-1,-1,-1
135,6,101.34,542.61,77.86,241.90,0.6190,-1,-1,-1
135,5,1358.07,575.91,84.39,217.34,0.5092,-1,-1,-1
135,4,1720.17,458.37,75.21,207.83,0.5994,-1,-1,-1
135,3,1074.87,926.38,79.12,151.76,0.7817,-1,-1,-1
135,1,415.72,271.15,83.64,219.37,0.6417,-1,-1,-1
136,23,576.18,250.06,53.00,185.65,0.5027,-1,-1,-1
136,20,1045.61,140.66,91.83,170.60,0.5634,-1,-1,-1
136,18,385.29,745.33,102.14,268.40,0.7918,-1,-1,-1
136,8,530.08,258.69,57.29,202.59,0.5589,-1,-1,-1
136,7,897.83,212.22,63.10,189.06,0.4134,-1,-1,-1
136,6,101.73,544.04,75.12,238.62,0.6223,-1,-1,-1
136,5,1362.11,577.01,83.12,221.16,0.4843,-1,-1,-1
136,4,1721.24,458.81,74.37,208.23,0.6121,-1,-1,-1
136,3,1073.40,926.87,76.90,150.54,0.7888,-1,-1,-1
136,1,417.34,270.80,81.41,218.49,0.6724,-1,-1,-1
137,23,574.64,250.64,55.16,185.45,0.4581,-1,-1,-1
137,20,1043.22,138.81,92.05,171.60,0.5818,-1,-1,-1
137,18,384.02,744.94,102.65,268.36,0.7897,-1,-1,-1
137,8,531.85,255.44,55.99,205.33,0.5878,-1,-1,-1
137,7,896.51,210.89,61.21,191.61,0.4159,-1,-1,-1
137,6,101.29,545.11,71.12,236.46,0.5724,-1,-1,-1
137,5,1365.86,577.75,78.73,218.69,0.4571,-1,-1,-1
137,4,1721.16,457.33,74.85,209.06,0.6079,-1,-1,-1
137,3,1071.48,927.35,77.15,149.80,0.7951,-1,-1,-1
137,1,415.92,268.80,82.43,219.25,0.6636,-1,-1,-1
138,25,134.56,638.19,82.45,208.82,0.4311,-1,-1,-1
138,23,574.59,250.98,55.56,184.54,0.4441,-1,-1,-1
138,20,1039.82,140.65,94.46,169.86,0.6013,-1,-1,-1
138,18,383.13,744.84,103.18,267.75,0.7893,-1,-1,-1
138,8,532.65,255.83,54.47,202.71,0.5918,-1,-1,-1
138,7,894.92,212.32,53.69,178.82,0.4602,-1,-1,-1
138,6,101.81,545.40,67.20,236.51,0.5974,-1,-1,-1
138,5,1364.97,577.05,79.76,222.18,0.4475,-1,-1,-1
138,4,1721.00,457.77,74.92,209.12,0.6051,-1,-1,-1
138,3,1070.13,927.66,76.42,149.63,0.7898,-1,-1,-1
138,1,416.14,267.64,81.89,219.50,0.6922,-1,-1,-1
139,25,139.66,636.16,88.76,207.80,0.4477,-1,-1,-1
139,23,574.24,250.83,56.21,183.80,0.4394,-1,-1,-1
139,20,1040.86,140.64,92.20,171.02,0.5912,-1,-1,-1
139,18,382.79,744.56,102.57,266.97,0.7959,-1,-1,-1
139,8,532.34,259.15,54.85,200.12,0.5747,-1,-1,-1
139,7,893.13,209.92,60.05,191.16,0.5239,-1,-1,-1
139,6,101.72,545.44,67.09,238.29,0.6166,-1,-1,-1
139,5,1361.69,576.22,84.25,224.33,0.4683,-1,-1,-1
139,4,1720.65,457.76,75.36,209.16,0.6233,-1,-1,-1
139,3,1068.79,927.35,75.83,149.18,0.7876,-1,-1,-1
139,1,415.70,265.98,81.26,220.98,0.6406,-1,-1,-1
140,26,818.54,249.21,59.16,168.40,0.3097,-1,-1,-1
140,25,143.80,633.70,89.46,206.40,0.4220,-1,-1,-1
140,23,578.26,251.93,53.82,180.03,0.4521,-1,-1,-1
140,20,1039.95,140.79,91.44,171.22,0.5768,-1,-1,-1
140,18,383.99,741.56,101.76,267.34,0.7963,-1,-1,-1
140,8,531.88,258.00,56.23,202.98,0.6024,-1,-1,-1
140,7,889.30,210.12,52.62,182.09,0.4706,-1,-1,-1
140,6,102.13,545.25,65.56,239.40,0.6185,-1,-1,-1
140,5,1358.58,577.04,84.18,212.90,0.5493,-1,-1,-1
140,4,1720.84,458.41,75.16,208.64,0.6352,-1,-1,-1
140,3,1066.90,926.33,76.33,149.72,0.7917,-1,-1,-1
140,1,417.56,267.63,79.31,216.81,0.6140,-1,-1,-1
141,26,818.17,248.39,57.98,169.36,0.3833,-1,-1,-1
141,25,145.08,629.03,88.67,208.03,0.5908,-1,-1,-1
141,23,579.89,249.14,51.52,184.46,0.4784,-1,-1,-1
141,20,1042.22,140.33,85.92,170.19,0.5570,-1,-1,-1
141,18,384.86,739.41,99.94,267.42,0.7963,-1,-1,-1
141,8,531.75,257.92,55.93,201.91,0.6032,-1,-1,-1
141,7,886.15,209.54,55.03,187.78,0.5441,-1,-1,-1
141,6,102.58,545.90,66.19,240.54,0.6445,-1,-1,-1
141,5,1357.53,575.51,86.29,216.69,0.4985,-1,-1,-1
141,4,1721.07,458.33,74.98,207.90,0.6219,-1,-1,-1
141,3,1064.87,924.94,75.90,151.67,0.7871,-1,-1,-1
141,1,416.68,265.05,79.79,216.86,0.6318,-1,-1,-1
142,25,148.94,628.97,83.65,204.72,0.5432,-1,-1,-1
142,23,581.07,249.97,52.36,182.41,0.4965,-1,-1,-1
142,22,624.02,752.03,58.93,168.58,0.3324,-1,-1,-1
142,20,1039.92,140.58,86.56,168.96,0.5949,-1,-1,-1
142,18,387.23,737.17,96.56,268.32,0.7917,-1,-1,-1
142,8,531.74,257.01,55.92,203.21,0.5994,-1,-1,-1
142,7,883.05,208.33,54.65,187.39,0.5159,-1,-1,-1
142,6,103.59,545.95,66.52,241.76,0.6580,-1,-1,-1
142,5,1357.22,575.83,87.03,218.16,0.4819,-1,-1,-1
142,4,1721.45,459.19,74.91,206.88,0.6235,-1,-1,-1
142,3,1064.96,924.63,72.94,152.87,0.7774,-1,-1,-1
142,1,417.07,264.23,78.50,216.58,0.6327,-1,-1,-1
143,25,149.13,629.56,86.22,208.39,0.6519,-1,-1,-1
143,23,581.35,247.27,53.64,187.37,0.4530,-1,-1,-1
143,20,1041.97,137.67,81.94,171.92,0.5702,-1,-1,-1
143,18,388.56,734.32,94.71,265.54,0.8025,-1,-1,-1
143,8,530.76,257.43,56.28,202.96,0.5946,-1,-1,-1
143,7,881.43,206.68,53.64,189.28,0.4785,-1,-1,-1
143,6,103.72,545.38,67.08,241.05,0.6746,-1,-1,-1
143,5,1357.84,575.81,85.96,217.78,0.4816,-1,-1,-1
143,4,1721.27,459.17,74.87,206.97,0.6333,-1,-1,-1
143,3,1063.40,923.46,72.22,153.14,0.7622,-1,-1,-1
143,1,414.96,258.84,78.81,222.04,0.6328,-1,-1,-1
144,25,153.39,630.83,81.60,207.18,0.6813,-1,-1,-1
144,23,582.00,252.79,55.84,182.93,0.4934,-1,-1,-1
144,21,479.59,184.28,57.90,176.67,0.3204,-1,-1,-1
144,20,1041.42,136.53,78.70,171.96,0.4549,-1,-1,-1
144,18,389.50,730.97,93.46,261.74,0.7948,-1,-1,-1
144,8,530.37,259.79,57.69,202.74,0.6042,-1,-1,-1
144,7,877.59,206.83,57.35,188.69,0.4732,-1,-1,-1
144,6,103.39,545.80,68.14,240.93,0.6866,-1,-1,-1
144,5,1358.47,576.00,85.62,217.07,0.4981,-1,-1,-1
144,4,1721.63,459.76,74.57,207.03,0.6214,-1,-1,-1
144,3,1062.28,923.06,70.45,153.59,0.7572,-1,-1,-1
144,1,414.61,259.45,80.14,217.30,0.6324,-1,-1,-1
145,25,157.70,627.35,76.54,212.31,0.7007,-1,-1,-1
145,23,583.19,252.49,55.01,184.01,0.5289,-1,-1,-1
145,20,1041.35,136.35,69.40,171.83,0.4216,-1,-1,-1
145,18,392.83,729.53,90.80,255.96,0.7985,-1,-1,-1
145,8,529.55,259.26,56.74,202.56,0.5953,-1,-1,-1
145,7,872.24,207.37,61.90,185.72,0.5442,-1,-1,-1
145,6,103.82,545.74,69.12,242.75,0.7088,-1,-1,-1
145,5,1358.09,576.05,84.59,213.86,0.5396,-1,-1,-1
145,4,1721.58,459.25,74.18,206.60,0.6099,-1,-1,-1
145,3,1060.90,922.83,67.98,153.82,0.7582,-1,-1,-1
145,1,416.57,259.84,77.68,210.54,0.6204,-1,-1,-1
146,25,158.93,624.34,76.37,214.50,0.7110,-1,-1,-1
146,23,584.96,254.24,53.17,187.18,0.5108,-1,-1,-1
146,20,1041.25,136.41,63.93,171.03,0.4843,-1,-1,-1
146,18,393.56,726.32,91.05,251.50,0.7770,-1,-1,-1
146,8,530.32,259.19,57.62,205.00,0.5935,-1,-1,-1
146,7,872.57,206.44,59.73,185.42,0.4901,-1,-1,-1
146,6,103.69,546.03,69.63,242.40,0.7156,-1,-1,-1
146,5,1357.74,575.33,85.27,218.49,0.5126,-1,-1,-1
146,4,1721.89,459.56,74.19,207.65,0.6137,-1,-1,-1
146,3,1058.57,921.67,66.44,156.96,0.7412,-1,-1,-1
146,1,414.63,252.82,76.83,219.19,0.6393,-1,-1,-1
147,25,160.72,619.91,75.41,216.31,0.6894,-1,-1,-1
147,23,584.82,254.92,54.37,188.59,0.5380,-1,-1,-1
147,20,1040.42,135.24,60.95,171.13,0.4764,-1,-1,-1
147,18,394.34,718.68,91.37,256.31,0.7796,-1,-1,-1
147,8,530.33,260.18,56.72,206.51,0.6095,-1,-1,-1
147,7,869.57,205.72,62.06,185.16,0.4783,-1,-1,-1
147,6,104.04,546.23,69.63,240.90,0.7131,-1,-1,-1
147,5,1358.44,574.40,84.49,217.54,0.5407,-1,-1,-1
147,4,1721.45,458.83,74.93,207.33,0.6268,-1,-1,-1
147,3,1057.08,921.09,63.08,157.61,0.7264,-1,-1,-1
147,1,414.44,253.16,77.65,219.39,0.6465,-1,-1,-1
148,25,163.87,616.55,75.54,215.22,0.7078,-1,-1,-1
148,23,585.64,255.54,54.23,188.94,0.4954,-1,-1,-1
148,20,1038.52,134.83,56.23,171.32,0.4424,-1,-1,-1
148,18,394.54,717.01,92.40,255.55,0.7777,-1,-1,-1
148,8,530.30,261.58,59.33,207.00,0.5946,-1,-1,-1
148,7,866.79,204.50,63.48,193.29,0.4446,-1,-1,-1
148,6,103.70,545.47,70.54,241.80,0.7135,-1,-1,-1
148,5,1357.81,575.44,83.67,216.04,0.5588,-1,-1,-1
148,4,1721.45,458.32,74.89,208.85,0.6466,-1,-1,-1
148,3,1055.16,919.40,62.74,157.27,0.7273,-1,-1,-1
148,1,413.93,252.84,78.31,219.26,0.6339,-1,-1,-1
149,25,168.45,614.70,72.44,214.48,0.6958,-1,-1,-1
149,23,586.32,256.23,54.85,190.06,0.4500,-1,-1,-1
149,22,624.26,751.46,59.12,167.17,0.3254,-1,-1,-1
149,20,1037.05,135.77,53.87,168.74,0.3608,-1,-1,-1
149,18,396.17,712.49,93.40,260.54,0.7879,-1,-1,-1
149,8,531.14,263.41,59.30,205.92,0.6301,-1,-1,-1
149,7,865.96,204.45,61.85,192.90,0.4432,-1,-1,-1
149,6,103.89,545.77,70.31,241.29,0.7151,-1,-1,-1
149,5,1357.92,575.41,84.74,215.27,0.5452,-1,-1,-1
149,4,1721.06,458.99,74.36,207.37,0.6218,-1,-1,-1
149,3,1054.26,918.10,62.46,159.03,0.7264,-1,-1,-1
149,1,416.30,257.49,76.98,212.96,0.6248,-1,-1,-1
150,25,175.98,613.85,65.24,213.32,0.6570,-1,-1,-1
150,23,586.92,256.92,55.39,190.71,0.4352,-1,-1,-1
150,22,625.68,751.68,56.70,166.91,0.3234,-1,-1,-1
150,20,1033.44,134.24,56.46,172.62,0.4901,-1,-1,-1
150,18,394.58,710.75,97.07,263.34,0.7855,-1,-1,-1
150,8,531.37,265.41,57.55,207.72,0.6155,-1,-1,-1
150,7,865.94,205.68,63.13,192.53,0.4056,-1,-1,-1
150,6,103.49,545.58,70.76,243.00,0.7131,-1,-1,-1
150,5,1356.89,574.83,85.69,217.49,0.5402,-1,-1,-1
150,4,1721.20,458.47,74.64,208.26,0.6385,-1,-1,-1
150,3,1052.18,916.21,61.38,161.82,0.7368,-1,-1,-1
150,1,416.49,256.87,76.93,213.23,0.6198,-1,-1,-1
151,25,181.03,611.75,68.86,215.13,0.6707,-1,-1,-1
151,23,587.93,260.22,55.07,190.63,0.4180,-1,-1,-1
151,22,625.37,751.17,57.18,167.18,0.3577,-1,-1,-1
151,20,1030.08,132.11,57.16,173.83,0.4879,-1,-1,-1
151,18,396.22,710.48,95.84,263.37,0.7809,-1,-1,-1
151,8,531.35,266.23,56.24,209.53,0.6117,-1,-1,-1
151,7,864.54,205.23,62.69,190.73,0.4592,-1,-1,-1
151,6,103.28,546.81,71.42,243.33,0.7216,-1,-1,-1
151,5,1367.24,573.96,75.86,224.95,0.4863,-1,-1,-1
151,4,1722.13,458.34,72.97,207.44,0.6249,-1,-1,-1
151,3,1051.39,913.37,60.95,164.09,0.7371,-1,-1,-1
151,1,417.11,255.84,75.33,214.60,0.6157,-1,-1,-1
152,25,182.68,610.35,67.41,216.45,0.6899,-1,-1,-1
152,23,588.58,260.87,55.52,191.13,0.4119,-1,-1,-1
152,22,624.68,751.80,56.58,166.30,0.4327,-1,-1,-1
152,20,1024.82,129.97,60.00,172.29,0.4077,-1,-1,-1
152,18,396.63,708.18,97.81,264.83,0.7669,-1,-1,-1
152,8,532.03,272.41,54.11,205.07,0.5926,-1,-1,-1
152,7,863.66,205.93,62.63,190.02,0.5191,-1,-1,-1
152,6,102.66,546.99,72.50,242.64,0.7175,-1,-1,-1
152,5,1360.21,577.01,81.62,212.71,0.5299,-1,-1,-1
152,4,1721.84,458.03,73.71,208.60,0.6152,-1,-1,-1
152,3,1049.56,913.45,60.40,164.57,0.7421,-1,-1,-1
152,1,417.46,255.10,75.41,215.43,0.6061,-1,-1,-1
153,25,184.78,610.73,69.50,215.19,0.7364,-1,-1,-1
153,23,591.81,268.42,52.88,181.87,0.3229,-1,-1,-1
153,22,625.95,751.17,54.54,166.90,0.4101,-1,-1,-1
153,20,1022.84,132.20,60.15,170.58,0.4118,-1,-1,-1
153,18,396.43,709.21,99.51,264.12,0.7589,-1,-1,-1
153,8,531.74,275.53,54.63,201.40,0.5870,-1,-1,-1
153,7,862.12,204.69,63.59,191.65,0.4964,-1,-1,-1
153,6,103.66,547.99,71.21,245.32,0.7265,-1,-1,-1
153,5,1360.40,575.37,80.68,215.70,0.5163,-1,-1,-1
153,4,1721.53,457.41,73.95,209.09,0.6099,-1,-1,-1
153,3,1047.64,912.17,60.44,166.75,0.7304,-1,-1,-1
153,1,417.45,254.17,74.39,215.79,0.5831,-1,-1,-1
154,25,187.76,611.01,68.86,213.55,0.7530,-1,-1,-1
154,22,624.82,751.94,57.93,167.52,0.3307,-1,-1,-1
154,20,1016.42,131.71,63.11,171.90,0.3510,-1,-1,-1
154,18,396.79,709.16,100.63,263.14,0.7634,-1,-1,-1
154,8,532.72,277.22,54.44,199.88,0.5632,-1,-1,-1
154,7,860.19,205.32,64.38,191.24,0.5085,-1,-1,-1
154,6,103.96,547.07,71.20,246.06,0.7199,-1,-1,-1
154,5,1359.89,576.55,81.84,215.46,0.5207,-1,-1,-1
154,4,1721.57,459.96,73.62,206.08,0.5869,-1,-1,-1
154,3,1046.85,911.68,59.39,167.56,0.7146,-1,-1,-1
154,1,415.02,253.01,75.69,216.97,0.6003,-1,-1,-1
155,25,192.87,610.97,67.01,213.05,0.7611,-1,-1,-1
155,22,625.92,751.42,55.47,166.45,0.3380,-1,-1,-1
155,20,999.70,133.01,76.64,172.87,0.3938,-1,-1,-1
155,18,397.87,705.97,101.96,266.10,0.7629,-1,-1,-1
155,8,532.65,278.87,55.80,197.81,0.5144,-1,-1,-1
155,7,857.34,205.24,66.27,189.02,0.5120,-1,-1,-1
155,6,102.92,545.59,71.59,247.77,0.6968,-1,-1,-1
155,5,1359.42,576.33,82.62,212.88,0.5691,-1,-1,-1
155,4,1722.67,459.12,72.67,206.75,0.5962,-1,-1,-1
155,3,1044.91,911.19,59.67,167.69,0.7279,-1,-1,-1
155,1,415.96,251.59,74.36,218.68,0.6029,-1,-1,-1
156,25,194.85,608.95,67.43,214.00,0.7525,-1,-1,-1
156,20,992.12,133.92,80.62,171.49,0.4380,-1,-1,-1
156,18,398.46,702.52,100.66,267.01,0.7607,-1,-1,-1
156,8,532.54,274.11,56.96,201.68,0.4659,-1,-1,-1
156,7,855.83,204.15,67.30,187.62,0.5456,-1,-1,-1
156,6,102.54,545.42,72.11,247.22,0.6976,-1,-1,-1
156,5,1357.42,578.98,82.53,211.61,0.5199,-1,-1,-1
156,4,1722.34,459.68,73.15,205.67,0.5857,-1,-1,-1
156,3,1042.93,910.58,60.30,169.42,0.7072,-1,-1,-1
156,1,416.84,251.59,74.75,214.33,0.6179,-1,-1,-1
157,25,197.35,608.38,66.53,214.67,0.7420,-1,-1,-1
157,22,624.96,747.59,56.99,171.14,0.3370,-1,-1,-1
157,20,987.59,133.87,82.79,171.50,0.4656,-1,-1,-1
157,18,399.57,705.08,100.02,263.96,0.7720,-1,-1,-1
157,8,532.46,273.91,57.21,199.16,0.4364,-1,-1,-1
157,7,855.99,203.01,66.71,184.48,0.5671,-1,-1,-1
157,6,102.75,545.76,72.21,246.93,0.6958,-1,-1,-1
157,5,1356.88,578.73,83.29,210.48,0.5215,-1,-1,-1
157,4,1722.76,460.09,72.58,205.55,0.5926,-1,-1,-1
157,3,1041.84,910.07,59.69,169.36,0.7011,-1,-1,-1
157,1,416.61,251.85,74.28,212.86,0.6182,-1,-1,-1
158,25,198.13,606.89,65.57,212.73,0.7153,-1,-1,-1
158,20,987.92,132.39,81.65,172.34,0.3917,-1,-1,-1
158,18,398.88,704.66,98.37,261.58,0.7844,-1,-1,-1
158,8,529.95,271.97,60.87,200.47,0.4534,-1,-1,-1
158,7,853.21,201.18,68.56,184.44,0.5558,-1,-1,-1
158,6,102.46,546.35,72.20,246.10,0.6986,-1,-1,-1
158,5,1357.02,577.24,83.31,210.71,0.5366,-1,-1,-1
158,4,1722.05,459.88,73.69,206.69,0.6106,-1,-1,-1
158,3,1039.07,909.73,62.51,170.27,0.7158,-1,-1,-1
158,1,417.01,249.18,76.27,215.70,0.6446,-1,-1,-1
159,25,199.61,604.30,65.77,212.68,0.6951,-1,-1,-1
159,20,984.85,133.24,82.60,171.22,0.4133,-1,-1,-1
159,18,402.51,703.22,91.10,260.06,0.7611,-1,-1,-1
159,8,527.01,280.76,64.08,193.69,0.4321,-1,-1,-1
159,7,851.18,200.17,69.96,189.68,0.5482,-1,-1,-1
159,6,102.64,546.28,72.02,246.52,0.6950,-1,-1,-1
159,5,1356.51,578.45,84.71,212.75,0.5145,-1,-1,-1
159,4,1722.29,461.65,73.51,204.51,0.6000,-1,-1,-1
159,3,1037.58,908.64,61.70,170.50,0.6983,-1,-1,-1
159,1,417.99,250.11,75.80,211.88,0.6106,-1,-1,-1
160,25,201.11,602.32,65.49,215.73,0.7002,-1,-1,-1
160,20,981.52,132.46,83.98,169.85,0.4722,-1,-1,-1
160,18,401.83,697.54,92.23,256.68,0.7656,-1,-1,-1
160,8,526.42,286.39,65.08,189.52,0.4709,-1,-1,-1
160,7,851.52,198.56,68.90,192.72,0.5134,-1,-1,-1
160,6,102.50,546.88,71.78,246.19,0.6985,-1,-1,-1
160,5,1357.24,579.39,86.29,218.39,0.4776,-1,-1,-1
160,4,1721.42,461.26,73.75,204.78,0.5705,-1,-1,-1
160,3,1037.23,908.93,60.84,171.07,0.6799,-1,-1,-1
160,1,418.66,247.59,74.40,214.46,0.6440,-1,-1,-1
161,25,207.02,598.79,60.48,213.13,0.6675,-1,-1,-1
161,20,982.27,132.54,82.08,170.46,0.4897,-1,-1,-1
161,18,402.47,691.84,91.06,252.62,0.7744,-1,-1,-1
161,8,525.73,287.44,68.64,190.83,0.4184,-1,-1,-1
161,7,850.43,196.24,69.67,191.13,0.4850,-1,-1,-1
161,6,102.34,546.65,72.03,247.28,0.6866,-1,-1,-1
161,5,1357.23,579.86,84.79,216.36,0.5265,-1,-1,-1
161,4,1721.88,460.83,73.47,206.01,0.5775,-1,-1,-1
161,3,1033.61,908.20,63.08,171.80,0.6929,-1,-1,-1
161,1,417.72,246.87,76.71,211.53,0.6232,-1,-1,-1
162,25,211.20,598.29,61.47,206.84,0.6741,-1,-1,-1
162,20,982.22,133.90,79.45,169.67,0.3936,-1,-1,-1
162,18,403.19,687.55,91.41,253.72,0.7652,-1,-1,-1
162,7,849.79,195.80,69.16,190.84,0.4876,-1,-1,-1
162,6,102.04,546.27,71.73,247.89,0.6726,-1,-1,-1
162,5,1363.92,577.19,80.80,224.57,0.4897,-1,-1,-1
162,4,1721.98,461.76,73.36,205.60,0.5775,-1,-1,-1
162,3,1033.13,907.32,61.79,172.68,0.7115,-1,-1,-1
162,1,418.87,246.20,75.97,210.12,0.6233,-1,-1,-1
163,25,212.69,595.52,62.50,207.58,0.6715,-1,-1,-1
163,23,598.07,272.58,64.07,180.76,0.3019,-1,-1,-1
163,20,983.03,129.86,75.47,174.02,0.3591,-1,-1,-1
163,18,403.35,683.77,90.50,255.90,0.7710,-1,-1,-1
163,8,519.70,289.64,71.41,195.21,0.3767,-1,-1,-1
163,7,850.38,194.35,68.48,187.64,0.4677,-1,-1,-1
163,6,102.30,546.40,72.21,247.69,0.6631,-1,-1,-1
163,5,1356.93,579.87,88.82,225.18,0.5055,-1,-1,-1
163,4,1721.66,460.61,73.78,206.92,0.5791,-1,-1,-1
163,3,1031.42,906.34,62.60,173.66,0.6839,-1,-1,-1
163,1,418.61,244.76,77.76,209.57,0.6178,-1,-1,-1
164,25,214.97,593.93,63.27,209.56,0.7065,-1,-1,-1
164,20,984.08,128.47,69.36,172.56,0.3058,-1,-1,-1
164,18,402.35,682.26,91.84,254.77,0.7738,-1,-1,-1
164,8,519.25,290.85,72.95,194.84,0.3107,-1,-1,-1
164,7,852.82,191.90,68.82,195.34,0.4605,-1,-1,-1
164,6,102.06,546.59,71.80,246.77,0.6805,-1,-1,-1
164,5,1357.12,580.00,88.01,222.32,0.4790,-1,-1,-1
164,4,1721.62,460.56,73.98,206.77,0.5990,-1,-1,-1
164,3,1030.29,907.46,60.76,171.94,0.7307,-1,-1,-1
164,1,417.96,244.38,78.70,208.24,0.6263,-1,-1,-1
165,25,212.67,592.10,65.56,209.71,0.7327,-1,-1,-1
165,18,400.45,680.55,94.13,256.88,0.7917,-1,-1,-1
165,7,853.66,191.55,68.30,194.61,0.4859,-1,-1,-1
165,6,102.21,546.34,71.58,246.58,0.6766,-1,-1,-1
165,5,1357.69,581.09,85.95,217.83,0.5013,-1,-1,-1
165,4,1721.72,460.25,74.33,206.46,0.5945,-1,-1,-1
165,3,1028.57,908.01,60.99,171.47,0.7265,-1,-1,-1
165,1,418.46,242.26,79.13,210.40,0.6170,-1,-1,-1
166,25,214.93,590.50,71.15,212.04,0.7025,-1,-1,-1
166,23,601.49,274.68,55.97,181.37,0.3005,-1,-1,-1
166,18,399.44,679.02,94.60,259.61,0.7914,-1,-1,-1
166,7,853.05,191.17,69.20,190.95,0.4911,-1,-1,-1
166,6,102.03,546.15,71.46,246.77,0.6849,-1,-1,-1
166,5,1357.27,580.01,84.27,214.42,0.5031,-1,-1,-1
166,4,1722.19,460.76,73.17,207.16,0.6247,-1,-1,-1
166,3,1026.53,907.53,61.83,171.90,0.6855,-1,-1,-1
166,1,418.93,241.56,76.12,210.68,0.5914,-1,-1,-1
167,25,214.62,589.64,75.05,214.62,0.7071,-1,-1,-1
167,23,602.40,276.80,56.96,179.03,0.3135,-1,-1,-1
167,18,399.88,675.46,93.41,261.32,0.7967,-1,-1,-1
167,7,853.36,190.96,69.45,187.88,0.4849,-1,-1,-1
167,6,101.77,546.36,72.07,247.28,0.6872,-1,-1,-1
167,5,1356.69,579.36,84.87,218.17,0.4910,-1,-1,-1
167,4,1722.37,460.38,72.67,207.08,0.6082,-1,-1,-1
167,3,1023.45,906.61,64.54,173.10,0.6849,-1,-1,-1
167,1,418.59,240.46,76.18,212.68,0.5753,-1,-1,-1
168,25,217.73,589.74,79.16,212.06,0.7157,-1,-1,-1
168,23,601.86,276.63,59.38,177.83,0.3066,-1,-1,-1
168,20,979.05,123.18,55.93,170.10,0.3000,-1,-1,-1
168,18,398.47,675.87,94.63,261.13,0.7840,-1,-1,-1
168,7,853.46,191.17,70.05,190.53,0.5117,-1,-1,-1
168,6,101.81,546.63,72.29,246.82,0.6861,-1,-1,-1
168,5,1357.56,578.62,82.32,217.29,0.4972,-1,-1,-1
168,4,1721.64,458.62,73.74,209.61,0.6115,-1,-1,-1
168,3,1020.96,907.25,65.16,171.92,0.7042,-1,-1,-1
168,1,417.60,239.46,77.05,213.73,0.5939,-1,-1,-1
169,25,220.63,589.17,77.76,213.52,0.6902,-1,-1,-1
169,23,601.82,277.27,60.66,177.15,0.3113,-1,-1,-1
169,18,399.16,674.84,94.68,260.76,0.7770,-1,-1,-1
169,7,852.69,190.79,71.14,188.67,0.5304,-1,-1,-1
169,6,101.44,545.56,73.26,248.85,0.6516,-1,-1,-1
169,5,1357.22,578.82,85.67,218.13,0.4622,-1,-1,-1
169,4,1721.55,460.08,73.89,207.83,0.6104,-1,-1,-1
169,3,1020.50,908.55,64.96,170.47,0.7078,-1,-1,-1
169,1,418.21,238.69,78.33,214.20,0.6112,-1,-1,-1
170,25,220.80,588.87,74.97,213.83,0.6627,-1,-1,-1
170,18,400.20,673.72,92.64,260.86,0.7748,-1,-1,-1
170,8,523.93,290.50,66.14,203.36,0.3580,-1,-1,-1
170,7,856.40,189.80,67.61,188.20,0.5096,-1,-1,-1
170,6,101.47,546.66,73.75,246.31,0.6539,-1,-1,-1
170,5,1368.72,577.30,74.55,221.66,0.4458,-1,-1,-1
170,4,1720.99,460.83,74.49,207.28,0.6201,-1,-1,-1
170,3,1018.67,908.80,62.60,171.01,0.7220,-1,-1,-1
170,1,417.97,237.91,78.53,215.52,0.6154,-1,-1,-1
171,28,753.21,260.17,57.95,192.71,0.3134,-1,-1,-1
171,25,219.35,588.70,76.27,212.77,0.6914,-1,-1,-1
171,18,400.12,672.84,92.42,259.83,0.7746,-1,-1,-1
171,8,526.28,296.27,61.74,197.46,0.4481,-1,-1,-1
171,7,860.42,192.79,61.69,182.50,0.4111,-1,-1,-1
171,6,101.22,546.44,74.92,247.42,0.6602,-1,-1,-1
171,5,1365.94,577.00,76.48,222.53,0.4551,-1,-1,-1
171,4,1721.66,459.74,74.07,208.32,0.6031,-1,-1,-1
171,3,1017.96,909.28,61.30,170.72,0.7228,-1,-1,-1
171,1,417.57,238.20,78.70,215.11,0.6221,-1,-1,-1
172,25,218.55,586.91,77.61,213.86,0.6431,-1,-1,-1
172,18,400.62,670.71,91.65,259.71,0.7812,-1,-1,-1
172,8,526.14,291.05,61.40,202.87,0.4288,-1,-1,-1
172,7,860.32,190.00,65.67,185.72,0.5030,-1,-1,-1
172,6,100.43,546.73,74.26,245.88,0.6623,-1,-1,-1
172,5,1357.30,578.69,83.99,215.14,0.4744,-1,-1,-1
172,4,1721.89,460.44,73.79,207.25,0.5985,-1,-1,-1
172,3,1015.97,910.09,61.39,169.38,0.7436,-1,-1,-1
172,1,417.63,237.86,78.37,216.98,0.6276,-1,-1,-1
173,28,753.19,260.17,56.73,194.07,0.3908,-1,-1,-1
173,25,219.08,583.37,76.40,215.84,0.6587,-1,-1,-1
173,18,403.29,668.64,88.21,259.00,0.7742,-1,-1,-1
173,8,520.99,296.06,66.39,198.34,0.3301,-1,-1,-1
173,7,860.71,188.66,66.24,187.37,0.4489,-1,-1,-1
173,6,100.97,546.15,73.86,247.17,0.6574,-1,-1,-1
173,5,1357.37,578.82,83.12,214.01,0.5034,-1,-1,-1
173,4,1721.03,461.01,74.53,206.25,0.5928,-1,-1,-1
173,3,1012.55,910.22,62.74,169.42,0.7341,-1,-1,-1
173,1,417.77,237.30,78.17,216.53,0.6146,-1,-1,-1
174,28,752.81,261.91,55.67,191.93,0.3572,-1,-1,-1
174,25,222.72,583.15,75.12,213.31,0.6752,-1,-1,-1
174,18,405.95,666.62,85.57,259.87,0.7818,-1,-1,-1
174,8,522.67,293.61,66.79,201.16,0.4238,-1,-1,-1
174,7,861.76,185.92,65.24,186.74,0.4383,-1,-1,-1
174,6,100.32,546.90,74.14,246.50,0.6518,-1,-1,-1
174,5,1357.33,579.18,82.81,211.15,0.4983,-1,-1,-1
174,4,1721.21,459.39,74.33,208.21,0.5966,-1,-1,-1
174,3,1009.94,911.89,63.56,168.11,0.7399,-1,-1,-1
174,1,417.56,236.63,77.32,217.36,0.6205,-1,-1,-1
175,28,752.55,261.02,57.07,195.54,0.4064,-1,-1,-1
175,25,225.70,578.79,70.16,214.45,0.6874,-1,-1,-1
175,20,945.47,123.26,73.17,174.38,0.3177,-1,-1,-1
175,18,406.41,663.44,85.48,261.46,0.8043,-1,-1,-1
175,8,521.77,293.18,66.77,200.77,0.3845,-1,-1,-1
175,7,863.24,185.86,65.81,182.24,0.4610,-1,-1,-1
175,6,100.03,546.61,73.87,246.22,0.6572,-1,-1,-1
175,5,1357.49,578.80,83.38,208.49,0.5184,-1,-1,-1
175,4,1721.81,459.93,73.45,207.98,0.5931,-1,-1,-1
175,3,1006.64,913.39,64.05,166.61,0.7263,-1,-1,-1
175,1,416.83,235.68,77.11,216.38,0.6517,-1,-1,-1
176,28,753.18,262.05,55.76,196.33,0.4104,-1,-1,-1
176,25,227.31,576.65,67.94,213.06,0.6685,-1,-1,-1
176,20,939.33,123.09,77.38,175.20,0.3969,-1,-1,-1
176,18,407.24,658.38,83.53,258.91,0.7913,-1,-1,-1
176,8,510.44,231.30,81.30,264.17,0.3236,-1,-1,-1
176,7,863.09,184.07,66.36,185.99,0.5037,-1,-1,-1
176,6,100.28,546.87,73.05,246.45,0.6576,-1,-1,-1
176,5,1357.46,578.92,82.35,207.00,0.5145,-1,-1,-1
176,4,1721.42,459.57,73.40,208.35,0.5885,-1,-1,-1
176,3,1006.10,913.21,62.33,166.79,0.7290,-1,-1,-1
176,1,417.17,232.60,75.62,218.16,0.6333,-1,-1,-1
177,29,0.29,621.57,101.43,221.72,0.4409,-1,-1,-1
177,28,752.39,261.24,56.67,198.93,0.3569,-1,-1,-1
177,25,227.20,575.12,67.99,211.01,0.6766,-1,-1,-1
177,20,936.93,124.07,78.02,172.64,0.3620,-1,-1,-1
177,18,408.27,653.48,82.44,252.86,0.7858,-1,-1,-1
177,8,517.44,250.80,72.71,243.51,0.3778,-1,-1,-1
177,7,864.14,181.68,66.87,185.25,0.5223,-1,-1,-1
177,6,100.20,546.92,73.09,245.90,0.6565,-1,-1,-1
177,5,1357.16,578.96,83.22,210.50,0.4843,-1,-1,-1
177,4,1721.07,459.75,74.15,208.03,0.5823,-1,-1,-1
177,3,1004.89,913.04,63.18,164.67,0.7308,-1,-1,-1
177,1,416.82,232.92,74.96,217.82,0.6375,-1,-1,-1
178,29,0.00,614.27,88.54,230.30,0.3779,-1,-1,-1
178,28,751.95,268.09,57.17,194.56,0.4084,-1,-1,-1
178,25,227.68,573.38,67.45,206.37,0.6069,-1,-1,-1
178,18,406.51,650.15,84.96,250.40,0.7857,-1,-1,-1
178,8,522.77,291.76,65.11,202.72,0.4454,-1,-1,-1
178,7,864.98,180.82,66.89,184.73,0.4978,-1,-1,-1
178,6,100.21,547.09,71.72,244.58,0.6539,-1,-1,-1
178,5,1356.84,577.57,83.41,212.88,0.4804,-1,-1,-1
178,4,1721.40,460.33,73.76,207.51,0.5631,-1,-1,-1
178,3,1004.28,913.26,62.10,164.62,0.7206,-1,-1,-1
178,1,416.32,230.69,74.51,214.70,0.6172,-1,-1,-1
179,29,0.00,618.58,96.89,230.12,0.5217,-1,-1,-1
179,28,750.78,271.46,58.79,193.40,0.4042,-1,-1,-1
179,25,227.10,571.31,68.64,207.42,0.6183,-1,-1,-1
179,23,606.84,278.56,58.27,192.10,0.3478,-1,-1,-1
179,20,936.62,125.86,72.98,168.78,0.3145,-1,-1,-1
179,18,407.53,648.78,85.28,249.48,0.7860,-1,-1,-1
179,8,522.95,297.14,63.88,196.39,0.4350,-1,-1,-1
179,7,866.12,180.55,67.07,183.80,0.4839,-1,-1,-1
179,6,101.10,545.71,70.47,247.15,0.6507,-1,-1,-1
179,5,1357.19,577.43,84.00,219.93,0.5050,-1,-1,-1
179,4,1721.38,460.68,73.24,206.97,0.5469,-1,-1,-1
179,3,1003.01,913.52,59.93,164.86,0.7161,-1,-1,-1
179,1,415.66,227.78,73.31,215.90,0.5930,-1,-1,-1
180,29,0.75,617.90,81.41,221.14,0.5042,-1,-1,-1
180,28,750.46,273.22,59.31,192.41,0.4176,-1,-1,-1
180,25,228.99,570.10,68.08,207.13,0.5864,-1,-1,-1
180,23,607.08,278.36,57.61,194.36,0.3532,-1,-1,-1
180,18,409.30,648.49,86.15,248.65,0.7905,-1,-1,-1
180,8,526.15,294.93,60.71,202.38,0.5224,-1,-1,-1
180,7,867.22,181.52,67.76,184.58,0.5042,-1,-1,-1
180,6,100.94,545.90,69.87,246.22,0.6557,-1,-1,-1
180,5,1357.71,577.02,81.54,210.42,0.5125,-1,-1,-1
180,4,1721.93,460.05,73.14,208.32,0.5274,-1,-1,-1
180,3,1000.92,913.09,59.78,165.63,0.7209,-1,-1,-1
180,1,414.43,227.55,74.87,211.89,0.6236,-1,-1,-1
181,29,0.85,617.42,79.27,224.72,0.4732,-1,-1,-1
181,28,751.26,273.56,57.17,192.81,0.4249,-1,-1,-1
181,25,229.65,569.30,68.81,205.49,0.5737,-1,-1,-1
181,23,606.81,278.98,58.84,203.08,0.3080,-1,-1,-1
181,18,409.66,646.78,88.24,249.46,0.7886,-1,-1,-1
181,8,527.72,301.28,58.82,198.89,0.5467,-1,-1,-1
181,7,868.96,178.74,67.09,184.12,0.5017,-1,-1,-1
181,6,100.88,545.20,69.82,248.55,0.6546,-1,-1,-1
181,5,1357.39,577.52,84.00,216.04,0.4994,-1,-1,-1
181,4,1721.73,458.66,74.05,210.08,0.5129,-1,-1,-1
181,3,998.47,914.64,59.73,164.57,0.7208,-1,-1,-1
181,1,414.76,227.41,74.00,209.52,0.5963,-1,-1,-1
182,29,1.39,618.95,105.13,239.71,0.6071,-1,-1,-1
182,28,751.39,275.12,57.49,193.76,0.3595,-1,-1,-1
182,25,231.55,567.72,64.25,203.28,0.5869,-1,-1,-1
182,18,408.46,645.68,90.82,250.96,0.7844,-1,-1,-1
182,8,525.81,296.14,61.03,200.79,0.4856,-1,-1,-1
182,7,867.01,177.48,73.08,186.69,0.5388,-1,-1,-1
182,6,101.14,545.88,69.50,246.98,0.6712,-1,-1,-1
182,5,1357.41,576.38,84.36,226.27,0.4785,-1,-1,-1
182,4,1722.34,459.31,72.62,209.04,0.5284,-1,-1,-1
182,3,996.90,916.28,58.08,162.39,0.7356,-1,-1,-1
182,1,415.16,226.90,74.16,207.75,0.5808,-1,-1,-1
183,29,3.79,622.19,102.75,237.82,0.6555,-1,-1,-1
183,28,749.47,276.50,61.14,194.55,0.3655,-1,-1,-1
183,25,230.50,566.18,66.49,205.71,0.5514,-1,-1,-1
183,23,607.12,280.14,58.93,211.51,0.3247,-1,-1,-1
183,18,408.05,643.84,93.38,252.41,0.7979,-1,-1,-1
183,8,522.88,294.72,65.64,208.04,0.4062,-1,-1,-1
183,7,867.88,176.75,72.70,187.52,0.5564,-1,-1,-1
183,6,101.24,545.88,69.27,247.93,0.6819,-1,-1,-1
183,5,1357.39,577.04,84.76,223.23,0.4897,-1,-1,-1
183,4,1722.40,459.49,72.55,208.45,0.5237,-1,-1,-1
183,3,995.84,916.17,58.20,162.01,0.7283,-1,-1,-1
183,1,416.91,229.14,72.38,205.83,0.5794,-1,-1,-1
184,29,7.82,622.49,96.31,233.40,0.6215,-1,-1,-1
184,28,750.33,278.77,60.45,192.26,0.3489,-1,-1,-1
184,25,231.89,565.66,65.28,209.97,0.5351,-1,-1,-1
184,23,607.59,279.02,60.86,212.47,0.3337,-1,-1,-1
184,18,408.96,642.58,93.65,253.25,0.7735,-1,-1,-1
184,8,520.30,230.68,68.76,275.56,0.3986,-1,-1,-1
184,7,867.87,176.98,72.59,187.38,0.5430,-1,-1,-1
184,6,100.68,545.86,68.87,248.13,0.6704,-1,-1,-1
184,5,1357.62,576.46,84.81,224.83,0.4653,-1,-1,-1
184,4,1721.20,459.22,73.30,209.02,0.5334,-1,-1,-1
184,3,994.97,918.20,57.83,161.37,0.7233,-1,-1,-1
184,1,417.02,227.76,73.43,207.31,0.5791,-1,-1,-1
185,29,14.36,621.59,92.01,233.27,0.6221,-1,-1,-1
185,28,750.78,280.36,62.54,191.49,0.3298,-1,-1,-1
185,25,231.83,565.55,66.38,210.19,0.5680,-1,-1,-1
185,23,607.23,288.98,59.27,204.98,0.3305,-1,-1,-1
185,18,408.28,643.36,95.35,252.49,0.7859,-1,-1,-1
185,8,521.53,293.18,65.72,212.77,0.4305,-1,-1,-1
185,7,867.55,178.22,75.03,188.88,0.5879,-1,-1,-1
185,6,100.09,546.24,68.66,246.88,0.6464,-1,-1,-1
185,5,1357.89,575.74,83.71,218.69,0.4800,-1,-1,-1
185,4,1721.71,459.48,72.77,208.33,0.5027,-1,-1,-1
185,3,993.30,918.37,58.71,159.58,0.7175,-1,-1,-1
185,1,415.71,227.33,74.21,207.60,0.5878,-1,-1,-1
186,30,1194.82,150.19,56.23,180.61,0.3235,-1,-1,-1
186,29,16.58,618.90,93.85,236.13,0.6575,-1,-1,-1
186,25,229.79,565.32,67.10,207.97,0.5833,-1,-1,-1
186,23,607.78,284.46,59.30,206.78,0.3588,-1,-1,-1
186,18,408.69,641.11,94.41,255.30,0.7943,-1,-1,-1
186,8,524.26,303.37,60.30,199.31,0.4266,-1,-1,-1
186,7,867.52,175.91,74.22,191.37,0.5612,-1,-1,-1
186,6,99.50,546.65,69.30,246.11,0.6452,-1,-1,-1
186,5,1357.24,574.34,84.20,225.42,0.4939,-1,-1,-1
186,4,1721.92,459.05,72.59,208.80,0.5033,-1,-1,-1
186,3,992.20,918.29,57.85,160.58,0.7341,-1,-1,-1
186,1,415.57,226.73,74.39,207.61,0.5963,-1,-1,-1
187,30,1192.38,149.31,58.05,181.51,0.3554,-1,-1,-1
187,29,22.90,619.89,97.22,240.16,0.6872,-1,-1,-1
187,25,228.87,564.14,67.54,209.75,0.6350,-1,-1,-1
187,23,607.22,287.72,60.10,200.54,0.3475,-1,-1,-1
187,18,408.53,639.13,94.54,256.39,0.7812,-1,-1,-1
187,8,526.02,301.85,59.28,205.38,0.5400,-1,-1,-1
187,7,867.22,176.57,74.95,191.53,0.5617,-1,-1,-1
187,6,97.70,546.53,71.16,243.00,0.6377,-1,-1,-1
187,5,1357.63,573.28,83.99,224.81,0.5044,-1,-1,-1
187,4,1721.80,459.76,72.50,207.84,0.4952,-1,-1,-1
187,3,989.42,918.89,60.45,159.50,0.7347,-1,-1,-1
187,1,416.03,224.96,74.35,210.23,0.6014,-1,-1,-1
188,29,23.06,618.52,104.77,240.63,0.7143,-1,-1,-1
188,28,752.33,280.72,62.02,192.03,0.3160,-1,-1,-1
188,25,227.87,561.68,68.69,211.74,0.6183,-1,-1,-1
188,23,606.10,289.36,59.73,199.77,0.3350,-1,-1,-1
188,18,410.60,637.48,92.17,256.36,0.7685,-1,-1,-1
188,8,523.71,300.23,62.53,207.56,0.5397,-1,-1,-1
188,7,868.28,177.79,74.42,184.70,0.4322,-1,-1,-1
188,6,96.68,546.18,71.78,241.54,0.5923,-1,-1,-1
188,5,1357.82,572.43,83.92,226.09,0.4594,-1,-1,-1
188,4,1721.26,460.37,73.52,207.17,0.5075,-1,-1,-1
188,3,988.91,919.21,60.54,159.35,0.7218,-1,-1,-1
188,1,415.99,226.23,74.64,207.17,0.5946,-1,-1,-1
189,29,23.79,619.80,110.21,242.03,0.6902,-1,-1,-1
189,25,229.43,557.29,64.76,209.09,0.5553,-1,-1,-1
189,23,605.34,301.01,59.35,189.45,0.3508,-1,-1,-1
189,18,409.64,633.71,92.25,259.01,0.7985,-1,-1,-1
189,8,523.09,304.97,63.13,206.32,0.5648,-1,-1,-1
189,7,866.75,177.34,79.15,186.13,0.4621,-1,-1,-1
189,6,94.90,546.62,70.61,237.66,0.5354,-1,-1,-1
189,5,1357.99,572.82,81.67,217.77,0.4582,-1,-1,-1
189,4,1720.86,460.76,73.77,207.34,0.4816,-1,-1,-1
189,3,987.64,919.83,59.65,158.94,0.7122,-1,-1,-1
189,1,416.01,224.43,74.27,207.80,0.5819,-1,-1,-1
190,29,27.35,621.94,112.95,245.82,0.6737,-1,-1,-1
190,25,229.59,554.81,64.32,206.95,0.5731,-1,-1,-1
190,23,605.05,296.57,60.17,195.61,0.3469,-1,-1,-1
190,18,412.03,634.02,87.66,255.77,0.7853,-1,-1,-1
190,8,522.14,302.81,65.49,210.00,0.5938,-1,-1,-1
190,7,867.23,179.21,82.18,184.35,0.5122,-1,-1,-1
190,6,93.59,546.48,71.54,230.39,0.4935,-1,-1,-1
190,5,1357.77,572.29,81.59,218.00,0.4494,-1,-1,-1
190,4,1721.51,458.57,73.35,209.26,0.4643,-1,-1,-1
190,3,986.58,920.91,59.36,157.30,0.7264,-1,-1,-1
190,1,417.07,224.45,73.59,207.54,0.5687,-1,-1,-1
191,29,29.52,622.66,121.11,250.23,0.6087,-1,-1,-1
191,25,229.39,551.36,63.20,205.62,0.5918,-1,-1,-1
191,23,604.36,304.53,60.36,188.50,0.3196,-1,-1,-1
191,18,411.94,630.32,86.20,255.15,0.7833,-1,-1,-1
191,8,522.07,303.08,66.45,210.68,0.5484,-1,-1,-1
191,7,870.24,174.44,78.22,185.77,0.4829,-1,-1,-1
191,6,96.13,545.54,68.06,184.01,0.5734,-1,-1,-1
191,5,1357.93,571.48,87.12,232.25,0.4815,-1,-1,-1
191,4,1720.26,459.68,74.68,208.36,0.4924,-1,-1,-1
191,3,985.47,922.01,59.25,155.22,0.7426,-1,-1,-1
191,1,417.64,222.88,73.75,207.78,0.5656,-1,-1,-1
192,29,33.01,626.04,120.91,251.51,0.5943,-1,-1,-1
192,25,227.96,550.37,65.60,204.41,0.6324,-1,-1,-1
192,23,603.48,306.17,60.15,186.35,0.3872,-1,-1,-1
192,18,412.35,624.88,84.87,251.67,0.7717,-1,-1,-1
192,8,522.53,305.17,66.34,208.28,0.5989,-1,-1,-1
192,7,872.25,172.50,76.92,185.95,0.5071,-1,-1,-1
192,6,95.68,544.98,68.80,182.95,0.5979,-1,-1,-1
192,5,1357.34,570.93,85.59,223.30,0.4981,-1,-1,-1
192,4,1720.46,459.98,74.35,207.49,0.5382,-1,-1,-1
192,3,984.79,922.69,58.29,154.54,0.7447,-1,-1,-1
192,1,418.64,223.02,73.69,207.86,0.5437,-1,-1,-1
193,29,37.73,629.90,112.78,245.22,0.5098,-1,-1,-1
193,25,228.40,546.73,64.88,207.24,0.6395,-1,-1,-1
193,23,602.38,307.77,60.83,185.86,0.3524,-1,-1,-1
193,18,412.46,621.85,83.63,247.92,0.7896,-1,-1,-1
193,8,521.12,308.86,67.76,204.56,0.5524,-1,-1,-1
193,7,875.34,172.97,73.99,184.56,0.4296,-1,-1,-1
193,6,94.76,545.09,68.71,180.11,0.5867,-1,-1,-1
193,5,1357.55,570.76,85.62,229.63,0.4933,-1,-1,-1
193,4,1720.77,459.40,73.86,207.51,0.5201,-1,-1,-1
193,3,984.32,921.98,57.29,155.87,0.7164,-1,-1,-1
193,1,417.74,220.86,74.78,208.82,0.5236,-1,-1,-1
194,29,41.14,632.19,111.10,240.93,0.5885,-1,-1,-1
194,25,228.13,545.87,64.76,205.56,0.6429,-1,-1,-1
194,23,601.72,307.90,60.16,186.85,0.3650,-1,-1,-1
194,18,413.51,618.69,79.64,247.88,0.7743,-1,-1,-1
194,8,519.62,308.94,68.76,205.19,0.5770,-1,-1,-1
194,7,875.67,173.14,74.30,181.62,0.3923,-1,-1,-1
194,6,93.06,544.77,70.59,176.37,0.6222,-1,-1,-1
194,5,1356.78,570.60,85.39,230.95,0.4713,-1,-1,-1
194,4,1720.81,460.00,73.92,207.60,0.5017,-1,-1,-1
194,3,981.70,921.60,60.27,156.74,0.7386,-1,-1,-1
194,1,417.94,222.04,75.66,206.42,0.5100,-1,-1,-1
195,29,42.63,633.87,109.98,233.75,0.6656,-1,-1,-1
195,25,228.43,544.59,63.24,208.14,0.6471,-1,-1,-1
195,23,601.11,308.90,60.71,184.61,0.4301,-1,-1,-1
195,18,412.85,617.58,80.63,247.14,0.7846,-1,-1,-1
195,8,516.75,308.40,72.09,207.34,0.6708,-1,-1,-1
195,7,878.33,169.74,72.04,178.08,0.3666,-1,-1,-1
195,6,93.16,544.48,70.05,176.59,0.6015,-1,-1,-1
195,5,1356.89,570.23,83.99,217.91,0.5590,-1,-1,-1
195,4,1721.11,459.39,73.67,208.43,0.5215,-1,-1,-1
195,3,982.39,922.15,58.59,155.89,0.7299,-1,-1,-1
195,1,418.77,218.87,75.08,211.01,0.5585,-1,-1,-1
196,29,46.48,636.39,107.01,244.10,0.6668,-1,-1,-1
196,28,752.81,291.31,62.72,190.76,0.3690,-1,-1,-1
196,25,226.75,544.53,63.83,207.24,0.6475,-1,-1,-1
196,23,601.50,311.11,61.02,182.26,0.4007,-1,-1,-1
196,18,408.33,613.90,85.02,248.93,0.7515,-1,-1,-1
196,8,517.96,310.86,71.34,207.13,0.6012,-1,-1,-1
196,7,881.63,169.21,67.59,176.05,0.4262,-1,-1,-1
196,6,93.44,544.21,68.85,177.39,0.5414,-1,-1,-1
196,5,1356.47,571.99,84.30,219.19,0.5213,-1,-1,-1
196,4,1720.71,458.29,73.23,210.19,0.5037,-1,-1,-1
196,3,980.12,921.50,61.52,157.06,0.7311,-1,-1,-1
196,1,420.01,217.55,73.18,209.81,0.5386,-1,-1,-1
197,30,1163.23,143.75,57.62,181.58,0.3170,-1,-1,-1
197,29,51.50,639.79,108.19,249.00,0.6736,-1,-1,-1
197,28,753.45,293.63,60.77,187.92,0.3260,-1,-1,-1
197,25,226.16,543.82,64.24,209.62,0.6860,-1,-1,-1
197,23,601.05,311.26,61.01,182.74,0.4319,-1,-1,-1
197,18,404.34,610.90,88.00,250.19,0.7413,-1,-1,-1
197,8,514.97,306.81,74.49,212.68,0.6745,-1,-1,-1
197,7,882.43,168.27,66.23,176.46,0.4546,-1,-1,-1
197,6,94.48,544.04,66.77,171.39,0.5280,-1,-1,-1
197,5,1356.53,571.58,84.04,217.97,0.5401,-1,-1,-1
197,4,1721.46,458.85,73.35,209.41,0.5006,-1,-1,-1
197,3,977.34,921.91,63.78,156.65,0.7374,-1,-1,-1
197,1,419.20,216.27,76.48,209.23,0.5739,-1,-1,-1
198,29,55.13,642.34,107.25,247.41,0.6953,-1,-1,-1
198,28,754.49,294.70,63.34,189.97,0.3059,-1,-1,-1
198,25,225.95,542.82,64.93,210.03,0.6939,-1,-1,-1
198,23,600.87,312.41,60.60,182.60,0.4362,-1,-1,-1
198,18,400.46,611.49,90.80,251.63,0.7492,-1,-1,-1
198,8,515.64,312.91,72.93,210.23,0.6261,-1,-1,-1
198,7,885.72,158.49,63.61,186.36,0.4296,-1,-1,-1
198,6,96.27,543.96,64.32,171.11,0.5198,-1,-1,-1
198,5,1356.55,571.95,84.99,219.29,0.5586,-1,-1,-1
198,4,1720.92,459.08,73.57,208.44,0.4964,-1,-1,-1
198,3,976.37,921.08,61.90,157.79,0.7018,-1,-1,-1
198,1,420.69,215.31,75.71,208.36,0.5656,-1,-1,-1
199,30,1159.88,141.93,57.91,182.78,0.3185,-1,-1,-1
199,29,57.06,644.27,106.94,247.76,0.7226,-1,-1,-1
199,25,226.38,543.29,64.45,208.85,0.7028,-1,-1,-1
199,23,601.51,313.49,59.78,179.65,0.4473,-1,-1,-1
199,18,398.13,610.71,93.17,253.50,0.7422,-1,-1,-1
199,8,516.44,315.32,71.69,209.79,0.6018,-1,-1,-1
199,7,885.36,156.97,66.43,187.84,0.3958,-1,-1,-1
199,6,95.77,544.45,64.49,171.61,0.5182,-1,-1,-1
199,5,1354.93,570.82,86.15,223.04,0.5205,-1,-1,-1
199,4,1720.77,458.68,73.14,209.17,0.5286,-1,-1,-1
199,3,973.44,921.17,64.60,157.64,0.7289,-1,-1,-1
199,1,418.99,214.15,77.27,205.29,0.5663,-1,-1,-1
200,30,1157.66,141.22,58.75,182.16,0.3478,-1,-1,-1
200,29,60.28,649.15,102.28,243.01,0.7122,-1,-1,-1
200,28,751.57,295.61,63.43,195.21,0.3102,-1,-1,-1
200,25,225.98,542.29,63.30,208.38,0.7167,-1,-1,-1
200,23,601.77,315.17,59.86,178.44,0.4225,-1,-1,-1
200,18,397.59,610.15,92.24,252.14,0.7471,-1,-1,-1
200,8,518.28,318.92,67.86,208.99,0.5842,-1,-1,-1
200,7,884.49,160.00,68.90,187.05,0.4004,-1,-1,-1
200,6,95.72,543.67,64.35,166.60,0.5372,-1,-1,-1
200,5,1356.10,571.44,81.95,216.62,0.5400,-1,-1,-1
200,4,1721.00,458.72,72.62,208.60,0.5340,-1,-1,-1
200,3,972.50,920.07,63.62,157.85,0.7147,-1,-1,-1
200,1,418.93,212.13,77.65,205.47,0.5739,-1,-1,-1
201,30,1156.75,139.76,57.63,181.91,0.3180,-1,-1,-1
201,29,64.93,654.72,97.13,238.07,0.7342,-1,-1,-1
201,25,226.17,541.39,62.76,209.19,0.7041,-1,-1,-1
201,23,602.07,318.81,58.10,171.94,0.4311,-1,-1,-1
201,18,395.46,609.67,93.51,252.17,0.7428,-1,-1,-1
201,8,516.14,318.72,70.65,213.28,0.5941,-1,-1,-1
201,7,886.05,158.86,70.49,187.17,0.4226,-1,-1,-1
201,6,94.50,543.98,64.74,166.90,0.4987,-1,-1,-1
201,5,1355.74,571.01,81.73,219.92,0.5451,-1,-1,-1
201,4,1720.96,458.12,72.66,209.17,0.5539,-1,-1,-1
201,3,971.98,919.76,62.78,158.23,0.7218,-1,-1,-1
201,1,419.32,211.33,79.13,206.37,0.5669,-1,-1,-1
202,30,1155.21,139.31,57.68,182.69,0.3837,-1,-1,-1
202,29,66.76,656.22,95.17,236.31,0.7427,-1,-1,-1
202,25,225.20,539.93,63.98,210.89,0.7057,-1,-1,-1
202,23,602.06,322.99,57.42,167.33,0.4481,-1,-1,-1
202,18,396.61,608.90,92.07,250.13,0.7354,-1,-1,-1
202,8,516.23,317.53,72.33,215.94,0.6122,-1,-1,-1
202,7,888.15,158.08,70.87,185.17,0.4323,-1,-1,-1
202,6,97.28,542.72,62.26,154.05,0.4446,-1,-1,-1
202,5,1355.16,571.11,81.20,215.41,0.5172,-1,-1,-1
202,4,1721.50,458.40,72.63,209.69,0.5819,-1,-1,-1
202,3,971.24,919.20,61.86,159.10,0.7279,-1,-1,-1
202,1,419.57,210.16,79.91,205.43,0.5610,-1,-1,-1
203,30,1154.07,138.24,55.90,183.87,0.3753,-1,-1,-1
203,29,68.66,657.18,95.08,234.42,0.6964,-1,-1,-1
203,25,223.02,537.18,65.60,212.21,0.6996,-1,-1,-1
203,23,602.11,322.26,57.38,167.51,0.4457,-1,-1,-1
203,18,395.03,607.03,91.75,248.43,0.7339,-1,-1,-1
203,8,515.93,317.80,72.27,216.24,0.5676,-1,-1,-1
203,7,887.13,156.65,70.98,186.39,0.4726,-1,-1,-1
203,6,97.32,542.89,60.87,151.82,0.3301,-1,-1,-1
203,5,1356.59,572.46,81.21,210.54,0.5458,-1,-1,-1
203,4,1720.84,458.37,73.17,209.61,0.5910,-1,-1,-1
203,3,970.56,918.71,63.10,159.18,0.7357,-1,-1,-1
203,1,421.45,208.75,78.14,207.08,0.4910,-1,-1,-1
204,30,1153.25,141.21,54.06,179.14,0.3813,-1,-1,-1
204,29,69.82,658.08,95.68,232.85,0.6856,-1,-1,-1
204,25,222.88,534.99,64.60,210.94,0.6727,-1,-1,-1
204,23,602.72,324.54,56.89,167.46,0.3988,-1,-1,-1
204,18,397.32,602.16,88.90,250.44,0.7216,-1,-1,-1
204,8,512.45,317.63,74.50,218.65,0.5869,-1,-1,-1
204,7,887.10,157.16,71.90,186.03,0.5037,-1,-1,-1
204,6,97.40,543.30,60.51,149.59,0.3513,-1,-1,-1
204,5,1356.82,571.43,83.04,214.45,0.5603,-1,-1,-1
204,4,1721.02,459.10,73.22,208.99,0.5781,-1,-1,-1
204,3,968.13,915.73,63.11,162.07,0.7307,-1,-1,-1
204,1,423.83,208.71,76.71,206.89,0.4480,-1,-1,-1
205,36,0.37,598.73,65.73,241.25,0.3527,-1,-1,-1
205,30,1151.61,138.96,55.28,181.66,0.3937,-1,-1,-1
205,29,70.59,656.23,99.06,235.15,0.7375,-1,-1,-1
205,28,756.35,299.40,59.47,195.79,0.3386,-1,-1,-1
205,25,219.99,530.71,66.42,209.83,0.6652,-1,-1,-1
205,23,604.06,324.33,55.90,167.97,0.3882,-1,-1,-1
205,18,394.27,599.60,91.08,251.92,0.7193,-1,-1,-1
205,8,514.64,317.94,73.68,218.11,0.5049,-1,-1,-1
205,7,888.86,155.31,68.85,187.66,0.4669,-1,-1,-1
205,6,97.19,542.60,60.30,146.62,0.3398,-1,-1,-1
205,5,1356.21,571.66,82.73,215.07,0.5317,-1,-1,-1
205,4,1720.18,458.74,74.21,210.07,0.5665,-1,-1,-1
205,3,967.20,915.29,62.20,162.92,0.7310,-1,-1,-1
205,1,424.28,208.52,77.37,207.15,0.4663,-1,-1,-1
206,36,0.45,601.60,79.49,237.09,0.4629,-1,-1,-1
206,30,1149.90,137.81,55.35,182.68,0.4033,-1,-1,-1
206,29,75.47,656.31,98.27,234.82,0.7627,-1,-1,-1
206,28,758.56,299.15,57.98,195.76,0.3774,-1,-1,-1
206,25,221.28,528.80,63.47,202.17,0.6692,-1,-1,-1
206,23,604.15,324.55,55.89,167.21,0.4112,-1,-1,-1
206,18,396.02,597.75,88.16,252.39,0.7334,-1,-1,-1
206,8,512.74,319.70,75.06,217.58,0.5080,-1,-1,-1
206,7,890.67,156.34,68.31,183.85,0.5184,-1,-1,-1
206,6,97.22,542.98,61.56,146.95,0.3889,-1,-1,-1
206,5,1355.35,571.35,82.11,215.91,0.5380,-1,-1,-1
206,4,1720.32,459.08,74.61,209.52,0.5679,-1,-1,-1
206,3,965.28,914.83,63.00,163.05,0.7458,-1,-1,-1
206,1,422.85,205.17,79.31,208.60,0.5126,-1,-1,-1
207,30,1147.04,137.41,55.46,183.57,0.3709,-1,-1,-1
207,29,80.77,659.07,104.47,236.22,0.7234,-1,-1,-1
207,28,759.13,298.28,58.16,195.27,0.3295,-1,-1,-1
207,25,221.94,526.61,62.51,201.52,0.6494,-1,-1,-1
207,23,604.02,324.99,56.17,168.11,0.4119,-1,-1,-1
207,18,396.50,596.54,86.92,246.55,0.7456,-1,-1,-1
207,8,510.91,319.59,75.58,216.75,0.5340,-1,-1,-1
207,7,890.75,154.38,71.74,190.51,0.5108,-1,-1,-1
207,6,98.12,543.44,61.05,148.08,0.4421,-1,-1,-1
207,5,1357.51,570.68,79.97,213.33,0.4978,-1,-1,-1
207,4,1720.77,458.89,73.62,208.66,0.5735,-1,-1,-1
207,3,964.26,913.14,62.32,165.01,0.7476,-1,-1,-1
207,1,422.98,205.23,79.72,207.11,0.4888,-1,-1,-1
208,36,0.93,605.79,85.88,234.48,0.3637,-1,-1,-1
208,30,1144.46,136.85,56.21,183.97,0.3935,-1,-1,-1
208,29,84.76,660.17,108.86,241.57,0.7345,-1,-1,-1
208,28,758.28,298.43,59.17,195.86,0.3509,-1,-1,-1
208,25,220.01,524.73,64.62,202.68,0.6129,-1,-1,-1
208,23,602.97,323.91,57.14,167.49,0.4062,-1,-1,-1
208,18,398.50,593.26,84.36,244.26,0.7482,-1,-1,-1
208,8,508.32,323.72,76.08,211.80,0.5138,-1,-1,-1
208,7,892.99,152.65,68.27,191.65,0.4737,-1,-1,-1
208,6,98.25,543.58,61.51,148.21,0.3912,-1,-1,-1
208,5,1357.45,570.41,79.97,214.30,0.5151,-1,-1,-1
208,4,1721.51,458.79,73.09,209.88,0.5807,-1,-1,-1
208,3,961.43,912.61,63.80,165.92,0.7408,-1,-1,-1
208,1,424.48,206.44,77.77,207.84,0.4770,-1,-1,-1
209,36,0.90,606.18,84.21,236.29,0.5766,-1,-1,-1
209,30,1142.10,137.96,57.06,181.75,0.3426,-1,-1,-1
209,29,86.31,665.50,115.07,239.92,0.7617,-1,-1,-1
209,28,758.65,301.54,59.48,194.84,0.3531,-1,-1,-1
209,25,220.45,523.21,63.52,202.53,0.6256,-1,-1,-1
209,23,601.70,323.69,57.36,168.97,0.3730,-1,-1,-1
209,18,399.37,590.91,82.01,240.17,0.7519,-1,-1,-1
209,8,508.58,323.40,74.54,212.64,0.5572,-1,-1,-1
209,7,893.76,151.54,68.47,189.48,0.4535,-1,-1,-1
209,6,98.91,545.44,61.58,150.28,0.3752,-1,-1,-1
209,5,1357.34,570.86,77.43,215.64,0.4956,-1,-1,-1
209,4,1721.62,457.47,72.86,210.64,0.5548,-1,-1,-1
209,3,961.09,912.51,61.52,166.13,0.7305,-1,-1,-1
209,1,425.44,206.25,77.10,209.10,0.4398,-1,-1,-1
210,36,1.48,607.22,86.22,233.82,0.5913,-1,-1,-1
210,32,817.68,318.77,58.50,184.77,0.3465,-1,-1,-1
210,30,1141.24,137.78,56.28,181.56,0.3409,-1,-1,-1
210,29,84.93,666.99,120.58,240.55,0.7543,-1,-1,-1
210,28,759.85,304.73,61.13,196.18,0.3198,-1,-1,-1
210,25,218.99,522.47,65.38,203.90,0.6205,-1,-1,-1
210,23,602.00,322.78,57.58,179.38,0.3335,-1,-1,-1
210,18,400.80,590.12,80.49,237.59,0.7551,-1,-1,-1
210,8,508.45,323.68,73.40,213.36,0.5971,-1,-1,-1
210,7,894.22,151.15,67.47,189.33,0.4767,-1,-1,-1
210,6,99.97,543.04,61.02,152.26,0.3845,-1,-1,-1
210,5,1356.95,571.01,78.54,215.14,0.5190,-1,-1,-1
210,4,1721.14,458.28,73.30,210.38,0.5698,-1,-1,-1
210,3,957.86,912.14,63.40,167.07,0.7292,-1,-1,-1
210,1,425.36,205.47,76.36,210.22,0.4219,-1,-1,-1
211,36,0.66,612.49,89.04,228.59,0.5870,-1,-1,-1
211,30,1138.74,137.73,56.63,182.73,0.3332,-1,-1,-1
211,29,92.23,668.90,113.70,241.40,0.7521,-1,-1,-1
211,28,758.47,305.87,64.76,198.27,0.3100,-1,-1,-1
211,25,217.57,520.99,65.80,205.20,0.5994,-1,-1,-1
211,18,401.08,586.99,79.73,238.55,0.7515,-1,-1,-1
211,8,508.39,323.84,72.67,211.37,0.5998,-1,-1,-1
211,7,894.88,150.51,69.20,185.37,0.4973,-1,-1,-1
211,6,100.13,543.63,63.07,153.49,0.3776,-1,-1,-1
211,5,1356.18,570.24,78.43,219.97,0.5124,-1,-1,-1
211,4,1720.83,459.28,73.61,207.65,0.5500,-1,-1,-1
211,3,955.63,912.42,64.45,166.17,0.7376,-1,-1,-1
211,1,427.01,205.07,76.05,209.59,0.4367,-1,-1,-1
212,36,17.66,609.59,83.08,234.66,0.5596,-1,-1,-1
212,32,813.94,321.82,63.59,186.21,0.3805,-1,-1,-1
212,29,98.08,669.88,108.26,244.82,0.7423,-1,-1,-1
212,25,216.48,519.66,66.06,206.14,0.6211,-1,-1,-1
212,18,399.90,585.22,81.75,239.37,0.7133,-1,-1,-1
212,8,507.55,325.57,72.29,210.34,0.5918,-1,-1,-1
212,7,898.31,147.49,67.73,183.30,0.4892,-1,-1,-1
212,6,101.43,543.85,63.28,158.69,0.4590,-1,-1,-1
212,5,1356.42,571.12,78.21,219.70,0.5009,-1,-1,-1
212,4,1720.59,459.51,74.22,209.82,0.5753,-1,-1,-1
212,3,953.98,910.84,64.76,169.16,0.7329,-1,-1,-1
212,1,425.92,203.17,77.40,210.15,0.4024,-1,-1,-1
213,36,25.70,610.00,76.54,234.38,0.5290,-1,-1,-1
213,32,808.36,321.10,71.96,188.37,0.3330,-1,-1,-1
213,29,100.62,668.94,106.36,250.10,0.7477,-1,-1,-1
213,25,215.80,519.35,65.65,204.31,0.6150,-1,-1,-1
213,23,600.61,327.77,60.31,187.28,0.3035,-1,-1,-1
213,18,400.13,582.71,82.32,242.71,0.7104,-1,-1,-1
213,8,507.78,325.91,70.85,211.53,0.6299,-1,-1,-1
213,7,899.27,144.84,67.19,183.76,0.5013,-1,-1,-1
213,6,101.67,544.04,63.84,173.70,0.4890,-1,-1,-1
213,5,1355.86,570.52,78.80,221.44,0.5398,-1,-1,-1
213,4,1720.57,458.98,74.68,209.94,0.5666,-1,-1,-1
213,3,951.71,909.88,65.13,170.12,0.7463,-1,-1,-1
213,1,425.70,201.79,77.34,210.16,0.4076,-1,-1,-1
214,36,35.79,613.85,66.90,232.48,0.5563,-1,-1,-1
214,32,819.45,325.12,61.79,186.92,0.3310,-1,-1,-1
214,29,106.11,665.67,101.90,254.66,0.7556,-1,-1,-1
214,25,215.90,518.95,65.91,203.14,0.5915,-1,-1,-1
214,23,600.79,331.44,59.04,195.36,0.3601,-1,-1,-1
214,18,398.87,579.98,85.74,245.07,0.6935,-1,-1,-1
214,8,508.81,324.32,71.69,211.36,0.7047,-1,-1,-1
214,7,901.03,141.67,66.14,186.00,0.4662,-1,-1,-1
214,6,101.34,546.98,66.26,174.05,0.4908,-1,-1,-1
214,5,1355.22,571.36,78.68,217.49,0.5271,-1,-1,-1
214,4,1721.58,459.53,73.47,207.05,0.5645,-1,-1,-1
214,3,951.46,908.65,64.01,171.35,0.7357,-1,-1,-1
214,1,425.54,201.31,75.89,210.41,0.3946,-1,-1,-1
215,36,42.33,612.36,71.33,235.87,0.5209,-1,-1,-1
215,32,811.39,323.30,71.34,187.65,0.3430,-1,-1,-1
215,29,111.31,664.46,96.17,257.54,0.7662,-1,-1,-1
215,28,759.19,312.46,70.43,191.62,0.3765,-1,-1,-1
215,25,216.14,517.83,65.17,203.86,0.5843,-1,-1,-1
215,23,600.75,332.99,61.57,199.89,0.3784,-1,-1,-1
215,18,398.40,578.96,87.67,245.74,0.7152,-1,-1,-1
215,8,509.17,325.17,70.81,214.26,0.6742,-1,-1,-1
215,7,901.63,142.21,66.33,185.73,0.4448,-1,-1,-1
215,6,101.84,548.16,68.51,170.92,0.4498,-1,-1,-1
215,5,1356.38,571.74,78.41,214.64,0.5403,-1,-1,-1
215,4,1721.45,459.70,73.64,207.60,0.5782,-1,-1,-1
215,3,949.94,909.14,63.04,170.86,0.7452,-1,-1,-1
215,1,427.14,200.65,74.76,209.17,0.3774,-1,-1,-1
216,36,45.08,610.72,71.41,240.92,0.6183,-1,-1,-1
216,32,811.84,322.28,75.88,190.65,0.3305,-1,-1,-1
216,30,1128.77,132.58,56.83,185.23,0.3453,-1,-1,-1
216,29,114.98,662.67,92.20,259.74,0.7806,-1,-1,-1
216,28,755.78,313.62,73.50,192.19,0.3829,-1,-1,-1
216,25,214.82,516.96,65.18,201.21,0.5842,-1,-1,-1
216,23,599.38,333.07,63.54,200.15,0.3830,-1,-1,-1
216,18,399.44,578.71,87.66,246.45,0.7187,-1,-1,-1
216,8,508.27,327.35,70.50,216.76,0.6221,-1,-1,-1
216,7,901.41,140.99,66.35,186.62,0.5114,-1,-1,-1
216,6,102.20,547.86,70.24,173.04,0.4643,-1,-1,-1
216,5,1355.79,571.02,79.91,218.27,0.5404,-1,-1,-1
216,4,1721.71,458.75,72.91,209.14,0.5417,-1,-1,-1
216,3,949.89,909.23,62.21,170.77,0.7376,-1,-1,-1
216,1,426.78,201.74,73.95,203.15,0.3520,-1,-1,-1
217,36,49.26,613.86,74.37,239.52,0.6280,-1,-1,-1
217,29,114.15,662.72,94.17,259.45,0.7908,-1,-1,-1
217,28,756.33,315.38,75.54,189.97,0.3677,-1,-1,-1
217,25,218.70,515.91,60.29,204.40,0.5800,-1,-1,-1
217,23,601.06,337.06,58.50,199.92,0.3870,-1,-1,-1
217,18,398.86,577.12,89.30,246.89,0.7099,-1,-1,-1
217,8,509.11,329.66,69.57,217.97,0.5991,-1,-1,-1
217,7,901.04,141.11,67.78,185.11,0.4604,-1,-1,-1
217,6,101.93,549.12,67.87,171.16,0.3979,-1,-1,-1
217,5,1354.88,571.72,82.11,218.57,0.5258,-1,-1,-1
217,4,1721.07,459.04,73.63,209.02,0.5315,-1,-1,-1
217,3,949.79,908.85,60.85,171.15,0.7374,-1,-1,-1
217,1,426.87,199.26,72.90,203.01,0.3484,-1,-1,-1
218,36,52.99,618.19,84.02,236.57,0.4969,-1,-1,-1
218,29,118.52,664.13,92.47,257.64,0.7803,-1,-1,-1
218,28,761.29,314.58,69.05,192.93,0.3127,-1,-1,-1
218,25,219.50,514.06,57.65,206.39,0.5482,-1,-1,-1
218,23,598.77,340.16,60.04,197.47,0.4311,-1,-1,-1
218,18,398.25,576.83,90.29,246.35,0.7189,-1,-1,-1
218,8,510.19,330.29,67.52,220.40,0.6173,-1,-1,-1
218,7,901.48,141.48,67.07,183.11,0.3776,-1,-1,-1
218,6,102.72,548.25,68.40,136.06,0.3216,-1,-1,-1
218,5,1354.92,571.30,80.93,218.88,0.4938,-1,-1,-1
218,4,1721.51,459.35,73.08,209.62,0.5225,-1,-1,-1
218,3,946.45,908.32,63.98,171.68,0.7344,-1,-1,-1
218,1,426.46,198.63,74.89,201.05,0.3752,-1,-1,-1
219,36,56.09,626.40,82.87,223.58,0.5830,-1,-1,-1
219,30,1125.26,128.10,56.29,189.70,0.3216,-1,-1,-1
219,29,121.80,662.58,90.81,257.68,0.7718,-1,-1,-1
219,25,216.67,511.56,58.55,202.55,0.5354,-1,-1,-1
219,23,597.81,341.71,59.60,198.95,0.4980,-1,-1,-1
219,18,399.70,575.47,88.04,245.32,0.6946,-1,-1,-1
219,8,510.78,332.00,66.49,220.04,0.6280,-1,-1,-1
219,7,899.78,140.75,70.11,187.89,0.4737,-1,-1,-1
219,6,100.27,549.20,72.15,132.65,0.3710,-1,-1,-1
219,5,1354.95,572.00,81.41,216.72,0.5037,-1,-1,-1
219,4,1721.27,458.77,73.22,210.09,0.5485,-1,-1,-1
219,3,942.71,907.37,66.81,172.63,0.7538,-1,-1,-1
219,1,427.91,196.78,73.32,198.77,0.3551,-1,-1,-1
220,36,57.75,631.25,87.02,220.89,0.6052,-1,-1,-1
220,29,122.76,666.17,96.51,249.65,0.7425,-1,-1,-1
220,28,758.48,317.50,75.63,189.02,0.3103,-1,-1,-1
220,25,214.13,507.10,59.05,201.75,0.5506,-1,-1,-1
220,23,598.22,341.93,58.21,200.18,0.5147,-1,-1,-1
220,18,398.09,571.98,88.45,247.46,0.7156,-1,-1,-1
220,8,510.50,334.64,65.27,217.24,0.6369,-1,-1,-1
220,7,898.48,141.55,72.83,187.90,0.5145,-1,-1,-1
220,6,94.23,549.77,78.36,134.65,0.3996,-1,-1,-1
220,5,1354.49,570.73,83.28,218.75,0.5130,-1,-1,-1
220,4,1721.30,459.06,73.53,209.12,0.5642,-1,-1,-1
220,3,941.00,905.46,68.16,174.54,0.7481,-1,-1,-1
220,1,428.24,196.65,71.97,198.57,0.3742,-1,-1,-1
221,36,62.01,634.95,88.13,219.13,0.6305,-1,-1,-1
221,30,1122.43,126.71,56.91,185.76,0.3121,-1,-1,-1
221,29,126.71,667.75,98.09,251.55,0.7301,-1,-1,-1
221,28,762.01,314.08,70.82,192.56,0.3331,-1,-1,-1
221,25,212.53,504.04,60.66,201.29,0.5997,-1,-1,-1
221,23,597.73,344.20,57.96,199.90,0.5801,-1,-1,-1
221,18,399.69,569.09,85.60,248.52,0.6923,-1,-1,-1
221,8,510.47,336.73,67.03,218.58,0.6034,-1,-1,-1
221,7,901.14,141.63,69.86,188.22,0.5417,-1,-1,-1
221,6,89.46,550.78,84.76,138.08,0.4767,-1,-1,-1
221,5,1354.49,571.55,82.86,217.98,0.5156,-1,-1,-1
221,4,1720.87,458.42,73.53,209.29,0.5864,-1,-1,-1
221,3,937.73,904.80,69.38,175.20,0.7478,-1,-1,-1
221,1,429.01,195.08,71.63,199.79,0.3794,-1,-1,-1
222,36,65.53,630.77,94.24,226.72,0.5137,-1,-1,-1
222,29,130.11,669.25,108.65,251.42,0.7160,-1,-1,-1
222,25,208.33,503.58,65.82,200.66,0.5618,-1,-1,-1
222,23,596.51,345.45,59.11,198.99,0.5701,-1,-1,-1
222,18,399.34,565.11,84.54,250.78,0.7094,-1,-1,-1
222,8,511.68,336.55,65.15,218.88,0.5869,-1,-1,-1
222,7,901.74,140.81,68.22,186.72,0.4980,-1,-1,-1
222,6,94.00,550.97,80.55,157.78,0.3797,-1,-1,-1
222,5,1354.64,571.65,84.07,220.22,0.4860,-1,-1,-1
222,4,1721.51,458.54,73.66,208.75,0.5638,-1,-1,-1
222,3,935.67,905.12,72.27,174.88,0.7533,-1,-1,-1
222,1,429.49,193.79,71.46,200.39,0.3578,-1,-1,-1
223,36,68.51,633.69,89.25,225.68,0.5791,-1,-1,-1
223,30,1119.40,128.60,54.16,178.56,0.3350,-1,-1,-1
223,29,131.51,670.82,113.90,257.92,0.6903,-1,-1,-1
223,28,770.87,315.26,66.32,194.68,0.3005,-1,-1,-1
223,25,208.71,502.66,65.41,200.20,0.5643,-1,-1,-1
223,23,595.44,346.19,59.30,198.23,0.5594,-1,-1,-1
223,18,399.07,564.17,83.74,244.94,0.7257,-1,-1,-1
223,8,511.20,337.16,66.68,218.32,0.5835,-1,-1,-1
223,7,900.26,140.83,68.88,185.20,0.4489,-1,-1,-1
223,6,94.82,552.19,80.15,140.05,0.4595,-1,-1,-1
223,5,1354.75,571.70,84.74,221.49,0.4526,-1,-1,-1
223,4,1722.35,457.75,72.03,209.37,0.5424,-1,-1,-1
223,3,935.07,904.76,72.26,175.24,0.7456,-1,-1,-1
223,1,431.77,193.95,69.78,202.25,0.3377,-1,-1,-1
224,36,72.92,634.97,83.51,222.42,0.5422,-1,-1,-1
224,30,1117.96,127.95,53.71,179.33,0.3189,-1,-1,-1
224,29,133.75,676.01,119.05,259.76,0.7254,-1,-1,-1
224,25,212.93,500.88,58.15,202.15,0.5535,-1,-1,-1
224,23,594.66,346.46,59.72,197.94,0.5603,-1,-1,-1
224,18,398.54,560.41,82.19,239.04,0.7171,-1,-1,-1
224,8,511.60,338.01,67.99,218.06,0.5859,-1,-1,-1
224,7,902.51,137.20,70.98,186.56,0.4197,-1,-1,-1
224,6,96.33,552.57,78.72,142.87,0.3632,-1,-1,-1
224,5,1354.74,571.59,88.75,229.35,0.4353,-1,-1,-1
224,4,1721.47,459.13,73.46,208.84,0.5487,-1,-1,-1
224,3,935.28,904.46,71.10,175.54,0.7161,-1,-1,-1
224,1,432.68,193.60,70.00,202.58,0.3577,-1,-1,-1
225,36,80.00,638.91,76.95,227.38,0.5941,-1,-1,-1
225,30,1115.13,127.24,55.49,179.43,0.3688,-1,-1,-1
225,29,136.01,678.28,118.24,264.47,0.7732,-1,-1,-1
225,28,772.17,316.70,71.93,195.68,0.3959,-1,-1,-1
225,25,212.14,499.62,59.25,200.86,0.6084,-1,-1,-1
225,23,594.08,347.98,59.31,195.60,0.5705,-1,-1,-1
225,18,397.58,557.59,80.60,236.47,0.7170,-1,-1,-1
225,8,511.93,338.54,69.57,217.38,0.5865,-1,-1,-1
225,7,903.77,137.21,71.65,185.41,0.3902,-1,-1,-1
225,6,97.62,553.15,77.13,149.81,0.3705,-1,-1,-1
225,5,1354.97,572.31,89.52,232.06,0.4103,-1,-1,-1
225,4,1721.06,458.75,74.18,209.68,0.5840,-1,-1,-1
225,3,934.95,903.21,71.29,176.70,0.7277,-1,-1,-1
225,1,430.31,191.84,72.14,204.82,0.3693,-1,-1,-1
226,36,84.67,640.15,77.67,227.68,0.6079,-1,-1,-1
226,32,842.46,327.53,55.54,186.08,0.3173,-1,-1,-1
226,30,1113.44,126.79,55.53,175.42,0.3614,-1,-1,-1
226,29,138.55,680.84,116.50,265.05,0.7539,-1,-1,-1
226,28,776.48,316.08,67.42,198.09,0.3801,-1,-1,-1
226,25,205.90,499.71,67.26,201.90,0.6060,-1,-1,-1
226,23,592.00,347.38,60.81,196.25,0.5807,-1,-1,-1
226,18,392.40,555.42,85.92,238.35,0.7250,-1,-1,-1
226,8,508.96,339.49,73.35,216.98,0.6155,-1,-1,-1
226,7,906.81,135.24,66.11,184.56,0.3656,-1,-1,-1
226,6,99.04,554.44,78.28,154.28,0.4247,-1,-1,-1
226,5,1354.88,574.07,91.37,224.53,0.4488,-1,-1,-1
226,4,1721.24,458.03,74.36,210.71,0.5769,-1,-1,-1
226,3,932.41,902.06,73.92,177.94,0.7226,-1,-1,-1
226,1,431.24,190.21,72.00,205.56,0.3925,-1,-1,-1
227,36,92.63,638.25,75.46,228.69,0.5921,-1,-1,-1
227,30,1112.35,125.32,55.37,178.74,0.3726,-1,-1,-1
227,29,143.53,683.10,113.47,269.25,0.7643,-1,-1,-1
227,28,777.11,317.96,76.43,201.31,0.3027,-1,-1,-1
227,25,207.64,498.28,66.02,204.18,0.6048,-1,-1,-1
227,23,589.73,347.32,63.05,197.57,0.5905,-1,-1,-1
227,18,390.93,553.09,85.89,239.52,0.7344,-1,-1,-1
227,8,509.20,343.31,73.50,212.13,0.6181,-1,-1,-1
227,7,909.47,133.60,62.98,187.55,0.3490,-1,-1,-1
227,6,100.46,554.48,78.81,156.96,0.4687,-1,-1,-1
227,5,1354.92,574.04,89.74,225.44,0.4627,-1,-1,-1
227,4,1721.50,458.26,73.44,209.86,0.5957,-1,-1,-1
227,3,932.67,902.07,72.70,177.93,0.7081,-1,-1,-1
227,1,432.14,188.36,72.18,208.28,0.4145,-1,-1,-1
228,36,96.14,639.51,78.00,231.94,0.6010,-1,-1,-1
228,30,1108.68,125.33,57.52,180.12,0.3302,-1,-1,-1
228,29,148.32,687.78,103.65,265.53,0.7345,-1,-1,-1
228,28,777.60,318.93,74.33,205.06,0.3923,-1,-1,-1
228,25,208.17,497.08,66.17,203.92,0.6215,-1,-1,-1
228,23,588.82,349.02,63.27,195.17,0.5721,-1,-1,-1
228,18,386.42,552.30,89.97,240.06,0.7352,-1,-1,-1
228,8,509.43,341.30,71.28,213.96,0.6387,-1,-1,-1
228,7,910.10,132.78,66.19,180.10,0.3559,-1,-1,-1
228,6,101.36,554.95,78.98,145.08,0.4599,-1,-1,-1
228,5,1354.46,575.83,95.90,230.55,0.4474,-1,-1,-1
228,4,1721.53,459.66,73.76,207.90,0.5956,-1,-1,-1
228,3,932.83,901.01,72.34,178.96,0.6954,-1,-1,-1
228,1,433.04,188.44,71.90,207.63,0.4362,-1,-1,-1
229,37,791.04,109.00,73.86,217.68,0.3255,-1,-1,-1
229,36,103.52,643.28,75.18,224.15,0.5913,-1,-1,-1
229,30,1103.83,125.06,61.31,180.54,0.3414,-1,-1,-1
229,29,148.83,690.41,100.77,264.70,0.7290,-1,-1,-1
229,28,776.29,317.75,71.38,210.75,0.3436,-1,-1,-1
229,25,206.87,496.01,67.00,205.49,0.5912,-1,-1,-1
229,23,588.50,349.65,63.14,194.47,0.5615,-1,-1,-1
229,18,383.88,549.60,92.39,243.08,0.7255,-1,-1,-1
229,8,509.16,343.97,72.84,211.93,0.6495,-1,-1,-1
229,7,913.11,132.07,65.90,176.83,0.3882,-1,-1,-1
229,6,102.40,556.15,80.14,140.12,0.4673,-1,-1,-1
229,5,1354.34,576.17,91.92,220.44,0.4909,-1,-1,-1
229,4,1720.65,459.37,74.38,209.01,0.6028,-1,-1,-1
229,3,931.90,900.28,73.02,179.72,0.7155,-1,-1,-1
229,1,434.15,188.10,70.30,208.90,0.4224,-1,-1,-1
230,37,791.86,110.30,69.48,216.73,0.3006,-1,-1,-1
230,36,108.33,645.35,73.19,214.96,0.5594,-1,-1,-1
230,30,1094.14,126.23,70.49,179.06,0.3479,-1,-1,-1
230,29,147.28,693.66,107.33,263.63,0.7489,-1,-1,-1
230,28,779.63,319.05,73.16,211.82,0.3199,-1,-1,-1
230,25,205.58,494.67,68.33,204.57,0.5886,-1,-1,-1
230,23,587.57,351.37,64.25,193.37,0.5281,-1,-1,-1
230,18,382.16,546.29,94.11,247.97,0.7325,-1,-1,-1
230,8,509.80,344.28,72.40,213.77,0.6390,-1,-1,-1
230,7,916.33,130.40,65.46,174.02,0.3404,-1,-1,-1
230,6,102.39,556.46,82.79,128.83,0.4543,-1,-1,-1
230,5,1354.39,574.96,96.60,229.43,0.4598,-1,-1,-1
230,4,1720.94,459.64,74.16,208.33,0.5841,-1,-1,-1
230,3,932.61,899.68,72.18,180.32,0.7126,-1,-1,-1
230,1,435.52,187.68,69.92,205.52,0.4565,-1,-1,-1
231,36,112.95,643.56,70.76,147.39,0.4767,-1,-1,-1
231,32,844.80,335.09,56.82,191.53,0.3368,-1,-1,-1
231,30,1093.42,126.35,69.68,178.44,0.3567,-1,-1,-1
231,29,153.17,695.45,101.27,262.12,0.7687,-1,-1,-1
231,28,780.45,329.12,58.16,199.86,0.3281,-1,-1,-1
231,25,211.45,493.35,64.14,204.27,0.5610,-1,-1,-1
231,23,586.30,349.87,66.21,193.52,0.5485,-1,-1,-1
231,18,380.05,545.51,95.39,248.62,0.7377,-1,-1,-1
231,8,508.02,345.39,73.81,213.06,0.6584,-1,-1,-1
231,7,917.76,129.55,67.58,178.67,0.3072,-1,-1,-1
231,6,102.21,556.67,82.60,127.61,0.4820,-1,-1,-1
231,5,1354.91,578.11,95.62,222.74,0.4701,-1,-1,-1
231,4,1721.36,458.40,74.02,210.07,0.6109,-1,-1,-1
231,3,931.60,899.41,73.23,180.51,0.7279,-1,-1,-1
231,1,436.09,187.05,70.78,203.78,0.4376,-1,-1,-1
232,38,1176.38,125.86,59.09,161.69,0.3465,-1,-1,-1
232,36,117.86,647.81,67.37,229.88,0.5335,-1,-1,-1
232,32,844.35,335.56,59.74,190.70,0.3275,-1,-1,-1
232,30,1094.99,125.84,65.90,178.19,0.4092,-1,-1,-1
232,29,162.88,697.75,93.34,258.82,0.7634,-1,-1,-1
232,25,216.87,492.36,59.57,202.94,0.5231,-1,-1,-1
232,23,587.71,352.16,63.94,190.31,0.5231,-1,-1,-1
232,18,376.43,545.41,97.98,248.33,0.7132,-1,-1,-1
232,8,508.29,345.69,71.25,216.26,0.6662,-1,-1,-1
232,7,918.83,126.52,68.50,181.30,0.3077,-1,-1,-1
232,6,103.08,557.10,81.47,129.60,0.4507,-1,-1,-1
232,5,1356.10,578.62,96.47,229.91,0.4679,-1,-1,-1
232,4,1721.93,457.71,73.16,210.56,0.6170,-1,-1,-1
232,3,931.79,899.55,73.22,180.45,0.7215,-1,-1,-1
232,1,437.55,186.66,69.99,205.61,0.4461,-1,-1,-1
233,38,1173.80,123.79,59.84,162.84,0.3516,-1,-1,-1
233,36,117.56,648.16,67.22,226.86,0.5440,-1,-1,-1
233,32,844.14,337.62,63.06,189.48,0.3757,-1,-1,-1
233,30,1094.47,126.03,64.71,175.80,0.4655,-1,-1,-1
233,29,166.57,699.88,91.62,256.65,0.7783,-1,-1,-1
233,25,211.94,490.55,66.03,203.63,0.5892,-1,-1,-1
233,23,587.53,353.85,63.77,190.96,0.5164,-1,-1,-1
233,18,375.19,545.05,97.75,246.29,0.6917,-1,-1,-1
233,8,507.73,346.81,71.60,219.79,0.6781,-1,-1,-1
233,6,104.25,557.91,81.81,133.85,0.4187,-1,-1,-1
233,5,1355.69,577.23,98.96,236.02,0.4534,-1,-1,-1
233,4,1721.69,458.52,73.67,209.12,0.5951,-1,-1,-1
233,3,933.01,899.11,71.52,180.89,0.7089,-1,-1,-1
233,1,439.16,184.28,69.29,208.01,0.4114,-1,-1,-1
234,38,1171.57,123.96,61.13,160.84,0.3480,-1,-1,-1
234,36,115.50,650.61,71.08,224.11,0.4359,-1,-1,-1
234,32,844.52,339.44,62.71,188.36,0.3161,-1,-1,-1
234,30,1092.96,127.08,65.23,176.98,0.4582,-1,-1,-1
234,29,167.70,700.84,92.01,256.71,0.7941,-1,-1,-1
234,25,215.33,488.37,63.13,198.70,0.5975,-1,-1,-1
234,23,587.24,354.43,63.90,194.34,0.5440,-1,-1,-1
234,18,373.95,542.94,98.19,244.07,0.7133,-1,-1,-1
234,8,507.11,347.75,70.48,221.26,0.6880,-1,-1,-1
234,7,921.01,123.59,68.30,181.70,0.3618,-1,-1,-1
234,6,108.52,558.95,74.25,232.12,0.3856,-1,-1,-1
234,5,1354.64,575.32,101.88,239.98,0.5107,-1,-1,-1
234,4,1722.27,458.23,73.43,209.76,0.6140,-1,-1,-1
234,3,935.55,900.51,68.10,179.49,0.6985,-1,-1,-1
234,1,440.34,183.44,69.87,208.80,0.4265,-1,-1,-1
235,38,1170.02,122.84,61.75,162.48,0.3524,-1,-1,-1
235,36,118.66,653.38,69.15,219.70,0.5006,-1,-1,-1
235,32,844.70,345.67,54.93,185.02,0.3318,-1,-1,-1
235,30,1092.87,126.67,63.52,176.20,0.4523,-1,-1,-1
235,29,172.64,702.27,86.99,253.24,0.7767,-1,-1,-1
235,28,781.30,338.40,64.85,198.92,0.3723,-1,-1,-1
235,25,216.74,485.67,61.44,197.69,0.5967,-1,-1,-1
235,23,588.30,356.95,62.75,192.39,0.5304,-1,-1,-1
235,18,373.49,541.85,96.23,245.29,0.7200,-1,-1,-1
235,8,506.52,350.76,70.16,220.86,0.6852,-1,-1,-1
235,7,922.61,123.25,66.69,186.68,0.3726,-1,-1,-1
235,6,105.98,559.36,80.91,135.68,0.4372,-1,-1,-1
235,5,1356.52,576.45,103.06,237.75,0.4402,-1,-1,-1
235,4,1722.33,458.95,72.73,209.12,0.5925,-1,-1,-1
235,3,935.22,900.84,67.07,179.16,0.6793,-1,-1,-1
235,1,442.55,182.26,68.81,207.12,0.4530,-1,-1,-1
236,38,1167.46,123.04,62.15,160.76,0.3315,-1,-1,-1
236,36,122.44,657.61,69.49,218.90,0.5671,-1,-1,-1
236,32,843.25,348.28,58.14,183.80,0.3304,-1,-1,-1
236,30,1091.70,125.77,65.13,176.61,0.4149,-1,-1,-1
236,29,176.02,702.40,85.57,253.86,0.7783,-1,-1,-1
236,28,782.58,339.48,62.14,197.19,0.4095,-1,-1,-1
236,25,216.44,483.63,63.21,196.57,0.5818,-1,-1,-1
236,23,587.69,359.03,61.20,186.99,0.5084,-1,-1,-1
236,18,373.61,541.29,94.95,243.66,0.7202,-1,-1,-1
236,8,506.29,353.54,68.78,217.84,0.6844,-1,-1,-1
236,7,923.04,122.14,68.45,187.26,0.3631,-1,-1,-1
236,6,106.59,560.23,82.78,141.97,0.5191,-1,-1,-1
236,5,1358.28,576.60,102.96,238.24,0.4502,-1,-1,-1
236,4,1722.29,459.32,72.36,208.91,0.6041,-1,-1,-1
236,3,936.04,900.52,66.09,179.48,0.6705,-1,-1,-1
236,1,444.04,182.81,67.91,202.17,0.4484,-1,-1,-1
237,36,126.94,653.80,69.00,222.38,0.6008,-1,-1,-1
237,30,1091.09,124.36,63.28,178.17,0.3747,-1,-1,-1
237,29,178.21,703.19,85.77,250.89,0.7906,-1,-1,-1
237,28,783.41,338.17,62.86,198.84,0.4106,-1,-1,-1
237,25,218.01,482.50,62.68,196.40,0.5577,-1,-1,-1
237,23,587.53,361.19,61.48,189.00,0.5128,-1,-1,-1
237,18,374.90,537.43,92.46,245.20,0.7035,-1,-1,-1
237,8,503.94,356.10,70.16,216.37,0.6776,-1,-1,-1
237,7,925.74,123.44,65.92,186.58,0.3100,-1,-1,-1
237,6,107.43,560.12,81.91,143.12,0.5160,-1,-1,-1
237,5,1361.88,577.75,101.78,238.31,0.4263,-1,-1,-1
237,4,1721.69,458.19,73.11,209.78,0.5917,-1,-1,-1
237,3,936.64,900.50,64.77,179.50,0.6756,-1,-1,-1
237,1,443.14,181.50,69.83,200.25,0.3803,-1,-1,-1
238,36,136.28,658.94,63.98,213.86,0.4653,-1,-1,-1
238,30,1090.74,124.38,57.93,181.77,0.4178,-1,-1,-1
238,29,182.29,703.18,85.77,253.36,0.7751,-1,-1,-1
238,28,784.24,339.51,63.87,198.28,0.4495,-1,-1,-1
238,25,217.42,480.10,63.20,197.58,0.5441,-1,-1,-1
238,23,587.40,362.12,62.00,187.96,0.5444,-1,-1,-1
238,18,377.05,535.29,90.03,243.33,0.7075,-1,-1,-1
238,8,502.92,357.02,70.39,218.45,0.6982,-1,-1,-1
238,7,925.89,120.10,67.94,188.43,0.3607,-1,-1,-1
238,6,110.79,561.01,81.87,230.97,0.4703,-1,-1,-1
238,5,1365.54,579.04,102.40,239.55,0.4166,-1,-1,-1
238,4,1721.40,460.06,73.09,207.71,0.6043,-1,-1,-1
238,3,936.28,900.49,63.69,179.51,0.6801,-1,-1,-1
238,1,442.96,180.37,70.65,200.39,0.3879,-1,-1,-1
239,38,1160.11,120.35,63.43,166.10,0.3050,-1,-1,-1
239,36,138.50,656.70,66.60,219.16,0.5325,-1,-1,-1
239,30,1089.76,122.25,57.53,182.73,0.4246,-1,-1,-1
239,29,185.36,705.66,86.30,251.06,0.7562,-1,-1,-1
239,28,783.19,339.58,64.68,198.55,0.4084,-1,-1,-1
239,25,218.33,479.98,62.95,197.97,0.5839,-1,-1,-1
239,23,587.77,362.20,63.01,187.79,0.5599,-1,-1,-1
239,18,381.21,530.50,85.29,239.18,0.7622,-1,-1,-1
239,8,501.33,357.77,70.95,215.87,0.6809,-1,-1,-1
239,7,925.87,120.74,67.31,182.24,0.4367,-1,-1,-1
239,6,110.97,561.73,81.61,239.25,0.4800,-1,-1,-1
239,5,1357.61,576.49,111.66,240.48,0.4685,-1,-1,-1
239,4,1722.05,458.48,72.93,209.61,0.6240,-1,-1,-1
239,3,936.53,900.16,62.51,179.84,0.7089,-1,-1,-1
239,1,443.74,178.91,71.64,200.51,0.4008,-1,-1,-1
240,37,780.64,147.20,74.11,175.77,0.3152,-1,-1,-1
240,36,142.79,654.09,69.58,222.04,0.5604,-1,-1,-1
240,30,1088.30,122.17,57.21,180.21,0.3917,-1,-1,-1
240,29,186.74,707.01,95.20,255.40,0.7576,-1,-1,-1
240,28,783.79,340.06,65.73,197.38,0.4282,-1,-1,-1
240,25,217.94,478.41,63.53,200.07,0.5943,-1,-1,-1
240,23,589.39,364.00,57.80,184.64,0.5469,-1,-1,-1
240,18,385.59,528.18,80.64,235.09,0.7467,-1,-1,-1
240,8,498.79,358.28,73.68,218.61,0.6509,-1,-1,-1
240,7,924.75,118.81,66.32,185.43,0.4095,-1,-1,-1
240,6,108.87,562.23,85.37,147.15,0.4946,-1,-1,-1
240,5,1357.45,576.19,113.33,239.77,0.4574,-1,-1,-1
240,4,1721.05,459.24,74.57,208.87,0.5960,-1,-1,-1
240,3,936.99,900.44,61.52,178.96,0.7054,-1,-1,-1
240,1,443.19,177.29,74.04,201.80,0.3619,-1,-1,-1
241,37,783.90,147.03,70.93,176.59,0.3238,-1,-1,-1
241,36,149.45,651.51,67.00,139.99,0.4031,-1,-1,-1
241,30,1086.04,121.40,57.70,177.41,0.4318,-1,-1,-1
241,29,188.95,709.78,100.58,257.62,0.7769,-1,-1,-1
241,28,784.25,340.33,69.05,197.24,0.4428,-1,-1,-1
241,25,217.77,476.66,63.85,202.71,0.6210,-1,-1,-1
241,23,588.99,365.81,59.09,182.12,0.5622,-1,-1,-1
241,18,388.07,525.83,78.36,233.56,0.7304,-1,-1,-1
241,8,497.21,358.71,73.80,219.25,0.6603,-1,-1,-1
241,7,923.96,118.50,67.33,182.59,0.4465,-1,-1,-1
241,6,110.53,562.86,83.05,149.54,0.5324,-1,-1,-1
241,5,1356.23,572.00,120.41,242.30,0.5078,-1,-1,-1
241,4,1721.94,458.62,72.71,208.88,0.6290,-1,-1,-1
241,3,936.42,900.32,61.17,179.68,0.7162,-1,-1,-1
241,1,444.47,178.77,74.37,200.66,0.3664,-1,-1,-1
242,38,1155.96,119.37,62.19,159.83,0.3191,-1,-1,-1
242,37,783.08,151.70,72.02,170.86,0.3251,-1,-1,-1
242,36,153.44,649.72,68.63,170.42,0.4305,-1,-1,-1
242,32,853.39,347.84,63.09,187.63,0.3627,-1,-1,-1
242,30,1083.70,118.42,59.58,179.08,0.4118,-1,-1,-1
242,29,194.42,712.24,98.15,256.53,0.7483,-1,-1,-1
242,28,785.31,342.46,68.02,196.54,0.4306,-1,-1,-1
242,25,217.88,475.16,63.83,201.94,0.5969,-1,-1,-1
242,23,587.43,364.96,61.45,189.19,0.5493,-1,-1,-1
242,18,387.37,522.71,79.64,234.02,0.6991,-1,-1,-1
242,8,495.46,361.04,74.14,217.38,0.6504,-1,-1,-1
242,7,930.81,121.61,60.91,180.10,0.4581,-1,-1,-1
242,6,110.63,563.01,84.33,180.15,0.4398,-1,-1,-1
242,5,1356.53,569.85,121.31,243.90,0.5357,-1,-1,-1
242,4,1721.60,459.49,72.59,208.31,0.6144,-1,-1,-1
242,3,936.34,900.88,62.08,179.12,0.7259,-1,-1,-1
242,1,446.27,177.13,72.38,203.80,0.3642,-1,-1,-1
243,38,1155.43,118.16,63.76,158.24,0.3099,-1,-1,-1
243,37,787.89,152.09,65.46,168.86,0.3728,-1,-1,-1
243,36,155.61,651.01,73.99,163.09,0.4760,-1,-1,-1
243,30,1082.17,118.08,59.64,179.80,0.4664,-1,-1,-1
243,29,197.60,717.86,99.88,255.57,0.6950,-1,-1,-1
243,28,786.14,341.08,67.89,198.29,0.4228,-1,-1,-1
243,25,217.45,474.71,64.69,202.66,0.6049,-1,-1,-1
243,23,587.11,365.14,62.25,195.13,0.5771,-1,-1,-1
243,18,389.06,519.92,77.81,236.43,0.6883,-1,-1,-1
243,8,493.90,360.49,73.38,218.53,0.6476,-1,-1,-1
243,7,931.62,119.94,60.90,178.95,0.5040,-1,-1,-1
243,6,112.79,560.23,82.09,233.27,0.5381,-1,-1,-1
243,5,1356.85,567.86,119.06,246.62,0.5380,-1,-1,-1
243,4,1721.18,458.79,73.77,207.43,0.6317,-1,-1,-1
243,3,935.74,900.39,61.38,179.61,0.7104,-1,-1,-1
243,1,448.14,176.30,70.51,204.90,0.3479,-1,-1,-1
244,38,1155.16,113.95,57.14,159.70,0.3156,-1,-1,-1
244,37,786.73,152.10,69.22,170.49,0.3411,-1,-1,-1
244,36,158.60,653.85,84.21,158.31,0.5560,-1,-1,-1
244,32,852.62,353.04,66.81,182.22,0.3908,-1,-1,-1
244,30,1080.62,118.11,60.31,179.79,0.4479,-1,-1,-1
244,29,199.46,728.93,98.80,248.38,0.7041,-1,-1,-1
244,28,789.80,342.49,62.83,196.48,0.3871,-1,-1,-1
244,25,216.99,472.58,64.17,198.77,0.5755,-1,-1,-1
244,23,585.80,366.95,60.98,198.38,0.5805,-1,-1,-1
244,18,389.19,518.08,78.45,237.67,0.6919,-1,-1,-1
244,8,492.11,361.54,72.84,215.15,0.6436,-1,-1,-1
244,7,932.81,117.97,60.02,179.13,0.4405,-1,-1,-1
244,6,113.67,562.35,83.40,245.98,0.5662,-1,-1,-1
244,5,1356.84,570.37,117.68,243.48,0.5077,-1,-1,-1
244,4,1720.97,458.85,73.36,207.80,0.6061,-1,-1,-1
244,3,935.43,901.37,62.60,178.63,0.7835,-1,-1,-1
244,1,446.66,175.94,75.72,204.47,0.3518,-1,-1,-1
245,37,786.98,152.55,69.15,169.96,0.3184,-1,-1,-1
245,36,163.94,655.44,78.58,151.48,0.5935,-1,-1,-1
245,32,855.19,353.11,66.48,185.83,0.3902,-1,-1,-1
245,30,1080.47,117.48,58.36,179.17,0.4497,-1,-1,-1
245,29,197.28,729.52,99.97,250.77,0.7023,-1,-1,-1
245,28,790.09,343.48,63.94,196.69,0.3798,-1,-1,-1
245,25,216.87,471.39,64.23,201.34,0.5674,-1,-1,-1
245,23,586.02,369.60,59.84,199.55,0.5897,-1,-1,-1
245,18,388.83,518.63,79.71,238.05,0.6787,-1,-1,-1
245,8,491.80,361.65,72.54,219.61,0.6682,-1,-1,-1
245,7,934.60,116.09,58.81,178.99,0.4541,-1,-1,-1
245,6,116.62,566.32,81.60,245.86,0.6234,-1,-1,-1
245,5,1360.36,570.24,114.85,244.09,0.4324,-1,-1,-1
245,4,1720.69,459.03,73.65,208.10,0.5892,-1,-1,-1
245,3,934.93,902.89,63.70,177.11,0.7905,-1,-1,-1
245,1,447.51,176.02,74.15,203.60,0.3196,-1,-1,-1
246,37,784.19,152.68,72.34,170.26,0.3275,-1,-1,-1
246,36,171.74,655.09,75.31,152.80,0.6018,-1,-1,-1
246,32,861.27,351.86,63.45,187.81,0.3856,-1,-1,-1
246,30,1079.73,117.92,58.98,178.34,0.4121,-1,-1,-1
246,29,202.50,730.76,94.83,256.96,0.6849,-1,-1,-1
246,28,791.24,345.11,63.33,195.73,0.3963,-1,-1,-1
246,25,220.10,470.51,62.39,204.81,0.5838,-1,-1,-1
246,23,584.84,371.01,60.98,200.54,0.6292,-1,-1,-1
246,18,388.89,517.89,80.82,239.83,0.6971,-1,-1,-1
246,8,488.55,363.54,73.93,214.31,0.6925,-1,-1,-1
246,7,936.33,115.79,57.01,179.78,0.4114,-1,-1,-1
246,6,119.05,564.05,80.51,247.85,0.6373,-1,-1,-1
246,5,1369.85,572.24,104.94,241.59,0.4674,-1,-1,-1
246,4,1720.88,458.27,74.09,210.16,0.6068,-1,-1,-1
246,3,935.38,903.67,64.17,176.33,0.7800,-1,-1,-1
246,1,447.86,176.61,74.57,204.36,0.3246,-1,-1,-1
247,38,1150.71,113.04,56.39,162.90,0.3185,-1,-1,-1
247,37,787.77,152.88,68.66,168.70,0.3060,-1,-1,-1
247,36,175.47,656.68,81.13,145.19,0.4376,-1,-1,-1
247,32,863.42,352.38,58.56,188.37,0.3747,-1,-1,-1
247,30,1078.03,116.36,58.02,179.46,0.4382,-1,-1,-1
247,29,204.17,732.93,95.72,256.81,0.6711,-1,-1,-1
247,28,788.75,345.31,65.67,195.80,0.4094,-1,-1,-1
247,25,219.27,468.99,62.43,206.11,0.5815,-1,-1,-1
247,23,584.27,372.50,62.02,204.58,0.6803,-1,-1,-1
247,18,389.29,517.66,81.04,240.92,0.7037,-1,-1,-1
247,8,487.47,364.41,73.93,214.85,0.7434,-1,-1,-1
247,7,936.55,114.27,57.47,177.01,0.4336,-1,-1,-1
247,6,119.85,563.22,84.29,251.51,0.6223,-1,-1,-1
247,5,1371.22,567.48,105.96,249.13,0.5719,-1,-1,-1
247,4,1719.98,458.43,74.69,208.69,0.6209,-1,-1,-1
247,3,935.93,903.90,63.62,176.10,0.7677,-1,-1,-1
247,1,447.84,175.64,76.83,204.88,0.3373,-1,-1,-1
248,38,1149.90,113.53,56.61,164.71,0.3311,-1,-1,-1
248,36,179.37,663.50,81.45,146.60,0.3692,-1,-1,-1
248,32,862.76,353.15,64.55,190.37,0.4156,-1,-1,-1
248,30,1077.18,116.45,57.31,181.16,0.4956,-1,-1,-1
248,29,203.06,734.57,94.42,257.96,0.5897,-1,-1,-1
248,28,791.47,345.49,65.32,200.58,0.4234,-1,-1,-1
248,25,220.83,467.65,59.85,202.93,0.5748,-1,-1,-1
248,23,584.38,374.83,60.22,206.76,0.6461,-1,-1,-1
248,18,389.31,517.19,81.15,240.71,0.6928,-1,-1,-1
248,8,487.43,366.04,72.08,214.94,0.7417,-1,-1,-1
248,7,938.39,113.61,56.97,175.69,0.4607,-1,-1,-1
248,6,123.56,563.35,82.67,247.90,0.6796,-1,-1,-1
248,5,1375.32,570.13,102.50,245.36,0.5477,-1,-1,-1
248,4,1719.00,459.62,75.63,208.24,0.6282,-1,-1,-1
248,3,936.15,905.30,64.77,174.59,0.7521,-1,-1,-1
248,1,448.26,173.32,77.31,210.82,0.3513,-1,-1,-1
249,38,1148.84,111.20,56.47,166.65,0.3423,-1,-1,-1
249,36,180.78,666.34,88.47,239.47,0.4981,-1,-1,-1
249,32,860.97,352.82,68.64,190.25,0.3774,-1,-1,-1
249,30,1075.91,116.14,57.23,183.11,0.4615,-1,-1,-1
249,29,205.78,742.00,88.73,250.51,0.4883,-1,-1,-1
249,28,790.74,346.00,64.06,193.82,0.3833,-1,-1,-1
249,25,220.78,467.08,59.27,193.89,0.5555,-1,-1,-1
249,23,583.60,378.89,59.79,204.39,0.6023,-1,-1,-1
249,18,388.21,516.20,83.56,240.23,0.6853,-1,-1,-1
249,8,486.83,367.34,72.05,216.17,0.7132,-1,-1,-1
249,7,939.25,110.83,58.48,179.64,0.5151,-1,-1,-1
249,6,125.80,564.15,80.43,250.23,0.6679,-1,-1,-1
249,5,1382.35,570.35,92.77,247.46,0.5262,-1,-1,-1
249,4,1720.48,459.64,73.51,207.51,0.5910,-1,-1,-1
249,3,936.34,905.36,65.69,174.64,0.7497,-1,-1,-1
249,1,449.26,171.64,77.11,210.89,0.3885,-1,-1,-1
250,38,1147.53,110.78,56.97,166.07,0.3421,-1,-1,-1
250,36,182.63,669.93,90.55,148.24,0.4681,-1,-1,-1
250,32,854.38,355.80,72.65,191.09,0.3943,-1,-1,-1
250,30,1073.89,115.29,57.86,183.44,0.4139,-1,-1,-1
250,29,211.30,746.77,89.84,243.22,0.4586,-1,-1,-1
250,28,792.17,348.48,66.28,194.57,0.3414,-1,-1,-1
250,25,222.25,464.83,59.33,195.33,0.5543,-1,-1,-1
250,23,582.24,381.46,60.51,202.15,0.6331,-1,-1,-1
250,18,388.50,516.17,84.51,238.75,0.6793,-1,-1,-1
250,8,486.79,369.20,72.21,218.99,0.6858,-1,-1,-1
250,7,937.20,109.60,60.78,180.93,0.4961,-1,-1,-1
250,6,128.48,566.28,81.02,245.91,0.6766,-1,-1,-1
250,5,1386.26,569.72,88.49,246.17,0.5921,-1,-1,-1
250,4,1721.10,458.11,73.59,209.20,0.5973,-1,-1,-1
250,3,936.46,905.77,66.92,174.23,0.7302,-1,-1,-1
250,1,449.59,170.05,76.42,211.45,0.3735,-1,-1,-1
251,36,184.97,674.27,91.29,139.32,0.5093,-1,-1,-1
251,32,861.28,355.61,67.83,193.53,0.3471,-1,-1,-1
251,30,1073.07,114.94,57.75,183.84,0.3954,-1,-1,-1
251,29,211.18,743.90,89.10,248.47,0.5578,-1,-1,-1
251,28,791.73,351.47,65.90,191.31,0.3647,-1,-1,-1
251,25,222.17,461.05,59.54,197.40,0.5620,-1,-1,-1
251,23,581.69,383.19,60.27,203.09,0.6521,-1,-1,-1
251,18,388.18,512.49,85.27,239.85,0.6654,-1,-1,-1
251,8,490.50,369.00,68.32,226.68,0.6535,-1,-1,-1
251,7,935.28,110.41,65.12,180.95,0.4688,-1,-1,-1
251,6,132.00,565.12,80.78,249.54,0.7000,-1,-1,-1
251,5,1387.75,568.60,88.94,247.20,0.6259,-1,-1,-1
251,4,1719.79,459.33,75.47,207.70,0.6042,-1,-1,-1
251,3,938.20,907.72,66.29,172.28,0.7400,-1,-1,-1
251,1,450.28,168.10,74.12,211.32,0.3775,-1,-1,-1
252,38,1145.82,108.84,57.47,172.05,0.3290,-1,-1,-1
252,36,185.88,676.16,91.17,140.14,0.4683,-1,-1,-1
252,32,863.86,359.99,60.63,188.90,0.3575,-1,-1,-1
252,30,1072.17,114.30,57.83,184.14,0.3638,-1,-1,-1
252,29,209.46,740.70,97.76,250.46,0.6631,-1,-1,-1
252,25,221.19,455.67,59.65,202.56,0.5736,-1,-1,-1
252,23,580.63,383.55,61.53,205.20,0.6667,-1,-1,-1
252,18,389.87,509.72,83.29,241.15,0.6639,-1,-1,-1
252,8,489.91,372.51,68.49,227.36,0.6547,-1,-1,-1
252,7,936.29,106.79,64.67,182.85,0.4819,-1,-1,-1
252,6,133.94,566.18,82.98,246.93,0.7027,-1,-1,-1
252,5,1387.08,570.07,88.62,242.55,0.5677,-1,-1,-1
252,4,1720.60,459.70,74.02,207.16,0.5840,-1,-1,-1
252,3,938.48,908.09,66.95,171.91,0.7127,-1,-1,-1
252,1,450.04,167.30,74.22,207.66,0.3792,-1,-1,-1
253,38,1145.22,108.30,55.97,170.82,0.3577,-1,-1,-1
253,36,194.59,677.20,80.07,135.54,0.4555,-1,-1,-1
253,30,1069.59,114.68,59.30,182.32,0.3580,-1,-1,-1
253,29,217.24,737.47,91.55,251.90,0.7348,-1,-1,-1
253,25,221.18,457.23,62.06,198.36,0.6017,-1,-1,-1
253,23,578.76,383.37,62.18,208.12,0.6810,-1,-1,-1
253,18,389.21,507.07,83.41,239.72,0.6689,-1,-1,-1
253,8,489.18,374.58,69.58,225.73,0.6621,-1,-1,-1
253,7,934.81,109.32,66.70,181.38,0.4965,-1,-1,-1
253,6,136.17,565.86,84.44,245.40,0.6960,-1,-1,-1
253,5,1388.36,570.64,88.11,246.85,0.6154,-1,-1,-1
253,4,1721.33,457.91,73.62,209.42,0.5705,-1,-1,-1
253,3,938.64,908.16,68.45,171.84,0.7335,-1,-1,-1
253,1,452.31,166.78,71.15,207.70,0.3854,-1,-1,-1
254,38,1144.27,108.16,54.61,169.19,0.3485,-1,-1,-1
254,36,193.87,677.88,82.46,137.26,0.4664,-1,-1,-1
254,32,866.68,361.65,59.51,190.31,0.3532,-1,-1,-1
254,30,1069.33,114.16,56.37,183.19,0.3857,-1,-1,-1
254,29,222.15,736.56,87.79,254.49,0.7766,-1,-1,-1
254,28,795.06,350.48,68.56,193.64,0.3483,-1,-1,-1
254,25,220.88,456.23,62.30,198.70,0.5801,-1,-1,-1
254,23,577.57,385.91,62.74,207.16,0.6923,-1,-1,-1
254,18,390.50,504.52,80.23,238.09,0.6362,-1,-1,-1
254,8,488.90,373.59,69.11,230.70,0.6529,-1,-1,-1
254,7,934.87,109.23,68.50,181.71,0.4886,-1,-1,-1
254,6,137.41,565.67,85.37,243.52,0.6677,-1,-1,-1
254,5,1389.57,570.06,87.51,245.64,0.6186,-1,-1,-1
254,4,1720.66,458.83,73.66,208.67,0.5815,-1,-1,-1
254,3,939.77,909.63,68.26,170.37,0.7320,-1,-1,-1
254,1,452.60,166.13,70.63,203.97,0.3664,-1,-1,-1
255,38,1142.15,106.93,55.40,171.69,0.3294,-1,-1,-1
255,36,198.30,680.17,81.88,136.69,0.4729,-1,-1,-1
255,32,865.38,359.71,71.01,194.29,0.3658,-1,-1,-1
255,30,1066.98,113.25,57.03,183.45,0.4076,-1,-1,-1
255,29,221.16,735.20,92.16,262.10,0.7280,-1,-1,-1
255,28,797.88,351.04,69.51,201.47,0.3302,-1,-1,-1
255,25,220.68,455.81,63.22,197.75,0.6188,-1,-1,-1
255,23,576.63,385.74,62.47,207.84,0.7296,-1,-1,-1
255,18,391.52,502.05,80.54,232.21,0.6715,-1,-1,-1
255,8,488.34,374.65,69.64,230.52,0.6682,-1,-1,-1
255,7,933.64,108.91,70.47,180.09,0.4828,-1,-1,-1
255,6,139.70,563.62,84.71,243.69,0.6900,-1,-1,-1
255,5,1390.44,569.40,87.26,249.20,0.6545,-1,-1,-1
255,4,1721.22,459.36,72.67,207.35,0.6054,-1,-1,-1
255,3,939.30,909.60,70.46,169.55,0.7317,-1,-1,-1
255,1,455.66,165.53,64.78,200.63,0.3485,-1,-1,-1
256,38,1140.17,106.11,56.15,171.48,0.3385,-1,-1,-1
256,36,202.71,677.46,89.44,148.24,0.5373,-1,-1,-1
256,32,870.14,362.62,64.32,191.96,0.3302,-1,-1,-1
256,30,1066.30,113.22,56.34,183.06,0.3978,-1,-1,-1
256,29,228.05,736.32,87.82,267.84,0.7174,-1,-1,-1
256,25,220.94,455.09,62.83,196.30,0.5989,-1,-1,-1
256,23,576.00,386.80,62.44,207.13,0.7454,-1,-1,-1
256,18,391.74,498.29,79.36,230.80,0.6527,-1,-1,-1
256,8,490.03,375.38,67.67,229.71,0.6657,-1,-1,-1
256,7,934.60,107.76,69.94,180.57,0.4858,-1,-1,-1
256,6,140.68,564.62,85.48,242.67,0.6533,-1,-1,-1
256,5,1392.18,568.58,87.91,245.85,0.6370,-1,-1,-1
256,4,1720.01,459.01,74.33,208.77,0.5660,-1,-1,-1
256,3,939.18,909.83,71.70,170.17,0.7425,-1,-1,-1
256,1,454.63,164.53,67.36,198.54,0.3199,-1,-1,-1
257,38,1138.46,105.97,57.96,169.97,0.3210,-1,-1,-1
257,36,203.63,678.26,88.64,153.73,0.5771,-1,-1,-1
257,32,870.30,363.84,56.66,185.53,0.3794,-1,-1,-1
257,30,1063.86,112.56,57.15,184.36,0.3663,-1,-1,-1
257,29,234.32,746.24,85.12,267.30,0.7338,-1,-1,-1
257,28,799.18,350.82,74.77,201.43,0.3213,-1,-1,-1
257,25,220.28,454.33,64.91,198.02,0.5734,-1,-1,-1
257,23,575.13,387.04,62.33,205.75,0.7588,-1,-1,-1
257,18,392.15,494.14,80.16,232.49,0.6817,-1,-1,-1
257,8,487.96,378.83,70.04,226.92,0.6771,-1,-1,-1
257,7,934.97,106.90,69.22,181.48,0.4313,-1,-1,-1
257,6,140.67,564.44,89.61,243.00,0.6210,-1,-1,-1
257,5,1394.28,567.38,86.70,244.39,0.6262,-1,-1,-1
257,4,1719.99,460.04,73.78,207.11,0.5789,-1,-1,-1
257,3,938.95,911.21,73.77,168.50,0.7509,-1,-1,-1
257,1,455.40,163.24,67.02,196.40,0.3063,-1,-1,-1
258,36,212.30,679.73,81.58,156.83,0.5357,-1,-1,-1
258,32,871.92,363.07,55.18,185.13,0.3488,-1,-1,-1
258,30,1064.58,113.00,58.58,181.68,0.3173,-1,-1,-1
258,29,233.36,749.08,86.74,270.03,0.7663,-1,-1,-1
258,28,802.12,352.45,74.55,202.50,0.3331,-1,-1,-1
258,25,221.54,453.16,64.28,197.61,0.5340,-1,-1,-1
258,23,575.44,387.76,61.41,204.22,0.7465,-1,-1,-1
258,18,390.17,492.62,80.83,233.93,0.6806,-1,-1,-1
258,8,489.63,376.74,68.01,228.85,0.6611,-1,-1,-1
258,7,937.51,105.49,68.10,179.52,0.4246,-1,-1,-1
258,6,142.69,564.41,90.83,246.42,0.5900,-1,-1,-1
258,5,1395.58,566.55,85.98,240.32,0.6219,-1,-1,-1
258,4,1720.52,459.38,73.82,207.67,0.5669,-1,-1,-1
258,3,938.74,912.87,74.22,165.79,0.7498,-1,-1,-1
258,1,455.86,163.34,68.11,196.13,0.3235,-1,-1,-1
259,36,211.15,681.77,87.63,125.74,0.4737,-1,-1,-1
259,32,872.33,368.13,51.40,179.76,0.3343,-1,-1,-1
259,30,1062.69,112.10,58.32,181.40,0.3247,-1,-1,-1
259,29,234.22,754.89,87.25,263.36,0.7464,-1,-1,-1
259,28,803.56,353.03,71.47,202.44,0.4110,-1,-1,-1
259,25,222.93,452.42,62.29,196.41,0.5074,-1,-1,-1
259,23,574.24,389.71,62.92,201.88,0.7487,-1,-1,-1
259,18,387.95,491.92,83.05,233.94,0.6567,-1,-1,-1
259,8,486.88,381.85,70.17,223.38,0.6670,-1,-1,-1
259,7,939.75,103.20,64.67,179.07,0.4182,-1,-1,-1
259,6,144.26,565.93,93.26,243.92,0.6283,-1,-1,-1
259,5,1400.82,566.59,81.57,236.76,0.5865,-1,-1,-1
259,4,1719.84,459.30,74.98,208.67,0.5631,-1,-1,-1
259,3,938.64,914.23,76.43,164.35,0.7305,-1,-1,-1
259,1,459.23,162.46,67.64,197.86,0.3507,-1,-1,-1
260,36,215.78,682.51,86.19,123.68,0.5331,-1,-1,-1
260,30,1061.09,110.58,56.13,184.43,0.3457,-1,-1,-1
260,29,237.21,757.79,85.49,266.89,0.7298,-1,-1,-1
260,28,806.56,355.10,65.98,199.43,0.3902,-1,-1,-1
260,25,222.42,451.55,62.98,194.52,0.5083,-1,-1,-1
260,23,573.67,390.90,62.12,199.36,0.7529,-1,-1,-1
260,18,383.11,490.68,87.71,235.68,0.6631,-1,-1,-1
260,8,490.22,380.02,67.70,226.15,0.6626,-1,-1,-1
260,7,939.50,100.98,65.47,174.02,0.4327,-1,-1,-1
260,6,151.72,564.69,87.62,245.69,0.6318,-1,-1,-1
260,5,1403.45,565.76,79.07,239.99,0.5573,-1,-1,-1
260,4,1719.63,459.34,74.53,208.54,0.5879,-1,-1,-1
260,3,939.55,914.87,78.56,162.26,0.7217,-1,-1,-1
260,1,457.72,162.53,69.55,198.15,0.3750,-1,-1,-1
261,36,217.56,684.51,86.25,126.89,0.6275,-1,-1,-1
261,29,239.61,763.92,83.00,256.45,0.6983,-1,-1,-1
261,28,803.86,353.91,71.97,202.71,0.3709,-1,-1,-1
261,25,222.24,450.17,62.97,193.78,0.4815,-1,-1,-1
261,23,573.76,392.83,61.50,196.73,0.7489,-1,-1,-1
261,18,377.64,488.33,92.57,238.13,0.6510,-1,-1,-1
261,8,487.03,384.23,69.76,220.44,0.6898,-1,-1,-1
261,7,938.93,98.81,65.49,173.58,0.4453,-1,-1,-1
261,6,159.52,564.98,79.92,247.69,0.6509,-1,-1,-1
261,5,1409.60,565.77,74.24,240.01,0.5527,-1,-1,-1
261,4,1720.77,459.61,73.57,208.85,0.5983,-1,-1,-1
261,3,939.37,914.97,80.76,163.65,0.7260,-1,-1,-1
261,1,451.66,160.87,77.53,202.66,0.3851,-1,-1,-1
262,36,222.58,687.48,81.74,125.85,0.5634,-1,-1,-1
262,30,1058.31,108.00,57.23,184.15,0.3759,-1,-1,-1
262,29,241.23,764.31,86.05,264.68,0.6922,-1,-1,-1
262,28,806.38,355.39,67.76,201.65,0.4087,-1,-1,-1
262,25,222.18,448.94,63.23,193.12,0.5126,-1,-1,-1
262,23,573.27,395.41,61.41,196.34,0.7372,-1,-1,-1
262,18,376.24,487.37,93.63,237.82,0.6311,-1,-1,-1
262,8,488.05,384.73,68.61,220.15,0.7157,-1,-1,-1
262,7,937.54,98.12,66.56,171.13,0.4972,-1,-1,-1
262,6,162.60,565.43,83.01,250.42,0.6473,-1,-1,-1
262,5,1410.11,563.61,77.88,240.43,0.5657,-1,-1,-1
262,4,1720.26,460.04,74.29,208.20,0.5945,-1,-1,-1
262,3,937.49,917.48,82.96,159.51,0.7269,-1,-1,-1
262,1,458.95,162.29,68.92,198.50,0.3845,-1,-1,-1
263,36,224.28,688.80,83.98,124.61,0.4594,-1,-1,-1
263,30,1056.75,106.80,57.99,184.55,0.3885,-1,-1,-1
263,29,242.83,768.39,86.10,262.57,0.6713,-1,-1,-1
263,28,803.78,355.15,74.57,206.01,0.4034,-1,-1,-1
263,25,224.00,446.08,62.07,190.96,0.5247,-1,-1,-1
263,23,572.47,396.63,62.51,199.16,0.7084,-1,-1,-1
263,18,375.74,485.83,93.30,238.96,0.6100,-1,-1,-1
263,8,487.63,384.82,68.97,219.85,0.6995,-1,-1,-1
263,7,938.70,96.03,65.38,175.50,0.4814,-1,-1,-1
263,6,166.52,565.37,79.16,251.03,0.6833,-1,-1,-1
263,5,1410.42,565.46,76.69,236.33,0.5933,-1,-1,-1
263,4,1719.81,460.03,74.98,208.10,0.5727,-1,-1,-1
263,3,936.37,918.36,85.25,158.43,0.7392,-1,-1,-1
263,1,454.77,160.20,70.42,202.65,0.3654,-1,-1,-1
264,36,233.78,692.31,75.12,119.60,0.6105,-1,-1,-1
264,30,1054.63,107.10,57.57,176.64,0.3527,-1,-1,-1
264,29,245.94,772.07,86.86,260.29,0.7472,-1,-1,-1
264,28,802.21,358.29,69.55,204.73,0.3898,-1,-1,-1
264,25,226.06,448.08,60.74,186.77,0.5598,-1,-1,-1
264,23,570.72,397.26,62.66,200.41,0.6841,-1,-1,-1
264,18,374.26,485.34,94.07,238.31,0.6064,-1,-1,-1
264,8,486.14,385.02,70.57,218.04,0.6892,-1,-1,-1
264,7,937.61,94.21,66.65,178.14,0.4408,-1,-1,-1
264,6,169.74,564.32,77.70,252.56,0.6903,-1,-1,-1
264,5,1410.54,565.44,80.63,237.02,0.6156,-1,-1,-1
264,4,1720.87,459.70,74.04,208.64,0.5835,-1,-1,-1
264,3,937.26,919.76,84.70,156.22,0.7567,-1,-1,-1
264,1,459.49,160.67,66.23,199.60,0.3312,-1,-1,-1
265,38,1126.93,96.36,56.02,163.23,0.3309,-1,-1,-1
265,36,239.20,695.35,70.07,120.33,0.5715,-1,-1,-1
265,30,1054.26,106.09,56.24,175.63,0.3830,-1,-1,-1
265,29,246.76,771.49,86.13,261.33,0.7680,-1,-1,-1
265,28,802.50,358.28,73.88,208.52,0.3663,-1,-1,-1
265,25,227.13,443.96,60.64,189.06,0.5294,-1,-1,-1
265,23,569.96,399.01,63.31,198.79,0.7247,-1,-1,-1
265,18,373.62,484.53,94.14,238.49,0.6553,-1,-1,-1
265,8,486.04,385.24,69.57,218.48,0.6718,-1,-1,-1
265,7,939.34,93.10,64.16,180.11,0.4708,-1,-1,-1
265,6,173.37,565.64,75.50,254.08,0.6907,-1,-1,-1
265,5,1410.85,565.76,79.58,240.30,0.5871,-1,-1,-1
265,4,1720.66,460.10,73.92,208.24,0.6007,-1,-1,-1
265,3,938.45,919.87,84.79,156.65,0.7554,-1,-1,-1
265,1,460.13,161.64,63.71,199.18,0.3728,-1,-1,-1
266,38,1126.37,96.35,55.11,165.47,0.3526,-1,-1,-1
266,36,246.95,698.87,64.74,117.79,0.5293,-1,-1,-1
266,30,1053.65,104.95,56.38,178.53,0.4406,-1,-1,-1
266,29,249.99,774.17,92.58,258.44,0.7715,-1,-1,-1
266,28,801.48,359.82,78.13,209.91,0.3991,-1,-1,-1
266,25,225.31,444.26,62.00,182.63,0.4924,-1,-1,-1
266,23,567.74,401.06,64.62,202.90,0.6708,-1,-1,-1
266,18,373.85,484.11,93.94,237.18,0.6407,-1,-1,-1
266,8,484.50,384.81,69.23,220.85,0.6286,-1,-1,-1
266,7,939.70,92.72,64.98,178.90,0.4589,-1,-1,-1
266,6,176.02,566.36,77.92,255.86,0.6934,-1,-1,-1
266,5,1411.28,565.64,79.91,245.05,0.5707,-1,-1,-1
266,4,1720.36,460.44,74.14,208.05,0.5899,-1,-1,-1
266,3,938.08,920.38,85.91,156.24,0.7624,-1,-1,-1
266,1,460.82,160.08,63.96,201.97,0.3284,-1,-1,-1
267,38,1124.06,96.25,57.21,167.38,0.3902,-1,-1,-1
267,36,248.92,701.94,67.01,114.19,0.5142,-1,-1,-1
267,30,1051.01,104.23,58.52,179.42,0.4609,-1,-1,-1
267,29,248.21,771.73,94.25,261.81,0.7581,-1,-1,-1
267,28,802.39,362.06,72.44,212.22,0.3821,-1,-1,-1
267,25,223.63,441.00,64.42,185.70,0.4865,-1,-1,-1
267,23,567.00,402.26,64.94,205.44,0.6510,-1,-1,-1
267,18,373.52,481.07,93.02,238.49,0.6064,-1,-1,-1
267,8,481.24,385.84,70.80,222.18,0.6257,-1,-1,-1
267,7,939.84,91.79,65.44,180.04,0.4571,-1,-1,-1
267,6,178.83,567.44,77.91,260.56,0.6873,-1,-1,-1
267,5,1412.01,565.29,78.88,244.91,0.5651,-1,-1,-1
267,4,1720.19,459.93,75.22,208.20,0.5666,-1,-1,-1
267,3,939.29,920.11,85.22,156.80,0.7636,-1,-1,-1
267,1,461.57,159.63,64.50,201.32,0.3720,-1,-1,-1
268,38,1122.60,96.64,57.63,167.70,0.4121,-1,-1,-1
268,36,253.76,704.27,65.67,112.62,0.5485,-1,-1,-1
268,30,1049.87,105.23,59.18,177.85,0.4540,-1,-1,-1
268,29,251.21,768.82,88.29,264.64,0.7429,-1,-1,-1
268,28,803.83,362.60,70.83,215.75,0.3771,-1,-1,-1
268,25,223.75,439.55,64.01,187.41,0.5369,-1,-1,-1
268,23,565.66,403.11,66.28,206.16,0.6221,-1,-1,-1
268,18,373.77,479.46,91.02,239.03,0.6349,-1,-1,-1
268,8,478.90,388.50,72.96,223.68,0.6267,-1,-1,-1
268,7,942.41,92.61,64.84,178.62,0.4517,-1,-1,-1
268,6,182.17,569.23,76.03,258.17,0.7073,-1,-1,-1
268,5,1412.57,564.57,78.21,245.28,0.5938,-1,-1,-1
268,4,1720.45,459.99,73.79,208.13,0.5799,-1,-1,-1
268,3,941.50,919.91,83.17,157.14,0.7583,-1,-1,-1
268,1,461.91,156.90,65.28,203.66,0.3731,-1,-1,-1
269,38,1121.61,96.00,57.74,167.75,0.3738,-1,-1,-1
269,36,256.68,705.62,67.24,113.63,0.5752,-1,-1,-1
269,30,1048.67,104.77,59.06,175.63,0.4450,-1,-1,-1
269,29,251.88,773.87,90.22,259.81,0.7193,-1,-1,-1
269,28,806.38,366.41,64.10,211.81,0.4108,-1,-1,-1
269,25,224.78,437.26,64.01,190.36,0.5009,-1,-1,-1
269,23,565.59,399.59,67.17,209.66,0.6021,-1,-1,-1
269,18,374.91,477.73,89.99,239.30,0.6510,-1,-1,-1
269,8,475.61,389.77,75.41,221.66,0.6336,-1,-1,-1
269,7,942.57,92.36,64.60,178.33,0.4962,-1,-1,-1
269,6,183.51,571.82,79.89,251.82,0.7132,-1,-1,-1
269,5,1413.76,566.79,78.84,243.46,0.5817,-1,-1,-1
269,4,1720.75,460.70,73.82,206.74,0.5951,-1,-1,-1
269,3,943.67,920.27,82.16,157.17,0.7533,-1,-1,-1
269,1,461.85,159.46,65.69,198.24,0.4035,-1,-1,-1
270,38,1120.51,96.17,57.65,168.01,0.3589,-1,-1,-1
270,36,259.07,706.11,70.11,108.41,0.5492,-1,-1,-1
270,30,1046.88,104.22,59.08,177.14,0.4332,-1,-1,-1
270,29,257.04,768.54,86.15,264.14,0.7716,-1,-1,-1
270,28,806.12,367.74,64.74,210.79,0.3770,-1,-1,-1
270,25,225.50,436.65,62.99,190.93,0.4791,-1,-1,-1
270,23,564.37,401.38,68.45,212.60,0.6105,-1,-1,-1
270,18,375.72,475.34,88.60,235.33,0.6327,-1,-1,-1
270,8,474.73,392.66,75.33,221.27,0.6353,-1,-1,-1
270,7,941.41,91.93,67.15,178.70,0.4809,-1,-1,-1
270,6,185.00,572.51,83.32,246.24,0.6871,-1,-1,-1
270,5,1416.57,570.64,80.57,240.04,0.5699,-1,-1,-1
270,4,1720.62,461.15,73.96,206.48,0.5596,-1,-1,-1
270,3,944.59,920.72,81.49,157.73,0.7538,-1,-1,-1
270,1,462.56,154.23,61.84,202.67,0.3787,-1,-1,-1
271,38,1117.93,95.60,58.42,167.56,0.3163,-1,-1,-1
271,36,261.76,707.68,72.31,114.77,0.4877,-1,-1,-1
271,32,879.36,379.18,53.23,186.96,0.3121,-1,-1,-1
271,30,1044.87,103.85,59.95,178.80,0.4225,-1,-1,-1
271,29,259.22,771.95,85.28,260.85,0.7423,-1,-1,-1
271,28,811.67,370.67,60.30,213.38,0.4078,-1,-1,-1
271,25,226.77,435.60,61.32,185.67,0.4749,-1,-1,-1
271,23,565.15,402.36,66.12,208.78,0.6058,-1,-1,-1
271,18,379.72,471.88,84.39,228.64,0.6257,-1,-1,-1
271,8,473.52,393.86,76.05,219.42,0.6234,-1,-1,-1
271,7,942.14,91.11,66.56,177.46,0.5078,-1,-1,-1
271,6,186.73,574.66,85.41,245.06,0.6547,-1,-1,-1
271,5,1420.24,574.08,79.79,238.13,0.5320,-1,-1,-1
271,4,1719.69,460.11,75.17,208.62,0.5710,-1,-1,-1
271,3,945.75,921.55,80.93,156.67,0.7319,-1,-1,-1
271,1,462.75,156.41,64.31,200.67,0.3588,-1,-1,-1
272,38,1116.31,96.74,55.50,165.31,0.3192,-1,-1,-1
272,36,268.10,707.66,72.09,119.48,0.5237,-1,-1,-1
272,32,877.52,380.09,60.32,186.06,0.3475,-1,-1,-1
272,30,1041.99,103.63,61.00,179.06,0.3876,-1,-1,-1
272,29,259.21,781.63,88.61,257.32,0.7314,-1,-1,-1
272,28,810.11,371.81,61.73,214.77,0.3818,-1,-1,-1
272,25,228.34,433.60,59.64,186.81,0.4508,-1,-1,-1
272,23,564.56,402.67,65.89,213.21,0.5543,-1,-1,-1
272,18,386.51,468.18,79.79,226.12,0.5986,-1,-1,-1
272,8,472.06,395.29,76.37,219.40,0.5954,-1,-1,-1
272,7,941.34,90.52,68.66,178.72,0.4844,-1,-1,-1
272,6,188.60,574.28,87.30,246.05,0.6721,-1,-1,-1
272,5,1422.18,575.52,80.10,241.23,0.5202,-1,-1,-1
272,4,1720.05,460.18,74.31,206.99,0.5510,-1,-1,-1
272,3,945.89,921.64,80.84,156.57,0.7196,-1,-1,-1
272,1,463.11,154.05,66.17,201.22,0.3685,-1,-1,-1
273,38,1113.74,95.05,63.58,167.04,0.3025,-1,-1,-1
273,36,273.27,707.86,74.05,127.92,0.5733,-1,-1,-1
273,32,882.54,378.67,55.93,190.78,0.3398,-1,-1,-1
273,30,1039.46,102.49,63.16,177.98,0.3629,-1,-1,-1
273,29,257.13,781.62,93.20,262.32,0.7240,-1,-1,-1
273,28,808.46,373.02,64.14,210.16,0.3547,-1,-1,-1
273,25,229.43,432.86,58.46,183.64,0.4703,-1,-1,-1
273,23,562.21,404.29,67.34,212.20,0.5500,-1,-1,-1
273,18,388.48,464.91,77.44,226.16,0.5863,-1,-1,-1
273,8,471.34,396.36,74.83,218.51,0.6026,-1,-1,-1
273,7,942.18,89.17,66.09,178.86,0.4868,-1,-1,-1
273,6,190.19,575.35,90.76,245.61,0.6831,-1,-1,-1
273,5,1423.90,580.97,77.64,235.33,0.4939,-1,-1,-1
273,4,1720.00,460.57,73.88,207.38,0.5611,-1,-1,-1
273,3,945.49,921.97,81.55,156.45,0.7230,-1,-1,-1
273,1,463.63,152.46,64.26,199.39,0.4018,-1,-1,-1
274,38,1112.67,94.64,64.17,165.80,0.3419,-1,-1,-1
274,36,276.23,708.17,75.70,142.55,0.6443,-1,-1,-1
274,32,884.38,382.57,54.70,188.52,0.3506,-1,-1,-1
274,30,1034.88,102.21,68.34,178.64,0.3898,-1,-1,-1
274,29,262.26,786.45,94.13,262.66,0.7130,-1,-1,-1
274,28,806.20,373.43,63.44,212.27,0.3452,-1,-1,-1
274,25,228.83,431.87,58.67,183.06,0.4639,-1,-1,-1
274,23,560.02,404.93,66.87,211.07,0.5339,-1,-1,-1
274,18,387.28,461.67,78.90,228.72,0.6227,-1,-1,-1
274,8,470.71,397.31,74.02,218.77,0.6236,-1,-1,-1
274,7,942.50,88.14,65.27,179.94,0.5138,-1,-1,-1
274,6,192.83,576.42,91.39,247.55,0.6954,-1,-1,-1
274,5,1425.08,578.90,78.71,240.45,0.5281,-1,-1,-1
274,4,1720.60,460.27,73.54,207.64,0.5941,-1,-1,-1
274,3,945.78,922.17,81.19,156.65,0.7052,-1,-1,-1
274,1,463.09,152.12,63.53,195.21,0.4003,-1,-1,-1
275,38,1111.02,94.46,64.32,169.15,0.3063,-1,-1,-1
275,36,276.39,711.88,84.13,141.71,0.4186,-1,-1,-1
275,32,886.25,379.99,54.45,192.15,0.3567,-1,-1,-1
275,30,1031.82,102.76,70.07,179.28,0.3354,-1,-1,-1
275,29,267.07,781.25,91.82,269.38,0.7037,-1,-1,-1
275,28,812.34,374.17,60.72,210.16,0.3944,-1,-1,-1
275,25,228.17,430.59,60.48,190.79,0.3371,-1,-1,-1
275,23,559.41,405.74,66.20,207.91,0.5952,-1,-1,-1
275,18,386.55,461.82,79.70,226.60,0.6139,-1,-1,-1
275,8,470.15,397.32,72.70,216.26,0.6620,-1,-1,-1
275,7,942.24,85.70,65.37,181.54,0.4998,-1,-1,-1
275,6,194.34,578.33,94.87,250.52,0.6725,-1,-1,-1
275,5,1428.37,579.91,77.29,239.93,0.5103,-1,-1,-1
275,4,1720.47,460.03,73.58,207.60,0.5895,-1,-1,-1
275,3,944.41,922.16,83.11,156.70,0.7234,-1,-1,-1
275,1,463.19,151.01,64.08,194.07,0.4032,-1,-1,-1
276,36,279.35,715.51,86.12,141.82,0.3168,-1,-1,-1
276,32,886.13,382.23,56.61,190.57,0.3094,-1,-1,-1
276,30,1031.62,102.80,68.39,180.03,0.3314,-1,-1,-1
276,29,271.51,782.88,91.10,272.58,0.6299,-1,-1,-1
276,28,808.81,373.83,64.47,210.88,0.4044,-1,-1,-1
276,25,228.01,428.37,59.76,193.16,0.3359,-1,-1,-1
276,23,557.59,407.42,67.41,205.54,0.6338,-1,-1,-1
276,18,387.52,460.11,78.72,227.46,0.6325,-1,-1,-1
276,8,468.35,398.72,73.27,216.85,0.6650,-1,-1,-1
276,7,943.51,84.28,62.82,180.44,0.4536,-1,-1,-1
276,6,195.23,577.50,94.63,248.91,0.6740,-1,-1,-1
276,5,1432.06,578.66,74.86,242.51,0.5310,-1,-1,-1
276,4,1719.46,460.55,74.60,206.69,0.5906,-1,-1,-1
276,3,943.66,922.84,83.97,156.10,0.7484,-1,-1,-1
276,1,462.33,149.66,66.14,194.27,0.4030,-1,-1,-1
277,36,281.80,719.01,90.55,142.55,0.5265,-1,-1,-1
277,32,883.90,388.17,64.09,181.86,0.3402,-1,-1,-1
277,30,1030.57,102.94,68.51,179.63,0.3398,-1,-1,-1
277,29,272.84,783.51,87.65,278.64,0.6519,-1,-1,-1
277,28,809.14,374.99,65.32,209.87,0.3811,-1,-1,-1
277,25,228.89,426.31,58.27,183.88,0.3895,-1,-1,-1
277,23,557.26,410.03,66.12,203.30,0.6591,-1,-1,-1
277,18,388.62,459.54,78.76,228.30,0.6088,-1,-1,-1
277,8,466.60,401.22,72.14,216.35,0.6852,-1,-1,-1
277,7,943.96,83.90,59.15,174.03,0.4626,-1,-1,-1
277,6,196.19,576.63,89.84,249.79,0.6507,-1,-1,-1
277,5,1434.72,579.81,73.84,242.99,0.4950,-1,-1,-1
277,4,1719.01,459.63,75.13,208.81,0.5905,-1,-1,-1
277,3,943.50,923.54,84.32,154.76,0.7527,-1,-1,-1
277,1,463.35,147.04,66.20,196.14,0.3743,-1,-1,-1
278,36,283.30,721.80,98.87,144.21,0.6426,-1,-1,-1
278,32,884.24,388.29,63.86,183.46,0.3889,-1,-1,-1
278,30,1032.24,101.82,62.67,177.76,0.3738,-1,-1,-1
278,29,275.03,789.82,81.83,273.10,0.6252,-1,-1,-1
278,28,813.70,376.50,61.78,208.16,0.3481,-1,-1,-1
278,25,228.52,424.52,59.08,176.86,0.4276,-1,-1,-1
278,23,555.19,411.34,67.33,204.52,0.6520,-1,-1,-1
278,18,388.56,459.56,79.96,226.73,0.5992,-1,-1,-1
278,8,465.91,401.14,70.22,217.17,0.6676,-1,-1,-1
278,7,942.13,81.65,62.88,176.30,0.4516,-1,-1,-1
278,6,197.81,575.74,84.92,251.38,0.6512,-1,-1,-1
278,5,1436.04,582.72,74.49,242.05,0.4393,-1,-1,-1
278,4,1719.37,459.34,75.30,209.39,0.5593,-1,-1,-1
278,3,943.44,923.61,84.42,154.07,0.7646,-1,-1,-1
278,1,464.25,146.83,64.47,196.46,0.3478,-1,-1,-1
279,40,748.34,333.20,55.00,189.09,0.4048,-1,-1,-1
279,36,285.85,726.28,105.17,141.75,0.6490,-1,-1,-1
279,32,884.28,390.53,61.72,186.30,0.3319,-1,-1,-1
279,30,1031.26,101.54,62.11,176.66,0.3994,-1,-1,-1
279,29,276.65,794.12,83.34,278.91,0.6414,-1,-1,-1
279,28,816.89,378.48,58.53,207.05,0.3967,-1,-1,-1
279,25,229.32,423.06,58.79,175.79,0.4414,-1,-1,-1
279,23,554.73,413.01,66.58,204.27,0.6604,-1,-1,-1
279,18,387.52,458.77,81.99,229.37,0.5898,-1,-1,-1
279,8,465.66,404.25,69.18,211.82,0.6848,-1,-1,-1
279,7,941.98,78.73,61.01,178.28,0.4324,-1,-1,-1
279,6,202.17,577.31,77.24,250.37,0.5896,-1,-1,-1
279,4,1720.97,459.35,73.24,209.44,0.5667,-1,-1,-1
279,3,942.63,923.91,85.18,154.13,0.7570,-1,-1,-1
279,1,463.79,146.95,64.97,196.98,0.3521,-1,-1,-1
280,40,748.82,338.90,60.87,187.51,0.4455,-1,-1,-1
280,36,289.24,726.57,107.74,143.03,0.6615,-1,-1,-1
280,32,882.99,391.88,63.90,189.26,0.3277,-1,-1,-1
280,30,1027.81,100.03,69.81,180.78,0.4261,-1,-1,-1
280,29,276.89,797.24,83.23,278.45,0.6422,-1,-1,-1
280,28,818.23,379.69,56.94,204.53,0.3634,-1,-1,-1
280,25,229.42,420.92,58.59,179.43,0.4718,-1,-1,-1
280,23,554.19,415.28,66.20,207.27,0.6500,-1,-1,-1
280,18,388.57,457.74,80.64,231.01,0.6086,-1,-1,-1
280,8,466.08,405.01,66.72,212.93,0.7120,-1,-1,-1
280,7,941.85,78.54,61.27,178.32,0.4328,-1,-1,-1
280,6,209.50,583.34,65.29,242.39,0.5344,-1,-1,-1
280,5,1437.14,588.40,72.78,238.17,0.3337,-1,-1,-1
280,4,1720.76,459.00,72.95,209.49,0.5722,-1,-1,-1
280,3,941.73,924.43,86.59,153.22,0.7599,-1,-1,-1
280,1,463.34,144.54,66.82,199.97,0.3234,-1,-1,-1
281,40,752.97,340.81,56.53,181.61,0.3421,-1,-1,-1
281,38,1102.42,93.34,57.38,158.53,0.3382,-1,-1,-1
281,36,293.26,730.17,106.45,140.95,0.6484,-1,-1,-1
281,32,886.61,395.32,63.01,184.62,0.3181,-1,-1,-1
281,30,1028.22,100.69,62.03,175.37,0.4628,-1,-1,-1
281,29,280.03,798.33,83.82,277.25,0.6532,-1,-1,-1
281,28,818.91,380.45,57.32,199.51,0.3211,-1,-1,-1
281,25,228.49,419.01,61.37,187.32,0.4025,-1,-1,-1
281,23,553.65,418.01,65.00,206.72,0.6400,-1,-1,-1
281,18,390.65,457.04,77.83,230.04,0.6385,-1,-1,-1
281,8,465.17,405.29,66.39,213.23,0.6512,-1,-1,-1
281,7,941.30,77.51,60.61,178.41,0.4340,-1,-1,-1
281,6,208.94,580.62,70.86,250.64,0.5730,-1,-1,-1
281,5,1438.49,586.61,75.60,239.67,0.4650,-1,-1,-1
281,4,1719.72,459.86,74.42,208.79,0.5691,-1,-1,-1
281,3,941.22,923.56,86.69,154.66,0.7632,-1,-1,-1
281,1,463.59,143.94,66.96,200.32,0.3407,-1,-1,-1
282,40,756.04,341.92,56.88,177.48,0.4132,-1,-1,-1
282,38,1101.68,92.32,56.22,161.30,0.3526,-1,-1,-1
282,36,298.59,733.85,106.52,145.22,0.6510,-1,-1,-1
282,30,1025.87,99.62,62.51,174.78,0.4269,-1,-1,-1
282,29,281.72,800.20,84.09,276.08,0.7255,-1,-1,-1
282,28,819.98,382.42,58.02,184.54,0.3030,-1,-1,-1
282,25,228.18,416.18,61.85,191.26,0.4559,-1,-1,-1
282,23,552.44,419.34,64.57,204.24,0.6606,-1,-1,-1
282,18,390.41,455.48,76.26,228.65,0.6571,-1,-1,-1
282,8,465.74,406.06,64.36,210.98,0.6620,-1,-1,-1
282,7,940.07,77.72,61.72,177.71,0.4612,-1,-1,-1
282,6,216.57,585.40,63.46,243.09,0.6071,-1,-1,-1
282,5,1438.76,584.88,76.25,240.73,0.4946,-1,-1,-1
282,4,1719.76,460.51,73.66,209.05,0.6168,-1,-1,-1
282,3,940.58,923.87,87.33,153.83,0.7612,-1,-1,-1
282,1,463.81,143.27,67.67,201.02,0.3178,-1,-1,-1
283,40,759.81,343.90,56.93,175.22,0.3830,-1,-1,-1
283,38,1100.46,92.13,57.33,162.39,0.3741,-1,-1,-1
283,36,303.07,736.65,105.18,137.32,0.5674,-1,-1,-1
283,30,1023.38,98.48,63.07,175.37,0.4518,-1,-1,-1
283,29,282.93,799.17,85.16,277.23,0.7057,-1,-1,-1
283,28,819.52,382.93,58.92,197.62,0.3062,-1,-1,-1
283,25,228.57,414.92,61.87,183.13,0.4088,-1,-1,-1
283,23,553.21,421.09,61.54,206.05,0.6496,-1,-1,-1
283,18,388.68,451.24,78.62,231.92,0.6525,-1,-1,-1
283,8,465.99,407.52,64.47,212.72,0.6540,-1,-1,-1
283,7,940.71,79.59,58.33,170.62,0.4838,-1,-1,-1
283,6,219.20,583.98,64.64,245.25,0.5963,-1,-1,-1
283,5,1439.85,583.25,76.85,242.49,0.4685,-1,-1,-1
283,4,1720.71,459.42,73.38,209.51,0.6041,-1,-1,-1
283,3,940.72,923.66,87.52,153.92,0.7738,-1,-1,-1
283,1,464.05,144.51,67.96,199.45,0.3090,-1,-1,-1
284,40,763.57,345.78,57.45,174.94,0.3533,-1,-1,-1
284,38,1098.58,92.30,57.18,163.42,0.3392,-1,-1,-1
284,36,307.67,738.62,102.04,137.28,0.5649,-1,-1,-1
284,30,1021.11,96.92,63.21,178.05,0.4284,-1,-1,-1
284,29,282.70,800.78,86.95,276.48,0.7167,-1,-1,-1
284,25,228.85,412.50,59.91,176.15,0.3737,-1,-1,-1
284,23,552.22,423.52,63.26,210.04,0.6629,-1,-1,-1
284,18,391.84,449.27,74.78,232.59,0.6483,-1,-1,-1
284,8,464.55,409.32,67.03,216.56,0.6215,-1,-1,-1
284,7,940.85,79.05,59.04,171.88,0.4619,-1,-1,-1
284,6,223.45,579.04,63.94,255.71,0.5659,-1,-1,-1
284,5,1440.58,580.84,77.42,245.21,0.4534,-1,-1,-1
284,4,1720.19,460.20,74.10,208.80,0.5969,-1,-1,-1
284,3,938.66,922.77,89.46,155.13,0.7676,-1,-1,-1
284,1,462.81,143.06,67.55,200.13,0.3430,-1,-1,-1
285,40,766.10,350.27,59.84,188.59,0.3533,-1,-1,-1
285,38,1095.92,91.03,57.09,162.51,0.3303,-1,-1,-1
285,36,306.90,740.78,104.14,137.77,0.5574,-1,-1,-1
285,30,1019.67,97.19,66.71,176.37,0.4519,-1,-1,-1
285,29,283.66,801.93,88.04,275.47,0.6994,-1,-1,-1
285,28,824.38,383.98,57.60,205.00,0.3094,-1,-1,-1
285,25,227.30,413.24,63.34,186.27,0.3838,-1,-1,-1
285,23,551.24,423.88,61.13,211.60,0.6517,-1,-1,-1
285,18,392.08,448.25,74.00,232.07,0.6452,-1,-1,-1
285,8,464.71,409.86,66.54,218.68,0.6051,-1,-1,-1
285,7,940.50,79.36,60.96,174.46,0.4665,-1,-1,-1
285,6,227.27,579.07,63.88,255.03,0.5491,-1,-1,-1
285,5,1444.72,579.05,78.94,246.35,0.5650,-1,-1,-1
285,4,1720.52,460.39,74.22,208.10,0.5914,-1,-1,-1
285,3,937.91,922.21,89.55,155.23,0.7723,-1,-1,-1
285,1,463.05,143.27,65.21,200.02,0.3239,-1,-1,-1
286,38,1095.24,89.74,52.67,165.97,0.3440,-1,-1,-1
286,36,307.24,742.60,103.52,137.44,0.5544,-1,-1,-1
286,32,893.92,398.37,65.79,196.62,0.3613,-1,-1,-1
286,30,1018.51,97.29,59.13,178.72,0.4906,-1,-1,-1
286,29,283.88,804.26,91.85,272.24,0.7233,-1,-1,-1
286,28,825.68,386.20,57.17,204.85,0.3702,-1,-1,-1
286,25,229.17,411.49,62.20,202.34,0.3329,-1,-1,-1
286,23,548.33,425.16,63.49,211.66,0.6244,-1,-1,-1
286,18,392.12,445.70,73.46,230.87,0.6347,-1,-1,-1
286,8,464.10,411.05,66.72,224.38,0.6053,-1,-1,-1
286,7,940.40,78.73,60.93,175.10,0.4634,-1,-1,-1
286,6,231.42,577.63,63.48,256.89,0.5470,-1,-1,-1
286,5,1447.07,579.76,78.74,247.96,0.4795,-1,-1,-1
286,4,1721.03,459.94,72.83,208.55,0.6184,-1,-1,-1
286,3,939.91,921.94,86.29,155.83,0.7622,-1,-1,-1
286,1,463.08,144.72,62.69,197.09,0.3005,-1,-1,-1
287,38,1092.81,90.80,56.02,164.22,0.3661,-1,-1,-1
287,36,309.56,741.54,101.71,139.60,0.5582,-1,-1,-1
287,32,893.16,399.16,63.27,195.72,0.3728,-1,-1,-1
287,30,1018.07,96.90,59.82,178.06,0.4811,-1,-1,-1
287,29,285.25,809.00,93.91,266.37,0.7517,-1,-1,-1
287,28,822.31,392.24,71.76,204.71,0.3712,-1,-1,-1
287,25,229.62,412.20,62.71,213.42,0.3092,-1,-1,-1
287,23,544.49,425.61,65.81,210.98,0.6319,-1,-1,-1
287,18,392.23,443.89,73.92,223.23,0.6042,-1,-1,-1
287,8,464.15,412.24,65.75,224.80,0.5960,-1,-1,-1
287,7,939.92,78.06,61.46,177.15,0.4507,-1,-1,-1
287,6,232.85,580.19,64.31,254.39,0.5447,-1,-1,-1
287,5,1449.88,579.60,79.81,247.07,0.5470,-1,-1,-1
287,4,1720.46,459.63,73.28,209.16,0.6068,-1,-1,-1
287,3,939.47,922.16,86.04,155.82,0.7800,-1,-1,-1
287,1,461.56,143.63,64.65,198.20,0.3315,-1,-1,-1
288,38,1091.73,90.27,56.59,164.57,0.4101,-1,-1,-1
288,36,309.66,742.64,96.59,138.54,0.5782,-1,-1,-1
288,32,893.87,400.13,63.75,195.56,0.3706,-1,-1,-1
288,30,1017.72,95.87,59.63,176.35,0.5123,-1,-1,-1
288,29,286.23,812.19,94.83,266.73,0.7661,-1,-1,-1
288,28,824.41,394.63,72.17,202.83,0.4151,-1,-1,-1
288,25,230.47,410.92,62.64,199.54,0.3249,-1,-1,-1
288,23,542.22,426.24,67.20,210.27,0.6145,-1,-1,-1
288,18,393.28,441.28,72.35,221.46,0.6231,-1,-1,-1
288,8,461.69,407.62,66.48,228.88,0.5782,-1,-1,-1
288,7,938.50,74.39,58.81,176.22,0.5023,-1,-1,-1
288,6,233.06,579.25,67.38,255.48,0.5792,-1,-1,-1
288,5,1450.77,583.82,81.38,239.24,0.5275,-1,-1,-1
288,4,1720.59,460.14,73.01,208.39,0.6026,-1,-1,-1
288,3,940.59,921.65,83.88,156.03,0.7600,-1,-1,-1
288,1,462.65,144.38,66.63,196.86,0.3234,-1,-1,-1
289,40,782.78,351.31,55.96,192.77,0.3081,-1,-1,-1
289,38,1091.51,91.44,56.21,163.85,0.3941,-1,-1,-1
289,36,309.32,742.84,97.90,143.59,0.5943,-1,-1,-1
289,32,896.07,400.27,64.86,194.23,0.3241,-1,-1,-1
289,30,1016.30,94.76,62.42,177.73,0.4767,-1,-1,-1
289,29,289.20,812.24,95.69,266.75,0.7543,-1,-1,-1
289,28,825.59,394.34,70.51,202.88,0.3776,-1,-1,-1
289,25,232.25,409.26,60.67,183.64,0.4105,-1,-1,-1
289,23,540.38,427.11,68.22,209.99,0.6193,-1,-1,-1
289,18,393.35,439.20,72.64,221.08,0.6236,-1,-1,-1
289,8,461.90,411.96,65.18,227.51,0.6396,-1,-1,-1
289,7,938.11,73.60,57.61,175.25,0.5159,-1,-1,-1
289,6,234.68,580.39,69.25,253.17,0.5509,-1,-1,-1
289,5,1451.88,581.86,83.48,239.61,0.4919,-1,-1,-1
289,4,1719.77,458.93,74.36,210.97,0.5915,-1,-1,-1
289,3,941.18,921.01,80.87,156.49,0.7492,-1,-1,-1
289,1,462.87,143.64,64.32,198.28,0.3106,-1,-1,-1
290,40,787.16,353.11,52.62,189.56,0.3684,-1,-1,-1
290,38,1088.75,90.45,57.80,164.84,0.4081,-1,-1,-1
290,36,312.31,744.04,91.00,144.79,0.6312,-1,-1,-1
290,32,897.42,402.12,63.13,193.73,0.3320,-1,-1,-1
290,30,1015.54,93.79,61.31,177.99,0.4978,-1,-1,-1
290,29,290.67,816.16,97.17,263.84,0.7199,-1,-1,-1
290,28,825.45,394.90,75.08,203.71,0.4387,-1,-1,-1
290,25,234.13,408.99,59.19,181.62,0.4551,-1,-1,-1
290,23,539.37,427.08,68.18,209.73,0.6300,-1,-1,-1
290,18,388.81,437.37,77.10,225.24,0.6009,-1,-1,-1
290,8,460.09,411.60,66.56,231.34,0.6796,-1,-1,-1
290,7,938.19,72.24,55.98,175.64,0.5210,-1,-1,-1
290,6,236.27,581.93,67.64,252.71,0.5761,-1,-1,-1
290,5,1452.09,590.36,86.84,227.72,0.4023,-1,-1,-1
290,4,1720.26,459.51,73.96,209.22,0.5992,-1,-1,-1
290,3,941.82,920.09,78.38,156.81,0.7535,-1,-1,-1
291,40,790.16,353.39,56.69,194.95,0.4370,-1,-1,-1
291,38,1087.02,88.97,57.09,165.80,0.3653,-1,-1,-1
291,36,312.59,746.25,90.10,143.70,0.6181,-1,-1,-1
291,32,896.40,402.34,63.12,192.73,0.3259,-1,-1,-1
291,30,1014.93,92.90,61.08,177.83,0.4531,-1,-1,-1
291,29,293.10,820.71,95.57,259.29,0.7040,-1,-1,-1
291,28,830.58,398.72,67.02,203.20,0.3208,-1,-1,-1
291,25,233.02,408.43,61.00,181.87,0.4341,-1,-1,-1
291,23,536.57,427.90,69.01,209.23,0.6354,-1,-1,-1
291,18,384.63,435.42,81.56,227.57,0.5969,-1,-1,-1
291,8,460.44,412.73,66.49,230.77,0.6569,-1,-1,-1
291,7,938.11,70.84,56.01,178.78,0.5073,-1,-1,-1
291,6,238.59,580.79,67.94,254.24,0.5583,-1,-1,-1
291,5,1453.20,594.81,87.23,220.18,0.3740,-1,-1,-1
291,4,1721.65,459.95,73.13,208.73,0.5849,-1,-1,-1
291,3,942.06,919.72,77.41,157.01,0.7535,-1,-1,-1
292,40,790.34,350.76,57.95,204.55,0.3079,-1,-1,-1
292,38,1085.43,88.79,57.88,164.28,0.3721,-1,-1,-1
292,36,315.79,749.45,86.41,140.95,0.5284,-1,-1,-1
292,32,897.62,408.77,59.65,184.81,0.3526,-1,-1,-1
292,30,1013.87,92.84,61.43,177.42,0.4208,-1,-1,-1
292,29,295.43,827.91,99.92,250.50,0.6388,-1,-1,-1
292,28,832.05,398.13,64.10,206.98,0.4409,-1,-1,-1
292,25,232.42,407.64,60.63,184.15,0.4539,-1,-1,-1
292,23,537.72,429.90,68.40,207.18,0.6525,-1,-1,-1
292,18,383.72,435.48,81.48,227.99,0.5705,-1,-1,-1
292,8,460.61,414.39,66.31,229.92,0.5968,-1,-1,-1
292,7,937.87,69.83,56.69,175.01,0.5262,-1,-1,-1
292,6,240.76,581.26,73.40,252.84,0.5465,-1,-1,-1
292,5,1464.06,599.93,79.05,223.12,0.4207,-1,-1,-1
292,4,1719.87,460.71,74.66,208.42,0.5782,-1,-1,-1
292,3,942.23,919.72,75.73,157.54,0.7396,-1,-1,-1
292,1,457.58,139.69,61.29,195.07,0.3082,-1,-1,-1
293,38,1084.63,88.09,56.64,164.76,0.3250,-1,-1,-1
293,36,315.32,752.07,86.30,136.07,0.4064,-1,-1,-1
293,32,896.50,412.96,62.34,181.87,0.3423,-1,-1,-1
293,30,1012.64,92.06,61.86,178.98,0.3502,-1,-1,-1
293,29,296.05,832.36,92.83,245.13,0.6655,-1,-1,-1
293,28,832.30,398.45,64.61,205.71,0.3864,-1,-1,-1
293,25,231.88,406.09,60.96,183.92,0.5320,-1,-1,-1
293,23,535.50,432.67,69.02,206.23,0.6788,-1,-1,-1
293,18,381.29,433.29,83.40,228.94,0.5399,-1,-1,-1
293,8,460.08,415.14,67.86,226.76,0.5789,-1,-1,-1
293,7,938.24,68.64,56.09,172.05,0.4574,-1,-1,-1
293,6,242.23,582.04,82.73,253.70,0.5522,-1,-1,-1
293,5,1463.10,597.93,85.01,226.76,0.4391,-1,-1,-1
293,4,1720.88,460.86,73.28,207.73,0.5612,-1,-1,-1
293,3,942.62,918.43,71.26,159.41,0.7357,-1,-1,-1
294,42,326.34,753.81,82.47,260.49,0.3935,-1,-1,-1
294,40,794.87,355.75,62.03,214.73,0.3098,-1,-1,-1
294,38,1083.01,87.82,57.79,164.42,0.4089,-1,-1,-1
294,36,326.28,755.73,75.66,135.82,0.4974,-1,-1,-1
294,32,896.78,413.55,62.31,181.57,0.3590,-1,-1,-1
294,30,1012.01,91.52,59.10,177.34,0.3570,-1,-1,-1
294,29,298.11,836.92,91.51,241.31,0.7191,-1,-1,-1
294,28,834.17,400.85,63.01,204.05,0.3705,-1,-1,-1
294,25,232.14,404.71,60.97,180.27,0.5104,-1,-1,-1
294,23,535.57,434.59,69.10,209.46,0.6737,-1,-1,-1
294,18,379.01,433.25,84.65,230.28,0.5556,-1,-1,-1
294,8,459.07,415.48,69.20,226.48,0.6217,-1,-1,-1
294,7,938.75,67.33,54.19,170.70,0.4327,-1,-1,-1
294,6,242.75,582.75,87.92,253.32,0.6085,-1,-1,-1
294,5,1455.61,593.48,94.73,231.16,0.5253,-1,-1,-1
294,4,1720.11,459.46,74.54,210.21,0.5845,-1,-1,-1
294,3,942.50,917.78,67.56,160.43,0.7533,-1,-1,-1
294,1,457.65,137.63,61.52,191.99,0.3339,-1,-1,-1
295,42,328.18,757.91,84.43,253.89,0.4057,-1,-1,-1
295,41,787.01,150.83,68.17,170.91,0.3037,-1,-1,-1
295,38,1081.62,86.64,56.63,166.17,0.4010,-1,-1,-1
295,36,328.59,760.02,75.48,138.51,0.5066,-1,-1,-1
295,32,896.48,411.21,62.28,185.98,0.3723,-1,-1,-1
295,30,1011.08,91.80,58.27,178.72,0.3921,-1,-1,-1
295,29,300.66,840.03,89.73,239.36,0.7003,-1,-1,-1
295,28,833.29,401.61,63.99,203.00,0.3745,-1,-1,-1
295,25,231.47,401.40,60.63,184.21,0.4393,-1,-1,-1
295,23,534.16,436.38,68.70,210.60,0.6699,-1,-1,-1
295,18,376.00,433.70,87.72,230.81,0.5365,-1,-1,-1
295,8,459.54,416.02,68.36,224.37,0.6009,-1,-1,-1
295,7,937.60,67.14,54.50,173.20,0.4049,-1,-1,-1
295,6,242.91,582.94,92.44,252.15,0.6484,-1,-1,-1
295,5,1457.54,595.47,93.88,228.40,0.4853,-1,-1,-1
295,4,1719.75,460.33,74.64,209.24,0.5886,-1,-1,-1
295,3,941.39,916.46,66.37,162.26,0.7396,-1,-1,-1
295,1,458.46,137.97,60.29,191.21,0.3081,-1,-1,-1
296,41,786.95,151.71,68.75,171.08,0.3209,-1,-1,-1
296,38,1080.33,86.53,56.69,165.22,0.4088,-1,-1,-1
296,36,329.05,761.92,78.08,139.22,0.4921,-1,-1,-1
296,32,896.37,411.69,62.80,191.99,0.4579,-1,-1,-1
296,30,1010.34,90.89,57.29,179.47,0.4056,-1,-1,-1
296,29,301.96,842.76,91.11,236.35,0.7255,-1,-1,-1
296,28,832.65,401.49,63.40,203.76,0.4096,-1,-1,-1
296,25,231.70,400.66,62.44,181.48,0.5077,-1,-1,-1
296,23,535.15,439.03,67.30,205.35,0.6740,-1,-1,-1
296,18,376.46,431.19,85.69,232.84,0.5342,-1,-1,-1
296,8,458.06,419.18,71.31,222.82,0.6248,-1,-1,-1
296,7,937.58,65.98,54.06,172.21,0.4515,-1,-1,-1
296,6,243.47,583.46,91.16,251.48,0.6710,-1,-1,-1
296,5,1459.97,598.71,95.98,226.68,0.4934,-1,-1,-1
296,4,1720.28,460.02,73.67,209.13,0.5955,-1,-1,-1
296,3,941.28,915.66,63.35,162.71,0.7561,-1,-1,-1
297,41,789.33,151.04,67.12,170.86,0.3281,-1,-1,-1
297,38,1079.11,87.27,56.75,163.79,0.3425,-1,-1,-1
297,36,331.63,765.47,77.38,139.88,0.5168,-1,-1,-1
297,32,894.97,412.70,64.49,196.13,0.4661,-1,-1,-1
297,30,1009.28,90.41,57.69,179.90,0.3721,-1,-1,-1
297,29,303.25,842.71,91.55,236.96,0.7409,-1,-1,-1
297,28,833.27,400.49,62.68,208.44,0.3726,-1,-1,-1
297,25,233.42,400.08,61.07,183.25,0.5714,-1,-1,-1
297,23,535.04,441.19,65.05,205.43,0.6665,-1,-1,-1
297,18,376.90,430.03,84.58,233.52,0.5012,-1,-1,-1
297,8,457.47,419.56,69.01,221.58,0.6301,-1,-1,-1
297,7,936.77,64.80,54.47,174.25,0.4155,-1,-1,-1
297,6,244.95,585.36,90.90,250.27,0.6618,-1,-1,-1
297,5,1461.10,596.10,100.78,230.26,0.5440,-1,-1,-1
297,4,1719.64,460.46,73.76,208.83,0.5756,-1,-1,-1
297,3,941.26,914.96,62.43,164.27,0.7560,-1,-1,-1
298,38,1077.63,85.84,57.72,165.54,0.3685,-1,-1,-1
298,36,333.91,767.53,79.06,144.63,0.5770,-1,-1,-1
298,32,894.81,414.53,65.20,197.87,0.4875,-1,-1,-1
298,30,1010.46,92.58,57.51,173.44,0.3666,-1,-1,-1
298,29,304.58,844.57,93.11,235.43,0.7523,-1,-1,-1
298,28,830.54,400.03,66.60,210.58,0.3240,-1,-1,-1
298,25,234.47,398.56,61.09,185.02,0.5572,-1,-1,-1
298,23,535.05,443.00,64.90,201.48,0.6479,-1,-1,-1
298,18,376.29,429.88,84.67,229.02,0.5243,-1,-1,-1
298,8,456.90,419.84,68.82,221.49,0.6303,-1,-1,-1
298,7,936.57,64.27,55.76,171.86,0.4242,-1,-1,-1
298,6,245.70,584.73,90.27,249.76,0.6280,-1,-1,-1
298,5,1462.85,598.83,103.62,229.65,0.5540,-1,-1,-1
298,4,1721.19,461.01,73.15,207.95,0.5996,-1,-1,-1
298,3,940.68,914.57,63.11,165.20,0.7687,-1,-1,-1
299,38,1074.44,83.60,57.45,170.29,0.3209,-1,-1,-1
299,36,339.52,770.77,77.70,144.69,0.6277,-1,-1,-1
299,32,894.78,415.65,64.69,197.00,0.5023,-1,-1,-1
299,30,1009.61,88.14,56.98,184.24,0.3995,-1,-1,-1
299,29,305.41,845.75,93.54,234.25,0.7641,-1,-1,-1
299,25,233.56,397.70,61.77,183.91,0.5951,-1,-1,-1
299,23,535.54,444.36,63.81,203.62,0.6516,-1,-1,-1
299,18,378.00,428.42,82.38,227.83,0.5592,-1,-1,-1
299,8,456.81,421.11,68.34,224.05,0.6464,-1,-1,-1
299,7,936.46,63.94,56.55,170.92,0.4305,-1,-1,-1
299,6,248.90,583.42,87.75,250.64,0.6829,-1,-1,-1
299,5,1462.57,591.76,104.37,237.42,0.5895,-1,-1,-1
299,4,1720.51,461.63,73.42,207.44,0.5952,-1,-1,-1
299,3,940.00,913.60,61.84,165.42,0.7748,-1,-1,-1
300,36,344.57,772.57,75.62,146.68,0.6383,-1,-1,-1
300,32,895.86,416.44,62.87,198.01,0.4480,-1,-1,-1
300,30,1008.64,86.14,56.56,185.66,0.4005,-1,-1,-1
300,29,307.02,846.44,94.69,233.56,0.7498,-1,-1,-1
300,25,233.97,397.85,60.24,183.96,0.5750,-1,-1,-1
300,23,534.88,445.62,64.32,204.75,0.6557,-1,-1,-1
300,18,380.37,425.69,79.97,223.42,0.5439,-1,-1,-1
300,8,456.38,423.74,68.42,224.18,0.6617,-1,-1,-1
300,7,935.53,63.19,56.83,173.32,0.4551,-1,-1,-1
300,6,249.78,583.32,89.48,249.45,0.6895,-1,-1,-1
300,5,1464.27,589.45,104.38,240.13,0.5963,-1,-1,-1
300,4,1721.92,460.59,72.04,208.54,0.5807,-1,-1,-1
300,3,940.27,914.18,60.39,164.82,0.7696,-1,-1,-1
